timestamp_utc,context,attempt,requested_url,status_code,content_type,response_bytes,elapsed_seconds,response_preview,outcome
2026-08-17T00:41:33.274064+00:00,caltech:2019-01-01:2019-01-08:page1,1,https://ev.caltech.edu/api/v1/sessions/caltech?where=connectionTime%3E%3D%22Tue%2C+01+Jan+2019+00%3A00%3A00+GMT%22+and+connectionTime%3C%22Tue%2C+08+Jan+2019+00%3A00%3A00+GMT%22+and+kWhDelivered%3E%3D0.0&sort=-connectionTime,200,application/json,17596,1.1435209999999643,"{""_items"": [{""_id"": ""5c49152ff9af8b42baad53f2"", ""userInputs"": [{""userID"": 676, ""milesRequested"": 50, ""WhPerMile"": 364, ""minutesAvailable"": 348, ""modifiedAt"": ""Mon, 07 Jan 2019 23:35:26 GMT"", ""paymentRequired"": true, ""requestedDeparture"": ""Tue, 08 Jan 2019 05:23:25 GMT"", ""kWhRequested"": 18.2}], ""sess",success
2026-08-17T00:41:33.940127+00:00,caltech:2019-01-01:2019-01-08:page2,1,"https://ev.caltech.edu/api/v1/sessions/caltech?where=connectionTime%3E=%22Tue,%2001%20Jan%202019%2000:00:00%20GMT%22%20and%20connectionTime%3C%22Tue,%2008%20Jan%202019%2000:00:00%20GMT%22%20and%20kWhDelivered%3E=0.0&sort=-connectionTime&page=2",200,application/json,18511,0.4078626680002344,"{""_items"": [{""_id"": ""5c49152ff9af8b42baad53d9"", ""userInputs"": [{""userID"": 945, ""milesRequested"": 50, ""WhPerMile"": 600, ""minutesAvailable"": 555, ""modifiedAt"": ""Mon, 07 Jan 2019 16:26:04 GMT"", ""paymentRequired"": true, ""requestedDeparture"": ""Tue, 08 Jan 2019 01:40:56 GMT"", ""kWhRequested"": 30.0}], ""sess",success
2026-08-17T00:41:34.602094+00:00,caltech:2019-01-01:2019-01-08:page3,1,"https://ev.caltech.edu/api/v1/sessions/caltech?where=connectionTime%3E=%22Tue,%2001%20Jan%202019%2000:00:00%20GMT%22%20and%20connectionTime%3C%22Tue,%2008%20Jan%202019%2000:00:00%20GMT%22%20and%20kWhDelivered%3E=0.0&sort=-connectionTime&page=3",200,application/json,18505,0.4026855739994062,"{""_items"": [{""_id"": ""5c46721ff9af8b2d64cb2400"", ""userInputs"": [{""userID"": 1309, ""milesRequested"": 60, ""WhPerMile"": 450, ""minutesAvailable"": 55, ""modifiedAt"": ""Sun, 06 Jan 2019 01:19:12 GMT"", ""paymentRequired"": true, ""requestedDeparture"": ""Sun, 06 Jan 2019 02:12:45 GMT"", ""kWhRequested"": 27.0}], ""sess",success
2026-08-17T00:41:35.096132+00:00,caltech:2019-01-01:2019-01-08:page4,1,"https://ev.caltech.edu/api/v1/sessions/caltech?where=connectionTime%3E=%22Tue,%2001%20Jan%202019%2000:00:00%20GMT%22%20and%20connectionTime%3C%22Tue,%2008%20Jan%202019%2000:00:00%20GMT%22%20and%20kWhDelivered%3E=0.0&sort=-connectionTime&page=4",200,application/json,16892,0.23679810999965412,"{""_items"": [{""_id"": ""5c4520adf9af8b27127a0a9d"", ""userInputs"": [{""userID"": 1126, ""milesRequested"": 80, ""WhPerMile"": 250, ""minutesAvailable"": 418, ""modifiedAt"": ""Fri, 04 Jan 2019 18:03:25 GMT"", ""paymentRequired"": true, ""requestedDeparture"": ""Sat, 05 Jan 2019 01:00:37 GMT"", ""kWhRequested"": 20.0}], ""ses",success
2026-08-17T00:41:35.588788+00:00,caltech:2019-01-01:2019-01-08:page5,1,"https://ev.caltech.edu/api/v1/sessions/caltech?where=connectionTime%3E=%22Tue,%2001%20Jan%202019%2000:00:00%20GMT%22%20and%20connectionTime%3C%22Tue,%2008%20Jan%202019%2000:00:00%20GMT%22%20and%20kWhDelivered%3E=0.0&sort=-connectionTime&page=5",200,application/json,16882,0.23816077199990104,"{""_items"": [{""_id"": ""5c43cf2ff9af8b230b4b7691"", ""userInputs"": [{""userID"": 714, ""milesRequested"": 80, ""WhPerMile"": 200, ""minutesAvailable"": 389, ""modifiedAt"": ""Thu, 03 Jan 2019 21:41:36 GMT"", ""paymentRequired"": true, ""requestedDeparture"": ""Fri, 04 Jan 2019 04:10:19 GMT"", ""kWhRequested"": 16.0}], ""sess",success
2026-08-17T00:41:36.256892+00:00,caltech:2019-01-01:2019-01-08:page6,1,"https://ev.caltech.edu/api/v1/sessions/caltech?where=connectionTime%3E=%22Tue,%2001%20Jan%202019%2000:00:00%20GMT%22%20and%20connectionTime%3C%22Tue,%2008%20Jan%202019%2000:00:00%20GMT%22%20and%20kWhDelivered%3E=0.0&sort=-connectionTime&page=6",200,application/json,17821,0.4093873390002045,"{""_items"": [{""_id"": ""5c427db1f9af8b1e1a5382a8"", ""userInputs"": [{""userID"": 754, ""milesRequested"": 50, ""WhPerMile"": 300, ""minutesAvailable"": 170, ""modifiedAt"": ""Thu, 03 Jan 2019 02:49:19 GMT"", ""paymentRequired"": true, ""requestedDeparture"": ""Thu, 03 Jan 2019 05:39:07 GMT"", ""kWhRequested"": 15.0}, {""user",success
2026-08-17T00:41:36.748928+00:00,caltech:2019-01-01:2019-01-08:page7,1,"https://ev.caltech.edu/api/v1/sessions/caltech?where=connectionTime%3E=%22Tue,%2001%20Jan%202019%2000:00:00%20GMT%22%20and%20connectionTime%3C%22Tue,%2008%20Jan%202019%2000:00:00%20GMT%22%20and%20kWhDelivered%3E=0.0&sort=-connectionTime&page=7",200,application/json,12722,0.23303700399992522,"{""_items"": [{""_id"": ""5c427db1f9af8b1e1a53828f"", ""userInputs"": [{""userID"": 569, ""milesRequested"": 200, ""WhPerMile"": 300, ""minutesAvailable"": 499, ""modifiedAt"": ""Wed, 02 Jan 2019 16:34:37 GMT"", ""paymentRequired"": true, ""requestedDeparture"": ""Thu, 03 Jan 2019 00:53:34 GMT"", ""kWhRequested"": 60.0}], ""ses",success
2026-08-17T00:41:38.596561+00:00,caltech:2019-01-08:2019-01-15:page1,1,https://ev.caltech.edu/api/v1/sessions/caltech?where=connectionTime%3E%3D%22Tue%2C+08+Jan+2019+00%3A00%3A00+GMT%22+and+connectionTime%3C%22Tue%2C+15+Jan+2019+00%3A00%3A00+GMT%22+and+kWhDelivered%3E%3D0.0&sort=-connectionTime,200,application/json,17122,0.8370626219993937,"{""_items"": [{""_id"": ""5c524fb3f9af8b67ee9eb3f7"", ""userInputs"": [{""userID"": 1082, ""milesRequested"": 40, ""WhPerMile"": 400, ""minutesAvailable"": 291, ""modifiedAt"": ""Mon, 14 Jan 2019 23:21:28 GMT"", ""paymentRequired"": true, ""requestedDeparture"": ""Tue, 15 Jan 2019 04:12:26 GMT"", ""kWhRequested"": 16.0}], ""ses",success
2026-08-17T00:41:39.259059+00:00,caltech:2019-01-08:2019-01-15:page2,1,"https://ev.caltech.edu/api/v1/sessions/caltech?where=connectionTime%3E=%22Tue,%2008%20Jan%202019%2000:00:00%20GMT%22%20and%20connectionTime%3C%22Tue,%2015%20Jan%202019%2000:00:00%20GMT%22%20and%20kWhDelivered%3E=0.0&sort=-connectionTime&page=2",200,application/json,19457,0.4078955489994769,"{""_items"": [{""_id"": ""5c524fb3f9af8b67ee9eb3de"", ""userInputs"": [{""userID"": 171, ""milesRequested"": 50, ""WhPerMile"": 400, ""minutesAvailable"": 419, ""modifiedAt"": ""Mon, 14 Jan 2019 17:39:20 GMT"", ""paymentRequired"": true, ""requestedDeparture"": ""Mon, 14 Jan 2019 23:44:35 GMT"", ""kWhRequested"": 20.0}, {""user",success
2026-08-17T00:41:39.920447+00:00,caltech:2019-01-08:2019-01-15:page3,1,"https://ev.caltech.edu/api/v1/sessions/caltech?where=connectionTime%3E=%22Tue,%2008%20Jan%202019%2000:00:00%20GMT%22%20and%20connectionTime%3C%22Tue,%2015%20Jan%202019%2000:00:00%20GMT%22%20and%20kWhDelivered%3E=0.0&sort=-connectionTime&page=3",200,application/json,19422,0.4074392969996552,"{""_items"": [{""_id"": ""5c50fe20f9af8b630a12557f"", ""userInputs"": [{""userID"": 743, ""milesRequested"": 20, ""WhPerMile"": 400, ""minutesAvailable"": 86, ""modifiedAt"": ""Sun, 13 Jan 2019 18:00:20 GMT"", ""paymentRequired"": true, ""requestedDeparture"": ""Sun, 13 Jan 2019 19:25:31 GMT"", ""kWhRequested"": 8.0}], ""sessio",success
2026-08-17T00:41:40.407319+00:00,caltech:2019-01-08:2019-01-15:page4,1,"https://ev.caltech.edu/api/v1/sessions/caltech?where=connectionTime%3E=%22Tue,%2008%20Jan%202019%2000:00:00%20GMT%22%20and%20connectionTime%3C%22Tue,%2015%20Jan%202019%2000:00:00%20GMT%22%20and%20kWhDelivered%3E=0.0&sort=-connectionTime&page=4",200,application/json,17583,0.23052040099992155,"{""_items"": [{""_id"": ""5c4e5b2df9af8b5496d1c7e1"", ""userInputs"": null, ""sessionID"": ""2_39_126_20_2019-01-11 20:58:58.682313"", ""stationID"": ""2-39-126-20"", ""spaceID"": ""CA-310"", ""siteID"": ""0002"", ""clusterID"": ""0039"", ""connectionTime"": ""Fri, 11 Jan 2019 20:58:59 GMT"", ""disconnectTime"": ""Sat, 12 Jan 2019 00",success
2026-08-17T00:41:41.069020+00:00,caltech:2019-01-08:2019-01-15:page5,1,"https://ev.caltech.edu/api/v1/sessions/caltech?where=connectionTime%3E=%22Tue,%2008%20Jan%202019%2000:00:00%20GMT%22%20and%20connectionTime%3C%22Tue,%2015%20Jan%202019%2000:00:00%20GMT%22%20and%20kWhDelivered%3E=0.0&sort=-connectionTime&page=5",200,application/json,17823,0.4074457799997617,"{""_items"": [{""_id"": ""5c4e5b2df9af8b5496d1c7c8"", ""userInputs"": [{""userID"": 1007, ""milesRequested"": 40, ""WhPerMile"": 400, ""minutesAvailable"": 132, ""modifiedAt"": ""Fri, 11 Jan 2019 15:27:01 GMT"", ""paymentRequired"": true, ""requestedDeparture"": ""Fri, 11 Jan 2019 17:38:02 GMT"", ""kWhRequested"": 16.0}], ""ses",success
2026-08-17T00:41:41.556065+00:00,caltech:2019-01-08:2019-01-15:page6,1,"https://ev.caltech.edu/api/v1/sessions/caltech?where=connectionTime%3E=%22Tue,%2008%20Jan%202019%2000:00:00%20GMT%22%20and%20connectionTime%3C%22Tue,%2015%20Jan%202019%2000:00:00%20GMT%22%20and%20kWhDelivered%3E=0.0&sort=-connectionTime&page=6",200,application/json,16414,0.2291220400002203,"{""_items"": [{""_id"": ""5c4d09b0f9af8b5043487150"", ""userInputs"": [{""userID"": 1095, ""milesRequested"": 30, ""WhPerMile"": 475, ""minutesAvailable"": 350, ""modifiedAt"": ""Thu, 10 Jan 2019 18:12:48 GMT"", ""paymentRequired"": true, ""requestedDeparture"": ""Fri, 11 Jan 2019 00:02:40 GMT"", ""kWhRequested"": 14.25}], ""se",success
2026-08-17T00:41:42.217485+00:00,caltech:2019-01-08:2019-01-15:page7,1,"https://ev.caltech.edu/api/v1/sessions/caltech?where=connectionTime%3E=%22Tue,%2008%20Jan%202019%2000:00:00%20GMT%22%20and%20connectionTime%3C%22Tue,%2015%20Jan%202019%2000:00:00%20GMT%22%20and%20kWhDelivered%3E=0.0&sort=-connectionTime&page=7",200,application/json,18281,0.4065996869994706,"{""_items"": [{""_id"": ""5c4bb831f9af8b4bfee1adec"", ""userInputs"": [{""userID"": 777, ""milesRequested"": 40, ""WhPerMile"": 600, ""minutesAvailable"": 180, ""modifiedAt"": ""Wed, 09 Jan 2019 21:49:57 GMT"", ""paymentRequired"": true, ""requestedDeparture"": ""Thu, 10 Jan 2019 00:48:11 GMT"", ""kWhRequested"": 24.0}], ""sess",success
2026-08-17T00:41:42.709631+00:00,caltech:2019-01-08:2019-01-15:page8,1,"https://ev.caltech.edu/api/v1/sessions/caltech?where=connectionTime%3E=%22Tue,%2008%20Jan%202019%2000:00:00%20GMT%22%20and%20connectionTime%3C%22Tue,%2015%20Jan%202019%2000:00:00%20GMT%22%20and%20kWhDelivered%3E=0.0&sort=-connectionTime&page=8",200,application/json,16655,0.23690246300066065,"{""_items"": [{""_id"": ""5c4bb831f9af8b4bfee1add3"", ""userInputs"": null, ""sessionID"": ""2_39_79_379_2019-01-09 16:27:08.729077"", ""stationID"": ""2-39-79-379"", ""spaceID"": ""CA-327"", ""siteID"": ""0002"", ""clusterID"": ""0039"", ""connectionTime"": ""Wed, 09 Jan 2019 16:27:09 GMT"", ""disconnectTime"": ""Thu, 10 Jan 2019 02",success
2026-08-17T00:41:43.210188+00:00,caltech:2019-01-08:2019-01-15:page9,1,"https://ev.caltech.edu/api/v1/sessions/caltech?where=connectionTime%3E=%22Tue,%2008%20Jan%202019%2000:00:00%20GMT%22%20and%20connectionTime%3C%22Tue,%2015%20Jan%202019%2000:00:00%20GMT%22%20and%20kWhDelivered%3E=0.0&sort=-connectionTime&page=9",200,application/json,16250,0.24381677099972876,"{""_items"": [{""_id"": ""5c4a66b5f9af8b4799751649"", ""userInputs"": null, ""sessionID"": ""2_39_79_383_2019-01-08 17:49:37.783470"", ""stationID"": ""2-39-79-383"", ""spaceID"": ""CA-492"", ""siteID"": ""0002"", ""clusterID"": ""0039"", ""connectionTime"": ""Tue, 08 Jan 2019 17:49:38 GMT"", ""disconnectTime"": ""Wed, 09 Jan 2019 03",success
2026-08-17T00:41:44.948399+00:00,caltech:2019-01-15:2019-01-22:page1,1,https://ev.caltech.edu/api/v1/sessions/caltech?where=connectionTime%3E%3D%22Tue%2C+15+Jan+2019+00%3A00%3A00+GMT%22+and+connectionTime%3C%22Tue%2C+22+Jan+2019+00%3A00%3A00+GMT%22+and+kWhDelivered%3E%3D0.0&sort=-connectionTime,200,application/json,20137,0.7317074379998303,"{""_items"": [{""_id"": ""5c5b8a22f9af8b039c678508"", ""userInputs"": [{""userID"": 1091, ""milesRequested"": 30, ""WhPerMile"": 333, ""minutesAvailable"": 74, ""modifiedAt"": ""Mon, 21 Jan 2019 23:50:11 GMT"", ""paymentRequired"": true, ""requestedDeparture"": ""Tue, 22 Jan 2019 01:03:44 GMT"", ""kWhRequested"": 9.99}], ""sess",success
2026-08-17T00:41:45.675694+00:00,caltech:2019-01-15:2019-01-22:page2,1,"https://ev.caltech.edu/api/v1/sessions/caltech?where=connectionTime%3E=%22Tue,%2015%20Jan%202019%2000:00:00%20GMT%22%20and%20connectionTime%3C%22Tue,%2022%20Jan%202019%2000:00:00%20GMT%22%20and%20kWhDelivered%3E=0.0&sort=-connectionTime&page=2",200,application/json,20584,0.4679864190002263,"{""_items"": [{""_id"": ""5c5a389ff9af8b7f425a0b10"", ""userInputs"": [{""userID"": 1346, ""milesRequested"": 80, ""WhPerMile"": 400, ""minutesAvailable"": 76, ""modifiedAt"": ""Sun, 20 Jan 2019 17:46:22 GMT"", ""paymentRequired"": true, ""requestedDeparture"": ""Sun, 20 Jan 2019 19:01:26 GMT"", ""kWhRequested"": 32.0}, {""user",success
2026-08-17T00:41:46.364013+00:00,caltech:2019-01-15:2019-01-22:page3,1,"https://ev.caltech.edu/api/v1/sessions/caltech?where=connectionTime%3E=%22Tue,%2015%20Jan%202019%2000:00:00%20GMT%22%20and%20connectionTime%3C%22Tue,%2022%20Jan%202019%2000:00:00%20GMT%22%20and%20kWhDelivered%3E=0.0&sort=-connectionTime&page=3",200,application/json,18297,0.4274489760000506,"{""_items"": [{""_id"": ""5c5795b2f9af8b78a3bcf152"", ""userInputs"": [{""userID"": 1231, ""milesRequested"": 100, ""WhPerMile"": 450, ""minutesAvailable"": 464, ""modifiedAt"": ""Sat, 19 Jan 2019 04:29:34 GMT"", ""paymentRequired"": true, ""requestedDeparture"": ""Sat, 19 Jan 2019 12:09:52 GMT"", ""kWhRequested"": 45.0}, {""us",success
2026-08-17T00:41:47.016634+00:00,caltech:2019-01-15:2019-01-22:page4,1,"https://ev.caltech.edu/api/v1/sessions/caltech?where=connectionTime%3E=%22Tue,%2015%20Jan%202019%2000:00:00%20GMT%22%20and%20connectionTime%3C%22Tue,%2022%20Jan%202019%2000:00:00%20GMT%22%20and%20kWhDelivered%3E=0.0&sort=-connectionTime&page=4",200,application/json,18050,0.3996676739998293,"{""_items"": [{""_id"": ""5c5795b2f9af8b78a3bcf139"", ""userInputs"": [{""userID"": 743, ""milesRequested"": 20, ""WhPerMile"": 400, ""minutesAvailable"": 415, ""modifiedAt"": ""Fri, 18 Jan 2019 18:11:38 GMT"", ""paymentRequired"": true, ""requestedDeparture"": ""Sat, 19 Jan 2019 01:06:20 GMT"", ""kWhRequested"": 8.0}], ""sessi",success
2026-08-17T00:41:47.688963+00:00,caltech:2019-01-15:2019-01-22:page5,1,"https://ev.caltech.edu/api/v1/sessions/caltech?where=connectionTime%3E=%22Tue,%2015%20Jan%202019%2000:00:00%20GMT%22%20and%20connectionTime%3C%22Tue,%2022%20Jan%202019%2000:00:00%20GMT%22%20and%20kWhDelivered%3E=0.0&sort=-connectionTime&page=5",200,application/json,18744,0.4150245749997339,"{""_items"": [{""_id"": ""5c564430f9af8b74f28c2ae4"", ""userInputs"": [{""userID"": 1108, ""milesRequested"": 30, ""WhPerMile"": 400, ""minutesAvailable"": 171, ""modifiedAt"": ""Fri, 18 Jan 2019 03:11:39 GMT"", ""paymentRequired"": true, ""requestedDeparture"": ""Fri, 18 Jan 2019 06:02:32 GMT"", ""kWhRequested"": 12.0}], ""ses",success
2026-08-17T00:41:48.192874+00:00,caltech:2019-01-15:2019-01-22:page6,1,"https://ev.caltech.edu/api/v1/sessions/caltech?where=connectionTime%3E=%22Tue,%2015%20Jan%202019%2000:00:00%20GMT%22%20and%20connectionTime%3C%22Tue,%2022%20Jan%202019%2000:00:00%20GMT%22%20and%20kWhDelivered%3E=0.0&sort=-connectionTime&page=6",200,application/json,17584,0.23279075600021315,"{""_items"": [{""_id"": ""5c564430f9af8b74f28c2acb"", ""userInputs"": [{""userID"": 567, ""milesRequested"": 20, ""WhPerMile"": 333, ""minutesAvailable"": 185, ""modifiedAt"": ""Thu, 17 Jan 2019 17:12:36 GMT"", ""paymentRequired"": true, ""requestedDeparture"": ""Thu, 17 Jan 2019 20:17:25 GMT"", ""kWhRequested"": 6.66}], ""sess",success
2026-08-17T00:41:48.858391+00:00,caltech:2019-01-15:2019-01-22:page7,1,"https://ev.caltech.edu/api/v1/sessions/caltech?where=connectionTime%3E=%22Tue,%2015%20Jan%202019%2000:00:00%20GMT%22%20and%20connectionTime%3C%22Tue,%2022%20Jan%202019%2000:00:00%20GMT%22%20and%20kWhDelivered%3E=0.0&sort=-connectionTime&page=7",200,application/json,17814,0.41169807500045863,"{""_items"": [{""_id"": ""5c54f2b5f9af8b71c441bfd6"", ""userInputs"": [{""userID"": 1083, ""milesRequested"": 20, ""WhPerMile"": 400, ""minutesAvailable"": 263, ""modifiedAt"": ""Wed, 16 Jan 2019 20:29:51 GMT"", ""paymentRequired"": true, ""requestedDeparture"": ""Thu, 17 Jan 2019 00:51:33 GMT"", ""kWhRequested"": 8.0}], ""sess",success
2026-08-17T00:41:49.517120+00:00,caltech:2019-01-15:2019-01-22:page8,1,"https://ev.caltech.edu/api/v1/sessions/caltech?where=connectionTime%3E=%22Tue,%2015%20Jan%202019%2000:00:00%20GMT%22%20and%20connectionTime%3C%22Tue,%2022%20Jan%202019%2000:00:00%20GMT%22%20and%20kWhDelivered%3E=0.0&sort=-connectionTime&page=8",200,application/json,19448,0.4026430590001837,"{""_items"": [{""_id"": ""5c54f2b5f9af8b71c441bfbd"", ""userInputs"": [{""userID"": 562, ""milesRequested"": 20, ""WhPerMile"": 350, ""minutesAvailable"": 234, ""modifiedAt"": ""Wed, 16 Jan 2019 16:39:03 GMT"", ""paymentRequired"": true, ""requestedDeparture"": ""Wed, 16 Jan 2019 20:32:49 GMT"", ""kWhRequested"": 7.0}], ""sessi",success
2026-08-17T00:41:49.975311+00:00,caltech:2019-01-15:2019-01-22:page9,1,"https://ev.caltech.edu/api/v1/sessions/caltech?where=connectionTime%3E=%22Tue,%2015%20Jan%202019%2000:00:00%20GMT%22%20and%20connectionTime%3C%22Tue,%2022%20Jan%202019%2000:00:00%20GMT%22%20and%20kWhDelivered%3E=0.0&sort=-connectionTime&page=9",200,application/json,16658,0.201812450000034,"{""_items"": [{""_id"": ""5c53a136f9af8b6d3610f438"", ""userInputs"": [{""userID"": 515, ""milesRequested"": 150, ""WhPerMile"": 250, ""minutesAvailable"": 453, ""modifiedAt"": ""Tue, 15 Jan 2019 20:11:03 GMT"", ""paymentRequired"": true, ""requestedDeparture"": ""Wed, 16 Jan 2019 03:42:38 GMT"", ""kWhRequested"": 37.5}], ""ses",success
2026-08-17T00:41:50.428482+00:00,caltech:2019-01-15:2019-01-22:page10,1,"https://ev.caltech.edu/api/v1/sessions/caltech?where=connectionTime%3E=%22Tue,%2015%20Jan%202019%2000:00:00%20GMT%22%20and%20connectionTime%3C%22Tue,%2022%20Jan%202019%2000:00:00%20GMT%22%20and%20kWhDelivered%3E=0.0&sort=-connectionTime&page=10",200,application/json,13173,0.1984520629994222,"{""_items"": [{""_id"": ""5c53a136f9af8b6d3610f41f"", ""userInputs"": [{""userID"": 1126, ""milesRequested"": 80, ""WhPerMile"": 250, ""minutesAvailable"": 418, ""modifiedAt"": ""Tue, 15 Jan 2019 16:46:11 GMT"", ""paymentRequired"": true, ""requestedDeparture"": ""Tue, 15 Jan 2019 23:43:57 GMT"", ""kWhRequested"": 20.0}], ""ses",success
2026-08-17T00:41:52.118957+00:00,caltech:2019-01-22:2019-01-29:page1,1,https://ev.caltech.edu/api/v1/sessions/caltech?where=connectionTime%3E%3D%22Tue%2C+22+Jan+2019+00%3A00%3A00+GMT%22+and+connectionTime%3C%22Tue%2C+29+Jan+2019+00%3A00%3A00+GMT%22+and+kWhDelivered%3E%3D0.0&sort=-connectionTime,200,application/json,18745,0.685438903999966,"{""_items"": [{""_id"": ""5c64c4aef9af8b21b24d5745"", ""userInputs"": [{""userID"": 562, ""milesRequested"": 10, ""WhPerMile"": 350, ""minutesAvailable"": 214, ""modifiedAt"": ""Mon, 28 Jan 2019 21:44:04 GMT"", ""paymentRequired"": true, ""requestedDeparture"": ""Tue, 29 Jan 2019 01:17:16 GMT"", ""kWhRequested"": 3.5}], ""sessi",success
2026-08-17T00:41:52.803740+00:00,caltech:2019-01-22:2019-01-29:page2,1,"https://ev.caltech.edu/api/v1/sessions/caltech?where=connectionTime%3E=%22Tue,%2022%20Jan%202019%2000:00:00%20GMT%22%20and%20connectionTime%3C%22Tue,%2029%20Jan%202019%2000:00:00%20GMT%22%20and%20kWhDelivered%3E=0.0&sort=-connectionTime&page=2",200,application/json,23425,0.4267381749996275,"{""_items"": [{""_id"": ""5c64c4aef9af8b21b24d572c"", ""userInputs"": [{""userID"": 234, ""milesRequested"": 160, ""WhPerMile"": 250, ""minutesAvailable"": 582, ""modifiedAt"": ""Mon, 28 Jan 2019 15:32:26 GMT"", ""paymentRequired"": true, ""requestedDeparture"": ""Tue, 29 Jan 2019 01:14:17 GMT"", ""kWhRequested"": 40.0}], ""ses",success
2026-08-17T00:41:53.481894+00:00,caltech:2019-01-22:2019-01-29:page3,1,"https://ev.caltech.edu/api/v1/sessions/caltech?where=connectionTime%3E=%22Tue,%2022%20Jan%202019%2000:00:00%20GMT%22%20and%20connectionTime%3C%22Tue,%2029%20Jan%202019%2000:00:00%20GMT%22%20and%20kWhDelivered%3E=0.0&sort=-connectionTime&page=3",200,application/json,21056,0.42118534300061583,"{""_items"": [{""_id"": ""5c6221a6f9af8b17e68695bf"", ""userInputs"": [{""userID"": 1214, ""milesRequested"": 180, ""WhPerMile"": 250, ""minutesAvailable"": 323, ""modifiedAt"": ""Sat, 26 Jan 2019 18:36:10 GMT"", ""paymentRequired"": true, ""requestedDeparture"": ""Sat, 26 Jan 2019 23:58:13 GMT"", ""kWhRequested"": 45.0}], ""se",success
2026-08-17T00:41:53.977227+00:00,caltech:2019-01-22:2019-01-29:page4,1,"https://ev.caltech.edu/api/v1/sessions/caltech?where=connectionTime%3E=%22Tue,%2022%20Jan%202019%2000:00:00%20GMT%22%20and%20connectionTime%3C%22Tue,%2029%20Jan%202019%2000:00:00%20GMT%22%20and%20kWhDelivered%3E=0.0&sort=-connectionTime&page=4",200,application/json,17828,0.23643286300011823,"{""_items"": [{""_id"": ""5c60d02df9af8b149d7da383"", ""userInputs"": [{""userID"": 248, ""milesRequested"": 160, ""WhPerMile"": 250, ""minutesAvailable"": 532, ""modifiedAt"": ""Fri, 25 Jan 2019 18:09:57 GMT"", ""paymentRequired"": true, ""requestedDeparture"": ""Sat, 26 Jan 2019 03:01:00 GMT"", ""kWhRequested"": 40.0}], ""ses",success
2026-08-17T00:41:54.475123+00:00,caltech:2019-01-22:2019-01-29:page5,1,"https://ev.caltech.edu/api/v1/sessions/caltech?where=connectionTime%3E=%22Tue,%2022%20Jan%202019%2000:00:00%20GMT%22%20and%20connectionTime%3C%22Tue,%2029%20Jan%202019%2000:00:00%20GMT%22%20and%20kWhDelivered%3E=0.0&sort=-connectionTime&page=5",200,application/json,16201,0.23932340099963767,"{""_items"": [{""_id"": ""5c5f7eb1f9af8b115cf6126d"", ""userInputs"": [{""userID"": 1124, ""milesRequested"": 20, ""WhPerMile"": 400, ""minutesAvailable"": 5, ""modifiedAt"": ""Thu, 24 Jan 2019 21:13:51 GMT"", ""paymentRequired"": true, ""requestedDeparture"": ""Thu, 24 Jan 2019 21:18:46 GMT"", ""kWhRequested"": 8.0}], ""sessio",success
2026-08-17T00:41:55.130487+00:00,caltech:2019-01-22:2019-01-29:page6,1,"https://ev.caltech.edu/api/v1/sessions/caltech?where=connectionTime%3E=%22Tue,%2022%20Jan%202019%2000:00:00%20GMT%22%20and%20connectionTime%3C%22Tue,%2029%20Jan%202019%2000:00:00%20GMT%22%20and%20kWhDelivered%3E=0.0&sort=-connectionTime&page=6",200,application/json,18283,0.4004886370003078,"{""_items"": [{""_id"": ""5c5f7eb1f9af8b115cf61254"", ""userInputs"": [{""userID"": 562, ""milesRequested"": 20, ""WhPerMile"": 350, ""minutesAvailable"": 191, ""modifiedAt"": ""Thu, 24 Jan 2019 16:48:51 GMT"", ""paymentRequired"": true, ""requestedDeparture"": ""Thu, 24 Jan 2019 19:59:27 GMT"", ""kWhRequested"": 7.0}, {""userI",success
2026-08-17T00:41:55.619033+00:00,caltech:2019-01-22:2019-01-29:page7,1,"https://ev.caltech.edu/api/v1/sessions/caltech?where=connectionTime%3E=%22Tue,%2022%20Jan%202019%2000:00:00%20GMT%22%20and%20connectionTime%3C%22Tue,%2029%20Jan%202019%2000:00:00%20GMT%22%20and%20kWhDelivered%3E=0.0&sort=-connectionTime&page=7",200,application/json,16669,0.23108388499986177,"{""_items"": [{""_id"": ""5c5e2d36f9af8b0e60dfd621"", ""userInputs"": [{""userID"": 1083, ""milesRequested"": 20, ""WhPerMile"": 400, ""minutesAvailable"": 291, ""modifiedAt"": ""Wed, 23 Jan 2019 20:34:49 GMT"", ""paymentRequired"": true, ""requestedDeparture"": ""Thu, 24 Jan 2019 01:25:05 GMT"", ""kWhRequested"": 8.0}], ""sess",success
2026-08-17T00:41:56.279231+00:00,caltech:2019-01-22:2019-01-29:page8,1,"https://ev.caltech.edu/api/v1/sessions/caltech?where=connectionTime%3E=%22Tue,%2022%20Jan%202019%2000:00:00%20GMT%22%20and%20connectionTime%3C%22Tue,%2029%20Jan%202019%2000:00:00%20GMT%22%20and%20kWhDelivered%3E=0.0&sort=-connectionTime&page=8",200,application/json,18041,0.40346309100004873,"{""_items"": [{""_id"": ""5c5e2d36f9af8b0e60dfd608"", ""userInputs"": [{""userID"": 376, ""milesRequested"": 30, ""WhPerMile"": 300, ""minutesAvailable"": 342, ""modifiedAt"": ""Wed, 23 Jan 2019 16:34:13 GMT"", ""paymentRequired"": true, ""requestedDeparture"": ""Wed, 23 Jan 2019 22:12:15 GMT"", ""kWhRequested"": 9.0}, {""userI",success
2026-08-17T00:41:56.933618+00:00,caltech:2019-01-22:2019-01-29:page9,1,"https://ev.caltech.edu/api/v1/sessions/caltech?where=connectionTime%3E=%22Tue,%2022%20Jan%202019%2000:00:00%20GMT%22%20and%20connectionTime%3C%22Tue,%2029%20Jan%202019%2000:00:00%20GMT%22%20and%20kWhDelivered%3E=0.0&sort=-connectionTime&page=9",200,application/json,18293,0.3981616649998614,"{""_items"": [{""_id"": ""5c5cdbb5f9af8b07c0680a95"", ""userInputs"": [{""userID"": 1208, ""milesRequested"": 50, ""WhPerMile"": 400, ""minutesAvailable"": 487, ""modifiedAt"": ""Tue, 22 Jan 2019 18:14:34 GMT"", ""paymentRequired"": true, ""requestedDeparture"": ""Wed, 23 Jan 2019 02:20:32 GMT"", ""kWhRequested"": 20.0}], ""ses",success
2026-08-17T00:41:57.409803+00:00,caltech:2019-01-22:2019-01-29:page10,1,"https://ev.caltech.edu/api/v1/sessions/caltech?where=connectionTime%3E=%22Tue,%2022%20Jan%202019%2000:00:00%20GMT%22%20and%20connectionTime%3C%22Tue,%2029%20Jan%202019%2000:00:00%20GMT%22%20and%20kWhDelivered%3E=0.0&sort=-connectionTime&page=10",200,application/json,4358,0.21781775999988895,"{""_items"": [{""_id"": ""5c5b8a22f9af8b039c67850d"", ""userInputs"": [{""userID"": 637, ""milesRequested"": 140, ""WhPerMile"": 283, ""minutesAvailable"": 207, ""modifiedAt"": ""Tue, 22 Jan 2019 04:21:13 GMT"", ""paymentRequired"": true, ""requestedDeparture"": ""Tue, 22 Jan 2019 07:47:38 GMT"", ""kWhRequested"": 39.62}], ""se",success
2026-08-17T00:41:59.181154+00:00,caltech:2019-01-29:2019-02-05:page1,1,https://ev.caltech.edu/api/v1/sessions/caltech?where=connectionTime%3E%3D%22Tue%2C+29+Jan+2019+00%3A00%3A00+GMT%22+and+connectionTime%3C%22Tue%2C+05+Feb+2019+00%3A00%3A00+GMT%22+and+kWhDelivered%3E%3D0.0&sort=-connectionTime,200,application/json,17819,0.7638045339999735,"{""_items"": [{""_id"": ""5c6dff2cf9af8b5dfa46720d"", ""userInputs"": [{""userID"": 1366, ""milesRequested"": 20, ""WhPerMile"": 600, ""minutesAvailable"": 97, ""modifiedAt"": ""Mon, 04 Feb 2019 23:36:34 GMT"", ""paymentRequired"": true, ""requestedDeparture"": ""Tue, 05 Feb 2019 01:10:30 GMT"", ""kWhRequested"": 12.0}], ""sess",success
2026-08-17T00:41:59.979827+00:00,caltech:2019-01-29:2019-02-05:page2,1,"https://ev.caltech.edu/api/v1/sessions/caltech?where=connectionTime%3E=%22Tue,%2029%20Jan%202019%2000:00:00%20GMT%22%20and%20connectionTime%3C%22Tue,%2005%20Feb%202019%2000:00:00%20GMT%22%20and%20kWhDelivered%3E=0.0&sort=-connectionTime&page=2",200,application/json,18275,0.5417000730003565,"{""_items"": [{""_id"": ""5c6cada9f9af8b3710acd3a2"", ""userInputs"": [{""userID"": 1135, ""milesRequested"": 50, ""WhPerMile"": 400, ""minutesAvailable"": 214, ""modifiedAt"": ""Sun, 03 Feb 2019 21:41:14 GMT"", ""paymentRequired"": true, ""requestedDeparture"": ""Mon, 04 Feb 2019 01:15:09 GMT"", ""kWhRequested"": 20.0}], ""ses",success
2026-08-17T00:42:00.848144+00:00,caltech:2019-01-29:2019-02-05:page3,1,"https://ev.caltech.edu/api/v1/sessions/caltech?where=connectionTime%3E=%22Tue,%2029%20Jan%202019%2000:00:00%20GMT%22%20and%20connectionTime%3C%22Tue,%2005%20Feb%202019%2000:00:00%20GMT%22%20and%20kWhDelivered%3E=0.0&sort=-connectionTime&page=3",200,application/json,19207,0.6131870680001157,"{""_items"": [{""_id"": ""5c6b5c23f9af8b336a126dd8"", ""userInputs"": [{""userID"": 743, ""milesRequested"": 20, ""WhPerMile"": 400, ""minutesAvailable"": 62, ""modifiedAt"": ""Sat, 02 Feb 2019 16:07:23 GMT"", ""paymentRequired"": true, ""requestedDeparture"": ""Sat, 02 Feb 2019 17:08:55 GMT"", ""kWhRequested"": 8.0}], ""sessio",success
2026-08-17T00:42:01.459607+00:00,caltech:2019-01-29:2019-02-05:page4,1,"https://ev.caltech.edu/api/v1/sessions/caltech?where=connectionTime%3E=%22Tue,%2029%20Jan%202019%2000:00:00%20GMT%22%20and%20connectionTime%3C%22Tue,%2005%20Feb%202019%2000:00:00%20GMT%22%20and%20kWhDelivered%3E=0.0&sort=-connectionTime&page=4",200,application/json,16427,0.35652401500010455,"{""_items"": [{""_id"": ""5c6a0ab5f9af8b30307054b1"", ""userInputs"": [{""userID"": 858, ""milesRequested"": 25, ""WhPerMile"": 400, ""minutesAvailable"": 223, ""modifiedAt"": ""Fri, 01 Feb 2019 17:39:59 GMT"", ""paymentRequired"": true, ""requestedDeparture"": ""Fri, 01 Feb 2019 21:22:35 GMT"", ""kWhRequested"": 10.0}], ""sess",success
2026-08-17T00:42:02.178848+00:00,caltech:2019-01-29:2019-02-05:page5,1,"https://ev.caltech.edu/api/v1/sessions/caltech?where=connectionTime%3E=%22Tue,%2029%20Jan%202019%2000:00:00%20GMT%22%20and%20connectionTime%3C%22Tue,%2005%20Feb%202019%2000:00:00%20GMT%22%20and%20kWhDelivered%3E=0.0&sort=-connectionTime&page=5",200,application/json,16896,0.46504396199998155,"{""_items"": [{""_id"": ""5c68b92df9af8b2cb332c1b9"", ""userInputs"": [{""userID"": 754, ""milesRequested"": 50, ""WhPerMile"": 300, ""minutesAvailable"": 153, ""modifiedAt"": ""Fri, 01 Feb 2019 03:25:36 GMT"", ""paymentRequired"": true, ""requestedDeparture"": ""Fri, 01 Feb 2019 05:58:25 GMT"", ""kWhRequested"": 15.0}], ""sess",success
2026-08-17T00:42:02.777323+00:00,caltech:2019-01-29:2019-02-05:page6,1,"https://ev.caltech.edu/api/v1/sessions/caltech?where=connectionTime%3E=%22Tue,%2029%20Jan%202019%2000:00:00%20GMT%22%20and%20connectionTime%3C%22Tue,%2005%20Feb%202019%2000:00:00%20GMT%22%20and%20kWhDelivered%3E=0.0&sort=-connectionTime&page=6",200,application/json,17349,0.34122350300003745,"{""_items"": [{""_id"": ""5c68b92df9af8b2cb332c1a0"", ""userInputs"": [{""userID"": 945, ""milesRequested"": 50, ""WhPerMile"": 600, ""minutesAvailable"": 555, ""modifiedAt"": ""Thu, 31 Jan 2019 16:09:05 GMT"", ""paymentRequired"": true, ""requestedDeparture"": ""Fri, 01 Feb 2019 01:23:59 GMT"", ""kWhRequested"": 30.0}], ""sess",success
2026-08-17T00:42:03.456727+00:00,caltech:2019-01-29:2019-02-05:page7,1,"https://ev.caltech.edu/api/v1/sessions/caltech?where=connectionTime%3E=%22Tue,%2029%20Jan%202019%2000:00:00%20GMT%22%20and%20connectionTime%3C%22Tue,%2005%20Feb%202019%2000:00:00%20GMT%22%20and%20kWhDelivered%3E=0.0&sort=-connectionTime&page=7",200,application/json,17591,0.4231683329999214,"{""_items"": [{""_id"": ""5c6767b9f9af8b2933b72e77"", ""userInputs"": [{""userID"": 1095, ""milesRequested"": 30, ""WhPerMile"": 469, ""minutesAvailable"": 419, ""modifiedAt"": ""Wed, 30 Jan 2019 18:09:50 GMT"", ""paymentRequired"": true, ""requestedDeparture"": ""Thu, 31 Jan 2019 01:08:35 GMT"", ""kWhRequested"": 14.07}], ""se",success
2026-08-17T00:42:03.950774+00:00,caltech:2019-01-29:2019-02-05:page8,1,"https://ev.caltech.edu/api/v1/sessions/caltech?where=connectionTime%3E=%22Tue,%2029%20Jan%202019%2000:00:00%20GMT%22%20and%20connectionTime%3C%22Tue,%2005%20Feb%202019%2000:00:00%20GMT%22%20and%20kWhDelivered%3E=0.0&sort=-connectionTime&page=8",200,application/json,17128,0.24007794299996021,"{""_items"": [{""_id"": ""5c661635f9af8b25a888a3fc"", ""userInputs"": [{""userID"": 754, ""milesRequested"": 50, ""WhPerMile"": 300, ""minutesAvailable"": 153, ""modifiedAt"": ""Wed, 30 Jan 2019 03:42:15 GMT"", ""paymentRequired"": true, ""requestedDeparture"": ""Wed, 30 Jan 2019 06:14:28 GMT"", ""kWhRequested"": 15.0}], ""sess",success
2026-08-17T00:42:04.617494+00:00,caltech:2019-01-29:2019-02-05:page9,1,"https://ev.caltech.edu/api/v1/sessions/caltech?where=connectionTime%3E=%22Tue,%2029%20Jan%202019%2000:00:00%20GMT%22%20and%20connectionTime%3C%22Tue,%2005%20Feb%202019%2000:00:00%20GMT%22%20and%20kWhDelivered%3E=0.0&sort=-connectionTime&page=9",200,application/json,17630,0.40884313600054156,"{""_items"": [{""_id"": ""5c661635f9af8b25a888a3e3"", ""userInputs"": [{""userID"": 564, ""milesRequested"": 140, ""WhPerMile"": 231, ""minutesAvailable"": 537, ""modifiedAt"": ""Tue, 29 Jan 2019 17:04:39 GMT"", ""paymentRequired"": true, ""requestedDeparture"": ""Wed, 30 Jan 2019 01:59:41 GMT"", ""kWhRequested"": 32.34}], ""se",success
2026-08-17T00:42:06.349861+00:00,caltech:2019-02-05:2019-02-12:page1,1,https://ev.caltech.edu/api/v1/sessions/caltech?where=connectionTime%3E%3D%22Tue%2C+05+Feb+2019+00%3A00%3A00+GMT%22+and+connectionTime%3C%22Tue%2C+12+Feb+2019+00%3A00%3A00+GMT%22+and+kWhDelivered%3E%3D0.0&sort=-connectionTime,200,application/json,17827,0.7245393479997801,"{""_items"": [{""_id"": ""5c7739a9f9af8b76f66cfed1"", ""userInputs"": [{""userID"": 1161, ""milesRequested"": 40, ""WhPerMile"": 400, ""minutesAvailable"": 214, ""modifiedAt"": ""Mon, 11 Feb 2019 23:39:17 GMT"", ""paymentRequired"": true, ""requestedDeparture"": ""Tue, 12 Feb 2019 03:12:37 GMT"", ""kWhRequested"": 16.0}], ""ses",success
2026-08-17T00:42:07.125282+00:00,caltech:2019-02-05:2019-02-12:page2,1,"https://ev.caltech.edu/api/v1/sessions/caltech?where=connectionTime%3E=%22Tue,%2005%20Feb%202019%2000:00:00%20GMT%22%20and%20connectionTime%3C%22Tue,%2012%20Feb%202019%2000:00:00%20GMT%22%20and%20kWhDelivered%3E=0.0&sort=-connectionTime&page=2",200,application/json,19203,0.5212760940003136,"{""_items"": [{""_id"": ""5c75e81ef9af8b73772683e0"", ""userInputs"": [{""userID"": 1108, ""milesRequested"": 50, ""WhPerMile"": 400, ""minutesAvailable"": 106, ""modifiedAt"": ""Sun, 10 Feb 2019 20:17:12 GMT"", ""paymentRequired"": true, ""requestedDeparture"": ""Sun, 10 Feb 2019 22:03:09 GMT"", ""kWhRequested"": 20.0}], ""ses",success
2026-08-17T00:42:07.879136+00:00,caltech:2019-02-05:2019-02-12:page3,1,"https://ev.caltech.edu/api/v1/sessions/caltech?where=connectionTime%3E=%22Tue,%2005%20Feb%202019%2000:00:00%20GMT%22%20and%20connectionTime%3C%22Tue,%2012%20Feb%202019%2000:00:00%20GMT%22%20and%20kWhDelivered%3E=0.0&sort=-connectionTime&page=3",200,application/json,18296,0.4979186609998578,"{""_items"": [{""_id"": ""5c734533f9af8b6cb85f3093"", ""userInputs"": [{""userID"": 714, ""milesRequested"": 90, ""WhPerMile"": 200, ""minutesAvailable"": 449, ""modifiedAt"": ""Fri, 08 Feb 2019 22:21:57 GMT"", ""paymentRequired"": true, ""requestedDeparture"": ""Sat, 09 Feb 2019 05:49:45 GMT"", ""kWhRequested"": 18.0}], ""sess",success
2026-08-17T00:42:08.605425+00:00,caltech:2019-02-05:2019-02-12:page4,1,"https://ev.caltech.edu/api/v1/sessions/caltech?where=connectionTime%3E=%22Tue,%2005%20Feb%202019%2000:00:00%20GMT%22%20and%20connectionTime%3C%22Tue,%2012%20Feb%202019%2000:00:00%20GMT%22%20and%20kWhDelivered%3E=0.0&sort=-connectionTime&page=4",200,application/json,17815,0.4683816559991101,"{""_items"": [{""_id"": ""5c734533f9af8b6cb85f307a"", ""userInputs"": [{""userID"": 559, ""milesRequested"": 50, ""WhPerMile"": 313, ""minutesAvailable"": 538, ""modifiedAt"": ""Fri, 08 Feb 2019 16:30:16 GMT"", ""paymentRequired"": true, ""requestedDeparture"": ""Sat, 09 Feb 2019 01:28:12 GMT"", ""kWhRequested"": 15.65}], ""ses",success
2026-08-17T00:42:09.265883+00:00,caltech:2019-02-05:2019-02-12:page5,1,"https://ev.caltech.edu/api/v1/sessions/caltech?where=connectionTime%3E=%22Tue,%2005%20Feb%202019%2000:00:00%20GMT%22%20and%20connectionTime%3C%22Tue,%2012%20Feb%202019%2000:00:00%20GMT%22%20and%20kWhDelivered%3E=0.0&sort=-connectionTime&page=5",200,application/json,17598,0.4031224820000716,"{""_items"": [{""_id"": ""5c71f3b3f9af8b697b84018c"", ""userInputs"": [{""userID"": 1082, ""milesRequested"": 40, ""WhPerMile"": 400, ""minutesAvailable"": 291, ""modifiedAt"": ""Thu, 07 Feb 2019 19:38:35 GMT"", ""paymentRequired"": true, ""requestedDeparture"": ""Fri, 08 Feb 2019 00:28:39 GMT"", ""kWhRequested"": 16.0}], ""ses",success
2026-08-17T00:42:09.771863+00:00,caltech:2019-02-05:2019-02-12:page6,1,"https://ev.caltech.edu/api/v1/sessions/caltech?where=connectionTime%3E=%22Tue,%2005%20Feb%202019%2000:00:00%20GMT%22%20and%20connectionTime%3C%22Tue,%2012%20Feb%202019%2000:00:00%20GMT%22%20and%20kWhDelivered%3E=0.0&sort=-connectionTime&page=6",200,application/json,16871,0.24986851999983628,"{""_items"": [{""_id"": ""5c71f3b3f9af8b697b840173"", ""userInputs"": [{""userID"": 858, ""milesRequested"": 25, ""WhPerMile"": 400, ""minutesAvailable"": 223, ""modifiedAt"": ""Thu, 07 Feb 2019 16:07:59 GMT"", ""paymentRequired"": true, ""requestedDeparture"": ""Thu, 07 Feb 2019 19:50:37 GMT"", ""kWhRequested"": 10.0}], ""sess",success
2026-08-17T00:42:10.275711+00:00,caltech:2019-02-05:2019-02-12:page7,1,"https://ev.caltech.edu/api/v1/sessions/caltech?where=connectionTime%3E=%22Tue,%2005%20Feb%202019%2000:00:00%20GMT%22%20and%20connectionTime%3C%22Tue,%2012%20Feb%202019%2000:00:00%20GMT%22%20and%20kWhDelivered%3E=0.0&sort=-connectionTime&page=7",200,application/json,17360,0.24325404499995784,"{""_items"": [{""_id"": ""5c70a233f9af8b660787ba3f"", ""userInputs"": null, ""sessionID"": ""2_39_78_366_2019-02-06 17:41:53.065264"", ""stationID"": ""2-39-78-366"", ""spaceID"": ""CA-323"", ""siteID"": ""0002"", ""clusterID"": ""0039"", ""connectionTime"": ""Wed, 06 Feb 2019 17:41:53 GMT"", ""disconnectTime"": ""Thu, 07 Feb 2019 02",success
2026-08-17T00:42:10.768393+00:00,caltech:2019-02-05:2019-02-12:page8,1,"https://ev.caltech.edu/api/v1/sessions/caltech?where=connectionTime%3E=%22Tue,%2005%20Feb%202019%2000:00:00%20GMT%22%20and%20connectionTime%3C%22Tue,%2012%20Feb%202019%2000:00:00%20GMT%22%20and%20kWhDelivered%3E=0.0&sort=-connectionTime&page=8",200,application/json,16424,0.236753778000093,"{""_items"": [{""_id"": ""5c6f50b4f9af8b613f0cb8e5"", ""userInputs"": null, ""sessionID"": ""2_39_130_31_2019-02-06 02:34:39.747789"", ""stationID"": ""2-39-130-31"", ""spaceID"": ""CA-306"", ""siteID"": ""0002"", ""clusterID"": ""0039"", ""connectionTime"": ""Wed, 06 Feb 2019 02:34:40 GMT"", ""disconnectTime"": ""Wed, 06 Feb 2019 04",success
2026-08-17T00:42:11.428147+00:00,caltech:2019-02-05:2019-02-12:page9,1,"https://ev.caltech.edu/api/v1/sessions/caltech?where=connectionTime%3E=%22Tue,%2005%20Feb%202019%2000:00:00%20GMT%22%20and%20connectionTime%3C%22Tue,%2012%20Feb%202019%2000:00:00%20GMT%22%20and%20kWhDelivered%3E=0.0&sort=-connectionTime&page=9",200,application/json,17593,0.4016874140006621,"{""_items"": [{""_id"": ""5c6f50b4f9af8b613f0cb8cc"", ""userInputs"": null, ""sessionID"": ""2_39_78_361_2019-02-05 16:57:54.104580"", ""stationID"": ""2-39-78-361"", ""spaceID"": ""CA-493"", ""siteID"": ""0002"", ""clusterID"": ""0039"", ""connectionTime"": ""Tue, 05 Feb 2019 16:57:54 GMT"", ""disconnectTime"": ""Tue, 05 Feb 2019 20",success
2026-08-17T00:42:11.889918+00:00,caltech:2019-02-05:2019-02-12:page10,1,"https://ev.caltech.edu/api/v1/sessions/caltech?where=connectionTime%3E=%22Tue,%2005%20Feb%202019%2000:00:00%20GMT%22%20and%20connectionTime%3C%22Tue,%2012%20Feb%202019%2000:00:00%20GMT%22%20and%20kWhDelivered%3E=0.0&sort=-connectionTime&page=10",200,application/json,4129,0.20275069499984966,"{""_items"": [{""_id"": ""5c6dff2cf9af8b5dfa467212"", ""userInputs"": [{""userID"": 1133, ""milesRequested"": 100, ""WhPerMile"": 400, ""minutesAvailable"": 348, ""modifiedAt"": ""Tue, 05 Feb 2019 02:50:44 GMT"", ""paymentRequired"": true, ""requestedDeparture"": ""Tue, 05 Feb 2019 08:38:12 GMT"", ""kWhRequested"": 40.0}], ""se",success
2026-08-17T00:42:13.693427+00:00,caltech:2019-02-12:2019-02-19:page1,1,https://ev.caltech.edu/api/v1/sessions/caltech?where=connectionTime%3E%3D%22Tue%2C+12+Feb+2019+00%3A00%3A00+GMT%22+and+connectionTime%3C%22Tue%2C+19+Feb+2019+00%3A00%3A00+GMT%22+and+kWhDelivered%3E%3D0.0&sort=-connectionTime,200,application/json,17587,0.7936802390004232,"{""_items"": [{""_id"": ""5c807421f9af8b19630dc444"", ""userInputs"": [{""userID"": 313, ""milesRequested"": 180, ""WhPerMile"": 333, ""minutesAvailable"": 137, ""modifiedAt"": ""Mon, 18 Feb 2019 23:53:54 GMT"", ""paymentRequired"": true, ""requestedDeparture"": ""Tue, 19 Feb 2019 02:10:39 GMT"", ""kWhRequested"": 59.94}, {""us",success
2026-08-17T00:42:14.355639+00:00,caltech:2019-02-12:2019-02-19:page2,1,"https://ev.caltech.edu/api/v1/sessions/caltech?where=connectionTime%3E=%22Tue,%2012%20Feb%202019%2000:00:00%20GMT%22%20and%20connectionTime%3C%22Tue,%2019%20Feb%202019%2000:00:00%20GMT%22%20and%20kWhDelivered%3E=0.0&sort=-connectionTime&page=2",200,application/json,18280,0.404845655999452,"{""_items"": [{""_id"": ""5c7dd126f9af8b0c655c2439"", ""userInputs"": null, ""sessionID"": ""2_39_78_361_2019-02-17 05:30:55.101933"", ""stationID"": ""2-39-78-361"", ""spaceID"": ""CA-493"", ""siteID"": ""0002"", ""clusterID"": ""0039"", ""connectionTime"": ""Sun, 17 Feb 2019 05:30:55 GMT"", ""disconnectTime"": ""Sun, 17 Feb 2019 06",success
2026-08-17T00:42:15.136583+00:00,caltech:2019-02-12:2019-02-19:page3,1,"https://ev.caltech.edu/api/v1/sessions/caltech?where=connectionTime%3E=%22Tue,%2012%20Feb%202019%2000:00:00%20GMT%22%20and%20connectionTime%3C%22Tue,%2019%20Feb%202019%2000:00:00%20GMT%22%20and%20kWhDelivered%3E=0.0&sort=-connectionTime&page=3",200,application/json,18071,0.5248776250000446,"{""_items"": [{""_id"": ""5c7c7fb6f9af8b0931694acb"", ""userInputs"": [{""userID"": 243, ""milesRequested"": 160, ""WhPerMile"": 200, ""minutesAvailable"": 90, ""modifiedAt"": ""Sat, 16 Feb 2019 02:17:47 GMT"", ""paymentRequired"": true, ""requestedDeparture"": ""Sat, 16 Feb 2019 03:45:47 GMT"", ""kWhRequested"": 32.0}, {""user",success
2026-08-17T00:42:15.702127+00:00,caltech:2019-02-12:2019-02-19:page4,1,"https://ev.caltech.edu/api/v1/sessions/caltech?where=connectionTime%3E=%22Tue,%2012%20Feb%202019%2000:00:00%20GMT%22%20and%20connectionTime%3C%22Tue,%2019%20Feb%202019%2000:00:00%20GMT%22%20and%20kWhDelivered%3E=0.0&sort=-connectionTime&page=4",200,application/json,16654,0.30709181199927116,"{""_items"": [{""_id"": ""5c7c7fb6f9af8b0931694ab2"", ""userInputs"": null, ""sessionID"": ""2_39_79_381_2019-02-15 16:38:04.828888"", ""stationID"": ""2-39-79-381"", ""spaceID"": ""CA-490"", ""siteID"": ""0002"", ""clusterID"": ""0039"", ""connectionTime"": ""Fri, 15 Feb 2019 16:38:05 GMT"", ""disconnectTime"": ""Sat, 16 Feb 2019 02",success
2026-08-17T00:42:16.337738+00:00,caltech:2019-02-12:2019-02-19:page5,1,"https://ev.caltech.edu/api/v1/sessions/caltech?where=connectionTime%3E=%22Tue,%2012%20Feb%202019%2000:00:00%20GMT%22%20and%20connectionTime%3C%22Tue,%2019%20Feb%202019%2000:00:00%20GMT%22%20and%20kWhDelivered%3E=0.0&sort=-connectionTime&page=5",200,application/json,17823,0.3772705949995725,"{""_items"": [{""_id"": ""5c7b2e31f9af8b05e35ba001"", ""userInputs"": [{""userID"": 632, ""milesRequested"": 40, ""WhPerMile"": 400, ""minutesAvailable"": 575, ""modifiedAt"": ""Thu, 14 Feb 2019 17:49:55 GMT"", ""paymentRequired"": true, ""requestedDeparture"": ""Fri, 15 Feb 2019 03:24:06 GMT"", ""kWhRequested"": 16.0}], ""sess",success
2026-08-17T00:42:16.822984+00:00,caltech:2019-02-12:2019-02-19:page6,1,"https://ev.caltech.edu/api/v1/sessions/caltech?where=connectionTime%3E=%22Tue,%2012%20Feb%202019%2000:00:00%20GMT%22%20and%20connectionTime%3C%22Tue,%2019%20Feb%202019%2000:00:00%20GMT%22%20and%20kWhDelivered%3E=0.0&sort=-connectionTime&page=6",200,application/json,15948,0.2298458639997989,"{""_items"": [{""_id"": ""5c79dcb1f9af8b0284cabc7c"", ""userInputs"": null, ""sessionID"": ""2_39_79_380_2019-02-14 02:13:48.947559"", ""stationID"": ""2-39-79-380"", ""spaceID"": ""CA-489"", ""siteID"": ""0002"", ""clusterID"": ""0039"", ""connectionTime"": ""Thu, 14 Feb 2019 02:13:49 GMT"", ""disconnectTime"": ""Thu, 14 Feb 2019 03",success
2026-08-17T00:42:17.477587+00:00,caltech:2019-02-12:2019-02-19:page7,1,"https://ev.caltech.edu/api/v1/sessions/caltech?where=connectionTime%3E=%22Tue,%2012%20Feb%202019%2000:00:00%20GMT%22%20and%20connectionTime%3C%22Tue,%2019%20Feb%202019%2000:00:00%20GMT%22%20and%20kWhDelivered%3E=0.0&sort=-connectionTime&page=7",200,application/json,18521,0.39565143900017574,"{""_items"": [{""_id"": ""5c79dcb1f9af8b0284cabc63"", ""userInputs"": [{""userID"": 567, ""milesRequested"": 20, ""WhPerMile"": 333, ""minutesAvailable"": 428, ""modifiedAt"": ""Wed, 13 Feb 2019 17:04:43 GMT"", ""paymentRequired"": true, ""requestedDeparture"": ""Thu, 14 Feb 2019 00:11:35 GMT"", ""kWhRequested"": 6.66}], ""sess",success
2026-08-17T00:42:18.131439+00:00,caltech:2019-02-12:2019-02-19:page8,1,"https://ev.caltech.edu/api/v1/sessions/caltech?where=connectionTime%3E=%22Tue,%2012%20Feb%202019%2000:00:00%20GMT%22%20and%20connectionTime%3C%22Tue,%2019%20Feb%202019%2000:00:00%20GMT%22%20and%20kWhDelivered%3E=0.0&sort=-connectionTime&page=8",200,application/json,17817,0.3934202050004387,"{""_items"": [{""_id"": ""5c788b34f9af8b7aa9b5e29d"", ""userInputs"": [{""userID"": 832, ""milesRequested"": 60, ""WhPerMile"": 300, ""minutesAvailable"": 200, ""modifiedAt"": ""Tue, 12 Feb 2019 21:37:06 GMT"", ""paymentRequired"": true, ""requestedDeparture"": ""Wed, 13 Feb 2019 00:56:04 GMT"", ""kWhRequested"": 18.0}], ""sess",success
2026-08-17T00:42:18.607237+00:00,caltech:2019-02-12:2019-02-19:page9,1,"https://ev.caltech.edu/api/v1/sessions/caltech?where=connectionTime%3E=%22Tue,%2012%20Feb%202019%2000:00:00%20GMT%22%20and%20connectionTime%3C%22Tue,%2019%20Feb%202019%2000:00:00%20GMT%22%20and%20kWhDelivered%3E=0.0&sort=-connectionTime&page=9",200,application/json,10714,0.2156682800005001,"{""_items"": [{""_id"": ""5c788b34f9af8b7aa9b5e284"", ""userInputs"": [{""userID"": 1243, ""milesRequested"": 160, ""WhPerMile"": 278, ""minutesAvailable"": 462, ""modifiedAt"": ""Tue, 12 Feb 2019 16:41:24 GMT"", ""paymentRequired"": true, ""requestedDeparture"": ""Wed, 13 Feb 2019 00:23:00 GMT"", ""kWhRequested"": 44.48}], ""s",success
2026-08-17T00:42:20.378616+00:00,caltech:2019-02-19:2019-02-26:page1,1,https://ev.caltech.edu/api/v1/sessions/caltech?where=connectionTime%3E%3D%22Tue%2C+19+Feb+2019+00%3A00%3A00+GMT%22+and+connectionTime%3C%22Tue%2C+26+Feb+2019+00%3A00%3A00+GMT%22+and+kWhDelivered%3E%3D0.0&sort=-connectionTime,200,application/json,18758,0.7617486629997074,"{""_items"": [{""_id"": ""5c89a09ef9af8b5fb6fbca48"", ""userInputs"": null, ""sessionID"": ""2_39_78_366_2019-02-25 23:39:54.034718"", ""stationID"": ""2-39-78-366"", ""spaceID"": ""CA-323"", ""siteID"": ""0002"", ""clusterID"": ""0039"", ""connectionTime"": ""Mon, 25 Feb 2019 23:39:54 GMT"", ""disconnectTime"": ""Mon, 25 Feb 2019 23",success
2026-08-17T00:42:21.148941+00:00,caltech:2019-02-19:2019-02-26:page2,1,"https://ev.caltech.edu/api/v1/sessions/caltech?where=connectionTime%3E=%22Tue,%2019%20Feb%202019%2000:00:00%20GMT%22%20and%20connectionTime%3C%22Tue,%2026%20Feb%202019%2000:00:00%20GMT%22%20and%20kWhDelivered%3E=0.0&sort=-connectionTime&page=2",200,application/json,19891,0.5130706300005841,"{""_items"": [{""_id"": ""5c89a09ef9af8b5fb6fbca2f"", ""userInputs"": [{""userID"": 1470, ""milesRequested"": 110, ""WhPerMile"": 292, ""minutesAvailable"": 431, ""modifiedAt"": ""Mon, 25 Feb 2019 16:49:08 GMT"", ""paymentRequired"": true, ""requestedDeparture"": ""Mon, 25 Feb 2019 23:59:43 GMT"", ""kWhRequested"": 32.12}], ""s",success
2026-08-17T00:42:21.914294+00:00,caltech:2019-02-19:2019-02-26:page3,1,"https://ev.caltech.edu/api/v1/sessions/caltech?where=connectionTime%3E=%22Tue,%2019%20Feb%202019%2000:00:00%20GMT%22%20and%20connectionTime%3C%22Tue,%2026%20Feb%202019%2000:00:00%20GMT%22%20and%20kWhDelivered%3E=0.0&sort=-connectionTime&page=3",200,application/json,19212,0.5064392390004286,"{""_items"": [{""_id"": ""5c884f14f9af8b5c3b712d43"", ""userInputs"": [{""userID"": 752, ""milesRequested"": 30, ""WhPerMile"": 425, ""minutesAvailable"": 440, ""modifiedAt"": ""Sun, 24 Feb 2019 17:44:14 GMT"", ""paymentRequired"": true, ""requestedDeparture"": ""Mon, 25 Feb 2019 01:04:00 GMT"", ""kWhRequested"": 12.75}], ""ses",success
2026-08-17T00:42:22.484102+00:00,caltech:2019-02-19:2019-02-26:page4,1,"https://ev.caltech.edu/api/v1/sessions/caltech?where=connectionTime%3E=%22Tue,%2019%20Feb%202019%2000:00:00%20GMT%22%20and%20connectionTime%3C%22Tue,%2026%20Feb%202019%2000:00:00%20GMT%22%20and%20kWhDelivered%3E=0.0&sort=-connectionTime&page=4",200,application/json,18747,0.309679603999939,"{""_items"": [{""_id"": ""5c85ac22f9af8b2e1152f4c6"", ""userInputs"": [{""userID"": 637, ""milesRequested"": 100, ""WhPerMile"": 310, ""minutesAvailable"": 298, ""modifiedAt"": ""Sat, 23 Feb 2019 05:07:14 GMT"", ""paymentRequired"": true, ""requestedDeparture"": ""Sat, 23 Feb 2019 10:04:39 GMT"", ""kWhRequested"": 31.0}], ""ses",success
2026-08-17T00:42:22.969399+00:00,caltech:2019-02-19:2019-02-26:page5,1,"https://ev.caltech.edu/api/v1/sessions/caltech?where=connectionTime%3E=%22Tue,%2019%20Feb%202019%2000:00:00%20GMT%22%20and%20connectionTime%3C%22Tue,%2026%20Feb%202019%2000:00:00%20GMT%22%20and%20kWhDelivered%3E=0.0&sort=-connectionTime&page=5",200,application/json,18065,0.22729520500070066,"{""_items"": [{""_id"": ""5c85ac22f9af8b2e1152f4ad"", ""userInputs"": [{""userID"": 567, ""milesRequested"": 20, ""WhPerMile"": 333, ""minutesAvailable"": 428, ""modifiedAt"": ""Fri, 22 Feb 2019 17:08:29 GMT"", ""paymentRequired"": true, ""requestedDeparture"": ""Sat, 23 Feb 2019 00:16:15 GMT"", ""kWhRequested"": 6.66}], ""sess",success
2026-08-17T00:42:23.453747+00:00,caltech:2019-02-19:2019-02-26:page6,1,"https://ev.caltech.edu/api/v1/sessions/caltech?where=connectionTime%3E=%22Tue,%2019%20Feb%202019%2000:00:00%20GMT%22%20and%20connectionTime%3C%22Tue,%2026%20Feb%202019%2000:00:00%20GMT%22%20and%20kWhDelivered%3E=0.0&sort=-connectionTime&page=6",200,application/json,18526,0.225211367999691,"{""_items"": [{""_id"": ""5c8468b0f9af8b2ab2a98975"", ""userInputs"": [{""userID"": 1243, ""milesRequested"": 180, ""WhPerMile"": 278, ""minutesAvailable"": 502, ""modifiedAt"": ""Thu, 21 Feb 2019 19:52:27 GMT"", ""paymentRequired"": true, ""requestedDeparture"": ""Fri, 22 Feb 2019 04:12:31 GMT"", ""kWhRequested"": 50.04}, {""u",success
2026-08-17T00:42:23.942474+00:00,caltech:2019-02-19:2019-02-26:page7,1,"https://ev.caltech.edu/api/v1/sessions/caltech?where=connectionTime%3E=%22Tue,%2019%20Feb%202019%2000:00:00%20GMT%22%20and%20connectionTime%3C%22Tue,%2026%20Feb%202019%2000:00:00%20GMT%22%20and%20kWhDelivered%3E=0.0&sort=-connectionTime&page=7",200,application/json,18510,0.22944899499998428,"{""_items"": [{""_id"": ""5c8468b0f9af8b2ab2a9895c"", ""userInputs"": [{""userID"": 858, ""milesRequested"": 25, ""WhPerMile"": 400, ""minutesAvailable"": 223, ""modifiedAt"": ""Thu, 21 Feb 2019 16:01:12 GMT"", ""paymentRequired"": true, ""requestedDeparture"": ""Thu, 21 Feb 2019 19:43:40 GMT"", ""kWhRequested"": 10.0}, {""user",success
2026-08-17T00:42:24.426761+00:00,caltech:2019-02-19:2019-02-26:page8,1,"https://ev.caltech.edu/api/v1/sessions/caltech?where=connectionTime%3E=%22Tue,%2019%20Feb%202019%2000:00:00%20GMT%22%20and%20connectionTime%3C%22Tue,%2026%20Feb%202019%2000:00:00%20GMT%22%20and%20kWhDelivered%3E=0.0&sort=-connectionTime&page=8",200,application/json,18054,0.22519306099911773,"{""_items"": [{""_id"": ""5c831734f9af8b2211c243b0"", ""userInputs"": null, ""sessionID"": ""2_39_78_366_2019-02-20 20:48:55.822330"", ""stationID"": ""2-39-78-366"", ""spaceID"": ""CA-323"", ""siteID"": ""0002"", ""clusterID"": ""0039"", ""connectionTime"": ""Wed, 20 Feb 2019 20:48:56 GMT"", ""disconnectTime"": ""Thu, 21 Feb 2019 02",success
2026-08-17T00:42:24.911530+00:00,caltech:2019-02-19:2019-02-26:page9,1,"https://ev.caltech.edu/api/v1/sessions/caltech?where=connectionTime%3E=%22Tue,%2019%20Feb%202019%2000:00:00%20GMT%22%20and%20connectionTime%3C%22Tue,%2026%20Feb%202019%2000:00:00%20GMT%22%20and%20kWhDelivered%3E=0.0&sort=-connectionTime&page=9",200,application/json,17829,0.2294335280002997,"{""_items"": [{""_id"": ""5c831734f9af8b2211c24397"", ""userInputs"": [{""userID"": 1470, ""milesRequested"": 100, ""WhPerMile"": 292, ""minutesAvailable"": 465, ""modifiedAt"": ""Wed, 20 Feb 2019 16:41:36 GMT"", ""paymentRequired"": true, ""requestedDeparture"": ""Thu, 21 Feb 2019 00:26:20 GMT"", ""kWhRequested"": 29.2}], ""se",success
2026-08-17T00:42:25.400642+00:00,caltech:2019-02-19:2019-02-26:page10,1,"https://ev.caltech.edu/api/v1/sessions/caltech?where=connectionTime%3E=%22Tue,%2019%20Feb%202019%2000:00:00%20GMT%22%20and%20connectionTime%3C%22Tue,%2026%20Feb%202019%2000:00:00%20GMT%22%20and%20kWhDelivered%3E=0.0&sort=-connectionTime&page=10",200,application/json,14547,0.22932653299994854,"{""_items"": [{""_id"": ""5c81c5adf9af8b1cdd38afbe"", ""userInputs"": [{""userID"": 1534, ""milesRequested"": 20, ""WhPerMile"": 250, ""minutesAvailable"": 378, ""modifiedAt"": ""Tue, 19 Feb 2019 17:13:11 GMT"", ""paymentRequired"": true, ""requestedDeparture"": ""Tue, 19 Feb 2019 23:30:52 GMT"", ""kWhRequested"": 5.0}], ""sess",success
2026-08-17T00:42:27.138395+00:00,caltech:2019-02-26:2019-03-05:page1,1,https://ev.caltech.edu/api/v1/sessions/caltech?where=connectionTime%3E%3D%22Tue%2C+26+Feb+2019+00%3A00%3A00+GMT%22+and+connectionTime%3C%22Tue%2C+05+Mar+2019+00%3A00%3A00+GMT%22+and+kWhDelivered%3E%3D0.0&sort=-connectionTime,200,application/json,17132,0.7306112760006727,"{""_items"": [{""_id"": ""5c92db1df9af8b020ee75d30"", ""userInputs"": [{""userID"": 712, ""milesRequested"": 30, ""WhPerMile"": 600, ""minutesAvailable"": 174, ""modifiedAt"": ""Mon, 04 Mar 2019 23:05:59 GMT"", ""paymentRequired"": true, ""requestedDeparture"": ""Tue, 05 Mar 2019 01:59:59 GMT"", ""kWhRequested"": 18.0}], ""sess",success
2026-08-17T00:42:27.874592+00:00,caltech:2019-02-26:2019-03-05:page2,1,"https://ev.caltech.edu/api/v1/sessions/caltech?where=connectionTime%3E=%22Tue,%2026%20Feb%202019%2000:00:00%20GMT%22%20and%20connectionTime%3C%22Tue,%2005%20Mar%202019%2000:00:00%20GMT%22%20and%20kWhDelivered%3E=0.0&sort=-connectionTime&page=2",200,application/json,16892,0.47577783599990653,"{""_items"": [{""_id"": ""5c92db1df9af8b020ee75d17"", ""userInputs"": [{""userID"": 234, ""milesRequested"": 70, ""WhPerMile"": 250, ""minutesAvailable"": 473, ""modifiedAt"": ""Mon, 04 Mar 2019 16:18:28 GMT"", ""paymentRequired"": true, ""requestedDeparture"": ""Tue, 05 Mar 2019 00:10:56 GMT"", ""kWhRequested"": 17.5}], ""sess",success
2026-08-17T00:42:28.653207+00:00,caltech:2019-02-26:2019-03-05:page3,1,"https://ev.caltech.edu/api/v1/sessions/caltech?where=connectionTime%3E=%22Tue,%2026%20Feb%202019%2000:00:00%20GMT%22%20and%20connectionTime%3C%22Tue,%2005%20Mar%202019%2000:00:00%20GMT%22%20and%20kWhDelivered%3E=0.0&sort=-connectionTime&page=3",200,application/json,19218,0.5176147030006177,"{""_items"": [{""_id"": ""5c903811f9af8b77188eb705"", ""userInputs"": [{""userID"": 248, ""milesRequested"": 60, ""WhPerMile"": 250, ""minutesAvailable"": 256, ""modifiedAt"": ""Sat, 02 Mar 2019 21:51:18 GMT"", ""paymentRequired"": true, ""requestedDeparture"": ""Sun, 03 Mar 2019 02:06:37 GMT"", ""kWhRequested"": 15.0}, {""user",success
2026-08-17T00:42:29.135923+00:00,caltech:2019-02-26:2019-03-05:page4,1,"https://ev.caltech.edu/api/v1/sessions/caltech?where=connectionTime%3E=%22Tue,%2026%20Feb%202019%2000:00:00%20GMT%22%20and%20connectionTime%3C%22Tue,%2005%20Mar%202019%2000:00:00%20GMT%22%20and%20kWhDelivered%3E=0.0&sort=-connectionTime&page=4",200,application/json,17114,0.22904154099978768,"{""_items"": [{""_id"": ""5c8ee69ff9af8b73ba19dca2"", ""userInputs"": [{""userID"": 818, ""milesRequested"": 200, ""WhPerMile"": 250, ""minutesAvailable"": 497, ""modifiedAt"": ""Fri, 01 Mar 2019 16:43:54 GMT"", ""paymentRequired"": true, ""requestedDeparture"": ""Sat, 02 Mar 2019 01:00:17 GMT"", ""kWhRequested"": 50.0}], ""ses",success
2026-08-17T00:42:29.639194+00:00,caltech:2019-02-26:2019-03-05:page5,1,"https://ev.caltech.edu/api/v1/sessions/caltech?where=connectionTime%3E=%22Tue,%2026%20Feb%202019%2000:00:00%20GMT%22%20and%20connectionTime%3C%22Tue,%2005%20Mar%202019%2000:00:00%20GMT%22%20and%20kWhDelivered%3E=0.0&sort=-connectionTime&page=5",200,application/json,17365,0.24325552400023298,"{""_items"": [{""_id"": ""5c8d951df9af8b70464df45c"", ""userInputs"": null, ""sessionID"": ""2_39_78_364_2019-02-28 20:02:39.957389"", ""stationID"": ""2-39-78-364"", ""spaceID"": ""CA-495"", ""siteID"": ""0002"", ""clusterID"": ""0039"", ""connectionTime"": ""Thu, 28 Feb 2019 20:02:40 GMT"", ""disconnectTime"": ""Fri, 01 Mar 2019 03",success
2026-08-17T00:42:30.321406+00:00,caltech:2019-02-26:2019-03-05:page6,1,"https://ev.caltech.edu/api/v1/sessions/caltech?where=connectionTime%3E=%22Tue,%2026%20Feb%202019%2000:00:00%20GMT%22%20and%20connectionTime%3C%22Tue,%2005%20Mar%202019%2000:00:00%20GMT%22%20and%20kWhDelivered%3E=0.0&sort=-connectionTime&page=6",200,application/json,18044,0.42492646899972897,"{""_items"": [{""_id"": ""5c8c43a4f9af8b6bf29bc2eb"", ""userInputs"": [{""userID"": 754, ""milesRequested"": 50, ""WhPerMile"": 300, ""minutesAvailable"": 187, ""modifiedAt"": ""Thu, 28 Feb 2019 05:08:15 GMT"", ""paymentRequired"": true, ""requestedDeparture"": ""Thu, 28 Feb 2019 08:15:00 GMT"", ""kWhRequested"": 15.0}], ""sess",success
2026-08-17T00:42:30.801266+00:00,caltech:2019-02-26:2019-03-05:page7,1,"https://ev.caltech.edu/api/v1/sessions/caltech?where=connectionTime%3E=%22Tue,%2026%20Feb%202019%2000:00:00%20GMT%22%20and%20connectionTime%3C%22Tue,%2005%20Mar%202019%2000:00:00%20GMT%22%20and%20kWhDelivered%3E=0.0&sort=-connectionTime&page=7",200,application/json,16655,0.21935190899966983,"{""_items"": [{""_id"": ""5c8c43a4f9af8b6bf29bc2d2"", ""userInputs"": [{""userID"": 697, ""milesRequested"": 30, ""WhPerMile"": 300, ""minutesAvailable"": 305, ""modifiedAt"": ""Wed, 27 Feb 2019 18:22:00 GMT"", ""paymentRequired"": true, ""requestedDeparture"": ""Wed, 27 Feb 2019 23:26:42 GMT"", ""kWhRequested"": 9.0}], ""sessi",success
2026-08-17T00:42:31.452131+00:00,caltech:2019-02-26:2019-03-05:page8,1,"https://ev.caltech.edu/api/v1/sessions/caltech?where=connectionTime%3E=%22Tue,%2026%20Feb%202019%2000:00:00%20GMT%22%20and%20connectionTime%3C%22Tue,%2005%20Mar%202019%2000:00:00%20GMT%22%20and%20kWhDelivered%3E=0.0&sort=-connectionTime&page=8",200,application/json,17591,0.39667958700010786,"{""_items"": [{""_id"": ""5c8c43a4f9af8b6bf29bc2b9"", ""userInputs"": [{""userID"": 1524, ""milesRequested"": 20, ""WhPerMile"": 400, ""minutesAvailable"": 567, ""modifiedAt"": ""Wed, 27 Feb 2019 15:20:19 GMT"", ""paymentRequired"": true, ""requestedDeparture"": ""Thu, 28 Feb 2019 00:44:05 GMT"", ""kWhRequested"": 8.0}, {""user",success
2026-08-17T00:42:31.930865+00:00,caltech:2019-02-26:2019-03-05:page9,1,"https://ev.caltech.edu/api/v1/sessions/caltech?where=connectionTime%3E=%22Tue,%2026%20Feb%202019%2000:00:00%20GMT%22%20and%20connectionTime%3C%22Tue,%2005%20Mar%202019%2000:00:00%20GMT%22%20and%20kWhDelivered%3E=0.0&sort=-connectionTime&page=9",200,application/json,17360,0.21865097800036892,"{""_items"": [{""_id"": ""5c8af222f9af8b67ed535e77"", ""userInputs"": null, ""sessionID"": ""2_39_125_21_2019-02-26 18:01:36.986346"", ""stationID"": ""2-39-125-21"", ""spaceID"": ""CA-311"", ""siteID"": ""0002"", ""clusterID"": ""0039"", ""connectionTime"": ""Tue, 26 Feb 2019 18:01:37 GMT"", ""disconnectTime"": ""Tue, 26 Feb 2019 18",success
2026-08-17T00:42:32.391943+00:00,caltech:2019-02-26:2019-03-05:page10,1,"https://ev.caltech.edu/api/v1/sessions/caltech?where=connectionTime%3E=%22Tue,%2026%20Feb%202019%2000:00:00%20GMT%22%20and%20connectionTime%3C%22Tue,%2005%20Mar%202019%2000:00:00%20GMT%22%20and%20kWhDelivered%3E=0.0&sort=-connectionTime&page=10",200,application/json,1898,0.20421013699979085,"{""_items"": [{""_id"": ""5c89a09ef9af8b5fb6fbca4a"", ""userInputs"": [{""userID"": 774, ""milesRequested"": 20, ""WhPerMile"": 400, ""minutesAvailable"": 60, ""modifiedAt"": ""Tue, 26 Feb 2019 00:44:47 GMT"", ""paymentRequired"": true, ""requestedDeparture"": ""Tue, 26 Feb 2019 01:43:02 GMT"", ""kWhRequested"": 8.0}], ""sessio",success
2026-08-17T00:42:34.064203+00:00,caltech:2019-03-05:2019-03-12:page1,1,https://ev.caltech.edu/api/v1/sessions/caltech?where=connectionTime%3E%3D%22Tue%2C+05+Mar+2019+00%3A00%3A00+GMT%22+and+connectionTime%3C%22Tue%2C+12+Mar+2019+00%3A00%3A00+GMT%22+and+kWhDelivered%3E%3D0.0&sort=-connectionTime,200,application/json,17114,0.6635122710003998,"{""_items"": [{""_id"": ""5c9c15a2f9af8b56f42df558"", ""userInputs"": [{""userID"": 1135, ""milesRequested"": 50, ""WhPerMile"": 400, ""minutesAvailable"": 214, ""modifiedAt"": ""Mon, 11 Mar 2019 23:57:29 GMT"", ""paymentRequired"": true, ""requestedDeparture"": ""Tue, 12 Mar 2019 03:31:29 GMT"", ""kWhRequested"": 20.0}], ""use",success
2026-08-17T00:42:34.872316+00:00,caltech:2019-03-05:2019-03-12:page2,1,"https://ev.caltech.edu/api/v1/sessions/caltech?where=connectionTime%3E=%22Tue,%2005%20Mar%202019%2000:00:00%20GMT%22%20and%20connectionTime%3C%22Tue,%2012%20Mar%202019%2000:00:00%20GMT%22%20and%20kWhDelivered%3E=0.0&sort=-connectionTime&page=2",200,application/json,19217,0.5501196840004923,"{""_items"": [{""_id"": ""5c9c15a2f9af8b56f42df53f"", ""userInputs"": [{""userID"": 1104, ""milesRequested"": 20, ""WhPerMile"": 250, ""minutesAvailable"": 476, ""modifiedAt"": ""Mon, 11 Mar 2019 15:40:25 GMT"", ""paymentRequired"": true, ""requestedDeparture"": ""Mon, 11 Mar 2019 23:36:10 GMT"", ""kWhRequested"": 5.0}, {""user",success
2026-08-17T00:42:35.643672+00:00,caltech:2019-03-05:2019-03-12:page3,1,"https://ev.caltech.edu/api/v1/sessions/caltech?where=connectionTime%3E=%22Tue,%2005%20Mar%202019%2000:00:00%20GMT%22%20and%20connectionTime%3C%22Tue,%2012%20Mar%202019%2000:00:00%20GMT%22%20and%20kWhDelivered%3E=0.0&sort=-connectionTime&page=3",200,application/json,18066,0.5151415620002808,"{""_items"": [{""_id"": ""5c99728ff9af8b502212382a"", ""userInputs"": [{""userID"": 1135, ""milesRequested"": 50, ""WhPerMile"": 400, ""minutesAvailable"": 214, ""modifiedAt"": ""Sat, 09 Mar 2019 17:50:23 GMT"", ""paymentRequired"": true, ""requestedDeparture"": ""Sat, 09 Mar 2019 21:24:22 GMT"", ""kWhRequested"": 20.0}], ""use",success
2026-08-17T00:42:36.231654+00:00,caltech:2019-03-05:2019-03-12:page4,1,"https://ev.caltech.edu/api/v1/sessions/caltech?where=connectionTime%3E=%22Tue,%2005%20Mar%202019%2000:00:00%20GMT%22%20and%20connectionTime%3C%22Tue,%2012%20Mar%202019%2000:00:00%20GMT%22%20and%20kWhDelivered%3E=0.0&sort=-connectionTime&page=4",200,application/json,16643,0.3295504180005082,"{""_items"": [{""_id"": ""5c98211ff9af8b4c40af6ba0"", ""userInputs"": null, ""userID"": null, ""sessionID"": ""2_39_131_30_2019-03-08 16:37:13.848936"", ""stationID"": ""2-39-131-30"", ""spaceID"": ""CA-305"", ""siteID"": ""0002"", ""clusterID"": ""0039"", ""connectionTime"": ""Fri, 08 Mar 2019 16:37:14 GMT"", ""disconnectTime"": ""Sat",success
2026-08-17T00:42:36.742873+00:00,caltech:2019-03-05:2019-03-12:page5,1,"https://ev.caltech.edu/api/v1/sessions/caltech?where=connectionTime%3E=%22Tue,%2005%20Mar%202019%2000:00:00%20GMT%22%20and%20connectionTime%3C%22Tue,%2012%20Mar%202019%2000:00:00%20GMT%22%20and%20kWhDelivered%3E=0.0&sort=-connectionTime&page=5",200,application/json,17586,0.2539203730002555,"{""_items"": [{""_id"": ""5c96cfa4f9af8b4832466633"", ""userInputs"": [{""userID"": 1912, ""milesRequested"": 40, ""WhPerMile"": 400, ""minutesAvailable"": 190, ""modifiedAt"": ""Thu, 07 Mar 2019 21:11:55 GMT"", ""paymentRequired"": true, ""requestedDeparture"": ""Fri, 08 Mar 2019 00:21:53 GMT"", ""kWhRequested"": 16.0}], ""use",success
2026-08-17T00:42:37.483201+00:00,caltech:2019-03-05:2019-03-12:page6,1,"https://ev.caltech.edu/api/v1/sessions/caltech?where=connectionTime%3E=%22Tue,%2005%20Mar%202019%2000:00:00%20GMT%22%20and%20connectionTime%3C%22Tue,%2012%20Mar%202019%2000:00:00%20GMT%22%20and%20kWhDelivered%3E=0.0&sort=-connectionTime&page=6",200,application/json,18052,0.48094485199999326,"{""_items"": [{""_id"": ""5c96cfa4f9af8b483246661a"", ""userInputs"": [{""userID"": 559, ""milesRequested"": 50, ""WhPerMile"": 313, ""minutesAvailable"": 549, ""modifiedAt"": ""Thu, 07 Mar 2019 16:25:06 GMT"", ""paymentRequired"": true, ""requestedDeparture"": ""Fri, 08 Mar 2019 01:33:43 GMT"", ""kWhRequested"": 15.65}], ""use",success
2026-08-17T00:42:38.128175+00:00,caltech:2019-03-05:2019-03-12:page7,1,"https://ev.caltech.edu/api/v1/sessions/caltech?where=connectionTime%3E=%22Tue,%2005%20Mar%202019%2000:00:00%20GMT%22%20and%20connectionTime%3C%22Tue,%2012%20Mar%202019%2000:00:00%20GMT%22%20and%20kWhDelivered%3E=0.0&sort=-connectionTime&page=7",200,application/json,19171,0.38729580900053406,"{""_items"": [{""_id"": ""5c957e1cf9af8b42f440aefe"", ""userInputs"": null, ""userID"": null, ""sessionID"": ""2_39_78_364_2019-03-06 18:04:34.351866"", ""stationID"": ""2-39-78-364"", ""spaceID"": ""CA-495"", ""siteID"": ""0002"", ""clusterID"": ""0039"", ""connectionTime"": ""Wed, 06 Mar 2019 18:04:34 GMT"", ""disconnectTime"": ""Wed",success
2026-08-17T00:42:38.663443+00:00,caltech:2019-03-05:2019-03-12:page8,1,"https://ev.caltech.edu/api/v1/sessions/caltech?where=connectionTime%3E=%22Tue,%2005%20Mar%202019%2000:00:00%20GMT%22%20and%20connectionTime%3C%22Tue,%2012%20Mar%202019%2000:00:00%20GMT%22%20and%20kWhDelivered%3E=0.0&sort=-connectionTime&page=8",200,application/json,18289,0.27459911499954615,"{""_items"": [{""_id"": ""5c942ca4f9af8b06b04b3bb8"", ""userInputs"": [{""userID"": 1746, ""milesRequested"": 100, ""WhPerMile"": 458, ""minutesAvailable"": 96, ""modifiedAt"": ""Wed, 06 Mar 2019 00:05:57 GMT"", ""paymentRequired"": true, ""requestedDeparture"": ""Wed, 06 Mar 2019 01:41:25 GMT"", ""kWhRequested"": 45.8}, {""use",success
2026-08-17T00:42:39.151043+00:00,caltech:2019-03-05:2019-03-12:page9,1,"https://ev.caltech.edu/api/v1/sessions/caltech?where=connectionTime%3E=%22Tue,%2005%20Mar%202019%2000:00:00%20GMT%22%20and%20connectionTime%3C%22Tue,%2012%20Mar%202019%2000:00:00%20GMT%22%20and%20kWhDelivered%3E=0.0&sort=-connectionTime&page=9",200,application/json,9194,0.22988935300054436,"{""_items"": [{""_id"": ""5c942ca4f9af8b06b04b3b9f"", ""userInputs"": [{""userID"": 1366, ""milesRequested"": 20, ""WhPerMile"": 600, ""minutesAvailable"": 333, ""modifiedAt"": ""Tue, 05 Mar 2019 16:32:54 GMT"", ""paymentRequired"": true, ""requestedDeparture"": ""Tue, 05 Mar 2019 22:00:42 GMT"", ""kWhRequested"": 12.0}], ""use",success
2026-08-17T00:42:40.962939+00:00,caltech:2019-03-12:2019-03-19:page1,1,https://ev.caltech.edu/api/v1/sessions/caltech?where=connectionTime%3E%3D%22Tue%2C+12+Mar+2019+00%3A00%3A00+GMT%22+and+connectionTime%3C%22Tue%2C+19+Mar+2019+00%3A00%3A00+GMT%22+and+kWhDelivered%3E%3D0.0&sort=-connectionTime,200,application/json,20818,0.8059813870004291,"{""_items"": [{""_id"": ""5ca55025f9af8b74ba3b0a83"", ""userInputs"": [{""userID"": 774, ""milesRequested"": 20, ""WhPerMile"": 400, ""minutesAvailable"": 60, ""modifiedAt"": ""Mon, 18 Mar 2019 23:34:15 GMT"", ""paymentRequired"": true, ""requestedDeparture"": ""Tue, 19 Mar 2019 00:33:26 GMT"", ""kWhRequested"": 8.0}], ""userID",success
2026-08-17T00:42:41.747966+00:00,caltech:2019-03-12:2019-03-19:page2,1,"https://ev.caltech.edu/api/v1/sessions/caltech?where=connectionTime%3E=%22Tue,%2012%20Mar%202019%2000:00:00%20GMT%22%20and%20connectionTime%3C%22Tue,%2019%20Mar%202019%2000:00:00%20GMT%22%20and%20kWhDelivered%3E=0.0&sort=-connectionTime&page=2",200,application/json,18504,0.526868144999753,"{""_items"": [{""_id"": ""5ca55025f9af8b74ba3b0a6a"", ""userInputs"": [{""userID"": 559, ""milesRequested"": 60, ""WhPerMile"": 313, ""minutesAvailable"": 526, ""modifiedAt"": ""Mon, 18 Mar 2019 15:40:04 GMT"", ""paymentRequired"": true, ""requestedDeparture"": ""Tue, 19 Mar 2019 00:25:47 GMT"", ""kWhRequested"": 18.78}], ""use",success
2026-08-17T00:42:42.448918+00:00,caltech:2019-03-12:2019-03-19:page3,1,"https://ev.caltech.edu/api/v1/sessions/caltech?where=connectionTime%3E=%22Tue,%2012%20Mar%202019%2000:00:00%20GMT%22%20and%20connectionTime%3C%22Tue,%2019%20Mar%202019%2000:00:00%20GMT%22%20and%20kWhDelivered%3E=0.0&sort=-connectionTime&page=3",200,application/json,19917,0.4428710359998149,"{""_items"": [{""_id"": ""5ca3fe91f9af8b714ff4d9c3"", ""userInputs"": [{""userID"": 300, ""milesRequested"": 120, ""WhPerMile"": 333, ""minutesAvailable"": 454, ""modifiedAt"": ""Sun, 17 Mar 2019 07:02:58 GMT"", ""paymentRequired"": true, ""requestedDeparture"": ""Sun, 17 Mar 2019 14:35:33 GMT"", ""kWhRequested"": 39.96}], ""us",success
2026-08-17T00:42:43.122668+00:00,caltech:2019-03-12:2019-03-19:page4,1,"https://ev.caltech.edu/api/v1/sessions/caltech?where=connectionTime%3E=%22Tue,%2012%20Mar%202019%2000:00:00%20GMT%22%20and%20connectionTime%3C%22Tue,%2019%20Mar%202019%2000:00:00%20GMT%22%20and%20kWhDelivered%3E=0.0&sort=-connectionTime&page=4",200,application/json,17834,0.4167096360006326,"{""_items"": [{""_id"": ""5ca15ba1f9af8b656c85efea"", ""userInputs"": [{""userID"": 818, ""milesRequested"": 30, ""WhPerMile"": 250, ""minutesAvailable"": 132, ""modifiedAt"": ""Sat, 16 Mar 2019 02:49:11 GMT"", ""paymentRequired"": true, ""requestedDeparture"": ""Sat, 16 Mar 2019 05:00:50 GMT"", ""kWhRequested"": 7.5}], ""userI",success
2026-08-17T00:42:43.595557+00:00,caltech:2019-03-12:2019-03-19:page5,1,"https://ev.caltech.edu/api/v1/sessions/caltech?where=connectionTime%3E=%22Tue,%2012%20Mar%202019%2000:00:00%20GMT%22%20and%20connectionTime%3C%22Tue,%2019%20Mar%202019%2000:00:00%20GMT%22%20and%20kWhDelivered%3E=0.0&sort=-connectionTime&page=5",200,application/json,17349,0.21458067900039168,"{""_items"": [{""_id"": ""5ca15ba1f9af8b656c85efd1"", ""userInputs"": [{""userID"": 431, ""milesRequested"": 70, ""WhPerMile"": 300, ""minutesAvailable"": 276, ""modifiedAt"": ""Fri, 15 Mar 2019 16:26:42 GMT"", ""paymentRequired"": true, ""requestedDeparture"": ""Fri, 15 Mar 2019 21:02:24 GMT"", ""kWhRequested"": 21.0}], ""user",success
2026-08-17T00:42:44.235888+00:00,caltech:2019-03-12:2019-03-19:page6,1,"https://ev.caltech.edu/api/v1/sessions/caltech?where=connectionTime%3E=%22Tue,%2012%20Mar%202019%2000:00:00%20GMT%22%20and%20connectionTime%3C%22Tue,%2019%20Mar%202019%2000:00:00%20GMT%22%20and%20kWhDelivered%3E=0.0&sort=-connectionTime&page=6",200,application/json,17594,0.3843564389999301,"{""_items"": [{""_id"": ""5ca00a23f9af8b61d0e59b7f"", ""userInputs"": [{""userID"": 1124, ""milesRequested"": 20, ""WhPerMile"": 400, ""minutesAvailable"": 60, ""modifiedAt"": ""Thu, 14 Mar 2019 19:50:29 GMT"", ""paymentRequired"": true, ""requestedDeparture"": ""Thu, 14 Mar 2019 20:50:01 GMT"", ""kWhRequested"": 8.0}], ""userI",success
2026-08-17T00:42:44.786710+00:00,caltech:2019-03-12:2019-03-19:page7,1,"https://ev.caltech.edu/api/v1/sessions/caltech?where=connectionTime%3E=%22Tue,%2012%20Mar%202019%2000:00:00%20GMT%22%20and%20connectionTime%3C%22Tue,%2019%20Mar%202019%2000:00:00%20GMT%22%20and%20kWhDelivered%3E=0.0&sort=-connectionTime&page=7",200,application/json,16420,0.2907779359993583,"{""_items"": [{""_id"": ""5ca00a23f9af8b61d0e59b66"", ""userInputs"": null, ""userID"": null, ""sessionID"": ""2_39_79_380_2019-03-14 15:22:59.040050"", ""stationID"": ""2-39-79-380"", ""spaceID"": ""CA-489"", ""siteID"": ""0002"", ""clusterID"": ""0039"", ""connectionTime"": ""Thu, 14 Mar 2019 15:22:59 GMT"", ""disconnectTime"": ""Fri",success
2026-08-17T00:42:45.299899+00:00,caltech:2019-03-12:2019-03-19:page8,1,"https://ev.caltech.edu/api/v1/sessions/caltech?where=connectionTime%3E=%22Tue,%2012%20Mar%202019%2000:00:00%20GMT%22%20and%20connectionTime%3C%22Tue,%2019%20Mar%202019%2000:00:00%20GMT%22%20and%20kWhDelivered%3E=0.0&sort=-connectionTime&page=8",200,application/json,17587,0.25528438899982575,"{""_items"": [{""_id"": ""5c9eb8a0f9af8b5e07a3fefa"", ""userInputs"": null, ""userID"": null, ""sessionID"": ""2_39_78_361_2019-03-13 18:31:27.891263"", ""stationID"": ""2-39-78-361"", ""spaceID"": ""CA-493"", ""siteID"": ""0002"", ""clusterID"": ""0039"", ""connectionTime"": ""Wed, 13 Mar 2019 18:31:28 GMT"", ""disconnectTime"": ""Wed",success
2026-08-17T00:42:45.812675+00:00,caltech:2019-03-12:2019-03-19:page9,1,"https://ev.caltech.edu/api/v1/sessions/caltech?where=connectionTime%3E=%22Tue,%2012%20Mar%202019%2000:00:00%20GMT%22%20and%20connectionTime%3C%22Tue,%2019%20Mar%202019%2000:00:00%20GMT%22%20and%20kWhDelivered%3E=0.0&sort=-connectionTime&page=9",200,application/json,17358,0.25406027999997605,"{""_items"": [{""_id"": ""5c9d6723f9af8b5a7cdac9ac"", ""userInputs"": [{""userID"": 300, ""milesRequested"": 110, ""WhPerMile"": 364, ""minutesAvailable"": 454, ""modifiedAt"": ""Wed, 13 Mar 2019 05:18:54 GMT"", ""paymentRequired"": true, ""requestedDeparture"": ""Wed, 13 Mar 2019 12:46:55 GMT"", ""kWhRequested"": 40.04}], ""us",success
2026-08-17T00:42:46.472284+00:00,caltech:2019-03-12:2019-03-19:page10,1,"https://ev.caltech.edu/api/v1/sessions/caltech?where=connectionTime%3E=%22Tue,%2012%20Mar%202019%2000:00:00%20GMT%22%20and%20connectionTime%3C%22Tue,%2019%20Mar%202019%2000:00:00%20GMT%22%20and%20kWhDelivered%3E=0.0&sort=-connectionTime&page=10",200,application/json,18302,0.40214740200008237,"{""_items"": [{""_id"": ""5c9d6723f9af8b5a7cdac993"", ""userInputs"": [{""userID"": 1912, ""milesRequested"": 40, ""WhPerMile"": 400, ""minutesAvailable"": 190, ""modifiedAt"": ""Tue, 12 Mar 2019 16:32:21 GMT"", ""paymentRequired"": true, ""requestedDeparture"": ""Tue, 12 Mar 2019 19:42:16 GMT"", ""kWhRequested"": 16.0}], ""use",success
2026-08-17T00:42:46.949604+00:00,caltech:2019-03-12:2019-03-19:page11,1,"https://ev.caltech.edu/api/v1/sessions/caltech?where=connectionTime%3E=%22Tue,%2012%20Mar%202019%2000:00:00%20GMT%22%20and%20connectionTime%3C%22Tue,%2019%20Mar%202019%2000:00:00%20GMT%22%20and%20kWhDelivered%3E=0.0&sort=-connectionTime&page=11",200,application/json,1236,0.21897864599941386,"{""_items"": [{""_id"": ""5c9c15a2f9af8b56f42df559"", ""userInputs"": [{""userID"": 1164, ""milesRequested"": 20, ""WhPerMile"": 525, ""minutesAvailable"": 163, ""modifiedAt"": ""Tue, 12 Mar 2019 01:14:18 GMT"", ""paymentRequired"": true, ""requestedDeparture"": ""Tue, 12 Mar 2019 03:57:07 GMT"", ""kWhRequested"": 10.5}], ""use",success
2026-08-17T00:42:48.625634+00:00,caltech:2019-03-19:2019-03-26:page1,1,https://ev.caltech.edu/api/v1/sessions/caltech?where=connectionTime%3E%3D%22Tue%2C+19+Mar+2019+00%3A00%3A00+GMT%22+and+connectionTime%3C%22Tue%2C+26+Mar+2019+00%3A00%3A00+GMT%22+and+kWhDelivered%3E%3D0.0&sort=-connectionTime,200,application/json,16908,0.6670175950002886,"{""_items"": [{""_id"": ""5cae8a9cf9af8b370933dc26"", ""userInputs"": null, ""userID"": null, ""sessionID"": ""2_39_125_21_2019-03-25 23:34:54.066577"", ""stationID"": ""2-39-125-21"", ""spaceID"": ""CA-311"", ""siteID"": ""0002"", ""clusterID"": ""0039"", ""connectionTime"": ""Mon, 25 Mar 2019 23:34:54 GMT"", ""disconnectTime"": ""Tue",success
2026-08-17T00:42:49.564917+00:00,caltech:2019-03-19:2019-03-26:page2,1,"https://ev.caltech.edu/api/v1/sessions/caltech?where=connectionTime%3E=%22Tue,%2019%20Mar%202019%2000:00:00%20GMT%22%20and%20connectionTime%3C%22Tue,%2026%20Mar%202019%2000:00:00%20GMT%22%20and%20kWhDelivered%3E=0.0&sort=-connectionTime&page=2",200,application/json,18515,0.6831065950000266,"{""_items"": [{""_id"": ""5cad390ef9af8b311453ff2f"", ""userInputs"": [{""userID"": 754, ""milesRequested"": 50, ""WhPerMile"": 300, ""minutesAvailable"": 187, ""modifiedAt"": ""Sun, 24 Mar 2019 22:30:56 GMT"", ""paymentRequired"": true, ""requestedDeparture"": ""Mon, 25 Mar 2019 01:37:47 GMT"", ""kWhRequested"": 15.0}], ""user",success
2026-08-17T00:42:50.316124+00:00,caltech:2019-03-19:2019-03-26:page3,1,"https://ev.caltech.edu/api/v1/sessions/caltech?where=connectionTime%3E=%22Tue,%2019%20Mar%202019%2000:00:00%20GMT%22%20and%20connectionTime%3C%22Tue,%2026%20Mar%202019%2000:00:00%20GMT%22%20and%20kWhDelivered%3E=0.0&sort=-connectionTime&page=3",200,application/json,19453,0.4938203120000253,"{""_items"": [{""_id"": ""5caa961cf9af8b0692c4dc28"", ""userInputs"": [{""userID"": 489, ""milesRequested"": 250, ""WhPerMile"": 500, ""minutesAvailable"": 657, ""modifiedAt"": ""Sat, 23 Mar 2019 02:36:25 GMT"", ""paymentRequired"": true, ""requestedDeparture"": ""Sat, 23 Mar 2019 13:33:05 GMT"", ""kWhRequested"": 125.0}, {""us",success
2026-08-17T00:42:51.059685+00:00,caltech:2019-03-19:2019-03-26:page4,1,"https://ev.caltech.edu/api/v1/sessions/caltech?where=connectionTime%3E=%22Tue,%2019%20Mar%202019%2000:00:00%20GMT%22%20and%20connectionTime%3C%22Tue,%2026%20Mar%202019%2000:00:00%20GMT%22%20and%20kWhDelivered%3E=0.0&sort=-connectionTime&page=4",200,application/json,19457,0.487617914999646,"{""_items"": [{""_id"": ""5caa961cf9af8b0692c4dc0f"", ""userInputs"": [{""userID"": 562, ""milesRequested"": 20, ""WhPerMile"": 300, ""minutesAvailable"": 211, ""modifiedAt"": ""Fri, 22 Mar 2019 15:29:33 GMT"", ""paymentRequired"": true, ""requestedDeparture"": ""Fri, 22 Mar 2019 18:59:44 GMT"", ""kWhRequested"": 6.0}], ""userI",success
2026-08-17T00:42:51.549507+00:00,caltech:2019-03-19:2019-03-26:page5,1,"https://ev.caltech.edu/api/v1/sessions/caltech?where=connectionTime%3E=%22Tue,%2019%20Mar%202019%2000:00:00%20GMT%22%20and%20connectionTime%3C%22Tue,%2026%20Mar%202019%2000:00:00%20GMT%22%20and%20kWhDelivered%3E=0.0&sort=-connectionTime&page=5",200,application/json,18058,0.22939128000052733,"{""_items"": [{""_id"": ""5ca944a4f9af8b02f7c554ed"", ""userInputs"": [{""userID"": 1470, ""milesRequested"": 50, ""WhPerMile"": 292, ""minutesAvailable"": 380, ""modifiedAt"": ""Thu, 21 Mar 2019 16:27:04 GMT"", ""paymentRequired"": true, ""requestedDeparture"": ""Thu, 21 Mar 2019 22:46:47 GMT"", ""kWhRequested"": 14.6}], ""use",success
2026-08-17T00:42:52.035098+00:00,caltech:2019-03-19:2019-03-26:page6,1,"https://ev.caltech.edu/api/v1/sessions/caltech?where=connectionTime%3E=%22Tue,%2019%20Mar%202019%2000:00:00%20GMT%22%20and%20connectionTime%3C%22Tue,%2026%20Mar%202019%2000:00:00%20GMT%22%20and%20kWhDelivered%3E=0.0&sort=-connectionTime&page=6",200,application/json,16873,0.22914808000041376,"{""_items"": [{""_id"": ""5ca7f325f9af8b7e082a4ad0"", ""userInputs"": null, ""userID"": null, ""sessionID"": ""2_39_78_361_2019-03-21 00:15:46.202622"", ""stationID"": ""2-39-78-361"", ""spaceID"": ""CA-493"", ""siteID"": ""0002"", ""clusterID"": ""0039"", ""connectionTime"": ""Thu, 21 Mar 2019 00:15:46 GMT"", ""disconnectTime"": ""Thu",success
2026-08-17T00:42:52.522029+00:00,caltech:2019-03-19:2019-03-26:page7,1,"https://ev.caltech.edu/api/v1/sessions/caltech?where=connectionTime%3E=%22Tue,%2019%20Mar%202019%2000:00:00%20GMT%22%20and%20connectionTime%3C%22Tue,%2026%20Mar%202019%2000:00:00%20GMT%22%20and%20kWhDelivered%3E=0.0&sort=-connectionTime&page=7",200,application/json,17583,0.23267721200045344,"{""_items"": [{""_id"": ""5ca7f325f9af8b7e082a4ab7"", ""userInputs"": [{""userID"": 743, ""milesRequested"": 20, ""WhPerMile"": 400, ""minutesAvailable"": 464, ""modifiedAt"": ""Wed, 20 Mar 2019 16:02:31 GMT"", ""paymentRequired"": true, ""requestedDeparture"": ""Wed, 20 Mar 2019 23:45:43 GMT"", ""kWhRequested"": 8.0}], ""userI",success
2026-08-17T00:42:53.016544+00:00,caltech:2019-03-19:2019-03-26:page8,1,"https://ev.caltech.edu/api/v1/sessions/caltech?where=connectionTime%3E=%22Tue,%2019%20Mar%202019%2000:00:00%20GMT%22%20and%20connectionTime%3C%22Tue,%2026%20Mar%202019%2000:00:00%20GMT%22%20and%20kWhDelivered%3E=0.0&sort=-connectionTime&page=8",200,application/json,17125,0.24067836199992598,"{""_items"": [{""_id"": ""5ca6a1a0f9af8b78250120e2"", ""userInputs"": [{""userID"": 562, ""milesRequested"": 10, ""WhPerMile"": 300, ""minutesAvailable"": 213, ""modifiedAt"": ""Tue, 19 Mar 2019 20:15:17 GMT"", ""paymentRequired"": true, ""requestedDeparture"": ""Tue, 19 Mar 2019 23:47:59 GMT"", ""kWhRequested"": 3.0}], ""userI",success
2026-08-17T00:42:53.491877+00:00,caltech:2019-03-19:2019-03-26:page9,1,"https://ev.caltech.edu/api/v1/sessions/caltech?where=connectionTime%3E=%22Tue,%2019%20Mar%202019%2000:00:00%20GMT%22%20and%20connectionTime%3C%22Tue,%2026%20Mar%202019%2000:00:00%20GMT%22%20and%20kWhDelivered%3E=0.0&sort=-connectionTime&page=9",200,application/json,10094,0.219923390999611,"{""_items"": [{""_id"": ""5ca6a1a0f9af8b78250120c9"", ""userInputs"": [{""userID"": 234, ""milesRequested"": 130, ""WhPerMile"": 250, ""minutesAvailable"": 386, ""modifiedAt"": ""Tue, 19 Mar 2019 15:34:35 GMT"", ""paymentRequired"": true, ""requestedDeparture"": ""Tue, 19 Mar 2019 22:00:00 GMT"", ""kWhRequested"": 32.5}], ""use",success
2026-08-17T00:42:55.299352+00:00,caltech:2019-03-26:2019-04-02:page1,1,https://ev.caltech.edu/api/v1/sessions/caltech?where=connectionTime%3E%3D%22Tue%2C+26+Mar+2019+00%3A00%3A00+GMT%22+and+connectionTime%3C%22Tue%2C+02+Apr+2019+00%3A00%3A00+GMT%22+and+kWhDelivered%3E%3D0.0&sort=-connectionTime,200,application/json,16654,0.7999428700004501,"{""_items"": [{""_id"": ""5cb7c521f9af8b50839305de"", ""userInputs"": [{""userID"": 1135, ""milesRequested"": 30, ""WhPerMile"": 400, ""minutesAvailable"": 150, ""modifiedAt"": ""Mon, 01 Apr 2019 22:40:51 GMT"", ""paymentRequired"": true, ""requestedDeparture"": ""Tue, 02 Apr 2019 01:10:47 GMT"", ""kWhRequested"": 12.0}], ""use",success
2026-08-17T00:42:56.219593+00:00,caltech:2019-03-26:2019-04-02:page2,1,"https://ev.caltech.edu/api/v1/sessions/caltech?where=connectionTime%3E=%22Tue,%2026%20Mar%202019%2000:00:00%20GMT%22%20and%20connectionTime%3C%22Tue,%2002%20Apr%202019%2000:00:00%20GMT%22%20and%20kWhDelivered%3E=0.0&sort=-connectionTime&page=2",200,application/json,17781,0.66072730399992,"{""_items"": [{""_id"": ""5cb7c521f9af8b50839305c5"", ""userInputs"": null, ""userID"": null, ""sessionID"": ""2_39_79_382_2019-04-01 16:16:03.463213"", ""stationID"": ""2-39-79-382"", ""spaceID"": ""CA-491"", ""siteID"": ""0002"", ""clusterID"": ""0039"", ""connectionTime"": ""Mon, 01 Apr 2019 16:16:03 GMT"", ""disconnectTime"": ""Mon",success
2026-08-17T00:42:57.011779+00:00,caltech:2019-03-26:2019-04-02:page3,1,"https://ev.caltech.edu/api/v1/sessions/caltech?where=connectionTime%3E=%22Tue,%2026%20Mar%202019%2000:00:00%20GMT%22%20and%20connectionTime%3C%22Tue,%2002%20Apr%202019%2000:00:00%20GMT%22%20and%20kWhDelivered%3E=0.0&sort=-connectionTime&page=3",200,application/json,17582,0.5358497550005268,"{""_items"": [{""_id"": ""5cb52257f9af8b48cb4bfe1e"", ""userInputs"": [{""userID"": 292, ""milesRequested"": 300, ""WhPerMile"": 200, ""minutesAvailable"": 720, ""modifiedAt"": ""Sat, 30 Mar 2019 19:58:37 GMT"", ""paymentRequired"": true, ""requestedDeparture"": ""Sun, 31 Mar 2019 07:57:39 GMT"", ""kWhRequested"": 60.0}], ""use",success
2026-08-17T00:42:57.673193+00:00,caltech:2019-03-26:2019-04-02:page4,1,"https://ev.caltech.edu/api/v1/sessions/caltech?where=connectionTime%3E=%22Tue,%2026%20Mar%202019%2000:00:00%20GMT%22%20and%20connectionTime%3C%22Tue,%2002%20Apr%202019%2000:00:00%20GMT%22%20and%20kWhDelivered%3E=0.0&sort=-connectionTime&page=4",200,application/json,17793,0.40298614900075336,"{""_items"": [{""_id"": ""5cb3d172f9af8b4551261e39"", ""userInputs"": [{""userID"": 1095, ""milesRequested"": 30, ""WhPerMile"": 469, ""minutesAvailable"": 419, ""modifiedAt"": ""Fri, 29 Mar 2019 17:16:11 GMT"", ""paymentRequired"": true, ""requestedDeparture"": ""Sat, 30 Mar 2019 00:15:09 GMT"", ""kWhRequested"": 14.07}], ""us",success
2026-08-17T00:42:58.186214+00:00,caltech:2019-03-26:2019-04-02:page5,1,"https://ev.caltech.edu/api/v1/sessions/caltech?where=connectionTime%3E=%22Tue,%2026%20Mar%202019%2000:00:00%20GMT%22%20and%20connectionTime%3C%22Tue,%2002%20Apr%202019%2000:00:00%20GMT%22%20and%20kWhDelivered%3E=0.0&sort=-connectionTime&page=5",200,application/json,16801,0.2573749860002863,"{""_items"": [{""_id"": ""5cb28090f9af8b41d62ede6e"", ""userInputs"": [{""userID"": 1470, ""milesRequested"": 60, ""WhPerMile"": 292, ""minutesAvailable"": 130, ""modifiedAt"": ""Thu, 28 Mar 2019 20:59:36 GMT"", ""paymentRequired"": true, ""requestedDeparture"": ""Thu, 28 Mar 2019 23:09:28 GMT"", ""kWhRequested"": 17.52}], ""us",success
2026-08-17T00:42:58.833441+00:00,caltech:2019-03-26:2019-04-02:page6,1,"https://ev.caltech.edu/api/v1/sessions/caltech?where=connectionTime%3E=%22Tue,%2026%20Mar%202019%2000:00:00%20GMT%22%20and%20connectionTime%3C%22Tue,%2002%20Apr%202019%2000:00:00%20GMT%22%20and%20kWhDelivered%3E=0.0&sort=-connectionTime&page=6",200,application/json,19440,0.38950581699918985,"{""_items"": [{""_id"": ""5cb28090f9af8b41d62ede55"", ""userInputs"": [{""userID"": 1272, ""milesRequested"": 10, ""WhPerMile"": 400, ""minutesAvailable"": 293, ""modifiedAt"": ""Thu, 28 Mar 2019 15:41:35 GMT"", ""paymentRequired"": true, ""requestedDeparture"": ""Thu, 28 Mar 2019 20:34:15 GMT"", ""kWhRequested"": 4.0}, {""user",success
2026-08-17T00:42:59.498121+00:00,caltech:2019-03-26:2019-04-02:page7,1,"https://ev.caltech.edu/api/v1/sessions/caltech?where=connectionTime%3E=%22Tue,%2026%20Mar%202019%2000:00:00%20GMT%22%20and%20connectionTime%3C%22Tue,%2002%20Apr%202019%2000:00:00%20GMT%22%20and%20kWhDelivered%3E=0.0&sort=-connectionTime&page=7",200,application/json,19208,0.40456142499988346,"{""_items"": [{""_id"": ""5cb12da3f9af8b3e2169e272"", ""userInputs"": [{""userID"": 560, ""milesRequested"": 20, ""WhPerMile"": 273, ""minutesAvailable"": 390, ""modifiedAt"": ""Wed, 27 Mar 2019 19:48:24 GMT"", ""paymentRequired"": true, ""requestedDeparture"": ""Thu, 28 Mar 2019 02:18:11 GMT"", ""kWhRequested"": 5.46}], ""user",success
2026-08-17T00:42:59.999162+00:00,caltech:2019-03-26:2019-04-02:page8,1,"https://ev.caltech.edu/api/v1/sessions/caltech?where=connectionTime%3E=%22Tue,%2026%20Mar%202019%2000:00:00%20GMT%22%20and%20connectionTime%3C%22Tue,%2002%20Apr%202019%2000:00:00%20GMT%22%20and%20kWhDelivered%3E=0.0&sort=-connectionTime&page=8",200,application/json,18745,0.24053972699948645,"{""_items"": [{""_id"": ""5cb12da3f9af8b3e2169e259"", ""userInputs"": [{""userID"": 560, ""milesRequested"": 80, ""WhPerMile"": 273, ""minutesAvailable"": 474, ""modifiedAt"": ""Wed, 27 Mar 2019 13:50:01 GMT"", ""paymentRequired"": true, ""requestedDeparture"": ""Wed, 27 Mar 2019 21:43:31 GMT"", ""kWhRequested"": 21.84}, {""use",success
2026-08-17T00:43:00.494005+00:00,caltech:2019-03-26:2019-04-02:page9,1,"https://ev.caltech.edu/api/v1/sessions/caltech?where=connectionTime%3E=%22Tue,%2026%20Mar%202019%2000:00:00%20GMT%22%20and%20connectionTime%3C%22Tue,%2002%20Apr%202019%2000:00:00%20GMT%22%20and%20kWhDelivered%3E=0.0&sort=-connectionTime&page=9",200,application/json,17858,0.23719411299953208,"{""_items"": [{""_id"": ""5cafdc24f9af8b3a92caa8fc"", ""userInputs"": [{""userID"": 1154, ""milesRequested"": 20, ""WhPerMile"": 308, ""minutesAvailable"": 419, ""modifiedAt"": ""Tue, 26 Mar 2019 16:15:30 GMT"", ""paymentRequired"": true, ""requestedDeparture"": ""Tue, 26 Mar 2019 23:13:17 GMT"", ""kWhRequested"": 6.16}], ""use",success
2026-08-17T00:43:02.161664+00:00,caltech:2019-04-02:2019-04-09:page1,1,https://ev.caltech.edu/api/v1/sessions/caltech?where=connectionTime%3E%3D%22Tue%2C+02+Apr+2019+00%3A00%3A00+GMT%22+and+connectionTime%3C%22Tue%2C+09+Apr+2019+00%3A00%3A00+GMT%22+and+kWhDelivered%3E%3D0.0&sort=-connectionTime,200,application/json,16885,0.6577388490004523,"{""_items"": [{""_id"": ""5cc0ffa2f9af8b1fc3500966"", ""userInputs"": null, ""userID"": null, ""sessionID"": ""2_39_123_23_2019-04-08 23:26:13.006850"", ""stationID"": ""2-39-123-23"", ""spaceID"": ""CA-313"", ""siteID"": ""0002"", ""clusterID"": ""0039"", ""connectionTime"": ""Mon, 08 Apr 2019 23:26:13 GMT"", ""disconnectTime"": ""Tue",success
2026-08-17T00:43:02.859729+00:00,caltech:2019-04-02:2019-04-09:page2,1,"https://ev.caltech.edu/api/v1/sessions/caltech?where=connectionTime%3E=%22Tue,%2002%20Apr%202019%2000:00:00%20GMT%22%20and%20connectionTime%3C%22Tue,%2009%20Apr%202019%2000:00:00%20GMT%22%20and%20kWhDelivered%3E=0.0&sort=-connectionTime&page=2",200,application/json,20611,0.43795066799975757,"{""_items"": [{""_id"": ""5cc0ffa2f9af8b1fc350094d"", ""userInputs"": [{""userID"": 1104, ""milesRequested"": 120, ""WhPerMile"": 250, ""minutesAvailable"": 428, ""modifiedAt"": ""Mon, 08 Apr 2019 15:48:41 GMT"", ""paymentRequired"": true, ""requestedDeparture"": ""Mon, 08 Apr 2019 22:55:56 GMT"", ""kWhRequested"": 30.0}], ""us",success
2026-08-17T00:43:03.525453+00:00,caltech:2019-04-02:2019-04-09:page3,1,"https://ev.caltech.edu/api/v1/sessions/caltech?where=connectionTime%3E=%22Tue,%2002%20Apr%202019%2000:00:00%20GMT%22%20and%20connectionTime%3C%22Tue,%2009%20Apr%202019%2000:00:00%20GMT%22%20and%20kWhDelivered%3E=0.0&sort=-connectionTime&page=3",200,application/json,16739,0.4087490000001708,"{""_items"": [{""_id"": ""5cbfae0df9af8b1c4fdea9ef"", ""userInputs"": null, ""userID"": null, ""sessionID"": ""2_39_130_31_2019-04-07 18:01:29.145682"", ""stationID"": ""2-39-130-31"", ""spaceID"": ""CA-306"", ""siteID"": ""0002"", ""clusterID"": ""0039"", ""connectionTime"": ""Sun, 07 Apr 2019 18:01:29 GMT"", ""disconnectTime"": ""Sun",success
2026-08-17T00:43:04.189353+00:00,caltech:2019-04-02:2019-04-09:page4,1,"https://ev.caltech.edu/api/v1/sessions/caltech?where=connectionTime%3E=%22Tue,%2002%20Apr%202019%2000:00:00%20GMT%22%20and%20connectionTime%3C%22Tue,%2009%20Apr%202019%2000:00:00%20GMT%22%20and%20kWhDelivered%3E=0.0&sort=-connectionTime&page=4",200,application/json,17810,0.4057857650004735,"{""_items"": [{""_id"": ""5cbe5c92f9af8b18e380cfa2"", ""userInputs"": [{""userID"": 675, ""milesRequested"": 40, ""WhPerMile"": 399, ""minutesAvailable"": 99, ""modifiedAt"": ""Sat, 06 Apr 2019 14:56:20 GMT"", ""paymentRequired"": true, ""requestedDeparture"": ""Sat, 06 Apr 2019 16:34:41 GMT"", ""kWhRequested"": 15.96}], ""user",success
2026-08-17T00:43:04.665678+00:00,caltech:2019-04-02:2019-04-09:page5,1,"https://ev.caltech.edu/api/v1/sessions/caltech?where=connectionTime%3E=%22Tue,%2002%20Apr%202019%2000:00:00%20GMT%22%20and%20connectionTime%3C%22Tue,%2009%20Apr%202019%2000:00:00%20GMT%22%20and%20kWhDelivered%3E=0.0&sort=-connectionTime&page=5",200,application/json,17588,0.21634128099958616,"{""_items"": [{""_id"": ""5cbd0b1ff9af8b14e887a459"", ""userInputs"": [{""userID"": 1243, ""milesRequested"": 120, ""WhPerMile"": 278, ""minutesAvailable"": 496, ""modifiedAt"": ""Fri, 05 Apr 2019 15:58:52 GMT"", ""paymentRequired"": true, ""requestedDeparture"": ""Sat, 06 Apr 2019 00:14:18 GMT"", ""kWhRequested"": 33.36}], ""u",success
2026-08-17T00:43:05.148017+00:00,caltech:2019-04-02:2019-04-09:page6,1,"https://ev.caltech.edu/api/v1/sessions/caltech?where=connectionTime%3E=%22Tue,%2002%20Apr%202019%2000:00:00%20GMT%22%20and%20connectionTime%3C%22Tue,%2009%20Apr%202019%2000:00:00%20GMT%22%20and%20kWhDelivered%3E=0.0&sort=-connectionTime&page=6",200,application/json,17109,0.223309529999824,"{""_items"": [{""_id"": ""5cbbb99ff9af8b1153786f4a"", ""userInputs"": [{""userID"": 832, ""milesRequested"": 40, ""WhPerMile"": 300, ""minutesAvailable"": 255, ""modifiedAt"": ""Thu, 04 Apr 2019 19:45:06 GMT"", ""paymentRequired"": true, ""requestedDeparture"": ""Thu, 04 Apr 2019 23:59:03 GMT"", ""kWhRequested"": 12.0}], ""user",success
2026-08-17T00:43:05.631161+00:00,caltech:2019-04-02:2019-04-09:page7,1,"https://ev.caltech.edu/api/v1/sessions/caltech?where=connectionTime%3E=%22Tue,%2002%20Apr%202019%2000:00:00%20GMT%22%20and%20connectionTime%3C%22Tue,%2009%20Apr%202019%2000:00:00%20GMT%22%20and%20kWhDelivered%3E=0.0&sort=-connectionTime&page=7",200,application/json,17576,0.22480882999934693,"{""_items"": [{""_id"": ""5cbbb99ff9af8b1153786f31"", ""userInputs"": [{""userID"": 858, ""milesRequested"": 20, ""WhPerMile"": 400, ""minutesAvailable"": 223, ""modifiedAt"": ""Thu, 04 Apr 2019 14:58:16 GMT"", ""paymentRequired"": true, ""requestedDeparture"": ""Thu, 04 Apr 2019 18:41:07 GMT"", ""kWhRequested"": 8.0}], ""userI",success
2026-08-17T00:43:06.359728+00:00,caltech:2019-04-02:2019-04-09:page8,1,"https://ev.caltech.edu/api/v1/sessions/caltech?where=connectionTime%3E=%22Tue,%2002%20Apr%202019%2000:00:00%20GMT%22%20and%20connectionTime%3C%22Tue,%2009%20Apr%202019%2000:00:00%20GMT%22%20and%20kWhDelivered%3E=0.0&sort=-connectionTime&page=8",200,application/json,18050,0.4705745549999847,"{""_items"": [{""_id"": ""5cba681bf9af8b0c7a31ae0d"", ""userInputs"": [{""userID"": 712, ""milesRequested"": 30, ""WhPerMile"": 600, ""minutesAvailable"": 392, ""modifiedAt"": ""Wed, 03 Apr 2019 15:43:05 GMT"", ""paymentRequired"": true, ""requestedDeparture"": ""Wed, 03 Apr 2019 22:15:03 GMT"", ""kWhRequested"": 18.0}], ""user",success
2026-08-17T00:43:06.886874+00:00,caltech:2019-04-02:2019-04-09:page9,1,"https://ev.caltech.edu/api/v1/sessions/caltech?where=connectionTime%3E=%22Tue,%2002%20Apr%202019%2000:00:00%20GMT%22%20and%20connectionTime%3C%22Tue,%2009%20Apr%202019%2000:00:00%20GMT%22%20and%20kWhDelivered%3E=0.0&sort=-connectionTime&page=9",200,application/json,16887,0.2690770999997767,"{""_items"": [{""_id"": ""5cb916a2f9af8b53fe3dd4ed"", ""userInputs"": [{""userID"": 562, ""milesRequested"": 10, ""WhPerMile"": 300, ""minutesAvailable"": 211, ""modifiedAt"": ""Tue, 02 Apr 2019 20:21:17 GMT"", ""paymentRequired"": true, ""requestedDeparture"": ""Tue, 02 Apr 2019 23:51:52 GMT"", ""kWhRequested"": 3.0}], ""userI",success
2026-08-17T00:43:07.354500+00:00,caltech:2019-04-02:2019-04-09:page10,1,"https://ev.caltech.edu/api/v1/sessions/caltech?where=connectionTime%3E=%22Tue,%2002%20Apr%202019%2000:00:00%20GMT%22%20and%20connectionTime%3C%22Tue,%2009%20Apr%202019%2000:00:00%20GMT%22%20and%20kWhDelivered%3E=0.0&sort=-connectionTime&page=10",200,application/json,7639,0.21146611000040139,"{""_items"": [{""_id"": ""5cb916a2f9af8b53fe3dd4d4"", ""userInputs"": null, ""userID"": null, ""sessionID"": ""2_39_79_380_2019-04-02 15:38:28.359630"", ""stationID"": ""2-39-79-380"", ""spaceID"": ""CA-489"", ""siteID"": ""0002"", ""clusterID"": ""0039"", ""connectionTime"": ""Tue, 02 Apr 2019 15:38:28 GMT"", ""disconnectTime"": ""Wed",success
2026-08-17T00:43:09.227587+00:00,caltech:2019-04-09:2019-04-16:page1,1,https://ev.caltech.edu/api/v1/sessions/caltech?where=connectionTime%3E%3D%22Tue%2C+09+Apr+2019+00%3A00%3A00+GMT%22+and+connectionTime%3C%22Tue%2C+16+Apr+2019+00%3A00%3A00+GMT%22+and+kWhDelivered%3E%3D0.0&sort=-connectionTime,200,application/json,18063,0.8638846220001142,"{""_items"": [{""_id"": ""5cca3a22f9af8b49aaa4cba3"", ""userInputs"": [{""userID"": 774, ""milesRequested"": 20, ""WhPerMile"": 400, ""minutesAvailable"": 60, ""modifiedAt"": ""Mon, 15 Apr 2019 23:33:06 GMT"", ""paymentRequired"": true, ""requestedDeparture"": ""Tue, 16 Apr 2019 00:32:50 GMT"", ""kWhRequested"": 8.0}], ""userID",success
2026-08-17T00:43:10.144894+00:00,caltech:2019-04-09:2019-04-16:page2,1,"https://ev.caltech.edu/api/v1/sessions/caltech?where=connectionTime%3E=%22Tue,%2009%20Apr%202019%2000:00:00%20GMT%22%20and%20connectionTime%3C%22Tue,%2016%20Apr%202019%2000:00:00%20GMT%22%20and%20kWhDelivered%3E=0.0&sort=-connectionTime&page=2",200,application/json,18047,0.6591359909998573,"{""_items"": [{""_id"": ""5cca3a22f9af8b49aaa4cb8a"", ""userInputs"": [{""userID"": 1470, ""milesRequested"": 80, ""WhPerMile"": 292, ""minutesAvailable"": 441, ""modifiedAt"": ""Mon, 15 Apr 2019 16:00:32 GMT"", ""paymentRequired"": true, ""requestedDeparture"": ""Mon, 15 Apr 2019 22:40:59 GMT"", ""kWhRequested"": 23.36}, {""us",success
2026-08-17T00:43:10.828321+00:00,caltech:2019-04-09:2019-04-16:page3,1,"https://ev.caltech.edu/api/v1/sessions/caltech?where=connectionTime%3E=%22Tue,%2009%20Apr%202019%2000:00:00%20GMT%22%20and%20connectionTime%3C%22Tue,%2016%20Apr%202019%2000:00:00%20GMT%22%20and%20kWhDelivered%3E=0.0&sort=-connectionTime&page=3",200,application/json,18036,0.4232552059993395,"{""_items"": [{""_id"": ""5cc79711f9af8b4114058189"", ""userInputs"": null, ""userID"": null, ""sessionID"": ""2_39_126_20_2019-04-13 23:59:14.520913"", ""stationID"": ""2-39-126-20"", ""spaceID"": ""CA-310"", ""siteID"": ""0002"", ""clusterID"": ""0039"", ""connectionTime"": ""Sat, 13 Apr 2019 23:59:15 GMT"", ""disconnectTime"": ""Sun",success
2026-08-17T00:43:11.322137+00:00,caltech:2019-04-09:2019-04-16:page4,1,"https://ev.caltech.edu/api/v1/sessions/caltech?where=connectionTime%3E=%22Tue,%2009%20Apr%202019%2000:00:00%20GMT%22%20and%20connectionTime%3C%22Tue,%2016%20Apr%202019%2000:00:00%20GMT%22%20and%20kWhDelivered%3E=0.0&sort=-connectionTime&page=4",200,application/json,17121,0.23366324600010557,"{""_items"": [{""_id"": ""5cc645a1f9af8b3da712a7b1"", ""userInputs"": [{""userID"": 1161, ""milesRequested"": 40, ""WhPerMile"": 400, ""minutesAvailable"": 128, ""modifiedAt"": ""Fri, 12 Apr 2019 21:51:32 GMT"", ""paymentRequired"": true, ""requestedDeparture"": ""Fri, 12 Apr 2019 23:59:28 GMT"", ""kWhRequested"": 16.0}], ""use",success
2026-08-17T00:43:11.992659+00:00,caltech:2019-04-09:2019-04-16:page5,1,"https://ev.caltech.edu/api/v1/sessions/caltech?where=connectionTime%3E=%22Tue,%2009%20Apr%202019%2000:00:00%20GMT%22%20and%20connectionTime%3C%22Tue,%2016%20Apr%202019%2000:00:00%20GMT%22%20and%20kWhDelivered%3E=0.0&sort=-connectionTime&page=5",200,application/json,17815,0.4113412309998239,"{""_items"": [{""_id"": ""5cc645a1f9af8b3da712a798"", ""userInputs"": [{""userID"": 1083, ""milesRequested"": 20, ""WhPerMile"": 400, ""minutesAvailable"": 131, ""modifiedAt"": ""Fri, 12 Apr 2019 15:28:39 GMT"", ""paymentRequired"": true, ""requestedDeparture"": ""Fri, 12 Apr 2019 17:39:09 GMT"", ""kWhRequested"": 8.0}], ""user",success
2026-08-17T00:43:12.492903+00:00,caltech:2019-04-09:2019-04-16:page6,1,"https://ev.caltech.edu/api/v1/sessions/caltech?where=connectionTime%3E=%22Tue,%2009%20Apr%202019%2000:00:00%20GMT%22%20and%20connectionTime%3C%22Tue,%2016%20Apr%202019%2000:00:00%20GMT%22%20and%20kWhDelivered%3E=0.0&sort=-connectionTime&page=6",200,application/json,16425,0.23971634499957872,"{""_items"": [{""_id"": ""5cc4f426f9af8b3a0277ea56"", ""userInputs"": [{""userID"": 1124, ""milesRequested"": 20, ""WhPerMile"": 450, ""minutesAvailable"": 60, ""modifiedAt"": ""Thu, 11 Apr 2019 19:23:52 GMT"", ""paymentRequired"": true, ""requestedDeparture"": ""Thu, 11 Apr 2019 20:23:21 GMT"", ""kWhRequested"": 9.0}], ""userI",success
2026-08-17T00:43:13.010517+00:00,caltech:2019-04-09:2019-04-16:page7,1,"https://ev.caltech.edu/api/v1/sessions/caltech?where=connectionTime%3E=%22Tue,%2009%20Apr%202019%2000:00:00%20GMT%22%20and%20connectionTime%3C%22Tue,%2016%20Apr%202019%2000:00:00%20GMT%22%20and%20kWhDelivered%3E=0.0&sort=-connectionTime&page=7",200,application/json,17347,0.256999096999607,"{""_items"": [{""_id"": ""5cc4f426f9af8b3a0277ea3d"", ""userInputs"": [{""userID"": 569, ""milesRequested"": 60, ""WhPerMile"": 300, ""minutesAvailable"": 529, ""modifiedAt"": ""Thu, 11 Apr 2019 14:13:47 GMT"", ""paymentRequired"": true, ""requestedDeparture"": ""Thu, 11 Apr 2019 23:00:01 GMT"", ""kWhRequested"": 18.0}], ""user",success
2026-08-17T00:43:13.670353+00:00,caltech:2019-04-09:2019-04-16:page8,1,"https://ev.caltech.edu/api/v1/sessions/caltech?where=connectionTime%3E=%22Tue,%2009%20Apr%202019%2000:00:00%20GMT%22%20and%20connectionTime%3C%22Tue,%2016%20Apr%202019%2000:00:00%20GMT%22%20and%20kWhDelivered%3E=0.0&sort=-connectionTime&page=8",200,application/json,17821,0.4042041540005812,"{""_items"": [{""_id"": ""5cc3a2a4f9af8b284375bd76"", ""userInputs"": [{""userID"": 858, ""milesRequested"": 20, ""WhPerMile"": 400, ""minutesAvailable"": 223, ""modifiedAt"": ""Wed, 10 Apr 2019 16:20:28 GMT"", ""paymentRequired"": true, ""requestedDeparture"": ""Wed, 10 Apr 2019 20:02:22 GMT"", ""kWhRequested"": 8.0}], ""userI",success
2026-08-17T00:43:14.338459+00:00,caltech:2019-04-09:2019-04-16:page9,1,"https://ev.caltech.edu/api/v1/sessions/caltech?where=connectionTime%3E=%22Tue,%2009%20Apr%202019%2000:00:00%20GMT%22%20and%20connectionTime%3C%22Tue,%2016%20Apr%202019%2000:00:00%20GMT%22%20and%20kWhDelivered%3E=0.0&sort=-connectionTime&page=9",200,application/json,18279,0.40786071500042453,"{""_items"": [{""_id"": ""5cc25127f9af8b2347da3e2a"", ""userInputs"": [{""userID"": 1274, ""milesRequested"": 30, ""WhPerMile"": 333, ""minutesAvailable"": 384, ""modifiedAt"": ""Tue, 09 Apr 2019 21:58:47 GMT"", ""paymentRequired"": true, ""requestedDeparture"": ""Wed, 10 Apr 2019 04:20:13 GMT"", ""kWhRequested"": 9.99}], ""use",success
2026-08-17T00:43:14.828151+00:00,caltech:2019-04-09:2019-04-16:page10,1,"https://ev.caltech.edu/api/v1/sessions/caltech?where=connectionTime%3E=%22Tue,%2009%20Apr%202019%2000:00:00%20GMT%22%20and%20connectionTime%3C%22Tue,%2016%20Apr%202019%2000:00:00%20GMT%22%20and%20kWhDelivered%3E=0.0&sort=-connectionTime&page=10",200,application/json,10958,0.23206418599966128,"{""_items"": [{""_id"": ""5cc25127f9af8b2347da3e11"", ""userInputs"": [{""userID"": 567, ""milesRequested"": 20, ""WhPerMile"": 333, ""minutesAvailable"": 425, ""modifiedAt"": ""Tue, 09 Apr 2019 16:02:56 GMT"", ""paymentRequired"": true, ""requestedDeparture"": ""Tue, 09 Apr 2019 23:07:34 GMT"", ""kWhRequested"": 6.66}], ""user",success
2026-08-17T00:43:16.600060+00:00,caltech:2019-04-16:2019-04-23:page1,1,https://ev.caltech.edu/api/v1/sessions/caltech?where=connectionTime%3E%3D%22Tue%2C+16+Apr+2019+00%3A00%3A00+GMT%22+and+connectionTime%3C%22Tue%2C+23+Apr+2019+00%3A00%3A00+GMT%22+and+kWhDelivered%3E%3D0.0&sort=-connectionTime,200,application/json,16642,0.7620971390006162,"{""_items"": [{""_id"": ""5cd374a4f9af8b70b9789df7"", ""userInputs"": [{""userID"": 774, ""milesRequested"": 20, ""WhPerMile"": 400, ""minutesAvailable"": 60, ""modifiedAt"": ""Mon, 22 Apr 2019 23:38:03 GMT"", ""paymentRequired"": true, ""requestedDeparture"": ""Tue, 23 Apr 2019 00:37:42 GMT"", ""kWhRequested"": 8.0}], ""userID",success
2026-08-17T00:43:17.362909+00:00,caltech:2019-04-16:2019-04-23:page2,1,"https://ev.caltech.edu/api/v1/sessions/caltech?where=connectionTime%3E=%22Tue,%2016%20Apr%202019%2000:00:00%20GMT%22%20and%20connectionTime%3C%22Tue,%2023%20Apr%202019%2000:00:00%20GMT%22%20and%20kWhDelivered%3E=0.0&sort=-connectionTime&page=2",200,application/json,18978,0.5024014370001169,"{""_items"": [{""_id"": ""5cd374a4f9af8b70b9789dde"", ""userInputs"": [{""userID"": 714, ""milesRequested"": 90, ""WhPerMile"": 200, ""minutesAvailable"": 364, ""modifiedAt"": ""Mon, 22 Apr 2019 15:52:37 GMT"", ""paymentRequired"": true, ""requestedDeparture"": ""Mon, 22 Apr 2019 21:56:14 GMT"", ""kWhRequested"": 18.0}], ""user",success
2026-08-17T00:43:18.030431+00:00,caltech:2019-04-16:2019-04-23:page3,1,"https://ev.caltech.edu/api/v1/sessions/caltech?where=connectionTime%3E=%22Tue,%2016%20Apr%202019%2000:00:00%20GMT%22%20and%20connectionTime%3C%22Tue,%2023%20Apr%202019%2000:00:00%20GMT%22%20and%20kWhDelivered%3E=0.0&sort=-connectionTime&page=3",200,application/json,18736,0.40798002900010033,"{""_items"": [{""_id"": ""5cd1c805f9af8b68ba0a63e1"", ""userInputs"": [{""userID"": 743, ""milesRequested"": 20, ""WhPerMile"": 400, ""minutesAvailable"": 51, ""modifiedAt"": ""Sun, 21 Apr 2019 16:16:27 GMT"", ""paymentRequired"": true, ""requestedDeparture"": ""Sun, 21 Apr 2019 17:07:03 GMT"", ""kWhRequested"": 8.0}], ""userID",success
2026-08-17T00:43:18.694033+00:00,caltech:2019-04-16:2019-04-23:page4,1,"https://ev.caltech.edu/api/v1/sessions/caltech?where=connectionTime%3E=%22Tue,%2016%20Apr%202019%2000:00:00%20GMT%22%20and%20connectionTime%3C%22Tue,%2023%20Apr%202019%2000:00:00%20GMT%22%20and%20kWhDelivered%3E=0.0&sort=-connectionTime&page=4",200,application/json,18279,0.4038950369995291,"{""_items"": [{""_id"": ""5ccf8020f9af8b58ec66a8e2"", ""userInputs"": [{""userID"": 562, ""milesRequested"": 10, ""WhPerMile"": 300, ""minutesAvailable"": 211, ""modifiedAt"": ""Fri, 19 Apr 2019 19:54:22 GMT"", ""paymentRequired"": true, ""requestedDeparture"": ""Fri, 19 Apr 2019 23:24:43 GMT"", ""kWhRequested"": 3.0}], ""userI",success
2026-08-17T00:43:19.188638+00:00,caltech:2019-04-16:2019-04-23:page5,1,"https://ev.caltech.edu/api/v1/sessions/caltech?where=connectionTime%3E=%22Tue,%2016%20Apr%202019%2000:00:00%20GMT%22%20and%20connectionTime%3C%22Tue,%2023%20Apr%202019%2000:00:00%20GMT%22%20and%20kWhDelivered%3E=0.0&sort=-connectionTime&page=5",200,application/json,16659,0.23482893900018098,"{""_items"": [{""_id"": ""5ccf8020f9af8b58ec66a8c9"", ""userInputs"": [{""userID"": 560, ""milesRequested"": 80, ""WhPerMile"": 273, ""minutesAvailable"": 281, ""modifiedAt"": ""Fri, 19 Apr 2019 13:26:17 GMT"", ""paymentRequired"": true, ""requestedDeparture"": ""Fri, 19 Apr 2019 18:07:14 GMT"", ""kWhRequested"": 21.84}], ""use",success
2026-08-17T00:43:19.854115+00:00,caltech:2019-04-16:2019-04-23:page6,1,"https://ev.caltech.edu/api/v1/sessions/caltech?where=connectionTime%3E=%22Tue,%2016%20Apr%202019%2000:00:00%20GMT%22%20and%20connectionTime%3C%22Tue,%2023%20Apr%202019%2000:00:00%20GMT%22%20and%20kWhDelivered%3E=0.0&sort=-connectionTime&page=6",200,application/json,18513,0.40506654199998593,"{""_items"": [{""_id"": ""5cce2eccf9af8b558e49f3fb"", ""userInputs"": [{""userID"": 558, ""milesRequested"": 70, ""WhPerMile"": 200, ""minutesAvailable"": 539, ""modifiedAt"": ""Thu, 18 Apr 2019 17:00:31 GMT"", ""paymentRequired"": true, ""requestedDeparture"": ""Fri, 19 Apr 2019 01:59:28 GMT"", ""kWhRequested"": 14.0}], ""user",success
2026-08-17T00:43:20.352349+00:00,caltech:2019-04-16:2019-04-23:page7,1,"https://ev.caltech.edu/api/v1/sessions/caltech?where=connectionTime%3E=%22Tue,%2016%20Apr%202019%2000:00:00%20GMT%22%20and%20connectionTime%3C%22Tue,%2023%20Apr%202019%2000:00:00%20GMT%22%20and%20kWhDelivered%3E=0.0&sort=-connectionTime&page=7",200,application/json,17572,0.23736013899997488,"{""_items"": [{""_id"": ""5cce2ea4f9af8b558e49f3e2"", ""userInputs"": [{""userID"": 774, ""milesRequested"": 20, ""WhPerMile"": 400, ""minutesAvailable"": 60, ""modifiedAt"": ""Wed, 17 Apr 2019 23:33:27 GMT"", ""paymentRequired"": true, ""requestedDeparture"": ""Thu, 18 Apr 2019 00:33:14 GMT"", ""kWhRequested"": 8.0}], ""userID",success
2026-08-17T00:43:21.022392+00:00,caltech:2019-04-16:2019-04-23:page8,1,"https://ev.caltech.edu/api/v1/sessions/caltech?where=connectionTime%3E=%22Tue,%2016%20Apr%202019%2000:00:00%20GMT%22%20and%20connectionTime%3C%22Tue,%2023%20Apr%202019%2000:00:00%20GMT%22%20and%20kWhDelivered%3E=0.0&sort=-connectionTime&page=8",200,application/json,18038,0.414545151999846,"{""_items"": [{""_id"": ""5cce2ea4f9af8b558e49f3c9"", ""userInputs"": [{""userID"": 431, ""milesRequested"": 80, ""WhPerMile"": 300, ""minutesAvailable"": 251, ""modifiedAt"": ""Wed, 17 Apr 2019 15:43:19 GMT"", ""paymentRequired"": true, ""requestedDeparture"": ""Wed, 17 Apr 2019 19:53:56 GMT"", ""kWhRequested"": 24.0}], ""user",success
2026-08-17T00:43:21.503481+00:00,caltech:2019-04-16:2019-04-23:page9,1,"https://ev.caltech.edu/api/v1/sessions/caltech?where=connectionTime%3E=%22Tue,%2016%20Apr%202019%2000:00:00%20GMT%22%20and%20connectionTime%3C%22Tue,%2023%20Apr%202019%2000:00:00%20GMT%22%20and%20kWhDelivered%3E=0.0&sort=-connectionTime&page=9",200,application/json,16902,0.22104736100027367,"{""_items"": [{""_id"": ""5ccb8ba6f9af8b4d9721df0e"", ""userInputs"": [{""userID"": 1082, ""milesRequested"": 40, ""WhPerMile"": 400, ""minutesAvailable"": 291, ""modifiedAt"": ""Tue, 16 Apr 2019 18:14:48 GMT"", ""paymentRequired"": true, ""requestedDeparture"": ""Tue, 16 Apr 2019 23:05:22 GMT"", ""kWhRequested"": 16.0}], ""use",success
2026-08-17T00:43:21.967827+00:00,caltech:2019-04-16:2019-04-23:page10,1,"https://ev.caltech.edu/api/v1/sessions/caltech?where=connectionTime%3E=%22Tue,%2016%20Apr%202019%2000:00:00%20GMT%22%20and%20connectionTime%3C%22Tue,%2023%20Apr%202019%2000:00:00%20GMT%22%20and%20kWhDelivered%3E=0.0&sort=-connectionTime&page=10",200,application/json,7444,0.20544250900002226,"{""_items"": [{""_id"": ""5ccb8ba6f9af8b4d9721def5"", ""userInputs"": [{""userID"": 1083, ""milesRequested"": 20, ""WhPerMile"": 400, ""minutesAvailable"": 201, ""modifiedAt"": ""Tue, 16 Apr 2019 14:59:57 GMT"", ""paymentRequired"": true, ""requestedDeparture"": ""Tue, 16 Apr 2019 18:20:22 GMT"", ""kWhRequested"": 8.0}], ""user",success
2026-08-17T00:43:23.617634+00:00,caltech:2019-04-23:2019-04-30:page1,1,https://ev.caltech.edu/api/v1/sessions/caltech?where=connectionTime%3E%3D%22Tue%2C+23+Apr+2019+00%3A00%3A00+GMT%22+and+connectionTime%3C%22Tue%2C+30+Apr+2019+00%3A00%3A00+GMT%22+and+kWhDelivered%3E%3D0.0&sort=-connectionTime,200,application/json,16882,0.6407824600000822,"{""_items"": [{""_id"": ""5cdcaf22f9af8b0e49d1a2e2"", ""userInputs"": [{""userID"": 774, ""milesRequested"": 20, ""WhPerMile"": 400, ""minutesAvailable"": 60, ""modifiedAt"": ""Mon, 29 Apr 2019 23:34:18 GMT"", ""paymentRequired"": true, ""requestedDeparture"": ""Tue, 30 Apr 2019 00:33:20 GMT"", ""kWhRequested"": 8.0}], ""userID",success
2026-08-17T00:43:24.362579+00:00,caltech:2019-04-23:2019-04-30:page2,1,"https://ev.caltech.edu/api/v1/sessions/caltech?where=connectionTime%3E=%22Tue,%2023%20Apr%202019%2000:00:00%20GMT%22%20and%20connectionTime%3C%22Tue,%2030%20Apr%202019%2000:00:00%20GMT%22%20and%20kWhDelivered%3E=0.0&sort=-connectionTime&page=2",200,application/json,17578,0.4845502859998305,"{""_items"": [{""_id"": ""5cdcaf22f9af8b0e49d1a2c9"", ""userInputs"": null, ""userID"": null, ""sessionID"": ""2_39_139_28_2019-04-29 15:58:30.460908"", ""stationID"": ""2-39-139-28"", ""spaceID"": ""CA-303"", ""siteID"": ""0002"", ""clusterID"": ""0039"", ""connectionTime"": ""Mon, 29 Apr 2019 15:58:30 GMT"", ""disconnectTime"": ""Mon",success
2026-08-17T00:43:25.107878+00:00,caltech:2019-04-23:2019-04-30:page3,1,"https://ev.caltech.edu/api/v1/sessions/caltech?where=connectionTime%3E=%22Tue,%2023%20Apr%202019%2000:00:00%20GMT%22%20and%20connectionTime%3C%22Tue,%2030%20Apr%202019%2000:00:00%20GMT%22%20and%20kWhDelivered%3E=0.0&sort=-connectionTime&page=3",200,application/json,18486,0.4853316669996275,"{""_items"": [{""_id"": ""5cdb5d92f9af8b0995dcc6a5"", ""userInputs"": [{""userID"": 818, ""milesRequested"": 200, ""WhPerMile"": 250, ""minutesAvailable"": 473, ""modifiedAt"": ""Sun, 28 Apr 2019 16:54:25 GMT"", ""paymentRequired"": true, ""requestedDeparture"": ""Mon, 29 Apr 2019 00:46:55 GMT"", ""kWhRequested"": 50.0}], ""use",success
2026-08-17T00:43:25.608518+00:00,caltech:2019-04-23:2019-04-30:page4,1,"https://ev.caltech.edu/api/v1/sessions/caltech?where=connectionTime%3E=%22Tue,%2023%20Apr%202019%2000:00:00%20GMT%22%20and%20connectionTime%3C%22Tue,%2030%20Apr%202019%2000:00:00%20GMT%22%20and%20kWhDelivered%3E=0.0&sort=-connectionTime&page=4",200,application/json,17104,0.239704394999535,"{""_items"": [{""_id"": ""5cd8ba9ff9af8b0171714791"", ""userInputs"": [{""userID"": 867, ""milesRequested"": 60, ""WhPerMile"": 400, ""minutesAvailable"": 105, ""modifiedAt"": ""Fri, 26 Apr 2019 23:48:45 GMT"", ""paymentRequired"": true, ""requestedDeparture"": ""Sat, 27 Apr 2019 01:33:25 GMT"", ""kWhRequested"": 24.0}, {""user",success
2026-08-17T00:43:26.272204+00:00,caltech:2019-04-23:2019-04-30:page5,1,"https://ev.caltech.edu/api/v1/sessions/caltech?where=connectionTime%3E=%22Tue,%2023%20Apr%202019%2000:00:00%20GMT%22%20and%20connectionTime%3C%22Tue,%2030%20Apr%202019%2000:00:00%20GMT%22%20and%20kWhDelivered%3E=0.0&sort=-connectionTime&page=5",200,application/json,18750,0.4036970469996959,"{""_items"": [{""_id"": ""5cd8ba9ff9af8b0171714778"", ""userInputs"": [{""userID"": 714, ""milesRequested"": 90, ""WhPerMile"": 200, ""minutesAvailable"": 364, ""modifiedAt"": ""Fri, 26 Apr 2019 15:39:06 GMT"", ""paymentRequired"": true, ""requestedDeparture"": ""Fri, 26 Apr 2019 21:42:42 GMT"", ""kWhRequested"": 18.0}], ""user",success
2026-08-17T00:43:26.769308+00:00,caltech:2019-04-23:2019-04-30:page6,1,"https://ev.caltech.edu/api/v1/sessions/caltech?where=connectionTime%3E=%22Tue,%2023%20Apr%202019%2000:00:00%20GMT%22%20and%20connectionTime%3C%22Tue,%2030%20Apr%202019%2000:00:00%20GMT%22%20and%20kWhDelivered%3E=0.0&sort=-connectionTime&page=6",200,application/json,17586,0.23613881599976594,"{""_items"": [{""_id"": ""5cd76922f9af8b7c3f53e3eb"", ""userInputs"": [{""userID"": 1124, ""milesRequested"": 20, ""WhPerMile"": 450, ""minutesAvailable"": 60, ""modifiedAt"": ""Thu, 25 Apr 2019 19:19:31 GMT"", ""paymentRequired"": true, ""requestedDeparture"": ""Thu, 25 Apr 2019 20:19:07 GMT"", ""kWhRequested"": 9.0}], ""userI",success
2026-08-17T00:43:27.260072+00:00,caltech:2019-04-23:2019-04-30:page7,1,"https://ev.caltech.edu/api/v1/sessions/caltech?where=connectionTime%3E=%22Tue,%2023%20Apr%202019%2000:00:00%20GMT%22%20and%20connectionTime%3C%22Tue,%2030%20Apr%202019%2000:00:00%20GMT%22%20and%20kWhDelivered%3E=0.0&sort=-connectionTime&page=7",200,application/json,17576,0.23152136499993503,"{""_items"": [{""_id"": ""5cd617a5f9af8b785a018416"", ""userInputs"": [{""userID"": 850, ""milesRequested"": 100, ""WhPerMile"": 300, ""minutesAvailable"": 60, ""modifiedAt"": ""Thu, 25 Apr 2019 02:53:24 GMT"", ""paymentRequired"": true, ""requestedDeparture"": ""Thu, 25 Apr 2019 03:51:17 GMT"", ""kWhRequested"": 30.0}], ""user",success
2026-08-17T00:43:27.747259+00:00,caltech:2019-04-23:2019-04-30:page8,1,"https://ev.caltech.edu/api/v1/sessions/caltech?where=connectionTime%3E=%22Tue,%2023%20Apr%202019%2000:00:00%20GMT%22%20and%20connectionTime%3C%22Tue,%2030%20Apr%202019%2000:00:00%20GMT%22%20and%20kWhDelivered%3E=0.0&sort=-connectionTime&page=8",200,application/json,17117,0.23317990799932886,"{""_items"": [{""_id"": ""5cd617a5f9af8b785a0183fd"", ""userInputs"": [{""userID"": 1104, ""milesRequested"": 120, ""WhPerMile"": 250, ""minutesAvailable"": 428, ""modifiedAt"": ""Wed, 24 Apr 2019 16:33:32 GMT"", ""paymentRequired"": true, ""requestedDeparture"": ""Wed, 24 Apr 2019 23:41:20 GMT"", ""kWhRequested"": 30.0}], ""us",success
2026-08-17T00:43:28.260796+00:00,caltech:2019-04-23:2019-04-30:page9,1,"https://ev.caltech.edu/api/v1/sessions/caltech?where=connectionTime%3E=%22Tue,%2023%20Apr%202019%2000:00:00%20GMT%22%20and%20connectionTime%3C%22Tue,%2030%20Apr%202019%2000:00:00%20GMT%22%20and%20kWhDelivered%3E=0.0&sort=-connectionTime&page=9",200,application/json,16888,0.25826978600071016,"{""_items"": [{""_id"": ""5cd4c621f9af8b748c466336"", ""userInputs"": null, ""userID"": null, ""sessionID"": ""2_39_78_365_2019-04-23 20:31:33.843397"", ""stationID"": ""2-39-78-365"", ""spaceID"": ""CA-321"", ""siteID"": ""0002"", ""clusterID"": ""0039"", ""connectionTime"": ""Tue, 23 Apr 2019 20:31:34 GMT"", ""disconnectTime"": ""Tue",success
2026-08-17T00:43:28.743821+00:00,caltech:2019-04-23:2019-04-30:page10,1,"https://ev.caltech.edu/api/v1/sessions/caltech?where=connectionTime%3E=%22Tue,%2023%20Apr%202019%2000:00:00%20GMT%22%20and%20connectionTime%3C%22Tue,%2030%20Apr%202019%2000:00:00%20GMT%22%20and%20kWhDelivered%3E=0.0&sort=-connectionTime&page=10",200,application/json,8996,0.22523693299990555,"{""_items"": [{""_id"": ""5cd4c621f9af8b748c46631d"", ""userInputs"": [{""userID"": 712, ""milesRequested"": 30, ""WhPerMile"": 600, ""minutesAvailable"": 379, ""modifiedAt"": ""Tue, 23 Apr 2019 15:41:57 GMT"", ""paymentRequired"": true, ""requestedDeparture"": ""Tue, 23 Apr 2019 22:00:55 GMT"", ""kWhRequested"": 18.0}], ""user",success
2026-08-17T00:43:30.627696+00:00,caltech:2019-04-30:2019-05-07:page1,1,https://ev.caltech.edu/api/v1/sessions/caltech?where=connectionTime%3E%3D%22Tue%2C+30+Apr+2019+00%3A00%3A00+GMT%22+and+connectionTime%3C%22Tue%2C+07+May+2019+00%3A00%3A00+GMT%22+and+kWhDelivered%3E%3D0.0&sort=-connectionTime,200,application/json,16887,0.8761277620005785,"{""_items"": [{""_id"": ""5ce5e99ff9af8b325aae4bf0"", ""userInputs"": [{""userID"": 774, ""milesRequested"": 20, ""WhPerMile"": 400, ""minutesAvailable"": 60, ""modifiedAt"": ""Mon, 06 May 2019 23:33:03 GMT"", ""paymentRequired"": true, ""requestedDeparture"": ""Tue, 07 May 2019 00:32:58 GMT"", ""kWhRequested"": 8.0}], ""userID",success
2026-08-17T00:43:31.549985+00:00,caltech:2019-04-30:2019-05-07:page2,1,"https://ev.caltech.edu/api/v1/sessions/caltech?where=connectionTime%3E=%22Tue,%2030%20Apr%202019%2000:00:00%20GMT%22%20and%20connectionTime%3C%22Tue,%2007%20May%202019%2000:00:00%20GMT%22%20and%20kWhDelivered%3E=0.0&sort=-connectionTime&page=2",200,application/json,19447,0.6658486289998109,"{""_items"": [{""_id"": ""5ce5e99ff9af8b325aae4bd7"", ""userInputs"": [{""userID"": 567, ""milesRequested"": 20, ""WhPerMile"": 333, ""minutesAvailable"": 425, ""modifiedAt"": ""Mon, 06 May 2019 16:06:25 GMT"", ""paymentRequired"": true, ""requestedDeparture"": ""Mon, 06 May 2019 23:11:20 GMT"", ""kWhRequested"": 6.66}], ""user",success
2026-08-17T00:43:32.293179+00:00,caltech:2019-04-30:2019-05-07:page3,1,"https://ev.caltech.edu/api/v1/sessions/caltech?where=connectionTime%3E=%22Tue,%2030%20Apr%202019%2000:00:00%20GMT%22%20and%20connectionTime%3C%22Tue,%2007%20May%202019%2000:00:00%20GMT%22%20and%20kWhDelivered%3E=0.0&sort=-connectionTime&page=3",200,application/json,18747,0.48382019299970125,"{""_items"": [{""_id"": ""5ce34694f9af8b22847d25ed"", ""userInputs"": [{""userID"": 1286, ""milesRequested"": 70, ""WhPerMile"": 577, ""minutesAvailable"": 392, ""modifiedAt"": ""Sun, 05 May 2019 02:56:47 GMT"", ""paymentRequired"": true, ""requestedDeparture"": ""Sun, 05 May 2019 09:26:32 GMT"", ""kWhRequested"": 40.39}], ""us",success
2026-08-17T00:43:33.007021+00:00,caltech:2019-04-30:2019-05-07:page4,1,"https://ev.caltech.edu/api/v1/sessions/caltech?where=connectionTime%3E=%22Tue,%2030%20Apr%202019%2000:00:00%20GMT%22%20and%20connectionTime%3C%22Tue,%2007%20May%202019%2000:00:00%20GMT%22%20and%20kWhDelivered%3E=0.0&sort=-connectionTime&page=4",200,application/json,17811,0.45681814999989,"{""_items"": [{""_id"": ""5ce1f522f9af8b1e78b13113"", ""userInputs"": [{""userID"": 564, ""milesRequested"": 180, ""WhPerMile"": 231, ""minutesAvailable"": 282, ""modifiedAt"": ""Fri, 03 May 2019 16:33:38 GMT"", ""paymentRequired"": true, ""requestedDeparture"": ""Fri, 03 May 2019 21:15:08 GMT"", ""kWhRequested"": 41.58}, {""us",success
2026-08-17T00:43:33.508661+00:00,caltech:2019-04-30:2019-05-07:page5,1,"https://ev.caltech.edu/api/v1/sessions/caltech?where=connectionTime%3E=%22Tue,%2030%20Apr%202019%2000:00:00%20GMT%22%20and%20connectionTime%3C%22Tue,%2007%20May%202019%2000:00:00%20GMT%22%20and%20kWhDelivered%3E=0.0&sort=-connectionTime&page=5",200,application/json,16665,0.24610705400027655,"{""_items"": [{""_id"": ""5ce0a39ff9af8b1a6e2c7032"", ""userInputs"": null, ""userID"": null, ""sessionID"": ""2_39_78_362_2019-05-02 20:24:59.856770"", ""stationID"": ""2-39-78-362"", ""spaceID"": ""CA-496"", ""siteID"": ""0002"", ""clusterID"": ""0039"", ""connectionTime"": ""Thu, 02 May 2019 20:25:00 GMT"", ""disconnectTime"": ""Fri",success
2026-08-17T00:43:34.004592+00:00,caltech:2019-04-30:2019-05-07:page6,1,"https://ev.caltech.edu/api/v1/sessions/caltech?where=connectionTime%3E=%22Tue,%2030%20Apr%202019%2000:00:00%20GMT%22%20and%20connectionTime%3C%22Tue,%2007%20May%202019%2000:00:00%20GMT%22%20and%20kWhDelivered%3E=0.0&sort=-connectionTime&page=6",200,application/json,17331,0.24097417000029964,"{""_items"": [{""_id"": ""5ce0a39ff9af8b1a6e2c7019"", ""userInputs"": [{""userID"": 569, ""milesRequested"": 90, ""WhPerMile"": 300, ""minutesAvailable"": 529, ""modifiedAt"": ""Thu, 02 May 2019 14:07:57 GMT"", ""paymentRequired"": true, ""requestedDeparture"": ""Thu, 02 May 2019 22:56:35 GMT"", ""kWhRequested"": 27.0}], ""user",success
2026-08-17T00:43:34.500363+00:00,caltech:2019-04-30:2019-05-07:page7,1,"https://ev.caltech.edu/api/v1/sessions/caltech?where=connectionTime%3E=%22Tue,%2030%20Apr%202019%2000:00:00%20GMT%22%20and%20connectionTime%3C%22Tue,%2007%20May%202019%2000:00:00%20GMT%22%20and%20kWhDelivered%3E=0.0&sort=-connectionTime&page=7",200,application/json,17138,0.23621041500064166,"{""_items"": [{""_id"": ""5cdf5222f9af8b1497df1cc7"", ""userInputs"": [{""userID"": 714, ""milesRequested"": 90, ""WhPerMile"": 200, ""minutesAvailable"": 364, ""modifiedAt"": ""Wed, 01 May 2019 15:55:58 GMT"", ""paymentRequired"": true, ""requestedDeparture"": ""Wed, 01 May 2019 21:59:40 GMT"", ""kWhRequested"": 18.0}], ""user",success
2026-08-17T00:43:35.004153+00:00,caltech:2019-04-30:2019-05-07:page8,1,"https://ev.caltech.edu/api/v1/sessions/caltech?where=connectionTime%3E=%22Tue,%2030%20Apr%202019%2000:00:00%20GMT%22%20and%20connectionTime%3C%22Tue,%2007%20May%202019%2000:00:00%20GMT%22%20and%20kWhDelivered%3E=0.0&sort=-connectionTime&page=8",200,application/json,17117,0.24718463299996074,"{""_items"": [{""_id"": ""5cde00a7f9af8b123b0671fd"", ""userInputs"": [{""userID"": 1236, ""milesRequested"": 20, ""WhPerMile"": 400, ""minutesAvailable"": 71, ""modifiedAt"": ""Tue, 30 Apr 2019 20:57:52 GMT"", ""paymentRequired"": true, ""requestedDeparture"": ""Tue, 30 Apr 2019 22:04:32 GMT"", ""kWhRequested"": 8.0}], ""userI",success
2026-08-17T00:43:35.492058+00:00,caltech:2019-04-30:2019-05-07:page9,1,"https://ev.caltech.edu/api/v1/sessions/caltech?where=connectionTime%3E=%22Tue,%2030%20Apr%202019%2000:00:00%20GMT%22%20and%20connectionTime%3C%22Tue,%2007%20May%202019%2000:00:00%20GMT%22%20and%20kWhDelivered%3E=0.0&sort=-connectionTime&page=9",200,application/json,12971,0.22956573099963862,"{""_items"": [{""_id"": ""5cde00a7f9af8b123b0671e4"", ""userInputs"": [{""userID"": 2354, ""milesRequested"": 20, ""WhPerMile"": 400, ""minutesAvailable"": 60, ""modifiedAt"": ""Tue, 30 Apr 2019 15:51:35 GMT"", ""paymentRequired"": true, ""requestedDeparture"": ""Tue, 30 Apr 2019 16:50:14 GMT"", ""kWhRequested"": 8.0}], ""userI",success
2026-08-17T00:43:37.285694+00:00,caltech:2019-05-07:2019-05-14:page1,1,https://ev.caltech.edu/api/v1/sessions/caltech?where=connectionTime%3E%3D%22Tue%2C+07+May+2019+00%3A00%3A00+GMT%22+and+connectionTime%3C%22Tue%2C+14+May+2019+00%3A00%3A00+GMT%22+and+kWhDelivered%3E%3D0.0&sort=-connectionTime,200,application/json,16191,0.787819557000148,"{""_items"": [{""_id"": ""5cef242cf9af8b7096f0eee9"", ""userInputs"": [{""userID"": 1524, ""milesRequested"": 50, ""WhPerMile"": 400, ""minutesAvailable"": 204, ""modifiedAt"": ""Mon, 13 May 2019 23:56:22 GMT"", ""paymentRequired"": true, ""requestedDeparture"": ""Tue, 14 May 2019 03:16:38 GMT"", ""kWhRequested"": 20.0}, {""use",success
2026-08-17T00:43:38.206751+00:00,caltech:2019-05-07:2019-05-14:page2,1,"https://ev.caltech.edu/api/v1/sessions/caltech?where=connectionTime%3E=%22Tue,%2007%20May%202019%2000:00:00%20GMT%22%20and%20connectionTime%3C%22Tue,%2014%20May%202019%2000:00:00%20GMT%22%20and%20kWhDelivered%3E=0.0&sort=-connectionTime&page=2",200,application/json,19214,0.6642037830006302,"{""_items"": [{""_id"": ""5cef242cf9af8b7096f0eed0"", ""userInputs"": [{""userID"": 1104, ""milesRequested"": 120, ""WhPerMile"": 250, ""minutesAvailable"": 383, ""modifiedAt"": ""Mon, 13 May 2019 15:50:27 GMT"", ""paymentRequired"": true, ""requestedDeparture"": ""Mon, 13 May 2019 22:12:15 GMT"", ""kWhRequested"": 30.0}], ""us",success
2026-08-17T00:43:38.969403+00:00,caltech:2019-05-07:2019-05-14:page3,1,"https://ev.caltech.edu/api/v1/sessions/caltech?where=connectionTime%3E=%22Tue,%2007%20May%202019%2000:00:00%20GMT%22%20and%20connectionTime%3C%22Tue,%2014%20May%202019%2000:00:00%20GMT%22%20and%20kWhDelivered%3E=0.0&sort=-connectionTime&page=3",200,application/json,17787,0.5071618049996687,"{""_items"": [{""_id"": ""5cedd28ff9af8b6cf2975cf5"", ""userInputs"": [{""userID"": 1222, ""milesRequested"": 20, ""WhPerMile"": 400, ""minutesAvailable"": 72, ""modifiedAt"": ""Sun, 12 May 2019 08:49:35 GMT"", ""paymentRequired"": true, ""requestedDeparture"": ""Sun, 12 May 2019 10:01:19 GMT"", ""kWhRequested"": 8.0}], ""userI",success
2026-08-17T00:43:39.618329+00:00,caltech:2019-05-07:2019-05-14:page4,1,"https://ev.caltech.edu/api/v1/sessions/caltech?where=connectionTime%3E=%22Tue,%2007%20May%202019%2000:00:00%20GMT%22%20and%20connectionTime%3C%22Tue,%2014%20May%202019%2000:00:00%20GMT%22%20and%20kWhDelivered%3E=0.0&sort=-connectionTime&page=4",200,application/json,18286,0.3957932379998965,"{""_items"": [{""_id"": ""5ceb2fa0f9af8b6513780ad7"", ""userInputs"": [{""userID"": 1161, ""milesRequested"": 40, ""WhPerMile"": 400, ""minutesAvailable"": 69, ""modifiedAt"": ""Fri, 10 May 2019 21:34:13 GMT"", ""paymentRequired"": true, ""requestedDeparture"": ""Fri, 10 May 2019 22:43:04 GMT"", ""kWhRequested"": 16.0}], ""user",success
2026-08-17T00:43:40.280967+00:00,caltech:2019-05-07:2019-05-14:page5,1,"https://ev.caltech.edu/api/v1/sessions/caltech?where=connectionTime%3E=%22Tue,%2007%20May%202019%2000:00:00%20GMT%22%20and%20connectionTime%3C%22Tue,%2014%20May%202019%2000:00:00%20GMT%22%20and%20kWhDelivered%3E=0.0&sort=-connectionTime&page=5",200,application/json,18043,0.40278448300068703,"{""_items"": [{""_id"": ""5ceb2fa0f9af8b6513780abe"", ""userInputs"": [{""userID"": 1126, ""milesRequested"": 80, ""WhPerMile"": 250, ""minutesAvailable"": 418, ""modifiedAt"": ""Fri, 10 May 2019 15:23:36 GMT"", ""paymentRequired"": true, ""requestedDeparture"": ""Fri, 10 May 2019 22:20:57 GMT"", ""kWhRequested"": 20.0}], ""use",success
2026-08-17T00:43:40.758040+00:00,caltech:2019-05-07:2019-05-14:page6,1,"https://ev.caltech.edu/api/v1/sessions/caltech?where=connectionTime%3E=%22Tue,%2007%20May%202019%2000:00:00%20GMT%22%20and%20connectionTime%3C%22Tue,%2014%20May%202019%2000:00:00%20GMT%22%20and%20kWhDelivered%3E=0.0&sort=-connectionTime&page=6",200,application/json,17347,0.22131818900015787,"{""_items"": [{""_id"": ""5ce9de21f9af8b5fa31d9b52"", ""userInputs"": [{""userID"": 1137, ""milesRequested"": 70, ""WhPerMile"": 400, ""minutesAvailable"": 250, ""modifiedAt"": ""Thu, 09 May 2019 17:25:07 GMT"", ""paymentRequired"": true, ""requestedDeparture"": ""Thu, 09 May 2019 21:35:01 GMT"", ""kWhRequested"": 28.0}], ""use",success
2026-08-17T00:43:41.407415+00:00,caltech:2019-05-07:2019-05-14:page7,1,"https://ev.caltech.edu/api/v1/sessions/caltech?where=connectionTime%3E=%22Tue,%2007%20May%202019%2000:00:00%20GMT%22%20and%20connectionTime%3C%22Tue,%2014%20May%202019%2000:00:00%20GMT%22%20and%20kWhDelivered%3E=0.0&sort=-connectionTime&page=7",200,application/json,18050,0.3889704459998029,"{""_items"": [{""_id"": ""5ce88ca4f9af8b5b259d72a7"", ""userInputs"": null, ""userID"": null, ""sessionID"": ""2_39_79_378_2019-05-08 23:15:33.717857"", ""stationID"": ""2-39-79-378"", ""spaceID"": ""CA-326"", ""siteID"": ""0002"", ""clusterID"": ""0039"", ""connectionTime"": ""Wed, 08 May 2019 23:15:34 GMT"", ""disconnectTime"": ""Thu",success
2026-08-17T00:43:41.881203+00:00,caltech:2019-05-07:2019-05-14:page8,1,"https://ev.caltech.edu/api/v1/sessions/caltech?where=connectionTime%3E=%22Tue,%2007%20May%202019%2000:00:00%20GMT%22%20and%20connectionTime%3C%22Tue,%2014%20May%202019%2000:00:00%20GMT%22%20and%20kWhDelivered%3E=0.0&sort=-connectionTime&page=8",200,application/json,17585,0.21916334199977427,"{""_items"": [{""_id"": ""5ce88ca4f9af8b5b259d728e"", ""userInputs"": [{""userID"": 743, ""milesRequested"": 20, ""WhPerMile"": 400, ""minutesAvailable"": 471, ""modifiedAt"": ""Wed, 08 May 2019 15:56:09 GMT"", ""paymentRequired"": true, ""requestedDeparture"": ""Wed, 08 May 2019 23:46:51 GMT"", ""kWhRequested"": 8.0}], ""userI",success
2026-08-17T00:43:42.610732+00:00,caltech:2019-05-07:2019-05-14:page9,1,"https://ev.caltech.edu/api/v1/sessions/caltech?where=connectionTime%3E=%22Tue,%2007%20May%202019%2000:00:00%20GMT%22%20and%20connectionTime%3C%22Tue,%2014%20May%202019%2000:00:00%20GMT%22%20and%20kWhDelivered%3E=0.0&sort=-connectionTime&page=9",200,application/json,18523,0.46955573500054015,"{""_items"": [{""_id"": ""5ce73b25f9af8b385abe712b"", ""userInputs"": [{""userID"": 1039, ""milesRequested"": 20, ""WhPerMile"": 271, ""minutesAvailable"": 201, ""modifiedAt"": ""Tue, 07 May 2019 22:19:09 GMT"", ""paymentRequired"": true, ""requestedDeparture"": ""Wed, 08 May 2019 01:18:54 GMT"", ""kWhRequested"": 5.42}, {""use",success
2026-08-17T00:43:43.098702+00:00,caltech:2019-05-07:2019-05-14:page10,1,"https://ev.caltech.edu/api/v1/sessions/caltech?where=connectionTime%3E=%22Tue,%2007%20May%202019%2000:00:00%20GMT%22%20and%20connectionTime%3C%22Tue,%2014%20May%202019%2000:00:00%20GMT%22%20and%20kWhDelivered%3E=0.0&sort=-connectionTime&page=10",200,application/json,9624,0.22979941999983566,"{""_items"": [{""_id"": ""5ce73b25f9af8b385abe7112"", ""userInputs"": [{""userID"": 1957, ""milesRequested"": 60, ""WhPerMile"": 400, ""minutesAvailable"": 453, ""modifiedAt"": ""Tue, 07 May 2019 15:55:10 GMT"", ""paymentRequired"": true, ""requestedDeparture"": ""Tue, 07 May 2019 23:27:53 GMT"", ""kWhRequested"": 24.0}], ""use",success
2026-08-17T00:43:44.862410+00:00,caltech:2019-05-14:2019-05-21:page1,1,https://ev.caltech.edu/api/v1/sessions/caltech?where=connectionTime%3E%3D%22Tue%2C+14+May+2019+00%3A00%3A00+GMT%22+and+connectionTime%3C%22Tue%2C+21+May+2019+00%3A00%3A00+GMT%22+and+kWhDelivered%3E%3D0.0&sort=-connectionTime,200,application/json,18512,0.7584063069998592,"{""_items"": [{""_id"": ""5cf85ea5f9af8b11f3749c75"", ""userInputs"": [{""userID"": 774, ""milesRequested"": 20, ""WhPerMile"": 400, ""minutesAvailable"": 60, ""modifiedAt"": ""Mon, 20 May 2019 23:40:18 GMT"", ""paymentRequired"": true, ""requestedDeparture"": ""Tue, 21 May 2019 00:40:18 GMT"", ""kWhRequested"": 8.0}, {""userID",success
2026-08-17T00:43:45.514875+00:00,caltech:2019-05-14:2019-05-21:page2,1,"https://ev.caltech.edu/api/v1/sessions/caltech?where=connectionTime%3E=%22Tue,%2014%20May%202019%2000:00:00%20GMT%22%20and%20connectionTime%3C%22Tue,%2021%20May%202019%2000:00:00%20GMT%22%20and%20kWhDelivered%3E=0.0&sort=-connectionTime&page=2",200,application/json,17576,0.3922134679996816,"{""_items"": [{""_id"": ""5cf85ea5f9af8b11f3749c5c"", ""userInputs"": [{""userID"": 1366, ""milesRequested"": 20, ""WhPerMile"": 600, ""minutesAvailable"": 493, ""modifiedAt"": ""Mon, 20 May 2019 15:54:21 GMT"", ""paymentRequired"": true, ""requestedDeparture"": ""Mon, 20 May 2019 23:41:47 GMT"", ""kWhRequested"": 12.0}], ""use",success
2026-08-17T00:43:46.266873+00:00,caltech:2019-05-14:2019-05-21:page3,1,"https://ev.caltech.edu/api/v1/sessions/caltech?where=connectionTime%3E=%22Tue,%2014%20May%202019%2000:00:00%20GMT%22%20and%20connectionTime%3C%22Tue,%2021%20May%202019%2000:00:00%20GMT%22%20and%20kWhDelivered%3E=0.0&sort=-connectionTime&page=3",200,application/json,18959,0.4945363510005336,"{""_items"": [{""_id"": ""5cf5bb90f9af8b06e68923f5"", ""userInputs"": [{""userID"": 300, ""milesRequested"": 90, ""WhPerMile"": 400, ""minutesAvailable"": 451, ""modifiedAt"": ""Sun, 19 May 2019 05:46:59 GMT"", ""paymentRequired"": true, ""requestedDeparture"": ""Sun, 19 May 2019 13:17:44 GMT"", ""kWhRequested"": 36.0}, {""user",success
2026-08-17T00:43:46.929334+00:00,caltech:2019-05-14:2019-05-21:page4,1,"https://ev.caltech.edu/api/v1/sessions/caltech?where=connectionTime%3E=%22Tue,%2014%20May%202019%2000:00:00%20GMT%22%20and%20connectionTime%3C%22Tue,%2021%20May%202019%2000:00:00%20GMT%22%20and%20kWhDelivered%3E=0.0&sort=-connectionTime&page=4",200,application/json,18060,0.40665779399932944,"{""_items"": [{""_id"": ""5cf46a20f9af8b02df9e0891"", ""userInputs"": [{""userID"": 569, ""milesRequested"": 70, ""WhPerMile"": 300, ""minutesAvailable"": 529, ""modifiedAt"": ""Fri, 17 May 2019 19:09:52 GMT"", ""paymentRequired"": true, ""requestedDeparture"": ""Sat, 18 May 2019 03:58:34 GMT"", ""kWhRequested"": 21.0}, {""user",success
2026-08-17T00:43:47.594950+00:00,caltech:2019-05-14:2019-05-21:page5,1,"https://ev.caltech.edu/api/v1/sessions/caltech?where=connectionTime%3E=%22Tue,%2014%20May%202019%2000:00:00%20GMT%22%20and%20connectionTime%3C%22Tue,%2021%20May%202019%2000:00:00%20GMT%22%20and%20kWhDelivered%3E=0.0&sort=-connectionTime&page=5",200,application/json,18970,0.40541533100076776,"{""_items"": [{""_id"": ""5cf46a20f9af8b02df9e0878"", ""userInputs"": null, ""userID"": null, ""sessionID"": ""2_39_78_366_2019-05-17 14:06:38.639827"", ""stationID"": ""2-39-78-366"", ""spaceID"": ""CA-323"", ""siteID"": ""0002"", ""clusterID"": ""0039"", ""connectionTime"": ""Fri, 17 May 2019 14:06:39 GMT"", ""disconnectTime"": ""Fri",success
2026-08-17T00:43:48.095508+00:00,caltech:2019-05-14:2019-05-21:page6,1,"https://ev.caltech.edu/api/v1/sessions/caltech?where=connectionTime%3E=%22Tue,%2014%20May%202019%2000:00:00%20GMT%22%20and%20connectionTime%3C%22Tue,%2021%20May%202019%2000:00:00%20GMT%22%20and%20kWhDelivered%3E=0.0&sort=-connectionTime&page=6",200,application/json,18037,0.2434622289993058,"{""_items"": [{""_id"": ""5cf318a1f9af8b7d9737dcc5"", ""userInputs"": [{""userID"": 620, ""milesRequested"": 30, ""WhPerMile"": 500, ""minutesAvailable"": 137, ""modifiedAt"": ""Thu, 16 May 2019 17:02:07 GMT"", ""paymentRequired"": true, ""requestedDeparture"": ""Thu, 16 May 2019 19:18:21 GMT"", ""kWhRequested"": 15.0}], ""user",success
2026-08-17T00:43:48.586664+00:00,caltech:2019-05-14:2019-05-21:page7,1,"https://ev.caltech.edu/api/v1/sessions/caltech?where=connectionTime%3E=%22Tue,%2014%20May%202019%2000:00:00%20GMT%22%20and%20connectionTime%3C%22Tue,%2021%20May%202019%2000:00:00%20GMT%22%20and%20kWhDelivered%3E=0.0&sort=-connectionTime&page=7",200,application/json,17379,0.23575859400079935,"{""_items"": [{""_id"": ""5cf1c724f9af8b7971091320"", ""userInputs"": [{""userID"": 1470, ""milesRequested"": 50, ""WhPerMile"": 292, ""minutesAvailable"": 232, ""modifiedAt"": ""Wed, 15 May 2019 19:23:49 GMT"", ""paymentRequired"": true, ""requestedDeparture"": ""Wed, 15 May 2019 23:15:14 GMT"", ""kWhRequested"": 14.6}], ""use",success
2026-08-17T00:43:49.247494+00:00,caltech:2019-05-14:2019-05-21:page8,1,"https://ev.caltech.edu/api/v1/sessions/caltech?where=connectionTime%3E=%22Tue,%2014%20May%202019%2000:00:00%20GMT%22%20and%20connectionTime%3C%22Tue,%2021%20May%202019%2000:00:00%20GMT%22%20and%20kWhDelivered%3E=0.0&sort=-connectionTime&page=8",200,application/json,18050,0.4038766880003095,"{""_items"": [{""_id"": ""5cf1c724f9af8b7971091307"", ""userInputs"": [{""userID"": 1470, ""milesRequested"": 60, ""WhPerMile"": 292, ""minutesAvailable"": 232, ""modifiedAt"": ""Wed, 15 May 2019 15:32:08 GMT"", ""paymentRequired"": true, ""requestedDeparture"": ""Wed, 15 May 2019 19:24:00 GMT"", ""kWhRequested"": 17.52}], ""us",success
2026-08-17T00:43:49.744118+00:00,caltech:2019-05-14:2019-05-21:page9,1,"https://ev.caltech.edu/api/v1/sessions/caltech?where=connectionTime%3E=%22Tue,%2014%20May%202019%2000:00:00%20GMT%22%20and%20connectionTime%3C%22Tue,%2021%20May%202019%2000:00:00%20GMT%22%20and%20kWhDelivered%3E=0.0&sort=-connectionTime&page=9",200,application/json,15656,0.23819789600020158,"{""_items"": [{""_id"": ""5cf075a7f9af8b74808d82c4"", ""userInputs"": [{""userID"": 714, ""milesRequested"": 90, ""WhPerMile"": 200, ""minutesAvailable"": 364, ""modifiedAt"": ""Tue, 14 May 2019 16:40:39 GMT"", ""paymentRequired"": true, ""requestedDeparture"": ""Tue, 14 May 2019 22:43:49 GMT"", ""kWhRequested"": 18.0}], ""user",success
2026-08-17T00:43:51.458483+00:00,caltech:2019-05-21:2019-05-28:page1,1,https://ev.caltech.edu/api/v1/sessions/caltech?where=connectionTime%3E%3D%22Tue%2C+21+May+2019+00%3A00%3A00+GMT%22+and+connectionTime%3C%22Tue%2C+28+May+2019+00%3A00%3A00+GMT%22+and+kWhDelivered%3E%3D0.0&sort=-connectionTime,200,application/json,19435,0.7072070089998306,"{""_items"": [{""_id"": ""5d019910f9af8b363129096a"", ""userInputs"": [{""userID"": 2611, ""milesRequested"": 10, ""WhPerMile"": 600, ""minutesAvailable"": 60, ""modifiedAt"": ""Mon, 27 May 2019 23:39:10 GMT"", ""paymentRequired"": true, ""requestedDeparture"": ""Tue, 28 May 2019 00:38:16 GMT"", ""kWhRequested"": 6.0}, {""userI",success
2026-08-17T00:43:52.291128+00:00,caltech:2019-05-21:2019-05-28:page2,1,"https://ev.caltech.edu/api/v1/sessions/caltech?where=connectionTime%3E=%22Tue,%2021%20May%202019%2000:00:00%20GMT%22%20and%20connectionTime%3C%22Tue,%2028%20May%202019%2000:00:00%20GMT%22%20and%20kWhDelivered%3E=0.0&sort=-connectionTime&page=2",200,application/json,17574,0.5726743350005563,"{""_items"": [{""_id"": ""5cfef610f9af8b2ac3736256"", ""userInputs"": [{""userID"": 248, ""milesRequested"": 60, ""WhPerMile"": 250, ""minutesAvailable"": 137, ""modifiedAt"": ""Sat, 25 May 2019 18:05:06 GMT"", ""paymentRequired"": true, ""requestedDeparture"": ""Sat, 25 May 2019 20:21:47 GMT"", ""kWhRequested"": 15.0}], ""user",success
2026-08-17T00:43:52.952899+00:00,caltech:2019-05-21:2019-05-28:page3,1,"https://ev.caltech.edu/api/v1/sessions/caltech?where=connectionTime%3E=%22Tue,%2021%20May%202019%2000:00:00%20GMT%22%20and%20connectionTime%3C%22Tue,%2028%20May%202019%2000:00:00%20GMT%22%20and%20kWhDelivered%3E=0.0&sort=-connectionTime&page=3",200,application/json,17822,0.4021429479998915,"{""_items"": [{""_id"": ""5cfda49df9af8b26b1f0558e"", ""userInputs"": [{""userID"": 1534, ""milesRequested"": 60, ""WhPerMile"": 250, ""minutesAvailable"": 503, ""modifiedAt"": ""Fri, 24 May 2019 15:33:17 GMT"", ""paymentRequired"": true, ""requestedDeparture"": ""Fri, 24 May 2019 23:54:24 GMT"", ""kWhRequested"": 15.0}], ""use",success
2026-08-17T00:43:53.438256+00:00,caltech:2019-05-21:2019-05-28:page4,1,"https://ev.caltech.edu/api/v1/sessions/caltech?where=connectionTime%3E=%22Tue,%2021%20May%202019%2000:00:00%20GMT%22%20and%20connectionTime%3C%22Tue,%2028%20May%202019%2000:00:00%20GMT%22%20and%20kWhDelivered%3E=0.0&sort=-connectionTime&page=4",200,application/json,16654,0.22999752899977466,"{""_items"": [{""_id"": ""5cfc532bf9af8b22aca6b2aa"", ""userInputs"": [{""userID"": 2563, ""milesRequested"": 60, ""WhPerMile"": 400, ""minutesAvailable"": 542, ""modifiedAt"": ""Thu, 23 May 2019 19:18:52 GMT"", ""paymentRequired"": true, ""requestedDeparture"": ""Fri, 24 May 2019 04:14:49 GMT"", ""kWhRequested"": 24.0}], ""use",success
2026-08-17T00:43:53.933453+00:00,caltech:2019-05-21:2019-05-28:page5,1,"https://ev.caltech.edu/api/v1/sessions/caltech?where=connectionTime%3E=%22Tue,%2021%20May%202019%2000:00:00%20GMT%22%20and%20connectionTime%3C%22Tue,%2028%20May%202019%2000:00:00%20GMT%22%20and%20kWhDelivered%3E=0.0&sort=-connectionTime&page=5",200,application/json,15705,0.2383348550001756,"{""_items"": [{""_id"": ""5cfc532bf9af8b22aca6b291"", ""userInputs"": null, ""userID"": null, ""sessionID"": ""2_39_124_558_2019-05-23 15:02:36.659581"", ""stationID"": ""2-39-124-558"", ""spaceID"": ""CA-504"", ""siteID"": ""0002"", ""clusterID"": ""0039"", ""connectionTime"": ""Thu, 23 May 2019 15:02:37 GMT"", ""disconnectTime"": ""F",success
2026-08-17T00:43:54.611103+00:00,caltech:2019-05-21:2019-05-28:page6,1,"https://ev.caltech.edu/api/v1/sessions/caltech?where=connectionTime%3E=%22Tue,%2021%20May%202019%2000:00:00%20GMT%22%20and%20connectionTime%3C%22Tue,%2028%20May%202019%2000:00:00%20GMT%22%20and%20kWhDelivered%3E=0.0&sort=-connectionTime&page=6",200,application/json,16663,0.4217025099997045,"{""_items"": [{""_id"": ""5cfb01a5f9af8b1e6e67dabb"", ""userInputs"": null, ""userID"": null, ""sessionID"": ""2_39_138_566_2019-05-22 16:15:17.229400"", ""stationID"": ""2-39-138-566"", ""spaceID"": ""CA-512"", ""siteID"": ""0002"", ""clusterID"": ""0039"", ""connectionTime"": ""Wed, 22 May 2019 16:15:17 GMT"", ""disconnectTime"": ""W",success
2026-08-17T00:43:55.282745+00:00,caltech:2019-05-21:2019-05-28:page7,1,"https://ev.caltech.edu/api/v1/sessions/caltech?where=connectionTime%3E=%22Tue,%2021%20May%202019%2000:00:00%20GMT%22%20and%20connectionTime%3C%22Tue,%2028%20May%202019%2000:00:00%20GMT%22%20and%20kWhDelivered%3E=0.0&sort=-connectionTime&page=7",200,application/json,18040,0.4119579389998762,"{""_items"": [{""_id"": ""5cf9b026f9af8b1738bc2a5f"", ""userInputs"": null, ""userID"": null, ""sessionID"": ""2_39_130_31_2019-05-22 00:44:05.181009"", ""stationID"": ""2-39-130-31"", ""spaceID"": ""CA-306"", ""siteID"": ""0002"", ""clusterID"": ""0039"", ""connectionTime"": ""Wed, 22 May 2019 00:44:05 GMT"", ""disconnectTime"": ""Wed",success
2026-08-17T00:43:55.771971+00:00,caltech:2019-05-21:2019-05-28:page8,1,"https://ev.caltech.edu/api/v1/sessions/caltech?where=connectionTime%3E=%22Tue,%2021%20May%202019%2000:00:00%20GMT%22%20and%20connectionTime%3C%22Tue,%2028%20May%202019%2000:00:00%20GMT%22%20and%20kWhDelivered%3E=0.0&sort=-connectionTime&page=8",200,application/json,11174,0.22926377299972955,"{""_items"": [{""_id"": ""5cf9b026f9af8b1738bc2a46"", ""userInputs"": [{""userID"": 891, ""milesRequested"": 20, ""WhPerMile"": 300, ""minutesAvailable"": 310, ""modifiedAt"": ""Tue, 21 May 2019 15:59:59 GMT"", ""paymentRequired"": true, ""requestedDeparture"": ""Tue, 21 May 2019 21:09:43 GMT"", ""kWhRequested"": 6.0}], ""userI",success
2026-08-17T00:43:57.560540+00:00,caltech:2019-05-28:2019-06-04:page1,1,https://ev.caltech.edu/api/v1/sessions/caltech?where=connectionTime%3E%3D%22Tue%2C+28+May+2019+00%3A00%3A00+GMT%22+and+connectionTime%3C%22Tue%2C+04+Jun+2019+00%3A00%3A00+GMT%22+and+kWhDelivered%3E%3D0.0&sort=-connectionTime,200,application/json,17340,0.7779678439992495,"{""_items"": [{""_id"": ""5d0ad3a2f9af8b563e757b86"", ""userInputs"": [{""userID"": 1161, ""milesRequested"": 40, ""WhPerMile"": 400, ""minutesAvailable"": 65, ""modifiedAt"": ""Mon, 03 Jun 2019 23:54:46 GMT"", ""paymentRequired"": true, ""requestedDeparture"": ""Tue, 04 Jun 2019 00:59:46 GMT"", ""kWhRequested"": 16.0}, {""user",success
2026-08-17T00:43:58.246216+00:00,caltech:2019-05-28:2019-06-04:page2,1,"https://ev.caltech.edu/api/v1/sessions/caltech?where=connectionTime%3E=%22Tue,%2028%20May%202019%2000:00:00%20GMT%22%20and%20connectionTime%3C%22Tue,%2004%20Jun%202019%2000:00:00%20GMT%22%20and%20kWhDelivered%3E=0.0&sort=-connectionTime&page=2",200,application/json,19206,0.4284422809996613,"{""_items"": [{""_id"": ""5d0ad3a2f9af8b563e757b6d"", ""userInputs"": [{""userID"": 562, ""milesRequested"": 20, ""WhPerMile"": 350, ""minutesAvailable"": 211, ""modifiedAt"": ""Mon, 03 Jun 2019 15:53:20 GMT"", ""paymentRequired"": true, ""requestedDeparture"": ""Mon, 03 Jun 2019 19:23:59 GMT"", ""kWhRequested"": 7.0}], ""userI",success
2026-08-17T00:43:58.919880+00:00,caltech:2019-05-28:2019-06-04:page3,1,"https://ev.caltech.edu/api/v1/sessions/caltech?where=connectionTime%3E=%22Tue,%2028%20May%202019%2000:00:00%20GMT%22%20and%20connectionTime%3C%22Tue,%2004%20Jun%202019%2000:00:00%20GMT%22%20and%20kWhDelivered%3E=0.0&sort=-connectionTime&page=3",200,application/json,16668,0.4172782890000235,"{""_items"": [{""_id"": ""5d083091f9af8b4dc8e14489"", ""userInputs"": [{""userID"": 891, ""milesRequested"": 20, ""WhPerMile"": 300, ""minutesAvailable"": 310, ""modifiedAt"": ""Sat, 01 Jun 2019 18:59:37 GMT"", ""paymentRequired"": true, ""requestedDeparture"": ""Sun, 02 Jun 2019 00:09:32 GMT"", ""kWhRequested"": 6.0}], ""userI",success
2026-08-17T00:43:59.576008+00:00,caltech:2019-05-28:2019-06-04:page4,1,"https://ev.caltech.edu/api/v1/sessions/caltech?where=connectionTime%3E=%22Tue,%2028%20May%202019%2000:00:00%20GMT%22%20and%20connectionTime%3C%22Tue,%2004%20Jun%202019%2000:00:00%20GMT%22%20and%20kWhDelivered%3E=0.0&sort=-connectionTime&page=4",200,application/json,18278,0.40108282799974404,"{""_items"": [{""_id"": ""5d06df21f9af8b49d101c596"", ""userInputs"": null, ""userID"": null, ""sessionID"": ""2_39_78_360_2019-05-31 17:39:15.993878"", ""stationID"": ""2-39-78-360"", ""spaceID"": ""CA-322"", ""siteID"": ""0002"", ""clusterID"": ""0039"", ""connectionTime"": ""Fri, 31 May 2019 17:39:16 GMT"", ""disconnectTime"": ""Fri",success
2026-08-17T00:44:00.246226+00:00,caltech:2019-05-28:2019-06-04:page5,1,"https://ev.caltech.edu/api/v1/sessions/caltech?where=connectionTime%3E=%22Tue,%2028%20May%202019%2000:00:00%20GMT%22%20and%20connectionTime%3C%22Tue,%2004%20Jun%202019%2000:00:00%20GMT%22%20and%20kWhDelivered%3E=0.0&sort=-connectionTime&page=5",200,application/json,18063,0.4085396970003785,"{""_items"": [{""_id"": ""5d058d9ef9af8b45e96310fc"", ""userInputs"": [{""userID"": 560, ""milesRequested"": 20, ""WhPerMile"": 273, ""minutesAvailable"": 249, ""modifiedAt"": ""Thu, 30 May 2019 20:13:13 GMT"", ""paymentRequired"": true, ""requestedDeparture"": ""Fri, 31 May 2019 00:21:58 GMT"", ""kWhRequested"": 5.46}], ""user",success
2026-08-17T00:44:00.908308+00:00,caltech:2019-05-28:2019-06-04:page6,1,"https://ev.caltech.edu/api/v1/sessions/caltech?where=connectionTime%3E=%22Tue,%2028%20May%202019%2000:00:00%20GMT%22%20and%20connectionTime%3C%22Tue,%2004%20Jun%202019%2000:00:00%20GMT%22%20and%20kWhDelivered%3E=0.0&sort=-connectionTime&page=6",200,application/json,18037,0.4055343330001051,"{""_items"": [{""_id"": ""5d058d9ef9af8b45e96310e3"", ""userInputs"": [{""userID"": 569, ""milesRequested"": 60, ""WhPerMile"": 300, ""minutesAvailable"": 232, ""modifiedAt"": ""Thu, 30 May 2019 14:20:19 GMT"", ""paymentRequired"": true, ""requestedDeparture"": ""Thu, 30 May 2019 18:12:07 GMT"", ""kWhRequested"": 18.0}], ""user",success
2026-08-17T00:44:01.405607+00:00,caltech:2019-05-28:2019-06-04:page7,1,"https://ev.caltech.edu/api/v1/sessions/caltech?where=connectionTime%3E=%22Tue,%2028%20May%202019%2000:00:00%20GMT%22%20and%20connectionTime%3C%22Tue,%2004%20Jun%202019%2000:00:00%20GMT%22%20and%20kWhDelivered%3E=0.0&sort=-connectionTime&page=7",200,application/json,17124,0.23759587700078555,"{""_items"": [{""_id"": ""5d043c23f9af8b423929b1fc"", ""userInputs"": [{""userID"": 620, ""milesRequested"": 30, ""WhPerMile"": 500, ""minutesAvailable"": 496, ""modifiedAt"": ""Wed, 29 May 2019 15:52:06 GMT"", ""paymentRequired"": true, ""requestedDeparture"": ""Thu, 30 May 2019 00:07:15 GMT"", ""kWhRequested"": 15.0}], ""user",success
2026-08-17T00:44:02.022848+00:00,caltech:2019-05-28:2019-06-04:page8,1,"https://ev.caltech.edu/api/v1/sessions/caltech?where=connectionTime%3E=%22Tue,%2028%20May%202019%2000:00:00%20GMT%22%20and%20connectionTime%3C%22Tue,%2004%20Jun%202019%2000:00:00%20GMT%22%20and%20kWhDelivered%3E=0.0&sort=-connectionTime&page=8",200,application/json,16191,0.3611136549998264,"{""_items"": [{""_id"": ""5d02eaa0f9af8b3cd89c8033"", ""userInputs"": [{""userID"": 1082, ""milesRequested"": 40, ""WhPerMile"": 400, ""minutesAvailable"": 291, ""modifiedAt"": ""Tue, 28 May 2019 17:46:56 GMT"", ""paymentRequired"": true, ""requestedDeparture"": ""Tue, 28 May 2019 22:37:22 GMT"", ""kWhRequested"": 16.0}], ""use",success
2026-08-17T00:44:02.538299+00:00,caltech:2019-05-28:2019-06-04:page9,1,"https://ev.caltech.edu/api/v1/sessions/caltech?where=connectionTime%3E=%22Tue,%2028%20May%202019%2000:00:00%20GMT%22%20and%20connectionTime%3C%22Tue,%2004%20Jun%202019%2000:00:00%20GMT%22%20and%20kWhDelivered%3E=0.0&sort=-connectionTime&page=9",200,application/json,4315,0.2555828680006016,"{""_items"": [{""_id"": ""5d02eaa0f9af8b3cd89c801a"", ""userInputs"": [{""userID"": 2461, ""milesRequested"": 30, ""WhPerMile"": 400, ""minutesAvailable"": 538, ""modifiedAt"": ""Tue, 28 May 2019 15:07:36 GMT"", ""paymentRequired"": true, ""requestedDeparture"": ""Wed, 29 May 2019 00:05:36 GMT"", ""kWhRequested"": 12.0}], ""use",success
2026-08-17T00:44:04.198357+00:00,caltech:2019-06-04:2019-06-11:page1,1,https://ev.caltech.edu/api/v1/sessions/caltech?where=connectionTime%3E%3D%22Tue%2C+04+Jun+2019+00%3A00%3A00+GMT%22+and+connectionTime%3C%22Tue%2C+11+Jun+2019+00%3A00%3A00+GMT%22+and+kWhDelivered%3E%3D0.0&sort=-connectionTime,200,application/json,17813,0.6541720429995621,"{""_items"": [{""_id"": ""5d140e24f9af8b71c9e4cd2f"", ""userInputs"": [{""userID"": 1161, ""milesRequested"": 40, ""WhPerMile"": 400, ""minutesAvailable"": 128, ""modifiedAt"": ""Mon, 10 Jun 2019 23:32:48 GMT"", ""paymentRequired"": true, ""requestedDeparture"": ""Tue, 11 Jun 2019 01:40:39 GMT"", ""kWhRequested"": 16.0}], ""use",success
2026-08-17T00:44:04.859123+00:00,caltech:2019-06-04:2019-06-11:page2,1,"https://ev.caltech.edu/api/v1/sessions/caltech?where=connectionTime%3E=%22Tue,%2004%20Jun%202019%2000:00:00%20GMT%22%20and%20connectionTime%3C%22Tue,%2011%20Jun%202019%2000:00:00%20GMT%22%20and%20kWhDelivered%3E=0.0&sort=-connectionTime&page=2",200,application/json,18043,0.4025751559993296,"{""_items"": [{""_id"": ""5d140e24f9af8b71c9e4cd16"", ""userInputs"": null, ""userID"": null, ""sessionID"": ""2_39_79_381_2019-06-10 16:52:30.651410"", ""stationID"": ""2-39-79-381"", ""spaceID"": ""CA-490"", ""siteID"": ""0002"", ""clusterID"": ""0039"", ""connectionTime"": ""Mon, 10 Jun 2019 16:52:31 GMT"", ""disconnectTime"": ""Tue",success
2026-08-17T00:44:05.333763+00:00,caltech:2019-06-04:2019-06-11:page3,1,"https://ev.caltech.edu/api/v1/sessions/caltech?where=connectionTime%3E=%22Tue,%2004%20Jun%202019%2000:00:00%20GMT%22%20and%20connectionTime%3C%22Tue,%2011%20Jun%202019%2000:00:00%20GMT%22%20and%20kWhDelivered%3E=0.0&sort=-connectionTime&page=3",200,application/json,17563,0.2173331740004869,"{""_items"": [{""_id"": ""5d116b0df9af8b6a29dc47f9"", ""userInputs"": [{""userID"": 1202, ""milesRequested"": 40, ""WhPerMile"": 375, ""minutesAvailable"": 155, ""modifiedAt"": ""Sat, 08 Jun 2019 23:14:02 GMT"", ""paymentRequired"": true, ""requestedDeparture"": ""Sun, 09 Jun 2019 01:48:47 GMT"", ""kWhRequested"": 15.0}], ""use",success
2026-08-17T00:44:05.976711+00:00,caltech:2019-06-04:2019-06-11:page4,1,"https://ev.caltech.edu/api/v1/sessions/caltech?where=connectionTime%3E=%22Tue,%2004%20Jun%202019%2000:00:00%20GMT%22%20and%20connectionTime%3C%22Tue,%2011%20Jun%202019%2000:00:00%20GMT%22%20and%20kWhDelivered%3E=0.0&sort=-connectionTime&page=4",200,application/json,18508,0.388491828000042,"{""_items"": [{""_id"": ""5d1019a2f9af8b6656246700"", ""userInputs"": [{""userID"": 620, ""milesRequested"": 20, ""WhPerMile"": 500, ""minutesAvailable"": 319, ""modifiedAt"": ""Fri, 07 Jun 2019 17:53:38 GMT"", ""paymentRequired"": true, ""requestedDeparture"": ""Fri, 07 Jun 2019 23:12:21 GMT"", ""kWhRequested"": 10.0}], ""user",success
2026-08-17T00:44:06.505118+00:00,caltech:2019-06-04:2019-06-11:page5,1,"https://ev.caltech.edu/api/v1/sessions/caltech?where=connectionTime%3E=%22Tue,%2004%20Jun%202019%2000:00:00%20GMT%22%20and%20connectionTime%3C%22Tue,%2011%20Jun%202019%2000:00:00%20GMT%22%20and%20kWhDelivered%3E=0.0&sort=-connectionTime&page=5",200,application/json,16190,0.27217934199961746,"{""_items"": [{""_id"": ""5d0ec81ef9af8b624cec5038"", ""userInputs"": null, ""userID"": null, ""sessionID"": ""2_39_124_22_2019-06-06 21:23:34.773481"", ""stationID"": ""2-39-124-22"", ""spaceID"": ""CA-312"", ""siteID"": ""0002"", ""clusterID"": ""0039"", ""connectionTime"": ""Thu, 06 Jun 2019 21:23:35 GMT"", ""disconnectTime"": ""Fri",success
2026-08-17T00:44:07.169928+00:00,caltech:2019-06-04:2019-06-11:page6,1,"https://ev.caltech.edu/api/v1/sessions/caltech?where=connectionTime%3E=%22Tue,%2004%20Jun%202019%2000:00:00%20GMT%22%20and%20connectionTime%3C%22Tue,%2011%20Jun%202019%2000:00:00%20GMT%22%20and%20kWhDelivered%3E=0.0&sort=-connectionTime&page=6",200,application/json,18039,0.4075812529999894,"{""_items"": [{""_id"": ""5d0ec81ef9af8b624cec501f"", ""userInputs"": [{""userID"": 559, ""milesRequested"": 40, ""WhPerMile"": 313, ""minutesAvailable"": 506, ""modifiedAt"": ""Thu, 06 Jun 2019 15:26:35 GMT"", ""paymentRequired"": true, ""requestedDeparture"": ""Thu, 06 Jun 2019 23:52:10 GMT"", ""kWhRequested"": 12.52}], ""use",success
2026-08-17T00:44:07.831942+00:00,caltech:2019-06-04:2019-06-11:page7,1,"https://ev.caltech.edu/api/v1/sessions/caltech?where=connectionTime%3E=%22Tue,%2004%20Jun%202019%2000:00:00%20GMT%22%20and%20connectionTime%3C%22Tue,%2011%20Jun%202019%2000:00:00%20GMT%22%20and%20kWhDelivered%3E=0.0&sort=-connectionTime&page=7",200,application/json,19431,0.4042826189997868,"{""_items"": [{""_id"": ""5d0d769ef9af8b5e7728d3a2"", ""userInputs"": [{""userID"": 2743, ""milesRequested"": 100, ""WhPerMile"": 300, ""minutesAvailable"": 476, ""modifiedAt"": ""Wed, 05 Jun 2019 16:47:21 GMT"", ""paymentRequired"": true, ""requestedDeparture"": ""Thu, 06 Jun 2019 00:43:22 GMT"", ""kWhRequested"": 30.0}, {""us",success
2026-08-17T00:44:08.406072+00:00,caltech:2019-06-04:2019-06-11:page8,1,"https://ev.caltech.edu/api/v1/sessions/caltech?where=connectionTime%3E=%22Tue,%2004%20Jun%202019%2000:00:00%20GMT%22%20and%20connectionTime%3C%22Tue,%2011%20Jun%202019%2000:00:00%20GMT%22%20and%20kWhDelivered%3E=0.0&sort=-connectionTime&page=8",200,application/json,18957,0.3154857780000384,"{""_items"": [{""_id"": ""5d0c251ff9af8b5a6c4191a8"", ""userInputs"": [{""userID"": 609, ""milesRequested"": 100, ""WhPerMile"": 200, ""minutesAvailable"": 106, ""modifiedAt"": ""Tue, 04 Jun 2019 20:02:26 GMT"", ""paymentRequired"": true, ""requestedDeparture"": ""Tue, 04 Jun 2019 21:44:02 GMT"", ""kWhRequested"": 20.0}], ""use",success
2026-08-17T00:44:08.880266+00:00,caltech:2019-06-04:2019-06-11:page9,1,"https://ev.caltech.edu/api/v1/sessions/caltech?where=connectionTime%3E=%22Tue,%2004%20Jun%202019%2000:00:00%20GMT%22%20and%20connectionTime%3C%22Tue,%2011%20Jun%202019%2000:00:00%20GMT%22%20and%20kWhDelivered%3E=0.0&sort=-connectionTime&page=9",200,application/json,6779,0.21766238499913015,"{""_items"": [{""_id"": ""5d0c251ff9af8b5a6c41918f"", ""userInputs"": [{""userID"": 569, ""milesRequested"": 40, ""WhPerMile"": 300, ""minutesAvailable"": 232, ""modifiedAt"": ""Tue, 04 Jun 2019 14:30:30 GMT"", ""paymentRequired"": true, ""requestedDeparture"": ""Tue, 04 Jun 2019 18:22:13 GMT"", ""kWhRequested"": 12.0}], ""user",success
2026-08-17T00:44:10.519676+00:00,caltech:2019-06-11:2019-06-18:page1,1,https://ev.caltech.edu/api/v1/sessions/caltech?where=connectionTime%3E%3D%22Tue%2C+11+Jun+2019+00%3A00%3A00+GMT%22+and+connectionTime%3C%22Tue%2C+18+Jun+2019+00%3A00%3A00+GMT%22+and+kWhDelivered%3E%3D0.0&sort=-connectionTime,200,application/json,17136,0.6306577529994684,"{""_items"": [{""_id"": ""5d213d14f9af8b1dcfe54d5f"", ""userInputs"": null, ""userID"": null, ""sessionID"": ""2_39_78_360_2019-06-17 22:45:06.024168"", ""stationID"": ""2-39-78-360"", ""spaceID"": ""CA-322"", ""siteID"": ""0002"", ""clusterID"": ""0039"", ""connectionTime"": ""Mon, 17 Jun 2019 22:45:06 GMT"", ""disconnectTime"": ""Mon",success
2026-08-17T00:44:11.300288+00:00,caltech:2019-06-11:2019-06-18:page2,1,"https://ev.caltech.edu/api/v1/sessions/caltech?where=connectionTime%3E=%22Tue,%2011%20Jun%202019%2000:00:00%20GMT%22%20and%20connectionTime%3C%22Tue,%2018%20Jun%202019%2000:00:00%20GMT%22%20and%20kWhDelivered%3E=0.0&sort=-connectionTime&page=2",200,application/json,19441,0.5240626649992919,"{""_items"": [{""_id"": ""5d213d14f9af8b1dcfe54d46"", ""userInputs"": [{""userID"": 559, ""milesRequested"": 30, ""WhPerMile"": 278, ""minutesAvailable"": 485, ""modifiedAt"": ""Mon, 17 Jun 2019 16:26:16 GMT"", ""paymentRequired"": true, ""requestedDeparture"": ""Tue, 18 Jun 2019 00:30:52 GMT"", ""kWhRequested"": 8.34}], ""user",success
2026-08-17T00:44:11.796387+00:00,caltech:2019-06-11:2019-06-18:page3,1,"https://ev.caltech.edu/api/v1/sessions/caltech?where=connectionTime%3E=%22Tue,%2011%20Jun%202019%2000:00:00%20GMT%22%20and%20connectionTime%3C%22Tue,%2018%20Jun%202019%2000:00:00%20GMT%22%20and%20kWhDelivered%3E=0.0&sort=-connectionTime&page=3",200,application/json,17230,0.23636200500004634,"{""_items"": [{""_id"": ""5d213d10f9af8b1dcfe54d2d"", ""userInputs"": [{""userID"": 838, ""milesRequested"": 80, ""WhPerMile"": 433, ""minutesAvailable"": 307, ""modifiedAt"": ""Sat, 15 Jun 2019 16:36:27 GMT"", ""paymentRequired"": true, ""requestedDeparture"": ""Sat, 15 Jun 2019 21:42:34 GMT"", ""kWhRequested"": 34.64}], ""use",success
2026-08-17T00:44:12.290625+00:00,caltech:2019-06-11:2019-06-18:page4,1,"https://ev.caltech.edu/api/v1/sessions/caltech?where=connectionTime%3E=%22Tue,%2011%20Jun%202019%2000:00:00%20GMT%22%20and%20connectionTime%3C%22Tue,%2018%20Jun%202019%2000:00:00%20GMT%22%20and%20kWhDelivered%3E=0.0&sort=-connectionTime&page=4",200,application/json,15716,0.2351090780002778,"{""_items"": [{""_id"": ""5d195425f9af8b054f904e51"", ""userInputs"": null, ""userID"": null, ""sessionID"": ""2_39_79_376_2019-06-14 17:22:07.080801"", ""stationID"": ""2-39-79-376"", ""spaceID"": ""CA-324"", ""siteID"": ""0002"", ""clusterID"": ""0039"", ""connectionTime"": ""Fri, 14 Jun 2019 17:21:06 GMT"", ""disconnectTime"": ""Sat",success
2026-08-17T00:44:12.975033+00:00,caltech:2019-06-11:2019-06-18:page5,1,"https://ev.caltech.edu/api/v1/sessions/caltech?where=connectionTime%3E=%22Tue,%2011%20Jun%202019%2000:00:00%20GMT%22%20and%20connectionTime%3C%22Tue,%2018%20Jun%202019%2000:00:00%20GMT%22%20and%20kWhDelivered%3E=0.0&sort=-connectionTime&page=5",200,application/json,18045,0.42466224700001476,"{""_items"": [{""_id"": ""5d195425f9af8b054f904e38"", ""userInputs"": [{""userID"": 222, ""milesRequested"": 10, ""WhPerMile"": 400, ""minutesAvailable"": 394, ""modifiedAt"": ""Fri, 14 Jun 2019 15:26:01 GMT"", ""paymentRequired"": true, ""requestedDeparture"": ""Fri, 14 Jun 2019 21:58:59 GMT"", ""kWhRequested"": 4.0}], ""userI",success
2026-08-17T00:44:13.467684+00:00,caltech:2019-06-11:2019-06-18:page6,1,"https://ev.caltech.edu/api/v1/sessions/caltech?where=connectionTime%3E=%22Tue,%2011%20Jun%202019%2000:00:00%20GMT%22%20and%20connectionTime%3C%22Tue,%2018%20Jun%202019%2000:00:00%20GMT%22%20and%20kWhDelivered%3E=0.0&sort=-connectionTime&page=6",200,application/json,16415,0.23646694299986848,"{""_items"": [{""_id"": ""5d18029ef9af8b7fe5078425"", ""userInputs"": null, ""userID"": null, ""sessionID"": ""2_39_79_380_2019-06-13 17:29:42.895904"", ""stationID"": ""2-39-79-380"", ""spaceID"": ""CA-489"", ""siteID"": ""0002"", ""clusterID"": ""0039"", ""connectionTime"": ""Thu, 13 Jun 2019 17:29:43 GMT"", ""disconnectTime"": ""Fri",success
2026-08-17T00:44:13.953817+00:00,caltech:2019-06-11:2019-06-18:page7,1,"https://ev.caltech.edu/api/v1/sessions/caltech?where=connectionTime%3E=%22Tue,%2011%20Jun%202019%2000:00:00%20GMT%22%20and%20connectionTime%3C%22Tue,%2018%20Jun%202019%2000:00:00%20GMT%22%20and%20kWhDelivered%3E=0.0&sort=-connectionTime&page=7",200,application/json,17114,0.22805431600045267,"{""_items"": [{""_id"": ""5d16b124f9af8b7bdb8babae"", ""userInputs"": null, ""userID"": null, ""sessionID"": ""2_39_78_367_2019-06-12 20:13:17.091584"", ""stationID"": ""2-39-78-367"", ""spaceID"": ""CA-494"", ""siteID"": ""0002"", ""clusterID"": ""0039"", ""connectionTime"": ""Wed, 12 Jun 2019 20:13:17 GMT"", ""disconnectTime"": ""Thu",success
2026-08-17T00:44:14.617599+00:00,caltech:2019-06-11:2019-06-18:page8,1,"https://ev.caltech.edu/api/v1/sessions/caltech?where=connectionTime%3E=%22Tue,%2011%20Jun%202019%2000:00:00%20GMT%22%20and%20connectionTime%3C%22Tue,%2018%20Jun%202019%2000:00:00%20GMT%22%20and%20kWhDelivered%3E=0.0&sort=-connectionTime&page=8",200,application/json,18042,0.40805240600002435,"{""_items"": [{""_id"": ""5d16b124f9af8b7bdb8bab95"", ""userInputs"": [{""userID"": 423, ""milesRequested"": 100, ""WhPerMile"": 575, ""minutesAvailable"": 454, ""modifiedAt"": ""Wed, 12 Jun 2019 16:01:25 GMT"", ""paymentRequired"": true, ""requestedDeparture"": ""Wed, 12 Jun 2019 23:35:08 GMT"", ""kWhRequested"": 57.5}], ""use",success
2026-08-17T00:44:15.105487+00:00,caltech:2019-06-11:2019-06-18:page9,1,"https://ev.caltech.edu/api/v1/sessions/caltech?where=connectionTime%3E=%22Tue,%2011%20Jun%202019%2000:00:00%20GMT%22%20and%20connectionTime%3C%22Tue,%2018%20Jun%202019%2000:00:00%20GMT%22%20and%20kWhDelivered%3E=0.0&sort=-connectionTime&page=9",200,application/json,17126,0.22945458400045027,"{""_items"": [{""_id"": ""5d155fa2f9af8b768b06a590"", ""userInputs"": [{""userID"": 1124, ""milesRequested"": 20, ""WhPerMile"": 450, ""minutesAvailable"": 30, ""modifiedAt"": ""Tue, 11 Jun 2019 20:12:36 GMT"", ""paymentRequired"": true, ""requestedDeparture"": ""Tue, 11 Jun 2019 20:41:37 GMT"", ""kWhRequested"": 9.0}], ""userI",success
2026-08-17T00:44:15.580386+00:00,caltech:2019-06-11:2019-06-18:page10,1,"https://ev.caltech.edu/api/v1/sessions/caltech?where=connectionTime%3E=%22Tue,%2011%20Jun%202019%2000:00:00%20GMT%22%20and%20connectionTime%3C%22Tue,%2018%20Jun%202019%2000:00:00%20GMT%22%20and%20kWhDelivered%3E=0.0&sort=-connectionTime&page=10",200,application/json,7440,0.21691960399948584,"{""_items"": [{""_id"": ""5d155fa2f9af8b768b06a577"", ""userInputs"": [{""userID"": 712, ""milesRequested"": 20, ""WhPerMile"": 600, ""minutesAvailable"": 232, ""modifiedAt"": ""Tue, 11 Jun 2019 16:11:04 GMT"", ""paymentRequired"": true, ""requestedDeparture"": ""Tue, 11 Jun 2019 20:02:57 GMT"", ""kWhRequested"": 12.0}], ""user",success
2026-08-17T00:44:17.019381+00:00,caltech:2019-06-18:2019-06-25:page1,1,https://ev.caltech.edu/api/v1/sessions/caltech?where=connectionTime%3E%3D%22Tue%2C+18+Jun+2019+00%3A00%3A00+GMT%22+and+connectionTime%3C%22Tue%2C+25+Jun+2019+00%3A00%3A00+GMT%22+and+kWhDelivered%3E%3D0.0&sort=-connectionTime,200,application/json,16440,0.42881824299911386,"{""_items"": [{""_id"": ""5d29260df9af8b379ee92070"", ""userInputs"": [{""userID"": 1746, ""milesRequested"": 20, ""WhPerMile"": 600, ""minutesAvailable"": 108, ""modifiedAt"": ""Mon, 24 Jun 2019 23:37:33 GMT"", ""paymentRequired"": true, ""requestedDeparture"": ""Tue, 25 Jun 2019 01:22:53 GMT"", ""kWhRequested"": 12.0}, {""use",success
2026-08-17T00:44:17.705274+00:00,caltech:2019-06-18:2019-06-25:page2,1,"https://ev.caltech.edu/api/v1/sessions/caltech?where=connectionTime%3E=%22Tue,%2018%20Jun%202019%2000:00:00%20GMT%22%20and%20connectionTime%3C%22Tue,%2025%20Jun%202019%2000:00:00%20GMT%22%20and%20kWhDelivered%3E=0.0&sort=-connectionTime&page=2",200,application/json,17357,0.4256007390004015,"{""_items"": [{""_id"": ""5d29260df9af8b379ee92057"", ""userInputs"": [{""userID"": 69, ""milesRequested"": 100, ""WhPerMile"": 300, ""minutesAvailable"": 360, ""modifiedAt"": ""Mon, 24 Jun 2019 16:04:53 GMT"", ""paymentRequired"": true, ""requestedDeparture"": ""Mon, 24 Jun 2019 22:04:30 GMT"", ""kWhRequested"": 30.0}], ""user",success
2026-08-17T00:44:18.205603+00:00,caltech:2019-06-18:2019-06-25:page3,1,"https://ev.caltech.edu/api/v1/sessions/caltech?where=connectionTime%3E=%22Tue,%2018%20Jun%202019%2000:00:00%20GMT%22%20and%20connectionTime%3C%22Tue,%2025%20Jun%202019%2000:00:00%20GMT%22%20and%20kWhDelivered%3E=0.0&sort=-connectionTime&page=3",200,application/json,16192,0.2425479859994084,"{""_items"": [{""_id"": ""5d23e00ef9af8b25bf84ea9a"", ""userInputs"": null, ""userID"": null, ""sessionID"": ""2_39_129_17_2019-06-22 21:43:29.354973"", ""stationID"": ""2-39-129-17"", ""spaceID"": ""CA-307"", ""siteID"": ""0002"", ""clusterID"": ""0039"", ""connectionTime"": ""Sat, 22 Jun 2019 21:43:29 GMT"", ""disconnectTime"": ""Sat",success
2026-08-17T00:44:18.867780+00:00,caltech:2019-06-18:2019-06-25:page4,1,"https://ev.caltech.edu/api/v1/sessions/caltech?where=connectionTime%3E=%22Tue,%2018%20Jun%202019%2000:00:00%20GMT%22%20and%20connectionTime%3C%22Tue,%2025%20Jun%202019%2000:00:00%20GMT%22%20and%20kWhDelivered%3E=0.0&sort=-connectionTime&page=4",200,application/json,18049,0.40487997199943493,"{""_items"": [{""_id"": ""5d23e00df9af8b25bf84ea81"", ""userInputs"": [{""userID"": 632, ""milesRequested"": 40, ""WhPerMile"": 400, ""minutesAvailable"": 252, ""modifiedAt"": ""Fri, 21 Jun 2019 16:31:55 GMT"", ""paymentRequired"": true, ""requestedDeparture"": ""Fri, 21 Jun 2019 20:42:35 GMT"", ""kWhRequested"": 16.0}], ""user",success
2026-08-17T00:44:19.370507+00:00,caltech:2019-06-18:2019-06-25:page5,1,"https://ev.caltech.edu/api/v1/sessions/caltech?where=connectionTime%3E=%22Tue,%2018%20Jun%202019%2000:00:00%20GMT%22%20and%20connectionTime%3C%22Tue,%2025%20Jun%202019%2000:00:00%20GMT%22%20and%20kWhDelivered%3E=0.0&sort=-connectionTime&page=5",200,application/json,16207,0.24190955700032646,"{""_items"": [{""_id"": ""5d213d1ef9af8b1dcfe54dcc"", ""userInputs"": [{""userID"": 560, ""milesRequested"": 70, ""WhPerMile"": 273, ""minutesAvailable"": 236, ""modifiedAt"": ""Thu, 20 Jun 2019 19:59:46 GMT"", ""paymentRequired"": true, ""requestedDeparture"": ""Thu, 20 Jun 2019 23:55:33 GMT"", ""kWhRequested"": 19.11}], ""use",success
2026-08-17T00:44:20.033956+00:00,caltech:2019-06-18:2019-06-25:page6,1,"https://ev.caltech.edu/api/v1/sessions/caltech?where=connectionTime%3E=%22Tue,%2018%20Jun%202019%2000:00:00%20GMT%22%20and%20connectionTime%3C%22Tue,%2025%20Jun%202019%2000:00:00%20GMT%22%20and%20kWhDelivered%3E=0.0&sort=-connectionTime&page=6",200,application/json,16658,0.40296344200032763,"{""_items"": [{""_id"": ""5d213d1bf9af8b1dcfe54db3"", ""userInputs"": null, ""userID"": null, ""sessionID"": ""2_39_131_30_2019-06-20 01:42:43.602003"", ""stationID"": ""2-39-131-30"", ""spaceID"": ""CA-305"", ""siteID"": ""0002"", ""clusterID"": ""0039"", ""connectionTime"": ""Thu, 20 Jun 2019 01:42:44 GMT"", ""disconnectTime"": ""Thu",success
2026-08-17T00:44:20.684419+00:00,caltech:2019-06-18:2019-06-25:page7,1,"https://ev.caltech.edu/api/v1/sessions/caltech?where=connectionTime%3E=%22Tue,%2018%20Jun%202019%2000:00:00%20GMT%22%20and%20connectionTime%3C%22Tue,%2025%20Jun%202019%2000:00:00%20GMT%22%20and%20kWhDelivered%3E=0.0&sort=-connectionTime&page=7",200,application/json,16901,0.3944353269998828,"{""_items"": [{""_id"": ""5d213d1bf9af8b1dcfe54d9a"", ""userInputs"": null, ""userID"": null, ""sessionID"": ""2_39_79_380_2019-06-19 16:15:15.290262"", ""stationID"": ""2-39-79-380"", ""spaceID"": ""CA-489"", ""siteID"": ""0002"", ""clusterID"": ""0039"", ""connectionTime"": ""Wed, 19 Jun 2019 16:15:15 GMT"", ""disconnectTime"": ""Thu",success
2026-08-17T00:44:21.326993+00:00,caltech:2019-06-18:2019-06-25:page8,1,"https://ev.caltech.edu/api/v1/sessions/caltech?where=connectionTime%3E=%22Tue,%2018%20Jun%202019%2000:00:00%20GMT%22%20and%20connectionTime%3C%22Tue,%2025%20Jun%202019%2000:00:00%20GMT%22%20and%20kWhDelivered%3E=0.0&sort=-connectionTime&page=8",200,application/json,16906,0.38412008400064224,"{""_items"": [{""_id"": ""5d213d18f9af8b1dcfe54d81"", ""userInputs"": [{""userID"": 560, ""milesRequested"": 20, ""WhPerMile"": 273, ""minutesAvailable"": 260, ""modifiedAt"": ""Tue, 18 Jun 2019 19:34:34 GMT"", ""paymentRequired"": true, ""requestedDeparture"": ""Tue, 18 Jun 2019 23:54:20 GMT"", ""kWhRequested"": 5.46}], ""user",success
2026-08-17T00:44:21.784344+00:00,caltech:2019-06-18:2019-06-25:page9,1,"https://ev.caltech.edu/api/v1/sessions/caltech?where=connectionTime%3E=%22Tue,%2018%20Jun%202019%2000:00:00%20GMT%22%20and%20connectionTime%3C%22Tue,%2025%20Jun%202019%2000:00:00%20GMT%22%20and%20kWhDelivered%3E=0.0&sort=-connectionTime&page=9",200,application/json,6521,0.20141988999966998,"{""_items"": [{""_id"": ""5d213d18f9af8b1dcfe54d68"", ""userInputs"": [{""userID"": 1164, ""milesRequested"": 20, ""WhPerMile"": 525, ""minutesAvailable"": 236, ""modifiedAt"": ""Tue, 18 Jun 2019 16:08:38 GMT"", ""paymentRequired"": true, ""requestedDeparture"": ""Tue, 18 Jun 2019 20:04:23 GMT"", ""kWhRequested"": 10.5}], ""use",success
2026-08-17T00:44:23.264233+00:00,caltech:2019-06-25:2019-07-02:page1,1,https://ev.caltech.edu/api/v1/sessions/caltech?where=connectionTime%3E%3D%22Tue%2C+25+Jun+2019+00%3A00%3A00+GMT%22+and+connectionTime%3C%22Tue%2C+02+Jul+2019+00%3A00%3A00+GMT%22+and+kWhDelivered%3E%3D0.0&sort=-connectionTime,200,application/json,17128,0.47510071499982587,"{""_items"": [{""_id"": ""5d2fbd9ff9af8b4d0dd0d509"", ""userInputs"": [{""userID"": 1366, ""milesRequested"": 20, ""WhPerMile"": 600, ""minutesAvailable"": 269, ""modifiedAt"": ""Mon, 01 Jul 2019 22:47:18 GMT"", ""paymentRequired"": true, ""requestedDeparture"": ""Tue, 02 Jul 2019 03:15:32 GMT"", ""kWhRequested"": 12.0}], ""use",success
2026-08-17T00:44:23.929975+00:00,caltech:2019-06-25:2019-07-02:page2,1,"https://ev.caltech.edu/api/v1/sessions/caltech?where=connectionTime%3E=%22Tue,%2025%20Jun%202019%2000:00:00%20GMT%22%20and%20connectionTime%3C%22Tue,%2002%20Jul%202019%2000:00:00%20GMT%22%20and%20kWhDelivered%3E=0.0&sort=-connectionTime&page=2",200,application/json,17966,0.4054437640006654,"{""_items"": [{""_id"": ""5d2fbd9ff9af8b4d0dd0d4f0"", ""userInputs"": [{""userID"": 743, ""milesRequested"": 20, ""WhPerMile"": 400, ""minutesAvailable"": 68, ""modifiedAt"": ""Mon, 01 Jul 2019 13:31:11 GMT"", ""paymentRequired"": true, ""requestedDeparture"": ""Mon, 01 Jul 2019 14:38:33 GMT"", ""kWhRequested"": 8.0}], ""userID",success
2026-08-17T00:44:24.579206+00:00,caltech:2019-06-25:2019-07-02:page3,1,"https://ev.caltech.edu/api/v1/sessions/caltech?where=connectionTime%3E=%22Tue,%2025%20Jun%202019%2000:00:00%20GMT%22%20and%20connectionTime%3C%22Tue,%2002%20Jul%202019%2000:00:00%20GMT%22%20and%20kWhDelivered%3E=0.0&sort=-connectionTime&page=3",200,application/json,17370,0.3895702870004243,"{""_items"": [{""_id"": ""5d2bc90cf9af8b3f55244163"", ""userInputs"": [{""userID"": 1082, ""milesRequested"": 40, ""WhPerMile"": 400, ""minutesAvailable"": 291, ""modifiedAt"": ""Fri, 28 Jun 2019 20:06:43 GMT"", ""paymentRequired"": true, ""requestedDeparture"": ""Sat, 29 Jun 2019 00:56:54 GMT"", ""kWhRequested"": 16.0}], ""use",success
2026-08-17T00:44:25.127602+00:00,caltech:2019-06-25:2019-07-02:page4,1,"https://ev.caltech.edu/api/v1/sessions/caltech?where=connectionTime%3E=%22Tue,%2025%20Jun%202019%2000:00:00%20GMT%22%20and%20connectionTime%3C%22Tue,%2002%20Jul%202019%2000:00:00%20GMT%22%20and%20kWhDelivered%3E=0.0&sort=-connectionTime&page=4",200,application/json,15736,0.2922994959999414,"{""_items"": [{""_id"": ""5d2a778ef9af8b3b7a370310"", ""userInputs"": [{""userID"": 431, ""milesRequested"": 40, ""WhPerMile"": 300, ""minutesAvailable"": 170, ""modifiedAt"": ""Fri, 28 Jun 2019 03:32:27 GMT"", ""paymentRequired"": true, ""requestedDeparture"": ""Fri, 28 Jun 2019 06:21:51 GMT"", ""kWhRequested"": 12.0}], ""user",success
2026-08-17T00:44:25.764402+00:00,caltech:2019-06-25:2019-07-02:page5,1,"https://ev.caltech.edu/api/v1/sessions/caltech?where=connectionTime%3E=%22Tue,%2025%20Jun%202019%2000:00:00%20GMT%22%20and%20connectionTime%3C%22Tue,%2002%20Jul%202019%2000:00:00%20GMT%22%20and%20kWhDelivered%3E=0.0&sort=-connectionTime&page=5",200,application/json,16673,0.38142680900000414,"{""_items"": [{""_id"": ""5d2a778ef9af8b3b7a3702f7"", ""userInputs"": [{""userID"": 858, ""milesRequested"": 20, ""WhPerMile"": 400, ""minutesAvailable"": 223, ""modifiedAt"": ""Thu, 27 Jun 2019 16:42:43 GMT"", ""paymentRequired"": true, ""requestedDeparture"": ""Thu, 27 Jun 2019 20:24:37 GMT"", ""kWhRequested"": 8.0}], ""userI",success
2026-08-17T00:44:26.405505+00:00,caltech:2019-06-25:2019-07-02:page6,1,"https://ev.caltech.edu/api/v1/sessions/caltech?where=connectionTime%3E=%22Tue,%2025%20Jun%202019%2000:00:00%20GMT%22%20and%20connectionTime%3C%22Tue,%2002%20Jul%202019%2000:00:00%20GMT%22%20and%20kWhDelivered%3E=0.0&sort=-connectionTime&page=6",200,application/json,16680,0.38401147500007937,"{""_items"": [{""_id"": ""5d292613f9af8b379ee920b9"", ""userInputs"": [{""userID"": 369, ""milesRequested"": 50, ""WhPerMile"": 375, ""minutesAvailable"": 182, ""modifiedAt"": ""Wed, 26 Jun 2019 20:39:44 GMT"", ""paymentRequired"": true, ""requestedDeparture"": ""Wed, 26 Jun 2019 23:37:37 GMT"", ""kWhRequested"": 18.75}], ""use",success
2026-08-17T00:44:26.880631+00:00,caltech:2019-06-25:2019-07-02:page7,1,"https://ev.caltech.edu/api/v1/sessions/caltech?where=connectionTime%3E=%22Tue,%2025%20Jun%202019%2000:00:00%20GMT%22%20and%20connectionTime%3C%22Tue,%2002%20Jul%202019%2000:00:00%20GMT%22%20and%20kWhDelivered%3E=0.0&sort=-connectionTime&page=7",200,application/json,15751,0.21620940100001462,"{""_items"": [{""_id"": ""5d292613f9af8b379ee920a0"", ""userInputs"": [{""userID"": 712, ""milesRequested"": 20, ""WhPerMile"": 600, ""minutesAvailable"": 395, ""modifiedAt"": ""Wed, 26 Jun 2019 15:41:30 GMT"", ""paymentRequired"": true, ""requestedDeparture"": ""Wed, 26 Jun 2019 22:16:24 GMT"", ""kWhRequested"": 12.0}], ""user",success
2026-08-17T00:44:27.393790+00:00,caltech:2019-06-25:2019-07-02:page8,1,"https://ev.caltech.edu/api/v1/sessions/caltech?where=connectionTime%3E=%22Tue,%2025%20Jun%202019%2000:00:00%20GMT%22%20and%20connectionTime%3C%22Tue,%2002%20Jul%202019%2000:00:00%20GMT%22%20and%20kWhDelivered%3E=0.0&sort=-connectionTime&page=8",200,application/json,13331,0.25939291099984985,"{""_items"": [{""_id"": ""5d292610f9af8b379ee92087"", ""userInputs"": [{""userID"": 324, ""milesRequested"": 20, ""WhPerMile"": 600, ""minutesAvailable"": 159, ""modifiedAt"": ""Tue, 25 Jun 2019 16:48:26 GMT"", ""paymentRequired"": true, ""requestedDeparture"": ""Tue, 25 Jun 2019 19:25:25 GMT"", ""kWhRequested"": 12.0}], ""user",success
2026-08-17T00:44:28.998521+00:00,caltech:2019-07-02:2019-07-09:page1,1,https://ev.caltech.edu/api/v1/sessions/caltech?where=connectionTime%3E%3D%22Tue%2C+02+Jul+2019+00%3A00%3A00+GMT%22+and+connectionTime%3C%22Tue%2C+09+Jul+2019+00%3A00%3A00+GMT%22+and+kWhDelivered%3E%3D0.0&sort=-connectionTime,200,application/json,18053,0.6013974150000649,"{""_items"": [{""_id"": ""5d38f81ef9af8b69fe3549ee"", ""userInputs"": [{""userID"": 1272, ""milesRequested"": 70, ""WhPerMile"": 400, ""minutesAvailable"": 293, ""modifiedAt"": ""Mon, 08 Jul 2019 23:38:31 GMT"", ""paymentRequired"": true, ""requestedDeparture"": ""Tue, 09 Jul 2019 04:31:26 GMT"", ""kWhRequested"": 28.0}, {""use",success
2026-08-17T00:44:29.660779+00:00,caltech:2019-07-02:2019-07-09:page2,1,"https://ev.caltech.edu/api/v1/sessions/caltech?where=connectionTime%3E=%22Tue,%2002%20Jul%202019%2000:00:00%20GMT%22%20and%20connectionTime%3C%22Tue,%2009%20Jul%202019%2000:00:00%20GMT%22%20and%20kWhDelivered%3E=0.0&sort=-connectionTime&page=2",200,application/json,19602,0.4070282339998812,"{""_items"": [{""_id"": ""5d38f81ef9af8b69fe3549d5"", ""userInputs"": [{""userID"": 569, ""milesRequested"": 140, ""WhPerMile"": 300, ""minutesAvailable"": 546, ""modifiedAt"": ""Mon, 08 Jul 2019 15:33:13 GMT"", ""paymentRequired"": true, ""requestedDeparture"": ""Tue, 09 Jul 2019 00:39:02 GMT"", ""kWhRequested"": 42.0}], ""use",success
2026-08-17T00:44:30.148780+00:00,caltech:2019-07-02:2019-07-09:page3,1,"https://ev.caltech.edu/api/v1/sessions/caltech?where=connectionTime%3E=%22Tue,%2002%20Jul%202019%2000:00:00%20GMT%22%20and%20connectionTime%3C%22Tue,%2009%20Jul%202019%2000:00:00%20GMT%22%20and%20kWhDelivered%3E=0.0&sort=-connectionTime&page=3",200,application/json,17534,0.22477551400061202,"{""_items"": [{""_id"": ""5d35038df9af8b5eb4734d27"", ""userInputs"": [{""userID"": 1095, ""milesRequested"": 20, ""WhPerMile"": 469, ""minutesAvailable"": 421, ""modifiedAt"": ""Fri, 05 Jul 2019 17:13:06 GMT"", ""paymentRequired"": true, ""requestedDeparture"": ""Sat, 06 Jul 2019 00:13:58 GMT"", ""kWhRequested"": 9.38}], ""use",success
2026-08-17T00:44:30.805583+00:00,caltech:2019-07-02:2019-07-09:page4,1,"https://ev.caltech.edu/api/v1/sessions/caltech?where=connectionTime%3E=%22Tue,%2002%20Jul%202019%2000:00:00%20GMT%22%20and%20connectionTime%3C%22Tue,%2009%20Jul%202019%2000:00:00%20GMT%22%20and%20kWhDelivered%3E=0.0&sort=-connectionTime&page=4",200,application/json,17826,0.40279463899969414,"{""_items"": [{""_id"": ""5d32609cf9af8b56e4697217"", ""userInputs"": [{""userID"": 2961, ""milesRequested"": 150, ""WhPerMile"": 227, ""minutesAvailable"": 466, ""modifiedAt"": ""Wed, 03 Jul 2019 17:10:56 GMT"", ""paymentRequired"": true, ""requestedDeparture"": ""Thu, 04 Jul 2019 00:56:15 GMT"", ""kWhRequested"": 34.05}, {""u",success
2026-08-17T00:44:31.290194+00:00,caltech:2019-07-02:2019-07-09:page5,1,"https://ev.caltech.edu/api/v1/sessions/caltech?where=connectionTime%3E=%22Tue,%2002%20Jul%202019%2000:00:00%20GMT%22%20and%20connectionTime%3C%22Tue,%2009%20Jul%202019%2000:00:00%20GMT%22%20and%20kWhDelivered%3E=0.0&sort=-connectionTime&page=5",200,application/json,17584,0.22618469200006075,"{""_items"": [{""_id"": ""5d310f1ef9af8b52adda3e1b"", ""userInputs"": [{""userID"": 1082, ""milesRequested"": 40, ""WhPerMile"": 400, ""minutesAvailable"": 291, ""modifiedAt"": ""Tue, 02 Jul 2019 20:16:24 GMT"", ""paymentRequired"": true, ""requestedDeparture"": ""Wed, 03 Jul 2019 01:06:44 GMT"", ""kWhRequested"": 16.0}], ""use",success
2026-08-17T00:44:31.764503+00:00,caltech:2019-07-02:2019-07-09:page6,1,"https://ev.caltech.edu/api/v1/sessions/caltech?where=connectionTime%3E=%22Tue,%2002%20Jul%202019%2000:00:00%20GMT%22%20and%20connectionTime%3C%22Tue,%2009%20Jul%202019%2000:00:00%20GMT%22%20and%20kWhDelivered%3E=0.0&sort=-connectionTime&page=6",200,application/json,4311,0.21394541999961803,"{""_items"": [{""_id"": ""5d310f1ef9af8b52adda3e02"", ""userInputs"": [{""userID"": 2950, ""milesRequested"": 90, ""WhPerMile"": 225, ""minutesAvailable"": 60, ""modifiedAt"": ""Tue, 02 Jul 2019 13:21:05 GMT"", ""paymentRequired"": true, ""requestedDeparture"": ""Tue, 02 Jul 2019 14:18:31 GMT"", ""kWhRequested"": 20.25}, {""use",success
2026-08-17T00:44:33.504131+00:00,caltech:2019-07-09:2019-07-16:page1,1,https://ev.caltech.edu/api/v1/sessions/caltech?where=connectionTime%3E%3D%22Tue%2C+09+Jul+2019+00%3A00%3A00+GMT%22+and+connectionTime%3C%22Tue%2C+16+Jul+2019+00%3A00%3A00+GMT%22+and+kWhDelivered%3E%3D0.0&sort=-connectionTime,200,application/json,17135,0.7314243229993735,"{""_items"": [{""_id"": ""5d4232a1f9af8b089ecf8056"", ""userInputs"": [{""userID"": 1470, ""milesRequested"": 60, ""WhPerMile"": 292, ""minutesAvailable"": 267, ""modifiedAt"": ""Mon, 15 Jul 2019 20:53:04 GMT"", ""paymentRequired"": true, ""requestedDeparture"": ""Tue, 16 Jul 2019 01:19:30 GMT"", ""kWhRequested"": 17.52}], ""us",success
2026-08-17T00:44:34.229356+00:00,caltech:2019-07-09:2019-07-16:page2,1,"https://ev.caltech.edu/api/v1/sessions/caltech?where=connectionTime%3E=%22Tue,%2009%20Jul%202019%2000:00:00%20GMT%22%20and%20connectionTime%3C%22Tue,%2016%20Jul%202019%2000:00:00%20GMT%22%20and%20kWhDelivered%3E=0.0&sort=-connectionTime&page=2",200,application/json,18509,0.4671402769999986,"{""_items"": [{""_id"": ""5d4232a1f9af8b089ecf803d"", ""userInputs"": null, ""userID"": null, ""sessionID"": ""2_39_128_18_2019-07-15 16:13:03.732844"", ""stationID"": ""2-39-128-18"", ""spaceID"": ""CA-308"", ""siteID"": ""0002"", ""clusterID"": ""0039"", ""connectionTime"": ""Mon, 15 Jul 2019 16:13:04 GMT"", ""disconnectTime"": ""Mon",success
2026-08-17T00:44:34.893834+00:00,caltech:2019-07-09:2019-07-16:page3,1,"https://ev.caltech.edu/api/v1/sessions/caltech?where=connectionTime%3E=%22Tue,%2009%20Jul%202019%2000:00:00%20GMT%22%20and%20connectionTime%3C%22Tue,%2016%20Jul%202019%2000:00:00%20GMT%22%20and%20kWhDelivered%3E=0.0&sort=-connectionTime&page=3",200,application/json,17823,0.4038649690000966,"{""_items"": [{""_id"": ""5d3f8f91f9af8b7f97666a47"", ""userInputs"": [{""userID"": 1133, ""milesRequested"": 20, ""WhPerMile"": 400, ""minutesAvailable"": 148, ""modifiedAt"": ""Sat, 13 Jul 2019 17:11:56 GMT"", ""paymentRequired"": true, ""requestedDeparture"": ""Sat, 13 Jul 2019 19:39:46 GMT"", ""kWhRequested"": 8.0}], ""user",success
2026-08-17T00:44:35.551890+00:00,caltech:2019-07-09:2019-07-16:page4,1,"https://ev.caltech.edu/api/v1/sessions/caltech?where=connectionTime%3E=%22Tue,%2009%20Jul%202019%2000:00:00%20GMT%22%20and%20connectionTime%3C%22Tue,%2016%20Jul%202019%2000:00:00%20GMT%22%20and%20kWhDelivered%3E=0.0&sort=-connectionTime&page=4",200,application/json,18958,0.39713117399969633,"{""_items"": [{""_id"": ""5d3e3e1bf9af8b7bb3f147d2"", ""userInputs"": [{""userID"": 1135, ""milesRequested"": 10, ""WhPerMile"": 400, ""minutesAvailable"": 133, ""modifiedAt"": ""Fri, 12 Jul 2019 17:30:13 GMT"", ""paymentRequired"": true, ""requestedDeparture"": ""Fri, 12 Jul 2019 19:43:11 GMT"", ""kWhRequested"": 4.0}], ""user",success
2026-08-17T00:44:36.034559+00:00,caltech:2019-07-09:2019-07-16:page5,1,"https://ev.caltech.edu/api/v1/sessions/caltech?where=connectionTime%3E=%22Tue,%2009%20Jul%202019%2000:00:00%20GMT%22%20and%20connectionTime%3C%22Tue,%2016%20Jul%202019%2000:00:00%20GMT%22%20and%20kWhDelivered%3E=0.0&sort=-connectionTime&page=5",200,application/json,16898,0.22317520799970225,"{""_items"": [{""_id"": ""5d3cec9af9af8b77d5556af9"", ""userInputs"": [{""userID"": 832, ""milesRequested"": 90, ""WhPerMile"": 300, ""minutesAvailable"": 293, ""modifiedAt"": ""Thu, 11 Jul 2019 19:12:52 GMT"", ""paymentRequired"": true, ""requestedDeparture"": ""Fri, 12 Jul 2019 00:04:06 GMT"", ""kWhRequested"": 27.0}], ""user",success
2026-08-17T00:44:36.690643+00:00,caltech:2019-07-09:2019-07-16:page6,1,"https://ev.caltech.edu/api/v1/sessions/caltech?where=connectionTime%3E=%22Tue,%2009%20Jul%202019%2000:00:00%20GMT%22%20and%20connectionTime%3C%22Tue,%2016%20Jul%202019%2000:00:00%20GMT%22%20and%20kWhDelivered%3E=0.0&sort=-connectionTime&page=6",200,application/json,17591,0.39867286999924545,"{""_items"": [{""_id"": ""5d3b9b1af9af8b7392318305"", ""userInputs"": [{""userID"": 1133, ""milesRequested"": 20, ""WhPerMile"": 400, ""minutesAvailable"": 148, ""modifiedAt"": ""Thu, 11 Jul 2019 01:03:13 GMT"", ""paymentRequired"": true, ""requestedDeparture"": ""Thu, 11 Jul 2019 03:30:58 GMT"", ""kWhRequested"": 8.0}], ""user",success
2026-08-17T00:44:37.180036+00:00,caltech:2019-07-09:2019-07-16:page7,1,"https://ev.caltech.edu/api/v1/sessions/caltech?where=connectionTime%3E=%22Tue,%2009%20Jul%202019%2000:00:00%20GMT%22%20and%20connectionTime%3C%22Tue,%2016%20Jul%202019%2000:00:00%20GMT%22%20and%20kWhDelivered%3E=0.0&sort=-connectionTime&page=7",200,application/json,17348,0.23034353000002739,"{""_items"": [{""_id"": ""5d3a499bf9af8b6e7766a62e"", ""userInputs"": [{""userID"": 675, ""milesRequested"": 40, ""WhPerMile"": 399, ""minutesAvailable"": 229, ""modifiedAt"": ""Wed, 10 Jul 2019 01:53:33 GMT"", ""paymentRequired"": true, ""requestedDeparture"": ""Wed, 10 Jul 2019 05:40:42 GMT"", ""kWhRequested"": 15.96}], ""use",success
2026-08-17T00:44:37.668639+00:00,caltech:2019-07-09:2019-07-16:page8,1,"https://ev.caltech.edu/api/v1/sessions/caltech?where=connectionTime%3E=%22Tue,%2009%20Jul%202019%2000:00:00%20GMT%22%20and%20connectionTime%3C%22Tue,%2016%20Jul%202019%2000:00:00%20GMT%22%20and%20kWhDelivered%3E=0.0&sort=-connectionTime&page=8",200,application/json,7429,0.22903104899978644,"{""_items"": [{""_id"": ""5d3a499bf9af8b6e7766a615"", ""userInputs"": null, ""userID"": null, ""sessionID"": ""2_39_78_366_2019-07-09 15:22:12.804360"", ""stationID"": ""2-39-78-366"", ""spaceID"": ""CA-323"", ""siteID"": ""0002"", ""clusterID"": ""0039"", ""connectionTime"": ""Tue, 09 Jul 2019 15:22:13 GMT"", ""disconnectTime"": ""Tue",success
2026-08-17T00:44:39.330079+00:00,caltech:2019-07-16:2019-07-23:page1,1,https://ev.caltech.edu/api/v1/sessions/caltech?where=connectionTime%3E%3D%22Tue%2C+16+Jul+2019+00%3A00%3A00+GMT%22+and+connectionTime%3C%22Tue%2C+23+Jul+2019+00%3A00%3A00+GMT%22+and+kWhDelivered%3E%3D0.0&sort=-connectionTime,200,application/json,16885,0.651398784999401,"{""_items"": [{""_id"": ""5d4b6d1df9af8b256a1e0d00"", ""userInputs"": [{""userID"": 365, ""milesRequested"": 30, ""WhPerMile"": 333, ""minutesAvailable"": 130, ""modifiedAt"": ""Mon, 22 Jul 2019 23:45:22 GMT"", ""paymentRequired"": true, ""requestedDeparture"": ""Tue, 23 Jul 2019 01:55:11 GMT"", ""kWhRequested"": 9.99}], ""user",success
2026-08-17T00:44:40.077387+00:00,caltech:2019-07-16:2019-07-23:page2,1,"https://ev.caltech.edu/api/v1/sessions/caltech?where=connectionTime%3E=%22Tue,%2016%20Jul%202019%2000:00:00%20GMT%22%20and%20connectionTime%3C%22Tue,%2023%20Jul%202019%2000:00:00%20GMT%22%20and%20kWhDelivered%3E=0.0&sort=-connectionTime&page=2",200,application/json,19638,0.4879788349999217,"{""_items"": [{""_id"": ""5d4b6d1df9af8b256a1e0ce7"", ""userInputs"": [{""userID"": 68, ""milesRequested"": 80, ""WhPerMile"": 214, ""minutesAvailable"": 254, ""modifiedAt"": ""Mon, 22 Jul 2019 16:22:48 GMT"", ""paymentRequired"": true, ""requestedDeparture"": ""Mon, 22 Jul 2019 20:35:11 GMT"", ""kWhRequested"": 17.12}], ""user",success
2026-08-17T00:44:40.729426+00:00,caltech:2019-07-16:2019-07-23:page3,1,"https://ev.caltech.edu/api/v1/sessions/caltech?where=connectionTime%3E=%22Tue,%2016%20Jul%202019%2000:00:00%20GMT%22%20and%20connectionTime%3C%22Tue,%2023%20Jul%202019%2000:00:00%20GMT%22%20and%20kWhDelivered%3E=0.0&sort=-connectionTime&page=3",200,application/json,19441,0.3925806150000426,"{""_items"": [{""_id"": ""5d48ca0ef9af8b1cecee1ddd"", ""userInputs"": [{""userID"": 291, ""milesRequested"": 120, ""WhPerMile"": 250, ""minutesAvailable"": 403, ""modifiedAt"": ""Sat, 20 Jul 2019 16:21:01 GMT"", ""paymentRequired"": true, ""requestedDeparture"": ""Sat, 20 Jul 2019 23:03:57 GMT"", ""kWhRequested"": 30.0}, {""use",success
2026-08-17T00:44:41.378870+00:00,caltech:2019-07-16:2019-07-23:page4,1,"https://ev.caltech.edu/api/v1/sessions/caltech?where=connectionTime%3E=%22Tue,%2016%20Jul%202019%2000:00:00%20GMT%22%20and%20connectionTime%3C%22Tue,%2023%20Jul%202019%2000:00:00%20GMT%22%20and%20kWhDelivered%3E=0.0&sort=-connectionTime&page=4",200,application/json,20125,0.39086285200028215,"{""_items"": [{""_id"": ""5d47789bf9af8b18e4162fb6"", ""userInputs"": [{""userID"": 743, ""milesRequested"": 20, ""WhPerMile"": 400, ""minutesAvailable"": 444, ""modifiedAt"": ""Fri, 19 Jul 2019 16:21:18 GMT"", ""paymentRequired"": true, ""requestedDeparture"": ""Fri, 19 Jul 2019 23:44:58 GMT"", ""kWhRequested"": 8.0}], ""userI",success
2026-08-17T00:44:41.853029+00:00,caltech:2019-07-16:2019-07-23:page5,1,"https://ev.caltech.edu/api/v1/sessions/caltech?where=connectionTime%3E=%22Tue,%2016%20Jul%202019%2000:00:00%20GMT%22%20and%20connectionTime%3C%22Tue,%2023%20Jul%202019%2000:00:00%20GMT%22%20and%20kWhDelivered%3E=0.0&sort=-connectionTime&page=5",200,application/json,16938,0.21506057799979317,"{""_items"": [{""_id"": ""5d462720f9af8b14e0f22537"", ""userInputs"": null, ""userID"": null, ""sessionID"": ""2_39_78_362_2019-07-18 17:20:13.774181"", ""stationID"": ""2-39-78-362"", ""spaceID"": ""CA-496"", ""siteID"": ""0002"", ""clusterID"": ""0039"", ""connectionTime"": ""Thu, 18 Jul 2019 17:20:14 GMT"", ""disconnectTime"": ""Thu",success
2026-08-17T00:44:42.513029+00:00,caltech:2019-07-16:2019-07-23:page6,1,"https://ev.caltech.edu/api/v1/sessions/caltech?where=connectionTime%3E=%22Tue,%2016%20Jul%202019%2000:00:00%20GMT%22%20and%20connectionTime%3C%22Tue,%2023%20Jul%202019%2000:00:00%20GMT%22%20and%20kWhDelivered%3E=0.0&sort=-connectionTime&page=6",200,application/json,18273,0.40198170199982997,"{""_items"": [{""_id"": ""5d44d59df9af8b10f4049bb4"", ""userInputs"": [{""userID"": 1133, ""milesRequested"": 20, ""WhPerMile"": 400, ""minutesAvailable"": 148, ""modifiedAt"": ""Thu, 18 Jul 2019 00:58:39 GMT"", ""paymentRequired"": true, ""requestedDeparture"": ""Thu, 18 Jul 2019 03:26:31 GMT"", ""kWhRequested"": 8.0}], ""user",success
2026-08-17T00:44:43.233278+00:00,caltech:2019-07-16:2019-07-23:page7,1,"https://ev.caltech.edu/api/v1/sessions/caltech?where=connectionTime%3E=%22Tue,%2016%20Jul%202019%2000:00:00%20GMT%22%20and%20connectionTime%3C%22Tue,%2023%20Jul%202019%2000:00:00%20GMT%22%20and%20kWhDelivered%3E=0.0&sort=-connectionTime&page=7",200,application/json,20148,0.45939778100000694,"{""_items"": [{""_id"": ""5d44d59df9af8b10f4049b9b"", ""userInputs"": [{""userID"": 2170, ""milesRequested"": 60, ""WhPerMile"": 357, ""minutesAvailable"": 191, ""modifiedAt"": ""Wed, 17 Jul 2019 16:25:03 GMT"", ""paymentRequired"": true, ""requestedDeparture"": ""Wed, 17 Jul 2019 19:35:46 GMT"", ""kWhRequested"": 21.42}], ""us",success
2026-08-17T00:44:43.725792+00:00,caltech:2019-07-16:2019-07-23:page8,1,"https://ev.caltech.edu/api/v1/sessions/caltech?where=connectionTime%3E=%22Tue,%2016%20Jul%202019%2000:00:00%20GMT%22%20and%20connectionTime%3C%22Tue,%2023%20Jul%202019%2000:00:00%20GMT%22%20and%20kWhDelivered%3E=0.0&sort=-connectionTime&page=8",200,application/json,16641,0.2319757400000526,"{""_items"": [{""_id"": ""5d43841ff9af8b0cf4b9f2f5"", ""userInputs"": [{""userID"": 1083, ""milesRequested"": 30, ""WhPerMile"": 400, ""minutesAvailable"": 275, ""modifiedAt"": ""Tue, 16 Jul 2019 17:27:52 GMT"", ""paymentRequired"": true, ""requestedDeparture"": ""Tue, 16 Jul 2019 22:02:20 GMT"", ""kWhRequested"": 12.0}], ""use",success
2026-08-17T00:44:44.192092+00:00,caltech:2019-07-16:2019-07-23:page9,1,"https://ev.caltech.edu/api/v1/sessions/caltech?where=connectionTime%3E=%22Tue,%2016%20Jul%202019%2000:00:00%20GMT%22%20and%20connectionTime%3C%22Tue,%2023%20Jul%202019%2000:00:00%20GMT%22%20and%20kWhDelivered%3E=0.0&sort=-connectionTime&page=9",200,application/json,5286,0.209542137000426,"{""_items"": [{""_id"": ""5d4232a1f9af8b089ecf805b"", ""userInputs"": [{""userID"": 838, ""milesRequested"": 20, ""WhPerMile"": 433, ""minutesAvailable"": 136, ""modifiedAt"": ""Tue, 16 Jul 2019 02:31:14 GMT"", ""paymentRequired"": true, ""requestedDeparture"": ""Tue, 16 Jul 2019 04:46:41 GMT"", ""kWhRequested"": 8.66}, {""user",success
2026-08-17T00:44:45.826909+00:00,caltech:2019-07-23:2019-07-30:page1,1,https://ev.caltech.edu/api/v1/sessions/caltech?where=connectionTime%3E%3D%22Tue%2C+23+Jul+2019+00%3A00%3A00+GMT%22+and+connectionTime%3C%22Tue%2C+30+Jul+2019+00%3A00%3A00+GMT%22+and+kWhDelivered%3E%3D0.0&sort=-connectionTime,200,application/json,16890,0.6266329760001099,"{""_items"": [{""_id"": ""5d54a79bf9af8b413ec70537"", ""userInputs"": null, ""userID"": null, ""sessionID"": ""2_39_124_22_2019-07-29 21:29:54.675750"", ""stationID"": ""2-39-124-22"", ""spaceID"": ""CA-312"", ""siteID"": ""0002"", ""clusterID"": ""0039"", ""connectionTime"": ""Mon, 29 Jul 2019 21:29:55 GMT"", ""disconnectTime"": ""Mon",success
2026-08-17T00:44:46.512002+00:00,caltech:2019-07-23:2019-07-30:page2,1,"https://ev.caltech.edu/api/v1/sessions/caltech?where=connectionTime%3E=%22Tue,%2023%20Jul%202019%2000:00:00%20GMT%22%20and%20connectionTime%3C%22Tue,%2030%20Jul%202019%2000:00:00%20GMT%22%20and%20kWhDelivered%3E=0.0&sort=-connectionTime&page=2",200,application/json,20130,0.4289619600003789,"{""_items"": [{""_id"": ""5d535611f9af8b3d062942a0"", ""userInputs"": [{""userID"": 300, ""milesRequested"": 100, ""WhPerMile"": 400, ""minutesAvailable"": 619, ""modifiedAt"": ""Mon, 29 Jul 2019 03:47:41 GMT"", ""paymentRequired"": true, ""requestedDeparture"": ""Mon, 29 Jul 2019 14:06:41 GMT"", ""kWhRequested"": 40.0}, {""use",success
2026-08-17T00:44:47.012784+00:00,caltech:2019-07-23:2019-07-30:page3,1,"https://ev.caltech.edu/api/v1/sessions/caltech?where=connectionTime%3E=%22Tue,%2023%20Jul%202019%2000:00:00%20GMT%22%20and%20connectionTime%3C%22Tue,%2030%20Jul%202019%2000:00:00%20GMT%22%20and%20kWhDelivered%3E=0.0&sort=-connectionTime&page=3",200,application/json,17357,0.24423413400018035,"{""_items"": [{""_id"": ""5d50b31bf9af8b34f280b39e"", ""userInputs"": [{""userID"": 1083, ""milesRequested"": 20, ""WhPerMile"": 400, ""minutesAvailable"": 196, ""modifiedAt"": ""Fri, 26 Jul 2019 19:38:45 GMT"", ""paymentRequired"": true, ""requestedDeparture"": ""Fri, 26 Jul 2019 22:54:32 GMT"", ""kWhRequested"": 8.0}], ""user",success
2026-08-17T00:44:47.511566+00:00,caltech:2019-07-23:2019-07-30:page4,1,"https://ev.caltech.edu/api/v1/sessions/caltech?where=connectionTime%3E=%22Tue,%2023%20Jul%202019%2000:00:00%20GMT%22%20and%20connectionTime%3C%22Tue,%2030%20Jul%202019%2000:00:00%20GMT%22%20and%20kWhDelivered%3E=0.0&sort=-connectionTime&page=4",200,application/json,17372,0.24177097599931585,"{""_items"": [{""_id"": ""5d4f61a0f9af8b30fe7ecfab"", ""userInputs"": [{""userID"": 1202, ""milesRequested"": 40, ""WhPerMile"": 375, ""minutesAvailable"": 229, ""modifiedAt"": ""Fri, 26 Jul 2019 04:46:13 GMT"", ""paymentRequired"": true, ""requestedDeparture"": ""Fri, 26 Jul 2019 08:34:47 GMT"", ""kWhRequested"": 15.0}], ""use",success
2026-08-17T00:44:48.179474+00:00,caltech:2019-07-23:2019-07-30:page5,1,"https://ev.caltech.edu/api/v1/sessions/caltech?where=connectionTime%3E=%22Tue,%2023%20Jul%202019%2000:00:00%20GMT%22%20and%20connectionTime%3C%22Tue,%2030%20Jul%202019%2000:00:00%20GMT%22%20and%20kWhDelivered%3E=0.0&sort=-connectionTime&page=5",200,application/json,17812,0.40901121600018087,"{""_items"": [{""_id"": ""5d4f61a0f9af8b30fe7ecf92"", ""userInputs"": [{""userID"": 2170, ""milesRequested"": 60, ""WhPerMile"": 357, ""minutesAvailable"": 191, ""modifiedAt"": ""Thu, 25 Jul 2019 16:43:32 GMT"", ""paymentRequired"": true, ""requestedDeparture"": ""Thu, 25 Jul 2019 19:53:55 GMT"", ""kWhRequested"": 21.42}], ""us",success
2026-08-17T00:44:48.671001+00:00,caltech:2019-07-23:2019-07-30:page6,1,"https://ev.caltech.edu/api/v1/sessions/caltech?where=connectionTime%3E=%22Tue,%2023%20Jul%202019%2000:00:00%20GMT%22%20and%20connectionTime%3C%22Tue,%2030%20Jul%202019%2000:00:00%20GMT%22%20and%20kWhDelivered%3E=0.0&sort=-connectionTime&page=6",200,application/json,16897,0.23426423699947918,"{""_items"": [{""_id"": ""5d4e1021f9af8b2d1d790020"", ""userInputs"": null, ""userID"": null, ""sessionID"": ""2_39_126_20_2019-07-24 20:44:02.381509"", ""stationID"": ""2-39-126-20"", ""spaceID"": ""CA-310"", ""siteID"": ""0002"", ""clusterID"": ""0039"", ""connectionTime"": ""Wed, 24 Jul 2019 20:43:54 GMT"", ""disconnectTime"": ""Wed",success
2026-08-17T00:44:49.160130+00:00,caltech:2019-07-23:2019-07-30:page7,1,"https://ev.caltech.edu/api/v1/sessions/caltech?where=connectionTime%3E=%22Tue,%2023%20Jul%202019%2000:00:00%20GMT%22%20and%20connectionTime%3C%22Tue,%2030%20Jul%202019%2000:00:00%20GMT%22%20and%20kWhDelivered%3E=0.0&sort=-connectionTime&page=7",200,application/json,17573,0.231187499999578,"{""_items"": [{""_id"": ""5d4e1021f9af8b2d1d790007"", ""userInputs"": [{""userID"": 567, ""milesRequested"": 20, ""WhPerMile"": 333, ""minutesAvailable"": 441, ""modifiedAt"": ""Wed, 24 Jul 2019 16:26:18 GMT"", ""paymentRequired"": true, ""requestedDeparture"": ""Wed, 24 Jul 2019 23:46:59 GMT"", ""kWhRequested"": 6.66}], ""user",success
2026-08-17T00:44:49.645265+00:00,caltech:2019-07-23:2019-07-30:page8,1,"https://ev.caltech.edu/api/v1/sessions/caltech?where=connectionTime%3E=%22Tue,%2023%20Jul%202019%2000:00:00%20GMT%22%20and%20connectionTime%3C%22Tue,%2030%20Jul%202019%2000:00:00%20GMT%22%20and%20kWhDelivered%3E=0.0&sort=-connectionTime&page=8",200,application/json,12469,0.22967822899954626,"{""_items"": [{""_id"": ""5d4cbe9df9af8b294f0092a2"", ""userInputs"": [{""userID"": 558, ""milesRequested"": 60, ""WhPerMile"": 200, ""minutesAvailable"": 120, ""modifiedAt"": ""Tue, 23 Jul 2019 17:08:24 GMT"", ""paymentRequired"": true, ""requestedDeparture"": ""Tue, 23 Jul 2019 19:08:19 GMT"", ""kWhRequested"": 12.0}], ""user",success
2026-08-17T00:44:51.313533+00:00,caltech:2019-07-30:2019-08-06:page1,1,https://ev.caltech.edu/api/v1/sessions/caltech?where=connectionTime%3E%3D%22Tue%2C+30+Jul+2019+00%3A00%3A00+GMT%22+and+connectionTime%3C%22Tue%2C+06+Aug+2019+00%3A00%3A00+GMT%22+and+kWhDelivered%3E%3D0.0&sort=-connectionTime,200,application/json,18278,0.6606300140001622,"{""_items"": [{""_id"": ""5d5de21bf9af8b5fc88c85ff"", ""userInputs"": [{""userID"": 838, ""milesRequested"": 30, ""WhPerMile"": 433, ""minutesAvailable"": 63, ""modifiedAt"": ""Mon, 05 Aug 2019 23:28:56 GMT"", ""paymentRequired"": true, ""requestedDeparture"": ""Tue, 06 Aug 2019 00:31:56 GMT"", ""kWhRequested"": 12.99}, {""user",success
2026-08-17T00:44:52.095125+00:00,caltech:2019-07-30:2019-08-06:page2,1,"https://ev.caltech.edu/api/v1/sessions/caltech?where=connectionTime%3E=%22Tue,%2030%20Jul%202019%2000:00:00%20GMT%22%20and%20connectionTime%3C%22Tue,%2006%20Aug%202019%2000:00:00%20GMT%22%20and%20kWhDelivered%3E=0.0&sort=-connectionTime&page=2",200,application/json,20099,0.520442983999601,"{""_items"": [{""_id"": ""5d5de21bf9af8b5fc88c85e6"", ""userInputs"": [{""userID"": 560, ""milesRequested"": 70, ""WhPerMile"": 273, ""minutesAvailable"": 185, ""modifiedAt"": ""Mon, 05 Aug 2019 13:34:25 GMT"", ""paymentRequired"": true, ""requestedDeparture"": ""Mon, 05 Aug 2019 16:38:25 GMT"", ""kWhRequested"": 19.11}], ""use",success
2026-08-17T00:44:52.777269+00:00,caltech:2019-07-30:2019-08-06:page3,1,"https://ev.caltech.edu/api/v1/sessions/caltech?where=connectionTime%3E=%22Tue,%2030%20Jul%202019%2000:00:00%20GMT%22%20and%20connectionTime%3C%22Tue,%2006%20Aug%202019%2000:00:00%20GMT%22%20and%20kWhDelivered%3E=0.0&sort=-connectionTime&page=3",200,application/json,18275,0.4221737950001625,"{""_items"": [{""_id"": ""5d59eda5f9af8b5476889b30"", ""userInputs"": [{""userID"": 2678, ""milesRequested"": 200, ""WhPerMile"": 250, ""minutesAvailable"": 75, ""modifiedAt"": ""Fri, 02 Aug 2019 20:54:14 GMT"", ""paymentRequired"": true, ""requestedDeparture"": ""Fri, 02 Aug 2019 22:07:04 GMT"", ""kWhRequested"": 50.0}, {""use",success
2026-08-17T00:44:53.437368+00:00,caltech:2019-07-30:2019-08-06:page4,1,"https://ev.caltech.edu/api/v1/sessions/caltech?where=connectionTime%3E=%22Tue,%2030%20Jul%202019%2000:00:00%20GMT%22%20and%20connectionTime%3C%22Tue,%2006%20Aug%202019%2000:00:00%20GMT%22%20and%20kWhDelivered%3E=0.0&sort=-connectionTime&page=4",200,application/json,17828,0.39905738000015845,"{""_items"": [{""_id"": ""5d59eda5f9af8b5476889b17"", ""userInputs"": [{""userID"": 560, ""milesRequested"": 70, ""WhPerMile"": 273, ""minutesAvailable"": 262, ""modifiedAt"": ""Fri, 02 Aug 2019 13:35:13 GMT"", ""paymentRequired"": true, ""requestedDeparture"": ""Fri, 02 Aug 2019 17:56:58 GMT"", ""kWhRequested"": 19.11}], ""use",success
2026-08-17T00:44:53.930882+00:00,caltech:2019-07-30:2019-08-06:page5,1,"https://ev.caltech.edu/api/v1/sessions/caltech?where=connectionTime%3E=%22Tue,%2030%20Jul%202019%2000:00:00%20GMT%22%20and%20connectionTime%3C%22Tue,%2006%20Aug%202019%2000:00:00%20GMT%22%20and%20kWhDelivered%3E=0.0&sort=-connectionTime&page=5",200,application/json,16410,0.23813478800002486,"{""_items"": [{""_id"": ""5d589c1bf9af8b5068b46d2a"", ""userInputs"": null, ""userID"": null, ""sessionID"": ""2_39_138_566_2019-08-01 16:28:09.540521"", ""stationID"": ""2-39-138-566"", ""spaceID"": ""CA-512"", ""siteID"": ""0002"", ""clusterID"": ""0039"", ""connectionTime"": ""Thu, 01 Aug 2019 16:28:10 GMT"", ""disconnectTime"": ""T",success
2026-08-17T00:44:54.434571+00:00,caltech:2019-07-30:2019-08-06:page6,1,"https://ev.caltech.edu/api/v1/sessions/caltech?where=connectionTime%3E=%22Tue,%2030%20Jul%202019%2000:00:00%20GMT%22%20and%20connectionTime%3C%22Tue,%2006%20Aug%202019%2000:00:00%20GMT%22%20and%20kWhDelivered%3E=0.0&sort=-connectionTime&page=6",200,application/json,17581,0.24803357599921583,"{""_items"": [{""_id"": ""5d574a9df9af8b4c10c0360f"", ""userInputs"": [{""userID"": 1208, ""milesRequested"": 200, ""WhPerMile"": 400, ""minutesAvailable"": 528, ""modifiedAt"": ""Wed, 31 Jul 2019 19:27:24 GMT"", ""paymentRequired"": true, ""requestedDeparture"": ""Thu, 01 Aug 2019 04:13:13 GMT"", ""kWhRequested"": 80.0}], ""us",success
2026-08-17T00:44:54.922041+00:00,caltech:2019-07-30:2019-08-06:page7,1,"https://ev.caltech.edu/api/v1/sessions/caltech?where=connectionTime%3E=%22Tue,%2030%20Jul%202019%2000:00:00%20GMT%22%20and%20connectionTime%3C%22Tue,%2006%20Aug%202019%2000:00:00%20GMT%22%20and%20kWhDelivered%3E=0.0&sort=-connectionTime&page=7",200,application/json,16414,0.2282730509996327,"{""_items"": [{""_id"": ""5d55f91bf9af8b45dfb3d872"", ""userInputs"": [{""userID"": 675, ""milesRequested"": 40, ""WhPerMile"": 399, ""minutesAvailable"": 134, ""modifiedAt"": ""Wed, 31 Jul 2019 01:51:24 GMT"", ""paymentRequired"": true, ""requestedDeparture"": ""Wed, 31 Jul 2019 04:04:38 GMT"", ""kWhRequested"": 15.96}], ""use",success
2026-08-17T00:44:55.409332+00:00,caltech:2019-07-30:2019-08-06:page8,1,"https://ev.caltech.edu/api/v1/sessions/caltech?where=connectionTime%3E=%22Tue,%2030%20Jul%202019%2000:00:00%20GMT%22%20and%20connectionTime%3C%22Tue,%2006%20Aug%202019%2000:00:00%20GMT%22%20and%20kWhDelivered%3E=0.0&sort=-connectionTime&page=8",200,application/json,10286,0.21105726200039499,"{""_items"": [{""_id"": ""5d55f91bf9af8b45dfb3d859"", ""userInputs"": [{""userID"": 712, ""milesRequested"": 30, ""WhPerMile"": 600, ""minutesAvailable"": 379, ""modifiedAt"": ""Tue, 30 Jul 2019 15:52:44 GMT"", ""paymentRequired"": true, ""requestedDeparture"": ""Tue, 30 Jul 2019 22:11:38 GMT"", ""kWhRequested"": 18.0}], ""user",success
2026-08-17T00:44:57.044984+00:00,caltech:2019-08-06:2019-08-13:page1,1,https://ev.caltech.edu/api/v1/sessions/caltech?where=connectionTime%3E%3D%22Tue%2C+06+Aug+2019+00%3A00%3A00+GMT%22+and+connectionTime%3C%22Tue%2C+13+Aug+2019+00%3A00%3A00+GMT%22+and+kWhDelivered%3E%3D0.0&sort=-connectionTime,200,application/json,18045,0.630880654000066,"{""_items"": [{""_id"": ""5d671c9cf9af8b7d8cbc74be"", ""userInputs"": [{""userID"": 838, ""milesRequested"": 20, ""WhPerMile"": 433, ""minutesAvailable"": 63, ""modifiedAt"": ""Mon, 12 Aug 2019 23:20:29 GMT"", ""paymentRequired"": true, ""requestedDeparture"": ""Tue, 13 Aug 2019 00:22:58 GMT"", ""kWhRequested"": 8.66}, {""userI",success
2026-08-17T00:44:57.827921+00:00,caltech:2019-08-06:2019-08-13:page2,1,"https://ev.caltech.edu/api/v1/sessions/caltech?where=connectionTime%3E=%22Tue,%2006%20Aug%202019%2000:00:00%20GMT%22%20and%20connectionTime%3C%22Tue,%2013%20Aug%202019%2000:00:00%20GMT%22%20and%20kWhDelivered%3E=0.0&sort=-connectionTime&page=2",200,application/json,17105,0.5248632709999583,"{""_items"": [{""_id"": ""5d671c9cf9af8b7d8cbc74a5"", ""userInputs"": [{""userID"": 1083, ""milesRequested"": 30, ""WhPerMile"": 400, ""minutesAvailable"": 151, ""modifiedAt"": ""Mon, 12 Aug 2019 15:53:45 GMT"", ""paymentRequired"": true, ""requestedDeparture"": ""Mon, 12 Aug 2019 18:24:17 GMT"", ""kWhRequested"": 12.0}], ""use",success
2026-08-17T00:44:58.486391+00:00,caltech:2019-08-06:2019-08-13:page3,1,"https://ev.caltech.edu/api/v1/sessions/caltech?where=connectionTime%3E=%22Tue,%2006%20Aug%202019%2000:00:00%20GMT%22%20and%20connectionTime%3C%22Tue,%2013%20Aug%202019%2000:00:00%20GMT%22%20and%20kWhDelivered%3E=0.0&sort=-connectionTime&page=3",200,application/json,16629,0.40320132699980604,"{""_items"": [{""_id"": ""5d647991f9af8b75993d836d"", ""userInputs"": null, ""userID"": null, ""sessionID"": ""2_39_129_17_2019-08-10 17:07:22.941726"", ""stationID"": ""2-39-129-17"", ""spaceID"": ""CA-307"", ""siteID"": ""0002"", ""clusterID"": ""0039"", ""connectionTime"": ""Sat, 10 Aug 2019 17:07:23 GMT"", ""disconnectTime"": ""Sat",success
2026-08-17T00:44:59.160164+00:00,caltech:2019-08-06:2019-08-13:page4,1,"https://ev.caltech.edu/api/v1/sessions/caltech?where=connectionTime%3E=%22Tue,%2006%20Aug%202019%2000:00:00%20GMT%22%20and%20connectionTime%3C%22Tue,%2013%20Aug%202019%2000:00:00%20GMT%22%20and%20kWhDelivered%3E=0.0&sort=-connectionTime&page=4",200,application/json,18517,0.41709175699998013,"{""_items"": [{""_id"": ""5d63281ef9af8b7163578acd"", ""userInputs"": [{""userID"": 832, ""milesRequested"": 100, ""WhPerMile"": 300, ""minutesAvailable"": 397, ""modifiedAt"": ""Fri, 09 Aug 2019 17:27:07 GMT"", ""paymentRequired"": true, ""requestedDeparture"": ""Sat, 10 Aug 2019 00:03:27 GMT"", ""kWhRequested"": 30.0}], ""use",success
2026-08-17T00:44:59.647309+00:00,caltech:2019-08-06:2019-08-13:page5,1,"https://ev.caltech.edu/api/v1/sessions/caltech?where=connectionTime%3E=%22Tue,%2006%20Aug%202019%2000:00:00%20GMT%22%20and%20connectionTime%3C%22Tue,%2013%20Aug%202019%2000:00:00%20GMT%22%20and%20kWhDelivered%3E=0.0&sort=-connectionTime&page=5",200,application/json,16885,0.22730624900032126,"{""_items"": [{""_id"": ""5d61d69ef9af8b6d6dd29cb2"", ""userInputs"": null, ""userID"": null, ""sessionID"": ""2_39_79_377_2019-08-08 19:06:50.081382"", ""stationID"": ""2-39-79-377"", ""spaceID"": ""CA-325"", ""siteID"": ""0002"", ""clusterID"": ""0039"", ""connectionTime"": ""Thu, 08 Aug 2019 19:06:50 GMT"", ""disconnectTime"": ""Thu",success
2026-08-17T00:45:00.294860+00:00,caltech:2019-08-06:2019-08-13:page6,1,"https://ev.caltech.edu/api/v1/sessions/caltech?where=connectionTime%3E=%22Tue,%2006%20Aug%202019%2000:00:00%20GMT%22%20and%20connectionTime%3C%22Tue,%2013%20Aug%202019%2000:00:00%20GMT%22%20and%20kWhDelivered%3E=0.0&sort=-connectionTime&page=6",200,application/json,19000,0.39178747899950395,"{""_items"": [{""_id"": ""5d60851df9af8b6927632e9e"", ""userInputs"": [{""userID"": 243, ""milesRequested"": 120, ""WhPerMile"": 200, ""minutesAvailable"": 88, ""modifiedAt"": ""Thu, 08 Aug 2019 04:59:34 GMT"", ""paymentRequired"": true, ""requestedDeparture"": ""Thu, 08 Aug 2019 06:27:02 GMT"", ""kWhRequested"": 24.0}, {""user",success
2026-08-17T00:45:00.774770+00:00,caltech:2019-08-06:2019-08-13:page7,1,"https://ev.caltech.edu/api/v1/sessions/caltech?where=connectionTime%3E=%22Tue,%2006%20Aug%202019%2000:00:00%20GMT%22%20and%20connectionTime%3C%22Tue,%2013%20Aug%202019%2000:00:00%20GMT%22%20and%20kWhDelivered%3E=0.0&sort=-connectionTime&page=7",200,application/json,18033,0.22149602299941762,"{""_items"": [{""_id"": ""5d60851df9af8b6927632e85"", ""userInputs"": [{""userID"": 562, ""milesRequested"": 20, ""WhPerMile"": 250, ""minutesAvailable"": 198, ""modifiedAt"": ""Wed, 07 Aug 2019 16:19:02 GMT"", ""paymentRequired"": true, ""requestedDeparture"": ""Wed, 07 Aug 2019 19:36:14 GMT"", ""kWhRequested"": 5.0}], ""userI",success
2026-08-17T00:45:01.261151+00:00,caltech:2019-08-06:2019-08-13:page8,1,"https://ev.caltech.edu/api/v1/sessions/caltech?where=connectionTime%3E=%22Tue,%2006%20Aug%202019%2000:00:00%20GMT%22%20and%20connectionTime%3C%22Tue,%2013%20Aug%202019%2000:00:00%20GMT%22%20and%20kWhDelivered%3E=0.0&sort=-connectionTime&page=8",200,application/json,16242,0.23233057600009488,"{""_items"": [{""_id"": ""5d5f339bf9af8b650c8bfdfc"", ""userInputs"": [{""userID"": 1124, ""milesRequested"": 20, ""WhPerMile"": 450, ""minutesAvailable"": 30, ""modifiedAt"": ""Tue, 06 Aug 2019 20:18:43 GMT"", ""paymentRequired"": true, ""requestedDeparture"": ""Tue, 06 Aug 2019 20:48:26 GMT"", ""kWhRequested"": 9.0}], ""userI",success
2026-08-17T00:45:02.893770+00:00,caltech:2019-08-13:2019-08-20:page1,1,https://ev.caltech.edu/api/v1/sessions/caltech?where=connectionTime%3E%3D%22Tue%2C+13+Aug+2019+00%3A00%3A00+GMT%22+and+connectionTime%3C%22Tue%2C+20+Aug+2019+00%3A00%3A00+GMT%22+and+kWhDelivered%3E%3D0.0&sort=-connectionTime,200,application/json,16891,0.6263304930007507,"{""_items"": [{""_id"": ""5d705721f9af8b3deeb17adb"", ""userInputs"": [{""userID"": 838, ""milesRequested"": 20, ""WhPerMile"": 433, ""minutesAvailable"": 63, ""modifiedAt"": ""Mon, 19 Aug 2019 23:32:01 GMT"", ""paymentRequired"": true, ""requestedDeparture"": ""Tue, 20 Aug 2019 00:34:56 GMT"", ""kWhRequested"": 8.66}, {""userI",success
2026-08-17T00:45:03.614654+00:00,caltech:2019-08-13:2019-08-20:page2,1,"https://ev.caltech.edu/api/v1/sessions/caltech?where=connectionTime%3E=%22Tue,%2013%20Aug%202019%2000:00:00%20GMT%22%20and%20connectionTime%3C%22Tue,%2020%20Aug%202019%2000:00:00%20GMT%22%20and%20kWhDelivered%3E=0.0&sort=-connectionTime&page=2",200,application/json,17819,0.4658110800000941,"{""_items"": [{""_id"": ""5d705721f9af8b3deeb17ac2"", ""userInputs"": [{""userID"": 1126, ""milesRequested"": 80, ""WhPerMile"": 250, ""minutesAvailable"": 418, ""modifiedAt"": ""Mon, 19 Aug 2019 15:52:49 GMT"", ""paymentRequired"": true, ""requestedDeparture"": ""Mon, 19 Aug 2019 22:50:36 GMT"", ""kWhRequested"": 20.0}], ""use",success
2026-08-17T00:45:04.275643+00:00,caltech:2019-08-13:2019-08-20:page3,1,"https://ev.caltech.edu/api/v1/sessions/caltech?where=connectionTime%3E=%22Tue,%2013%20Aug%202019%2000:00:00%20GMT%22%20and%20connectionTime%3C%22Tue,%2020%20Aug%202019%2000:00:00%20GMT%22%20and%20kWhDelivered%3E=0.0&sort=-connectionTime&page=3",200,application/json,16410,0.4030278559994258,"{""_items"": [{""_id"": ""5d6c62a2f9af8b1082162be5"", ""userInputs"": [{""userID"": 1082, ""milesRequested"": 40, ""WhPerMile"": 400, ""minutesAvailable"": 291, ""modifiedAt"": ""Fri, 16 Aug 2019 21:43:47 GMT"", ""paymentRequired"": true, ""requestedDeparture"": ""Sat, 17 Aug 2019 02:34:27 GMT"", ""kWhRequested"": 16.0}], ""use",success
2026-08-17T00:45:04.938925+00:00,caltech:2019-08-13:2019-08-20:page4,1,"https://ev.caltech.edu/api/v1/sessions/caltech?where=connectionTime%3E=%22Tue,%2013%20Aug%202019%2000:00:00%20GMT%22%20and%20connectionTime%3C%22Tue,%2020%20Aug%202019%2000:00:00%20GMT%22%20and%20kWhDelivered%3E=0.0&sort=-connectionTime&page=4",200,application/json,17345,0.4054606589998002,"{""_items"": [{""_id"": ""5d6c62a2f9af8b1082162bcc"", ""userInputs"": null, ""userID"": null, ""sessionID"": ""2_39_79_377_2019-08-16 16:02:48.192837"", ""stationID"": ""2-39-79-377"", ""spaceID"": ""CA-325"", ""siteID"": ""0002"", ""clusterID"": ""0039"", ""connectionTime"": ""Fri, 16 Aug 2019 16:02:48 GMT"", ""disconnectTime"": ""Fri",success
2026-08-17T00:45:05.600066+00:00,caltech:2019-08-13:2019-08-20:page5,1,"https://ev.caltech.edu/api/v1/sessions/caltech?where=connectionTime%3E=%22Tue,%2013%20Aug%202019%2000:00:00%20GMT%22%20and%20connectionTime%3C%22Tue,%2020%20Aug%202019%2000:00:00%20GMT%22%20and%20kWhDelivered%3E=0.0&sort=-connectionTime&page=5",200,application/json,17582,0.4017235189994608,"{""_items"": [{""_id"": ""5d6b111ef9af8b08bb74a8a7"", ""userInputs"": null, ""userID"": null, ""sessionID"": ""2_39_78_362_2019-08-15 16:59:56.569746"", ""stationID"": ""2-39-78-362"", ""spaceID"": ""CA-496"", ""siteID"": ""0002"", ""clusterID"": ""0039"", ""connectionTime"": ""Thu, 15 Aug 2019 16:59:57 GMT"", ""disconnectTime"": ""Thu",success
2026-08-17T00:45:06.256164+00:00,caltech:2019-08-13:2019-08-20:page6,1,"https://ev.caltech.edu/api/v1/sessions/caltech?where=connectionTime%3E=%22Tue,%2013%20Aug%202019%2000:00:00%20GMT%22%20and%20connectionTime%3C%22Tue,%2020%20Aug%202019%2000:00:00%20GMT%22%20and%20kWhDelivered%3E=0.0&sort=-connectionTime&page=6",200,application/json,17598,0.3965021779995368,"{""_items"": [{""_id"": ""5d69bfa6f9af8b0682723ee7"", ""userInputs"": null, ""userID"": null, ""sessionID"": ""2_39_92_442_2019-08-14 17:32:28.031706"", ""stationID"": ""2-39-92-442"", ""spaceID"": ""CA-498"", ""siteID"": ""0002"", ""clusterID"": ""0039"", ""connectionTime"": ""Wed, 14 Aug 2019 17:32:28 GMT"", ""disconnectTime"": ""Wed",success
2026-08-17T00:45:06.941756+00:00,caltech:2019-08-13:2019-08-20:page7,1,"https://ev.caltech.edu/api/v1/sessions/caltech?where=connectionTime%3E=%22Tue,%2013%20Aug%202019%2000:00:00%20GMT%22%20and%20connectionTime%3C%22Tue,%2020%20Aug%202019%2000:00:00%20GMT%22%20and%20kWhDelivered%3E=0.0&sort=-connectionTime&page=7",200,application/json,17645,0.42555105199971877,"{""_items"": [{""_id"": ""5d69bfa6f9af8b0682723ece"", ""userInputs"": [{""userID"": 712, ""milesRequested"": 20, ""WhPerMile"": 600, ""minutesAvailable"": 248, ""modifiedAt"": ""Wed, 14 Aug 2019 15:35:45 GMT"", ""paymentRequired"": true, ""requestedDeparture"": ""Wed, 14 Aug 2019 19:43:42 GMT"", ""kWhRequested"": 12.0}], ""user",success
2026-08-17T00:45:07.415236+00:00,caltech:2019-08-13:2019-08-20:page8,1,"https://ev.caltech.edu/api/v1/sessions/caltech?where=connectionTime%3E=%22Tue,%2013%20Aug%202019%2000:00:00%20GMT%22%20and%20connectionTime%3C%22Tue,%2020%20Aug%202019%2000:00:00%20GMT%22%20and%20kWhDelivered%3E=0.0&sort=-connectionTime&page=8",200,application/json,11132,0.21819326400054706,"{""_items"": [{""_id"": ""5d686e0ef9af8b028d7888dc"", ""userInputs"": [{""userID"": 858, ""milesRequested"": 20, ""WhPerMile"": 400, ""minutesAvailable"": 223, ""modifiedAt"": ""Tue, 13 Aug 2019 16:21:53 GMT"", ""paymentRequired"": true, ""requestedDeparture"": ""Tue, 13 Aug 2019 20:04:30 GMT"", ""kWhRequested"": 8.0}], ""userI",success
2026-08-17T00:45:09.107690+00:00,caltech:2019-08-20:2019-08-27:page1,1,https://ev.caltech.edu/api/v1/sessions/caltech?where=connectionTime%3E%3D%22Tue%2C+20+Aug+2019+00%3A00%3A00+GMT%22+and+connectionTime%3C%22Tue%2C+27+Aug+2019+00%3A00%3A00+GMT%22+and+kWhDelivered%3E%3D0.0&sort=-connectionTime,200,application/json,17806,0.6830457400001251,"{""_items"": [{""_id"": ""5d79919bf9af8b5d281373ff"", ""userInputs"": [{""userID"": 838, ""milesRequested"": 50, ""WhPerMile"": 433, ""minutesAvailable"": 302, ""modifiedAt"": ""Mon, 26 Aug 2019 23:19:17 GMT"", ""paymentRequired"": true, ""requestedDeparture"": ""Tue, 27 Aug 2019 04:21:02 GMT"", ""kWhRequested"": 21.65}, {""use",success
2026-08-17T00:45:09.832449+00:00,caltech:2019-08-20:2019-08-27:page2,1,"https://ev.caltech.edu/api/v1/sessions/caltech?where=connectionTime%3E=%22Tue,%2020%20Aug%202019%2000:00:00%20GMT%22%20and%20connectionTime%3C%22Tue,%2027%20Aug%202019%2000:00:00%20GMT%22%20and%20kWhDelivered%3E=0.0&sort=-connectionTime&page=2",200,application/json,20813,0.4698331439994945,"{""_items"": [{""_id"": ""5d79919bf9af8b5d281373e6"", ""userInputs"": [{""userID"": 1007, ""milesRequested"": 40, ""WhPerMile"": 400, ""minutesAvailable"": 558, ""modifiedAt"": ""Mon, 26 Aug 2019 14:38:55 GMT"", ""paymentRequired"": true, ""requestedDeparture"": ""Mon, 26 Aug 2019 23:56:46 GMT"", ""kWhRequested"": 16.0}, {""use",success
2026-08-17T00:45:10.321065+00:00,caltech:2019-08-20:2019-08-27:page3,1,"https://ev.caltech.edu/api/v1/sessions/caltech?where=connectionTime%3E=%22Tue,%2020%20Aug%202019%2000:00:00%20GMT%22%20and%20connectionTime%3C%22Tue,%2027%20Aug%202019%2000:00:00%20GMT%22%20and%20kWhDelivered%3E=0.0&sort=-connectionTime&page=3",200,application/json,18520,0.23086698099996283,"{""_items"": [{""_id"": ""5d759d1cf9af8b4f433524c1"", ""userInputs"": [{""userID"": 1104, ""milesRequested"": 150, ""WhPerMile"": 250, ""minutesAvailable"": 436, ""modifiedAt"": ""Fri, 23 Aug 2019 21:13:38 GMT"", ""paymentRequired"": true, ""requestedDeparture"": ""Sat, 24 Aug 2019 04:28:21 GMT"", ""kWhRequested"": 37.5}], ""us",success
2026-08-17T00:45:10.913415+00:00,caltech:2019-08-20:2019-08-27:page4,1,"https://ev.caltech.edu/api/v1/sessions/caltech?where=connectionTime%3E=%22Tue,%2020%20Aug%202019%2000:00:00%20GMT%22%20and%20connectionTime%3C%22Tue,%2027%20Aug%202019%2000:00:00%20GMT%22%20and%20kWhDelivered%3E=0.0&sort=-connectionTime&page=4",200,application/json,18274,0.3379265100002158,"{""_items"": [{""_id"": ""5d744ba8f9af8b4ae99646fe"", ""userInputs"": [{""userID"": 489, ""milesRequested"": 240, ""WhPerMile"": 520, ""minutesAvailable"": 688, ""modifiedAt"": ""Fri, 23 Aug 2019 03:24:42 GMT"", ""paymentRequired"": true, ""requestedDeparture"": ""Fri, 23 Aug 2019 14:50:41 GMT"", ""kWhRequested"": 124.8}, {""us",success
2026-08-17T00:45:11.423213+00:00,caltech:2019-08-20:2019-08-27:page5,1,"https://ev.caltech.edu/api/v1/sessions/caltech?where=connectionTime%3E=%22Tue,%2020%20Aug%202019%2000:00:00%20GMT%22%20and%20connectionTime%3C%22Tue,%2027%20Aug%202019%2000:00:00%20GMT%22%20and%20kWhDelivered%3E=0.0&sort=-connectionTime&page=5",200,application/json,16429,0.2504682740000135,"{""_items"": [{""_id"": ""5d744ba8f9af8b4ae99646e5"", ""userInputs"": [{""userID"": 558, ""milesRequested"": 60, ""WhPerMile"": 200, ""minutesAvailable"": 120, ""modifiedAt"": ""Thu, 22 Aug 2019 16:07:55 GMT"", ""paymentRequired"": true, ""requestedDeparture"": ""Thu, 22 Aug 2019 18:07:53 GMT"", ""kWhRequested"": 12.0}], ""user",success
2026-08-17T00:45:11.924340+00:00,caltech:2019-08-20:2019-08-27:page6,1,"https://ev.caltech.edu/api/v1/sessions/caltech?where=connectionTime%3E=%22Tue,%2020%20Aug%202019%2000:00:00%20GMT%22%20and%20connectionTime%3C%22Tue,%2027%20Aug%202019%2000:00:00%20GMT%22%20and%20kWhDelivered%3E=0.0&sort=-connectionTime&page=6",200,application/json,17122,0.24446733700006007,"{""_items"": [{""_id"": ""5d72fa25f9af8b4735c9e28c"", ""userInputs"": [{""userID"": 891, ""milesRequested"": 20, ""WhPerMile"": 500, ""minutesAvailable"": 304, ""modifiedAt"": ""Wed, 21 Aug 2019 17:10:04 GMT"", ""paymentRequired"": true, ""requestedDeparture"": ""Wed, 21 Aug 2019 22:13:24 GMT"", ""kWhRequested"": 10.0}], ""user",success
2026-08-17T00:45:12.423984+00:00,caltech:2019-08-20:2019-08-27:page7,1,"https://ev.caltech.edu/api/v1/sessions/caltech?where=connectionTime%3E=%22Tue,%2020%20Aug%202019%2000:00:00%20GMT%22%20and%20connectionTime%3C%22Tue,%2027%20Aug%202019%2000:00:00%20GMT%22%20and%20kWhDelivered%3E=0.0&sort=-connectionTime&page=7",200,application/json,17113,0.2408194090003235,"{""_items"": [{""_id"": ""5d72fa25f9af8b4735c9e273"", ""userInputs"": [{""userID"": 1153, ""milesRequested"": 30, ""WhPerMile"": 600, ""minutesAvailable"": 369, ""modifiedAt"": ""Wed, 21 Aug 2019 15:34:58 GMT"", ""paymentRequired"": true, ""requestedDeparture"": ""Wed, 21 Aug 2019 21:43:27 GMT"", ""kWhRequested"": 18.0}], ""use",success
2026-08-17T00:45:12.923654+00:00,caltech:2019-08-20:2019-08-27:page8,1,"https://ev.caltech.edu/api/v1/sessions/caltech?where=connectionTime%3E=%22Tue,%2020%20Aug%202019%2000:00:00%20GMT%22%20and%20connectionTime%3C%22Tue,%2027%20Aug%202019%2000:00:00%20GMT%22%20and%20kWhDelivered%3E=0.0&sort=-connectionTime&page=8",200,application/json,14238,0.24037944300016534,"{""_items"": [{""_id"": ""5d71a8a3f9af8b435820d01d"", ""userInputs"": [{""userID"": 958, ""milesRequested"": 100, ""WhPerMile"": 200, ""minutesAvailable"": 570, ""modifiedAt"": ""Tue, 20 Aug 2019 16:32:05 GMT"", ""paymentRequired"": true, ""requestedDeparture"": ""Wed, 21 Aug 2019 01:58:59 GMT"", ""kWhRequested"": 20.0}], ""use",success
2026-08-17T00:45:14.671180+00:00,caltech:2019-08-27:2019-09-03:page1,1,https://ev.caltech.edu/api/v1/sessions/caltech?where=connectionTime%3E%3D%22Tue%2C+27+Aug+2019+00%3A00%3A00+GMT%22+and+connectionTime%3C%22Tue%2C+03+Sep+2019+00%3A00%3A00+GMT%22+and+kWhDelivered%3E%3D0.0&sort=-connectionTime,200,application/json,19213,0.7407798650001496,"{""_items"": [{""_id"": ""5d82cc10f9af8b7bfe1b95fd"", ""userInputs"": [{""userID"": 1746, ""milesRequested"": 20, ""WhPerMile"": 600, ""minutesAvailable"": 108, ""modifiedAt"": ""Mon, 02 Sep 2019 23:15:13 GMT"", ""paymentRequired"": true, ""requestedDeparture"": ""Tue, 03 Sep 2019 01:02:58 GMT"", ""kWhRequested"": 12.0}, {""use",success
2026-08-17T00:45:15.311130+00:00,caltech:2019-08-27:2019-09-03:page2,1,"https://ev.caltech.edu/api/v1/sessions/caltech?where=connectionTime%3E=%22Tue,%2027%20Aug%202019%2000:00:00%20GMT%22%20and%20connectionTime%3C%22Tue,%2003%20Sep%202019%2000:00:00%20GMT%22%20and%20kWhDelivered%3E=0.0&sort=-connectionTime&page=2",200,application/json,18272,0.3824935769998774,"{""_items"": [{""_id"": ""5d80290ff9af8b74562a035c"", ""userInputs"": [{""userID"": 1133, ""milesRequested"": 110, ""WhPerMile"": 400, ""minutesAvailable"": 149, ""modifiedAt"": ""Sat, 31 Aug 2019 17:19:28 GMT"", ""paymentRequired"": true, ""requestedDeparture"": ""Sat, 31 Aug 2019 19:48:02 GMT"", ""kWhRequested"": 44.0}], ""us",success
2026-08-17T00:45:15.786947+00:00,caltech:2019-08-27:2019-09-03:page3,1,"https://ev.caltech.edu/api/v1/sessions/caltech?where=connectionTime%3E=%22Tue,%2027%20Aug%202019%2000:00:00%20GMT%22%20and%20connectionTime%3C%22Tue,%2003%20Sep%202019%2000:00:00%20GMT%22%20and%20kWhDelivered%3E=0.0&sort=-connectionTime&page=3",200,application/json,17115,0.21576333299981343,"{""_items"": [{""_id"": ""5d7ed7a0f9af8b6fd458a08b"", ""userInputs"": [{""userID"": 1470, ""milesRequested"": 50, ""WhPerMile"": 292, ""minutesAvailable"": 79, ""modifiedAt"": ""Fri, 30 Aug 2019 15:58:45 GMT"", ""paymentRequired"": true, ""requestedDeparture"": ""Fri, 30 Aug 2019 17:17:36 GMT"", ""kWhRequested"": 14.6}], ""user",success
2026-08-17T00:45:16.345281+00:00,caltech:2019-08-27:2019-09-03:page4,1,"https://ev.caltech.edu/api/v1/sessions/caltech?where=connectionTime%3E=%22Tue,%2027%20Aug%202019%2000:00:00%20GMT%22%20and%20connectionTime%3C%22Tue,%2003%20Sep%202019%2000:00:00%20GMT%22%20and%20kWhDelivered%3E=0.0&sort=-connectionTime&page=4",200,application/json,17122,0.3017347739996694,"{""_items"": [{""_id"": ""5d7d8621f9af8b6bcd4d69f1"", ""userInputs"": [{""userID"": 1124, ""milesRequested"": 20, ""WhPerMile"": 450, ""minutesAvailable"": 30, ""modifiedAt"": ""Thu, 29 Aug 2019 17:19:28 GMT"", ""paymentRequired"": true, ""requestedDeparture"": ""Thu, 29 Aug 2019 17:49:13 GMT"", ""kWhRequested"": 9.0}], ""userI",success
2026-08-17T00:45:16.823518+00:00,caltech:2019-08-27:2019-09-03:page5,1,"https://ev.caltech.edu/api/v1/sessions/caltech?where=connectionTime%3E=%22Tue,%2027%20Aug%202019%2000:00:00%20GMT%22%20and%20connectionTime%3C%22Tue,%2003%20Sep%202019%2000:00:00%20GMT%22%20and%20kWhDelivered%3E=0.0&sort=-connectionTime&page=5",200,application/json,17141,0.2201937869995163,"{""_items"": [{""_id"": ""5d7c34a5f9af8b66e7719caf"", ""userInputs"": [{""userID"": 2069, ""milesRequested"": 40, ""WhPerMile"": 400, ""minutesAvailable"": 99, ""modifiedAt"": ""Thu, 29 Aug 2019 01:53:16 GMT"", ""paymentRequired"": true, ""requestedDeparture"": ""Thu, 29 Aug 2019 03:30:45 GMT"", ""kWhRequested"": 16.0}], ""user",success
2026-08-17T00:45:17.453834+00:00,caltech:2019-08-27:2019-09-03:page6,1,"https://ev.caltech.edu/api/v1/sessions/caltech?where=connectionTime%3E=%22Tue,%2027%20Aug%202019%2000:00:00%20GMT%22%20and%20connectionTime%3C%22Tue,%2003%20Sep%202019%2000:00:00%20GMT%22%20and%20kWhDelivered%3E=0.0&sort=-connectionTime&page=6",200,application/json,17810,0.37222724399998697,"{""_items"": [{""_id"": ""5d7c34a5f9af8b66e7719c96"", ""userInputs"": [{""userID"": 867, ""milesRequested"": 80, ""WhPerMile"": 400, ""minutesAvailable"": 400, ""modifiedAt"": ""Wed, 28 Aug 2019 16:25:03 GMT"", ""paymentRequired"": true, ""requestedDeparture"": ""Wed, 28 Aug 2019 23:05:03 GMT"", ""kWhRequested"": 32.0}, {""user",success
2026-08-17T00:45:18.102393+00:00,caltech:2019-08-27:2019-09-03:page7,1,"https://ev.caltech.edu/api/v1/sessions/caltech?where=connectionTime%3E=%22Tue,%2027%20Aug%202019%2000:00:00%20GMT%22%20and%20connectionTime%3C%22Tue,%2003%20Sep%202019%2000:00:00%20GMT%22%20and%20kWhDelivered%3E=0.0&sort=-connectionTime&page=7",200,application/json,18299,0.38789360300052067,"{""_items"": [{""_id"": ""5d7ae322f9af8b6208581826"", ""userInputs"": [{""userID"": 567, ""milesRequested"": 20, ""WhPerMile"": 333, ""minutesAvailable"": 441, ""modifiedAt"": ""Tue, 27 Aug 2019 20:45:49 GMT"", ""paymentRequired"": true, ""requestedDeparture"": ""Wed, 28 Aug 2019 04:05:40 GMT"", ""kWhRequested"": 6.66}], ""user",success
2026-08-17T00:45:18.573844+00:00,caltech:2019-08-27:2019-09-03:page8,1,"https://ev.caltech.edu/api/v1/sessions/caltech?where=connectionTime%3E=%22Tue,%2027%20Aug%202019%2000:00:00%20GMT%22%20and%20connectionTime%3C%22Tue,%2003%20Sep%202019%2000:00:00%20GMT%22%20and%20kWhDelivered%3E=0.0&sort=-connectionTime&page=8",200,application/json,5878,0.2106801500003712,"{""_items"": [{""_id"": ""5d7ae322f9af8b620858180d"", ""userInputs"": [{""userID"": 1470, ""milesRequested"": 60, ""WhPerMile"": 292, ""minutesAvailable"": 79, ""modifiedAt"": ""Tue, 27 Aug 2019 15:39:43 GMT"", ""paymentRequired"": true, ""requestedDeparture"": ""Tue, 27 Aug 2019 16:58:03 GMT"", ""kWhRequested"": 17.52}], ""use",success
2026-08-17T00:45:20.302700+00:00,caltech:2019-09-03:2019-09-10:page1,1,https://ev.caltech.edu/api/v1/sessions/caltech?where=connectionTime%3E%3D%22Tue%2C+03+Sep+2019+00%3A00%3A00+GMT%22+and+connectionTime%3C%22Tue%2C+10+Sep+2019+00%3A00%3A00+GMT%22+and+kWhDelivered%3E%3D0.0&sort=-connectionTime,200,application/json,17364,0.7187601659998109,"{""_items"": [{""_id"": ""5d8c06a3f9af8b21324108d4"", ""userInputs"": [{""userID"": 2950, ""milesRequested"": 60, ""WhPerMile"": 278, ""minutesAvailable"": 83, ""modifiedAt"": ""Mon, 09 Sep 2019 23:30:57 GMT"", ""paymentRequired"": true, ""requestedDeparture"": ""Tue, 10 Sep 2019 00:53:11 GMT"", ""kWhRequested"": 16.68}], ""use",success
2026-08-17T00:45:21.031438+00:00,caltech:2019-09-03:2019-09-10:page2,1,"https://ev.caltech.edu/api/v1/sessions/caltech?where=connectionTime%3E=%22Tue,%2003%20Sep%202019%2000:00:00%20GMT%22%20and%20connectionTime%3C%22Tue,%2010%20Sep%202019%2000:00:00%20GMT%22%20and%20kWhDelivered%3E=0.0&sort=-connectionTime&page=2",200,application/json,17817,0.4739864809998835,"{""_items"": [{""_id"": ""5d8c06a3f9af8b21324108bb"", ""userInputs"": null, ""userID"": null, ""sessionID"": ""2_39_129_17_2019-09-09 15:54:48.150314"", ""stationID"": ""2-39-129-17"", ""spaceID"": ""CA-307"", ""siteID"": ""0002"", ""clusterID"": ""0039"", ""connectionTime"": ""Mon, 09 Sep 2019 15:54:48 GMT"", ""disconnectTime"": ""Mon",success
2026-08-17T00:45:21.685130+00:00,caltech:2019-09-03:2019-09-10:page3,1,"https://ev.caltech.edu/api/v1/sessions/caltech?where=connectionTime%3E=%22Tue,%2003%20Sep%202019%2000:00:00%20GMT%22%20and%20connectionTime%3C%22Tue,%2010%20Sep%202019%2000:00:00%20GMT%22%20and%20kWhDelivered%3E=0.0&sort=-connectionTime&page=3",200,application/json,20362,0.3990309270002399,"{""_items"": [{""_id"": ""5d89638ff9af8b191ab9e8b7"", ""userInputs"": [{""userID"": 1746, ""milesRequested"": 20, ""WhPerMile"": 600, ""minutesAvailable"": 108, ""modifiedAt"": ""Sat, 07 Sep 2019 22:59:21 GMT"", ""paymentRequired"": true, ""requestedDeparture"": ""Sun, 08 Sep 2019 00:42:47 GMT"", ""kWhRequested"": 12.0}, {""use",success
2026-08-17T00:45:22.183745+00:00,caltech:2019-09-03:2019-09-10:page4,1,"https://ev.caltech.edu/api/v1/sessions/caltech?where=connectionTime%3E=%22Tue,%2003%20Sep%202019%2000:00:00%20GMT%22%20and%20connectionTime%3C%22Tue,%2010%20Sep%202019%2000:00:00%20GMT%22%20and%20kWhDelivered%3E=0.0&sort=-connectionTime&page=4",200,application/json,17350,0.240426514000319,"{""_items"": [{""_id"": ""5d881225f9af8b15294a1732"", ""userInputs"": [{""userID"": 562, ""milesRequested"": 10, ""WhPerMile"": 275, ""minutesAvailable"": 226, ""modifiedAt"": ""Fri, 06 Sep 2019 19:33:45 GMT"", ""paymentRequired"": true, ""requestedDeparture"": ""Fri, 06 Sep 2019 23:19:45 GMT"", ""kWhRequested"": 2.75}], ""user",success
2026-08-17T00:45:22.850623+00:00,caltech:2019-09-03:2019-09-10:page5,1,"https://ev.caltech.edu/api/v1/sessions/caltech?where=connectionTime%3E=%22Tue,%2003%20Sep%202019%2000:00:00%20GMT%22%20and%20connectionTime%3C%22Tue,%2010%20Sep%202019%2000:00:00%20GMT%22%20and%20kWhDelivered%3E=0.0&sort=-connectionTime&page=5",200,application/json,17630,0.41167675199994846,"{""_items"": [{""_id"": ""5d881225f9af8b15294a1719"", ""userInputs"": [{""userID"": 2461, ""milesRequested"": 30, ""WhPerMile"": 400, ""minutesAvailable"": 286, ""modifiedAt"": ""Fri, 06 Sep 2019 15:16:11 GMT"", ""paymentRequired"": true, ""requestedDeparture"": ""Fri, 06 Sep 2019 20:02:11 GMT"", ""kWhRequested"": 12.0}], ""use",success
2026-08-17T00:45:23.536101+00:00,caltech:2019-09-03:2019-09-10:page6,1,"https://ev.caltech.edu/api/v1/sessions/caltech?where=connectionTime%3E=%22Tue,%2003%20Sep%202019%2000:00:00%20GMT%22%20and%20connectionTime%3C%22Tue,%2010%20Sep%202019%2000:00:00%20GMT%22%20and%20kWhDelivered%3E=0.0&sort=-connectionTime&page=6",200,application/json,18060,0.4252502770004867,"{""_items"": [{""_id"": ""5d86c0a5f9af8b1022a81866"", ""userInputs"": [{""userID"": 714, ""milesRequested"": 80, ""WhPerMile"": 200, ""minutesAvailable"": 458, ""modifiedAt"": ""Thu, 05 Sep 2019 16:32:37 GMT"", ""paymentRequired"": true, ""requestedDeparture"": ""Fri, 06 Sep 2019 00:10:09 GMT"", ""kWhRequested"": 16.0}], ""user",success
2026-08-17T00:45:24.203967+00:00,caltech:2019-09-03:2019-09-10:page7,1,"https://ev.caltech.edu/api/v1/sessions/caltech?where=connectionTime%3E=%22Tue,%2003%20Sep%202019%2000:00:00%20GMT%22%20and%20connectionTime%3C%22Tue,%2010%20Sep%202019%2000:00:00%20GMT%22%20and%20kWhDelivered%3E=0.0&sort=-connectionTime&page=7",200,application/json,18291,0.40822721700078546,"{""_items"": [{""_id"": ""5d856f1ff9af8b0c7bdf246c"", ""userInputs"": [{""userID"": 1912, ""milesRequested"": 40, ""WhPerMile"": 400, ""minutesAvailable"": 373, ""modifiedAt"": ""Wed, 04 Sep 2019 19:59:35 GMT"", ""paymentRequired"": true, ""requestedDeparture"": ""Thu, 05 Sep 2019 02:12:32 GMT"", ""kWhRequested"": 16.0}], ""use",success
2026-08-17T00:45:24.699694+00:00,caltech:2019-09-03:2019-09-10:page8,1,"https://ev.caltech.edu/api/v1/sessions/caltech?where=connectionTime%3E=%22Tue,%2003%20Sep%202019%2000:00:00%20GMT%22%20and%20connectionTime%3C%22Tue,%2010%20Sep%202019%2000:00:00%20GMT%22%20and%20kWhDelivered%3E=0.0&sort=-connectionTime&page=8",200,application/json,17586,0.2363767739998366,"{""_items"": [{""_id"": ""5d856f1ff9af8b0c7bdf2453"", ""userInputs"": null, ""userID"": null, ""sessionID"": ""2_39_78_366_2019-09-04 15:22:52.802786"", ""stationID"": ""2-39-78-366"", ""spaceID"": ""CA-323"", ""siteID"": ""0002"", ""clusterID"": ""0039"", ""connectionTime"": ""Wed, 04 Sep 2019 15:22:53 GMT"", ""disconnectTime"": ""Thu",success
2026-08-17T00:45:25.186264+00:00,caltech:2019-09-03:2019-09-10:page9,1,"https://ev.caltech.edu/api/v1/sessions/caltech?where=connectionTime%3E=%22Tue,%2003%20Sep%202019%2000:00:00%20GMT%22%20and%20connectionTime%3C%22Tue,%2010%20Sep%202019%2000:00:00%20GMT%22%20and%20kWhDelivered%3E=0.0&sort=-connectionTime&page=9",200,application/json,12287,0.22925715200017294,"{""_items"": [{""_id"": ""5d841da2f9af8b08a9439b72"", ""userInputs"": [{""userID"": 3176, ""milesRequested"": 40, ""WhPerMile"": 400, ""minutesAvailable"": 254, ""modifiedAt"": ""Tue, 03 Sep 2019 17:05:54 GMT"", ""paymentRequired"": true, ""requestedDeparture"": ""Tue, 03 Sep 2019 21:18:26 GMT"", ""kWhRequested"": 16.0}], ""use",success
2026-08-17T00:45:26.957920+00:00,caltech:2019-09-10:2019-09-17:page1,1,https://ev.caltech.edu/api/v1/sessions/caltech?where=connectionTime%3E%3D%22Tue%2C+10+Sep+2019+00%3A00%3A00+GMT%22+and+connectionTime%3C%22Tue%2C+17+Sep+2019+00%3A00%3A00+GMT%22+and+kWhDelivered%3E%3D0.0&sort=-connectionTime,200,application/json,17126,0.7637121180005124,"{""_items"": [{""_id"": ""5d954125f9af8b4500d3bc7c"", ""userInputs"": [{""userID"": 838, ""milesRequested"": 20, ""WhPerMile"": 433, ""minutesAvailable"": 298, ""modifiedAt"": ""Mon, 16 Sep 2019 23:59:18 GMT"", ""paymentRequired"": true, ""requestedDeparture"": ""Tue, 17 Sep 2019 04:57:08 GMT"", ""kWhRequested"": 8.66}, {""user",success
2026-08-17T00:45:27.650571+00:00,caltech:2019-09-10:2019-09-17:page2,1,"https://ev.caltech.edu/api/v1/sessions/caltech?where=connectionTime%3E=%22Tue,%2010%20Sep%202019%2000:00:00%20GMT%22%20and%20connectionTime%3C%22Tue,%2017%20Sep%202019%2000:00:00%20GMT%22%20and%20kWhDelivered%3E=0.0&sort=-connectionTime&page=2",200,application/json,18064,0.43735497200032114,"{""_items"": [{""_id"": ""5d954125f9af8b4500d3bc63"", ""userInputs"": [{""userID"": 564, ""milesRequested"": 120, ""WhPerMile"": 231, ""minutesAvailable"": 461, ""modifiedAt"": ""Mon, 16 Sep 2019 15:59:34 GMT"", ""paymentRequired"": true, ""requestedDeparture"": ""Mon, 16 Sep 2019 23:40:19 GMT"", ""kWhRequested"": 27.72}], ""us",success
2026-08-17T00:45:28.310969+00:00,caltech:2019-09-10:2019-09-17:page3,1,"https://ev.caltech.edu/api/v1/sessions/caltech?where=connectionTime%3E=%22Tue,%2010%20Sep%202019%2000:00:00%20GMT%22%20and%20connectionTime%3C%22Tue,%2017%20Sep%202019%2000:00:00%20GMT%22%20and%20kWhDelivered%3E=0.0&sort=-connectionTime&page=3",200,application/json,17599,0.3999009279996244,"{""_items"": [{""_id"": ""5d929e0ff9af8b3a4459dfb4"", ""userInputs"": [{""userID"": 3123, ""milesRequested"": 20, ""WhPerMile"": 444, ""minutesAvailable"": 94, ""modifiedAt"": ""Sat, 14 Sep 2019 15:07:40 GMT"", ""paymentRequired"": true, ""requestedDeparture"": ""Sat, 14 Sep 2019 16:41:40 GMT"", ""kWhRequested"": 8.88}], ""user",success
2026-08-17T00:45:29.045792+00:00,caltech:2019-09-10:2019-09-17:page4,1,"https://ev.caltech.edu/api/v1/sessions/caltech?where=connectionTime%3E=%22Tue,%2010%20Sep%202019%2000:00:00%20GMT%22%20and%20connectionTime%3C%22Tue,%2017%20Sep%202019%2000:00:00%20GMT%22%20and%20kWhDelivered%3E=0.0&sort=-connectionTime&page=4",200,application/json,18032,0.47492648600018583,"{""_items"": [{""_id"": ""5d914ca1f9af8b368992b7b4"", ""userInputs"": [{""userID"": 743, ""milesRequested"": 20, ""WhPerMile"": 400, ""minutesAvailable"": 468, ""modifiedAt"": ""Fri, 13 Sep 2019 16:23:15 GMT"", ""paymentRequired"": true, ""requestedDeparture"": ""Sat, 14 Sep 2019 00:10:54 GMT"", ""kWhRequested"": 8.0}], ""userI",success
2026-08-17T00:45:29.593670+00:00,caltech:2019-09-10:2019-09-17:page5,1,"https://ev.caltech.edu/api/v1/sessions/caltech?where=connectionTime%3E=%22Tue,%2010%20Sep%202019%2000:00:00%20GMT%22%20and%20connectionTime%3C%22Tue,%2017%20Sep%202019%2000:00:00%20GMT%22%20and%20kWhDelivered%3E=0.0&sort=-connectionTime&page=5",200,application/json,17355,0.2905205600000045,"{""_items"": [{""_id"": ""5d8ffb21f9af8b327ec6da5c"", ""userInputs"": [{""userID"": 891, ""milesRequested"": 20, ""WhPerMile"": 500, ""minutesAvailable"": 304, ""modifiedAt"": ""Thu, 12 Sep 2019 18:03:47 GMT"", ""paymentRequired"": true, ""requestedDeparture"": ""Thu, 12 Sep 2019 23:07:27 GMT"", ""kWhRequested"": 10.0}], ""user",success
2026-08-17T00:45:30.268703+00:00,caltech:2019-09-10:2019-09-17:page6,1,"https://ev.caltech.edu/api/v1/sessions/caltech?where=connectionTime%3E=%22Tue,%2010%20Sep%202019%2000:00:00%20GMT%22%20and%20connectionTime%3C%22Tue,%2017%20Sep%202019%2000:00:00%20GMT%22%20and%20kWhDelivered%3E=0.0&sort=-connectionTime&page=6",200,application/json,17830,0.41503198299960786,"{""_items"": [{""_id"": ""5d8ea9a3f9af8b2ead96d715"", ""userInputs"": [{""userID"": 2069, ""milesRequested"": 40, ""WhPerMile"": 400, ""minutesAvailable"": 99, ""modifiedAt"": ""Thu, 12 Sep 2019 01:55:07 GMT"", ""paymentRequired"": true, ""requestedDeparture"": ""Thu, 12 Sep 2019 03:34:08 GMT"", ""kWhRequested"": 16.0}], ""user",success
2026-08-17T00:45:30.942648+00:00,caltech:2019-09-10:2019-09-17:page7,1,"https://ev.caltech.edu/api/v1/sessions/caltech?where=connectionTime%3E=%22Tue,%2010%20Sep%202019%2000:00:00%20GMT%22%20and%20connectionTime%3C%22Tue,%2017%20Sep%202019%2000:00:00%20GMT%22%20and%20kWhDelivered%3E=0.0&sort=-connectionTime&page=7",200,application/json,18294,0.4176246090000859,"{""_items"": [{""_id"": ""5d8ea9a3f9af8b2ead96d6fc"", ""userInputs"": [{""userID"": 1912, ""milesRequested"": 40, ""WhPerMile"": 400, ""minutesAvailable"": 373, ""modifiedAt"": ""Wed, 11 Sep 2019 16:13:42 GMT"", ""paymentRequired"": true, ""requestedDeparture"": ""Wed, 11 Sep 2019 22:26:30 GMT"", ""kWhRequested"": 16.0}], ""use",success
2026-08-17T00:45:31.439779+00:00,caltech:2019-09-10:2019-09-17:page8,1,"https://ev.caltech.edu/api/v1/sessions/caltech?where=connectionTime%3E=%22Tue,%2010%20Sep%202019%2000:00:00%20GMT%22%20and%20connectionTime%3C%22Tue,%2017%20Sep%202019%2000:00:00%20GMT%22%20and%20kWhDelivered%3E=0.0&sort=-connectionTime&page=8",200,application/json,17353,0.238682234999942,"{""_items"": [{""_id"": ""5d8d5821f9af8b2ac272ab38"", ""userInputs"": [{""userID"": 1274, ""milesRequested"": 50, ""WhPerMile"": 400, ""minutesAvailable"": 234, ""modifiedAt"": ""Tue, 10 Sep 2019 18:25:18 GMT"", ""paymentRequired"": true, ""requestedDeparture"": ""Tue, 10 Sep 2019 22:17:12 GMT"", ""kWhRequested"": 20.0}], ""use",success
2026-08-17T00:45:31.919682+00:00,caltech:2019-09-10:2019-09-17:page9,1,"https://ev.caltech.edu/api/v1/sessions/caltech?where=connectionTime%3E=%22Tue,%2010%20Sep%202019%2000:00:00%20GMT%22%20and%20connectionTime%3C%22Tue,%2017%20Sep%202019%2000:00:00%20GMT%22%20and%20kWhDelivered%3E=0.0&sort=-connectionTime&page=9",200,application/json,5903,0.2205381009998746,"{""_items"": [{""_id"": ""5d8c06a3f9af8b21324108db"", ""userInputs"": [{""userID"": 1473, ""milesRequested"": 20, ""WhPerMile"": 400, ""minutesAvailable"": 129, ""modifiedAt"": ""Tue, 10 Sep 2019 02:31:16 GMT"", ""paymentRequired"": true, ""requestedDeparture"": ""Tue, 10 Sep 2019 04:40:05 GMT"", ""kWhRequested"": 8.0}, {""user",success
2026-08-17T00:45:33.717203+00:00,caltech:2019-09-17:2019-09-24:page1,1,https://ev.caltech.edu/api/v1/sessions/caltech?where=connectionTime%3E%3D%22Tue%2C+17+Sep+2019+00%3A00%3A00+GMT%22+and+connectionTime%3C%22Tue%2C+24+Sep+2019+00%3A00%3A00+GMT%22+and+kWhDelivered%3E%3D0.0&sort=-connectionTime,200,application/json,17128,0.7923719750006057,"{""_items"": [{""_id"": ""5d9e7ba6f9af8b6114d7fa00"", ""userInputs"": [{""userID"": 3577, ""milesRequested"": 20, ""WhPerMile"": 400, ""minutesAvailable"": 210, ""modifiedAt"": ""Mon, 23 Sep 2019 21:38:03 GMT"", ""paymentRequired"": true, ""requestedDeparture"": ""Tue, 24 Sep 2019 01:08:04 GMT"", ""kWhRequested"": 8.0}], ""user",success
2026-08-17T00:45:34.519632+00:00,caltech:2019-09-17:2019-09-24:page2,1,"https://ev.caltech.edu/api/v1/sessions/caltech?where=connectionTime%3E=%22Tue,%2017%20Sep%202019%2000:00:00%20GMT%22%20and%20connectionTime%3C%22Tue,%2024%20Sep%202019%2000:00:00%20GMT%22%20and%20kWhDelivered%3E=0.0&sort=-connectionTime&page=2",200,application/json,16882,0.5438679839999168,"{""_items"": [{""_id"": ""5d9e7ba6f9af8b6114d7f9e7"", ""userInputs"": [{""userID"": 818, ""milesRequested"": 140, ""WhPerMile"": 250, ""minutesAvailable"": 471, ""modifiedAt"": ""Mon, 23 Sep 2019 15:50:47 GMT"", ""paymentRequired"": true, ""requestedDeparture"": ""Mon, 23 Sep 2019 23:40:59 GMT"", ""kWhRequested"": 35.0}], ""use",success
2026-08-17T00:45:35.213671+00:00,caltech:2019-09-17:2019-09-24:page3,1,"https://ev.caltech.edu/api/v1/sessions/caltech?where=connectionTime%3E=%22Tue,%2017%20Sep%202019%2000:00:00%20GMT%22%20and%20connectionTime%3C%22Tue,%2024%20Sep%202019%2000:00:00%20GMT%22%20and%20kWhDelivered%3E=0.0&sort=-connectionTime&page=3",200,application/json,18283,0.43826976499985904,"{""_items"": [{""_id"": ""5d9a8722f9af8b557c6d50e2"", ""userInputs"": [{""userID"": 1202, ""milesRequested"": 38, ""WhPerMile"": 400, ""minutesAvailable"": 173, ""modifiedAt"": ""Fri, 20 Sep 2019 20:56:07 GMT"", ""paymentRequired"": true, ""requestedDeparture"": ""Fri, 20 Sep 2019 23:46:07 GMT"", ""kWhRequested"": 15.2}], ""use",success
2026-08-17T00:45:35.777132+00:00,caltech:2019-09-17:2019-09-24:page4,1,"https://ev.caltech.edu/api/v1/sessions/caltech?where=connectionTime%3E=%22Tue,%2017%20Sep%202019%2000:00:00%20GMT%22%20and%20connectionTime%3C%22Tue,%2024%20Sep%202019%2000:00:00%20GMT%22%20and%20kWhDelivered%3E=0.0&sort=-connectionTime&page=4",200,application/json,16645,0.30990143999952124,"{""_items"": [{""_id"": ""5d9a8722f9af8b557c6d50c9"", ""userInputs"": [{""userID"": 1272, ""milesRequested"": 30, ""WhPerMile"": 600, ""minutesAvailable"": 293, ""modifiedAt"": ""Fri, 20 Sep 2019 15:56:20 GMT"", ""paymentRequired"": true, ""requestedDeparture"": ""Fri, 20 Sep 2019 20:45:47 GMT"", ""kWhRequested"": 18.0}], ""use",success
2026-08-17T00:45:36.258010+00:00,caltech:2019-09-17:2019-09-24:page5,1,"https://ev.caltech.edu/api/v1/sessions/caltech?where=connectionTime%3E=%22Tue,%2017%20Sep%202019%2000:00:00%20GMT%22%20and%20connectionTime%3C%22Tue,%2024%20Sep%202019%2000:00:00%20GMT%22%20and%20kWhDelivered%3E=0.0&sort=-connectionTime&page=5",200,application/json,17148,0.22435077099999035,"{""_items"": [{""_id"": ""5d9935a8f9af8b5188e12fbf"", ""userInputs"": [{""userID"": 567, ""milesRequested"": 20, ""WhPerMile"": 333, ""minutesAvailable"": 441, ""modifiedAt"": ""Thu, 19 Sep 2019 16:34:19 GMT"", ""paymentRequired"": true, ""requestedDeparture"": ""Thu, 19 Sep 2019 23:54:36 GMT"", ""kWhRequested"": 6.66}], ""user",success
2026-08-17T00:45:36.741730+00:00,caltech:2019-09-17:2019-09-24:page6,1,"https://ev.caltech.edu/api/v1/sessions/caltech?where=connectionTime%3E=%22Tue,%2017%20Sep%202019%2000:00:00%20GMT%22%20and%20connectionTime%3C%22Tue,%2024%20Sep%202019%2000:00:00%20GMT%22%20and%20kWhDelivered%3E=0.0&sort=-connectionTime&page=6",200,application/json,16425,0.22477360099946964,"{""_items"": [{""_id"": ""5d97e41ff9af8b4d3988f077"", ""userInputs"": null, ""userID"": null, ""sessionID"": ""2_39_89_25_2019-09-18 22:58:09.501891"", ""stationID"": ""2-39-89-25"", ""spaceID"": ""CA-315"", ""siteID"": ""0002"", ""clusterID"": ""0039"", ""connectionTime"": ""Wed, 18 Sep 2019 22:58:09 GMT"", ""disconnectTime"": ""Thu, ",success
2026-08-17T00:45:37.385360+00:00,caltech:2019-09-17:2019-09-24:page7,1,"https://ev.caltech.edu/api/v1/sessions/caltech?where=connectionTime%3E=%22Tue,%2017%20Sep%202019%2000:00:00%20GMT%22%20and%20connectionTime%3C%22Tue,%2024%20Sep%202019%2000:00:00%20GMT%22%20and%20kWhDelivered%3E=0.0&sort=-connectionTime&page=7",200,application/json,18722,0.39092551700014155,"{""_items"": [{""_id"": ""5d97e41ff9af8b4d3988f05e"", ""userInputs"": [{""userID"": 431, ""milesRequested"": 40, ""WhPerMile"": 300, ""minutesAvailable"": 153, ""modifiedAt"": ""Wed, 18 Sep 2019 15:52:43 GMT"", ""paymentRequired"": true, ""requestedDeparture"": ""Wed, 18 Sep 2019 18:24:58 GMT"", ""kWhRequested"": 12.0}], ""user",success
2026-08-17T00:45:37.867760+00:00,caltech:2019-09-17:2019-09-24:page8,1,"https://ev.caltech.edu/api/v1/sessions/caltech?where=connectionTime%3E=%22Tue,%2017%20Sep%202019%2000:00:00%20GMT%22%20and%20connectionTime%3C%22Tue,%2024%20Sep%202019%2000:00:00%20GMT%22%20and%20kWhDelivered%3E=0.0&sort=-connectionTime&page=8",200,application/json,16011,0.22433051400003023,"{""_items"": [{""_id"": ""5d9692a3f9af8b492abf4933"", ""userInputs"": null, ""userID"": null, ""sessionID"": ""2_39_90_440_2019-09-17 17:11:03.791714"", ""stationID"": ""2-39-90-440"", ""spaceID"": ""CA-500"", ""siteID"": ""0002"", ""clusterID"": ""0039"", ""connectionTime"": ""Tue, 17 Sep 2019 17:11:04 GMT"", ""disconnectTime"": ""Wed",success
2026-08-17T00:45:39.506206+00:00,caltech:2019-09-24:2019-10-01:page1,1,https://ev.caltech.edu/api/v1/sessions/caltech?where=connectionTime%3E%3D%22Tue%2C+24+Sep+2019+00%3A00%3A00+GMT%22+and+connectionTime%3C%22Tue%2C+01+Oct+2019+00%3A00%3A00+GMT%22+and+kWhDelivered%3E%3D0.0&sort=-connectionTime,200,application/json,17846,0.628799070000241,"{""_items"": [{""_id"": ""5da7b61bf9af8b0462eadca1"", ""userInputs"": [{""userID"": 1366, ""milesRequested"": 20, ""WhPerMile"": 600, ""minutesAvailable"": 242, ""modifiedAt"": ""Mon, 30 Sep 2019 21:55:37 GMT"", ""paymentRequired"": true, ""requestedDeparture"": ""Tue, 01 Oct 2019 01:57:21 GMT"", ""kWhRequested"": 12.0}], ""use",success
2026-08-17T00:45:40.194879+00:00,caltech:2019-09-24:2019-10-01:page2,1,"https://ev.caltech.edu/api/v1/sessions/caltech?where=connectionTime%3E=%22Tue,%2024%20Sep%202019%2000:00:00%20GMT%22%20and%20connectionTime%3C%22Tue,%2001%20Oct%202019%2000:00:00%20GMT%22%20and%20kWhDelivered%3E=0.0&sort=-connectionTime&page=2",200,application/json,17132,0.43144161100008205,"{""_items"": [{""_id"": ""5da6648ef9af8b7dc30f7f8b"", ""userInputs"": [{""userID"": 3751, ""milesRequested"": 20, ""WhPerMile"": 400, ""minutesAvailable"": 60, ""modifiedAt"": ""Sun, 29 Sep 2019 23:25:51 GMT"", ""paymentRequired"": true, ""requestedDeparture"": ""Mon, 30 Sep 2019 00:25:34 GMT"", ""kWhRequested"": 8.0}, {""userI",success
2026-08-17T00:45:40.856766+00:00,caltech:2019-09-24:2019-10-01:page3,1,"https://ev.caltech.edu/api/v1/sessions/caltech?where=connectionTime%3E=%22Tue,%2024%20Sep%202019%2000:00:00%20GMT%22%20and%20connectionTime%3C%22Tue,%2001%20Oct%202019%2000:00:00%20GMT%22%20and%20kWhDelivered%3E=0.0&sort=-connectionTime&page=3",200,application/json,16655,0.40657304100022884,"{""_items"": [{""_id"": ""5da3c1a0f9af8b75a2759f47"", ""userInputs"": [{""userID"": 1222, ""milesRequested"": 20, ""WhPerMile"": 400, ""minutesAvailable"": 72, ""modifiedAt"": ""Fri, 27 Sep 2019 18:53:32 GMT"", ""paymentRequired"": true, ""requestedDeparture"": ""Fri, 27 Sep 2019 20:04:09 GMT"", ""kWhRequested"": 8.0}], ""userI",success
2026-08-17T00:45:41.519146+00:00,caltech:2019-09-24:2019-10-01:page4,1,"https://ev.caltech.edu/api/v1/sessions/caltech?where=connectionTime%3E=%22Tue,%2024%20Sep%202019%2000:00:00%20GMT%22%20and%20connectionTime%3C%22Tue,%2001%20Oct%202019%2000:00:00%20GMT%22%20and%20kWhDelivered%3E=0.0&sort=-connectionTime&page=4",200,application/json,17128,0.40704585399998905,"{""_items"": [{""_id"": ""5da27021f9af8b7195641d8d"", ""userInputs"": [{""userID"": 1108, ""milesRequested"": 50, ""WhPerMile"": 400, ""minutesAvailable"": 232, ""modifiedAt"": ""Fri, 27 Sep 2019 01:36:56 GMT"", ""paymentRequired"": true, ""requestedDeparture"": ""Fri, 27 Sep 2019 05:28:55 GMT"", ""kWhRequested"": 20.0}], ""use",success
2026-08-17T00:45:42.215413+00:00,caltech:2019-09-24:2019-10-01:page5,1,"https://ev.caltech.edu/api/v1/sessions/caltech?where=connectionTime%3E=%22Tue,%2024%20Sep%202019%2000:00:00%20GMT%22%20and%20connectionTime%3C%22Tue,%2001%20Oct%202019%2000:00:00%20GMT%22%20and%20kWhDelivered%3E=0.0&sort=-connectionTime&page=5",200,application/json,17342,0.43667394900057843,"{""_items"": [{""_id"": ""5da27021f9af8b7195641d74"", ""userInputs"": [{""userID"": 712, ""milesRequested"": 30, ""WhPerMile"": 600, ""minutesAvailable"": 413, ""modifiedAt"": ""Thu, 26 Sep 2019 15:51:53 GMT"", ""paymentRequired"": true, ""requestedDeparture"": ""Thu, 26 Sep 2019 22:42:59 GMT"", ""kWhRequested"": 18.0}], ""user",success
2026-08-17T00:45:42.876633+00:00,caltech:2019-09-24:2019-10-01:page6,1,"https://ev.caltech.edu/api/v1/sessions/caltech?where=connectionTime%3E=%22Tue,%2024%20Sep%202019%2000:00:00%20GMT%22%20and%20connectionTime%3C%22Tue,%2001%20Oct%202019%2000:00:00%20GMT%22%20and%20kWhDelivered%3E=0.0&sort=-connectionTime&page=6",200,application/json,16888,0.4004517030007264,"{""_items"": [{""_id"": ""5da11ea0f9af8b6dc9d28264"", ""userInputs"": [{""userID"": 1082, ""milesRequested"": 40, ""WhPerMile"": 400, ""minutesAvailable"": 291, ""modifiedAt"": ""Wed, 25 Sep 2019 17:53:08 GMT"", ""paymentRequired"": true, ""requestedDeparture"": ""Wed, 25 Sep 2019 22:43:36 GMT"", ""kWhRequested"": 16.0}], ""use",success
2026-08-17T00:45:43.540643+00:00,caltech:2019-09-24:2019-10-01:page7,1,"https://ev.caltech.edu/api/v1/sessions/caltech?where=connectionTime%3E=%22Tue,%2024%20Sep%202019%2000:00:00%20GMT%22%20and%20connectionTime%3C%22Tue,%2001%20Oct%202019%2000:00:00%20GMT%22%20and%20kWhDelivered%3E=0.0&sort=-connectionTime&page=7",200,application/json,17121,0.40598769999996875,"{""_items"": [{""_id"": ""5d9fcd1ff9af8b68338a59c8"", ""userInputs"": [{""userID"": 248, ""milesRequested"": 40, ""WhPerMile"": 250, ""minutesAvailable"": 81, ""modifiedAt"": ""Wed, 25 Sep 2019 02:05:00 GMT"", ""paymentRequired"": true, ""requestedDeparture"": ""Wed, 25 Sep 2019 03:07:51 GMT"", ""kWhRequested"": 10.0}], ""userI",success
2026-08-17T00:45:44.021425+00:00,caltech:2019-09-24:2019-10-01:page8,1,"https://ev.caltech.edu/api/v1/sessions/caltech?where=connectionTime%3E=%22Tue,%2024%20Sep%202019%2000:00:00%20GMT%22%20and%20connectionTime%3C%22Tue,%2001%20Oct%202019%2000:00:00%20GMT%22%20and%20kWhDelivered%3E=0.0&sort=-connectionTime&page=8",200,application/json,5641,0.22078737700030615,"{""_items"": [{""_id"": ""5d9fcd1ff9af8b68338a59af"", ""userInputs"": [{""userID"": 676, ""milesRequested"": 60, ""WhPerMile"": 364, ""minutesAvailable"": 720, ""modifiedAt"": ""Tue, 24 Sep 2019 14:53:13 GMT"", ""paymentRequired"": true, ""requestedDeparture"": ""Wed, 25 Sep 2019 02:52:48 GMT"", ""kWhRequested"": 21.84}], ""use",success
2026-08-17T00:45:45.676459+00:00,caltech:2019-10-01:2019-10-08:page1,1,https://ev.caltech.edu/api/v1/sessions/caltech?where=connectionTime%3E%3D%22Tue%2C+01+Oct+2019+00%3A00%3A00+GMT%22+and+connectionTime%3C%22Tue%2C+08+Oct+2019+00%3A00%3A00+GMT%22+and+kWhDelivered%3E%3D0.0&sort=-connectionTime,200,application/json,18291,0.6454011109999556,"{""_items"": [{""_id"": ""5db0f09ff9af8b20d140089f"", ""userInputs"": null, ""userID"": null, ""sessionID"": ""2_39_125_21_2019-10-07 23:45:03.010336"", ""stationID"": ""2-39-125-21"", ""spaceID"": ""CA-311"", ""siteID"": ""0002"", ""clusterID"": ""0039"", ""connectionTime"": ""Mon, 07 Oct 2019 23:45:03 GMT"", ""disconnectTime"": ""Tue",success
2026-08-17T00:45:46.335027+00:00,caltech:2019-10-01:2019-10-08:page2,1,"https://ev.caltech.edu/api/v1/sessions/caltech?where=connectionTime%3E=%22Tue,%2001%20Oct%202019%2000:00:00%20GMT%22%20and%20connectionTime%3C%22Tue,%2008%20Oct%202019%2000:00:00%20GMT%22%20and%20kWhDelivered%3E=0.0&sort=-connectionTime&page=2",200,application/json,17588,0.401613334999638,"{""_items"": [{""_id"": ""5db0f09ff9af8b20d1400886"", ""userInputs"": [{""userID"": 1470, ""milesRequested"": 100, ""WhPerMile"": 292, ""minutesAvailable"": 428, ""modifiedAt"": ""Mon, 07 Oct 2019 15:45:04 GMT"", ""paymentRequired"": true, ""requestedDeparture"": ""Mon, 07 Oct 2019 22:52:40 GMT"", ""kWhRequested"": 29.2}], ""us",success
2026-08-17T00:45:46.989199+00:00,caltech:2019-10-01:2019-10-08:page3,1,"https://ev.caltech.edu/api/v1/sessions/caltech?where=connectionTime%3E=%22Tue,%2001%20Oct%202019%2000:00:00%20GMT%22%20and%20connectionTime%3C%22Tue,%2008%20Oct%202019%2000:00:00%20GMT%22%20and%20kWhDelivered%3E=0.0&sort=-connectionTime&page=3",200,application/json,16899,0.40020184100012557,"{""_items"": [{""_id"": ""5dacfc1cf9af8b14cf641f2b"", ""userInputs"": [{""userID"": 1082, ""milesRequested"": 40, ""WhPerMile"": 400, ""minutesAvailable"": 291, ""modifiedAt"": ""Fri, 04 Oct 2019 19:34:35 GMT"", ""paymentRequired"": true, ""requestedDeparture"": ""Sat, 05 Oct 2019 00:25:19 GMT"", ""kWhRequested"": 16.0}], ""use",success
2026-08-17T00:45:47.648511+00:00,caltech:2019-10-01:2019-10-08:page4,1,"https://ev.caltech.edu/api/v1/sessions/caltech?where=connectionTime%3E=%22Tue,%2001%20Oct%202019%2000:00:00%20GMT%22%20and%20connectionTime%3C%22Tue,%2008%20Oct%202019%2000:00:00%20GMT%22%20and%20kWhDelivered%3E=0.0&sort=-connectionTime&page=4",200,application/json,16416,0.4047101300002396,"{""_items"": [{""_id"": ""5dabaaa2f9af8b10bee0b2eb"", ""userInputs"": [{""userID"": 1263, ""milesRequested"": 90, ""WhPerMile"": 250, ""minutesAvailable"": 115, ""modifiedAt"": ""Fri, 04 Oct 2019 03:24:27 GMT"", ""paymentRequired"": true, ""requestedDeparture"": ""Fri, 04 Oct 2019 05:17:50 GMT"", ""kWhRequested"": 22.5}], ""use",success
2026-08-17T00:45:48.313739+00:00,caltech:2019-10-01:2019-10-08:page5,1,"https://ev.caltech.edu/api/v1/sessions/caltech?where=connectionTime%3E=%22Tue,%2001%20Oct%202019%2000:00:00%20GMT%22%20and%20connectionTime%3C%22Tue,%2008%20Oct%202019%2000:00:00%20GMT%22%20and%20kWhDelivered%3E=0.0&sort=-connectionTime&page=5",200,application/json,16423,0.411281766000684,"{""_items"": [{""_id"": ""5dabaaa2f9af8b10bee0b2d2"", ""userInputs"": [{""userID"": 1104, ""milesRequested"": 150, ""WhPerMile"": 250, ""minutesAvailable"": 436, ""modifiedAt"": ""Thu, 03 Oct 2019 15:59:27 GMT"", ""paymentRequired"": true, ""requestedDeparture"": ""Thu, 03 Oct 2019 23:15:13 GMT"", ""kWhRequested"": 37.5}], ""us",success
2026-08-17T00:45:48.972022+00:00,caltech:2019-10-01:2019-10-08:page6,1,"https://ev.caltech.edu/api/v1/sessions/caltech?where=connectionTime%3E=%22Tue,%2001%20Oct%202019%2000:00:00%20GMT%22%20and%20connectionTime%3C%22Tue,%2008%20Oct%202019%2000:00:00%20GMT%22%20and%20kWhDelivered%3E=0.0&sort=-connectionTime&page=6",200,application/json,16422,0.4044415049993404,"{""_items"": [{""_id"": ""5daa5938f9af8b0c8daeb4bc"", ""userInputs"": [{""userID"": 1001, ""milesRequested"": 20, ""WhPerMile"": 600, ""minutesAvailable"": 129, ""modifiedAt"": ""Wed, 02 Oct 2019 17:52:11 GMT"", ""paymentRequired"": true, ""requestedDeparture"": ""Wed, 02 Oct 2019 20:01:12 GMT"", ""kWhRequested"": 12.0}], ""use",success
2026-08-17T00:45:49.626150+00:00,caltech:2019-10-01:2019-10-08:page7,1,"https://ev.caltech.edu/api/v1/sessions/caltech?where=connectionTime%3E=%22Tue,%2001%20Oct%202019%2000:00:00%20GMT%22%20and%20connectionTime%3C%22Tue,%2008%20Oct%202019%2000:00:00%20GMT%22%20and%20kWhDelivered%3E=0.0&sort=-connectionTime&page=7",200,application/json,17592,0.39890990699950635,"{""_items"": [{""_id"": ""5da907a5f9af8b086195c3a0"", ""userInputs"": [{""userID"": 838, ""milesRequested"": 60, ""WhPerMile"": 433, ""minutesAvailable"": 377, ""modifiedAt"": ""Wed, 02 Oct 2019 00:36:43 GMT"", ""paymentRequired"": true, ""requestedDeparture"": ""Wed, 02 Oct 2019 06:53:37 GMT"", ""kWhRequested"": 25.98}, {""use",success
2026-08-17T00:45:50.106450+00:00,caltech:2019-10-01:2019-10-08:page8,1,"https://ev.caltech.edu/api/v1/sessions/caltech?where=connectionTime%3E=%22Tue,%2001%20Oct%202019%2000:00:00%20GMT%22%20and%20connectionTime%3C%22Tue,%2008%20Oct%202019%2000:00:00%20GMT%22%20and%20kWhDelivered%3E=0.0&sort=-connectionTime&page=8",200,application/json,10711,0.2238904680007181,"{""_items"": [{""_id"": ""5da907a5f9af8b086195c387"", ""userInputs"": null, ""userID"": null, ""sessionID"": ""2_39_78_367_2019-10-01 16:44:20.955985"", ""stationID"": ""2-39-78-367"", ""spaceID"": ""CA-494"", ""siteID"": ""0002"", ""clusterID"": ""0039"", ""connectionTime"": ""Tue, 01 Oct 2019 16:44:21 GMT"", ""disconnectTime"": ""Wed",success
2026-08-17T00:45:51.843514+00:00,caltech:2019-10-08:2019-10-15:page1,1,https://ev.caltech.edu/api/v1/sessions/caltech?where=connectionTime%3E%3D%22Tue%2C+08+Oct+2019+00%3A00%3A00+GMT%22+and+connectionTime%3C%22Tue%2C+15+Oct+2019+00%3A00%3A00+GMT%22+and+kWhDelivered%3E%3D0.0&sort=-connectionTime,200,application/json,18056,0.7298139410004296,"{""_items"": [{""_id"": ""5dba2b1df9af8b58a41a5f94"", ""userInputs"": [{""userID"": 1272, ""milesRequested"": 60, ""WhPerMile"": 600, ""minutesAvailable"": 293, ""modifiedAt"": ""Mon, 14 Oct 2019 23:30:40 GMT"", ""paymentRequired"": true, ""requestedDeparture"": ""Tue, 15 Oct 2019 04:23:39 GMT"", ""kWhRequested"": 36.0}, {""use",success
2026-08-17T00:45:52.488194+00:00,caltech:2019-10-08:2019-10-15:page2,1,"https://ev.caltech.edu/api/v1/sessions/caltech?where=connectionTime%3E=%22Tue,%2008%20Oct%202019%2000:00:00%20GMT%22%20and%20connectionTime%3C%22Tue,%2015%20Oct%202019%2000:00:00%20GMT%22%20and%20kWhDelivered%3E=0.0&sort=-connectionTime&page=2",200,application/json,17568,0.38629356900037237,"{""_items"": [{""_id"": ""5dba2b1df9af8b58a41a5f7b"", ""userInputs"": null, ""userID"": null, ""sessionID"": ""2_39_79_378_2019-10-14 15:56:48.748788"", ""stationID"": ""2-39-79-378"", ""spaceID"": ""CA-326"", ""siteID"": ""0002"", ""clusterID"": ""0039"", ""connectionTime"": ""Mon, 14 Oct 2019 15:56:49 GMT"", ""disconnectTime"": ""Mon",success
2026-08-17T00:45:53.175600+00:00,caltech:2019-10-08:2019-10-15:page3,1,"https://ev.caltech.edu/api/v1/sessions/caltech?where=connectionTime%3E=%22Tue,%2008%20Oct%202019%2000:00:00%20GMT%22%20and%20connectionTime%3C%22Tue,%2015%20Oct%202019%2000:00:00%20GMT%22%20and%20kWhDelivered%3E=0.0&sort=-connectionTime&page=3",200,application/json,19647,0.4325188819993855,"{""_items"": [{""_id"": ""5db78810f9af8b4eed23b2df"", ""userInputs"": [{""userID"": 291, ""milesRequested"": 140, ""WhPerMile"": 250, ""minutesAvailable"": 248, ""modifiedAt"": ""Sat, 12 Oct 2019 16:50:19 GMT"", ""paymentRequired"": true, ""requestedDeparture"": ""Sat, 12 Oct 2019 20:58:19 GMT"", ""kWhRequested"": 35.0}, {""use",success
2026-08-17T00:45:53.819685+00:00,caltech:2019-10-08:2019-10-15:page4,1,"https://ev.caltech.edu/api/v1/sessions/caltech?where=connectionTime%3E=%22Tue,%2008%20Oct%202019%2000:00:00%20GMT%22%20and%20connectionTime%3C%22Tue,%2015%20Oct%202019%2000:00:00%20GMT%22%20and%20kWhDelivered%3E=0.0&sort=-connectionTime&page=4",200,application/json,24513,0.38523880499997176,"{""_items"": [{""_id"": ""5db6369ef9af8b4b0292e258"", ""userInputs"": [{""userID"": 2213, ""milesRequested"": 20, ""WhPerMile"": 400, ""minutesAvailable"": 60, ""modifiedAt"": ""Fri, 11 Oct 2019 16:13:23 GMT"", ""paymentRequired"": true, ""requestedDeparture"": ""Fri, 11 Oct 2019 17:13:17 GMT"", ""kWhRequested"": 8.0}, {""userI",success
2026-08-17T00:45:54.333906+00:00,caltech:2019-10-08:2019-10-15:page5,1,"https://ev.caltech.edu/api/v1/sessions/caltech?where=connectionTime%3E=%22Tue,%2008%20Oct%202019%2000:00:00%20GMT%22%20and%20connectionTime%3C%22Tue,%2015%20Oct%202019%2000:00:00%20GMT%22%20and%20kWhDelivered%3E=0.0&sort=-connectionTime&page=5",200,application/json,16196,0.2568870679997417,"{""_items"": [{""_id"": ""5db4e520f9af8b470bd883cd"", ""userInputs"": [{""userID"": 69, ""milesRequested"": 100, ""WhPerMile"": 400, ""minutesAvailable"": 383, ""modifiedAt"": ""Thu, 10 Oct 2019 18:04:11 GMT"", ""paymentRequired"": true, ""requestedDeparture"": ""Fri, 11 Oct 2019 00:26:55 GMT"", ""kWhRequested"": 40.0}], ""user",success
2026-08-17T00:45:54.987752+00:00,caltech:2019-10-08:2019-10-15:page6,1,"https://ev.caltech.edu/api/v1/sessions/caltech?where=connectionTime%3E=%22Tue,%2008%20Oct%202019%2000:00:00%20GMT%22%20and%20connectionTime%3C%22Tue,%2015%20Oct%202019%2000:00:00%20GMT%22%20and%20kWhDelivered%3E=0.0&sort=-connectionTime&page=6",200,application/json,18729,0.3970589509999627,"{""_items"": [{""_id"": ""5db393a3f9af8b42def4987d"", ""userInputs"": [{""userID"": 2069, ""milesRequested"": 20, ""WhPerMile"": 400, ""minutesAvailable"": 60, ""modifiedAt"": ""Thu, 10 Oct 2019 01:58:45 GMT"", ""paymentRequired"": true, ""requestedDeparture"": ""Thu, 10 Oct 2019 02:58:14 GMT"", ""kWhRequested"": 8.0}, {""userI",success
2026-08-17T00:45:55.640201+00:00,caltech:2019-10-08:2019-10-15:page7,1,"https://ev.caltech.edu/api/v1/sessions/caltech?where=connectionTime%3E=%22Tue,%2008%20Oct%202019%2000:00:00%20GMT%22%20and%20connectionTime%3C%22Tue,%2015%20Oct%202019%2000:00:00%20GMT%22%20and%20kWhDelivered%3E=0.0&sort=-connectionTime&page=7",200,application/json,18272,0.3969004640002822,"{""_items"": [{""_id"": ""5db393a3f9af8b42def49864"", ""userInputs"": [{""userID"": 1364, ""milesRequested"": 20, ""WhPerMile"": 400, ""minutesAvailable"": 60, ""modifiedAt"": ""Wed, 09 Oct 2019 16:09:44 GMT"", ""paymentRequired"": true, ""requestedDeparture"": ""Wed, 09 Oct 2019 17:09:29 GMT"", ""kWhRequested"": 8.0}], ""userI",success
2026-08-17T00:45:56.127141+00:00,caltech:2019-10-08:2019-10-15:page8,1,"https://ev.caltech.edu/api/v1/sessions/caltech?where=connectionTime%3E=%22Tue,%2008%20Oct%202019%2000:00:00%20GMT%22%20and%20connectionTime%3C%22Tue,%2015%20Oct%202019%2000:00:00%20GMT%22%20and%20kWhDelivered%3E=0.0&sort=-connectionTime&page=8",200,application/json,15721,0.23097991899976478,"{""_items"": [{""_id"": ""5db24220f9af8b252acc2489"", ""userInputs"": null, ""userID"": null, ""sessionID"": ""2_39_78_363_2019-10-08 17:55:41.504879"", ""stationID"": ""2-39-78-363"", ""spaceID"": ""CA-320"", ""siteID"": ""0002"", ""clusterID"": ""0039"", ""connectionTime"": ""Tue, 08 Oct 2019 17:55:41 GMT"", ""disconnectTime"": ""Tue",success
2026-08-17T00:45:56.599866+00:00,caltech:2019-10-08:2019-10-15:page9,1,"https://ev.caltech.edu/api/v1/sessions/caltech?where=connectionTime%3E=%22Tue,%2008%20Oct%202019%2000:00:00%20GMT%22%20and%20connectionTime%3C%22Tue,%2015%20Oct%202019%2000:00:00%20GMT%22%20and%20kWhDelivered%3E=0.0&sort=-connectionTime&page=9",200,application/json,1235,0.2174978490002104,"{""_items"": [{""_id"": ""5db0f09ff9af8b20d14008a0"", ""userInputs"": [{""userID"": 1133, ""milesRequested"": 70, ""WhPerMile"": 400, ""minutesAvailable"": 226, ""modifiedAt"": ""Tue, 08 Oct 2019 01:25:50 GMT"", ""paymentRequired"": true, ""requestedDeparture"": ""Tue, 08 Oct 2019 05:11:38 GMT"", ""kWhRequested"": 28.0}], ""use",success
2026-08-17T00:45:58.212097+00:00,caltech:2019-10-15:2019-10-22:page1,1,https://ev.caltech.edu/api/v1/sessions/caltech?where=connectionTime%3E%3D%22Tue%2C+15+Oct+2019+00%3A00%3A00+GMT%22+and+connectionTime%3C%22Tue%2C+22+Oct+2019+00%3A00%3A00+GMT%22+and+kWhDelivered%3E%3D0.0&sort=-connectionTime,200,application/json,16396,0.6079270160007582,"{""_items"": [{""_id"": ""5dc373adf9af8b7afff5004d"", ""userInputs"": [{""userID"": 1366, ""milesRequested"": 20, ""WhPerMile"": 600, ""minutesAvailable"": 242, ""modifiedAt"": ""Mon, 21 Oct 2019 22:46:51 GMT"", ""paymentRequired"": true, ""requestedDeparture"": ""Tue, 22 Oct 2019 02:46:00 GMT"", ""kWhRequested"": 12.0}], ""use",success
2026-08-17T00:45:58.882591+00:00,caltech:2019-10-15:2019-10-22:page2,1,"https://ev.caltech.edu/api/v1/sessions/caltech?where=connectionTime%3E=%22Tue,%2015%20Oct%202019%2000:00:00%20GMT%22%20and%20connectionTime%3C%22Tue,%2022%20Oct%202019%2000:00:00%20GMT%22%20and%20kWhDelivered%3E=0.0&sort=-connectionTime&page=2",200,application/json,20587,0.41310794499986514,"{""_items"": [{""_id"": ""5dc373adf9af8b7afff50034"", ""userInputs"": [{""userID"": 1470, ""milesRequested"": 100, ""WhPerMile"": 292, ""minutesAvailable"": 441, ""modifiedAt"": ""Mon, 21 Oct 2019 15:39:02 GMT"", ""paymentRequired"": true, ""requestedDeparture"": ""Mon, 21 Oct 2019 22:59:30 GMT"", ""kWhRequested"": 29.2}, {""us",success
2026-08-17T00:45:59.366423+00:00,caltech:2019-10-15:2019-10-22:page3,1,"https://ev.caltech.edu/api/v1/sessions/caltech?where=connectionTime%3E=%22Tue,%2015%20Oct%202019%2000:00:00%20GMT%22%20and%20connectionTime%3C%22Tue,%2022%20Oct%202019%2000:00:00%20GMT%22%20and%20kWhDelivered%3E=0.0&sort=-connectionTime&page=3",200,application/json,16407,0.23043210699961492,"{""_items"": [{""_id"": ""5dbf7f30f9af8b69f563e912"", ""userInputs"": [{""userID"": 2461, ""milesRequested"": 40, ""WhPerMile"": 400, ""minutesAvailable"": 214, ""modifiedAt"": ""Fri, 18 Oct 2019 22:18:40 GMT"", ""paymentRequired"": true, ""requestedDeparture"": ""Sat, 19 Oct 2019 01:52:41 GMT"", ""kWhRequested"": 16.0}], ""use",success
2026-08-17T00:45:59.865966+00:00,caltech:2019-10-15:2019-10-22:page4,1,"https://ev.caltech.edu/api/v1/sessions/caltech?where=connectionTime%3E=%22Tue,%2015%20Oct%202019%2000:00:00%20GMT%22%20and%20connectionTime%3C%22Tue,%2022%20Oct%202019%2000:00:00%20GMT%22%20and%20kWhDelivered%3E=0.0&sort=-connectionTime&page=4",200,application/json,16874,0.24449458900016907,"{""_items"": [{""_id"": ""5dbf7f30f9af8b69f563e8f9"", ""userInputs"": [{""userID"": 1957, ""milesRequested"": 70, ""WhPerMile"": 400, ""minutesAvailable"": 465, ""modifiedAt"": ""Fri, 18 Oct 2019 16:25:11 GMT"", ""paymentRequired"": true, ""requestedDeparture"": ""Sat, 19 Oct 2019 00:09:06 GMT"", ""kWhRequested"": 28.0}], ""use",success
2026-08-17T00:46:00.356372+00:00,caltech:2019-10-15:2019-10-22:page5,1,"https://ev.caltech.edu/api/v1/sessions/caltech?where=connectionTime%3E=%22Tue,%2015%20Oct%202019%2000:00:00%20GMT%22%20and%20connectionTime%3C%22Tue,%2022%20Oct%202019%2000:00:00%20GMT%22%20and%20kWhDelivered%3E=0.0&sort=-connectionTime&page=5",200,application/json,16646,0.23403354299989587,"{""_items"": [{""_id"": ""5dbe1fa1f9af8b65e9aafe76"", ""userInputs"": [{""userID"": 1082, ""milesRequested"": 40, ""WhPerMile"": 400, ""minutesAvailable"": 291, ""modifiedAt"": ""Thu, 17 Oct 2019 18:56:06 GMT"", ""paymentRequired"": true, ""requestedDeparture"": ""Thu, 17 Oct 2019 23:46:37 GMT"", ""kWhRequested"": 16.0}], ""use",success
2026-08-17T00:46:00.848687+00:00,caltech:2019-10-15:2019-10-22:page6,1,"https://ev.caltech.edu/api/v1/sessions/caltech?where=connectionTime%3E=%22Tue,%2015%20Oct%202019%2000:00:00%20GMT%22%20and%20connectionTime%3C%22Tue,%2022%20Oct%202019%2000:00:00%20GMT%22%20and%20kWhDelivered%3E=0.0&sort=-connectionTime&page=6",200,application/json,17585,0.235782368999935,"{""_items"": [{""_id"": ""5dbcce22f9af8b61e26b1f08"", ""userInputs"": [{""userID"": 3123, ""milesRequested"": 30, ""WhPerMile"": 444, ""minutesAvailable"": 154, ""modifiedAt"": ""Thu, 17 Oct 2019 01:26:32 GMT"", ""paymentRequired"": true, ""requestedDeparture"": ""Thu, 17 Oct 2019 04:00:32 GMT"", ""kWhRequested"": 13.32}], ""us",success
2026-08-17T00:46:01.343092+00:00,caltech:2019-10-15:2019-10-22:page7,1,"https://ev.caltech.edu/api/v1/sessions/caltech?where=connectionTime%3E=%22Tue,%2015%20Oct%202019%2000:00:00%20GMT%22%20and%20connectionTime%3C%22Tue,%2022%20Oct%202019%2000:00:00%20GMT%22%20and%20kWhDelivered%3E=0.0&sort=-connectionTime&page=7",200,application/json,17565,0.23948171499978343,"{""_items"": [{""_id"": ""5dbcce22f9af8b61e26b1eef"", ""userInputs"": [{""userID"": 3111, ""milesRequested"": 150, ""WhPerMile"": 250, ""minutesAvailable"": 337, ""modifiedAt"": ""Wed, 16 Oct 2019 16:17:30 GMT"", ""paymentRequired"": true, ""requestedDeparture"": ""Wed, 16 Oct 2019 21:53:16 GMT"", ""kWhRequested"": 37.5}], ""us",success
2026-08-17T00:46:01.837068+00:00,caltech:2019-10-15:2019-10-22:page8,1,"https://ev.caltech.edu/api/v1/sessions/caltech?where=connectionTime%3E=%22Tue,%2015%20Oct%202019%2000:00:00%20GMT%22%20and%20connectionTime%3C%22Tue,%2022%20Oct%202019%2000:00:00%20GMT%22%20and%20kWhDelivered%3E=0.0&sort=-connectionTime&page=8",200,application/json,12469,0.237044758000593,"{""_items"": [{""_id"": ""5dbb7c9df9af8b5cb6b75b56"", ""userInputs"": [{""userID"": 362, ""milesRequested"": 100, ""WhPerMile"": 400, ""minutesAvailable"": 364, ""modifiedAt"": ""Tue, 15 Oct 2019 16:47:26 GMT"", ""paymentRequired"": true, ""requestedDeparture"": ""Tue, 15 Oct 2019 22:51:03 GMT"", ""kWhRequested"": 40.0}], ""use",success
2026-08-17T00:46:03.925177+00:00,caltech:2019-10-22:2019-10-29:page1,1,https://ev.caltech.edu/api/v1/sessions/caltech?where=connectionTime%3E%3D%22Tue%2C+22+Oct+2019+00%3A00%3A00+GMT%22+and+connectionTime%3C%22Tue%2C+29+Oct+2019+00%3A00%3A00+GMT%22+and+kWhDelivered%3E%3D0.0&sort=-connectionTime,200,application/json,16440,1.0815500090002388,"{""_items"": [{""_id"": ""5dccae31f9af8b1ddbaaddf8"", ""userInputs"": [{""userID"": 1920, ""milesRequested"": 20, ""WhPerMile"": 400, ""minutesAvailable"": 60, ""modifiedAt"": ""Mon, 28 Oct 2019 23:55:29 GMT"", ""paymentRequired"": true, ""requestedDeparture"": ""Tue, 29 Oct 2019 00:55:14 GMT"", ""kWhRequested"": 8.0}], ""userI",success
2026-08-17T00:46:04.593937+00:00,caltech:2019-10-22:2019-10-29:page2,1,"https://ev.caltech.edu/api/v1/sessions/caltech?where=connectionTime%3E=%22Tue,%2022%20Oct%202019%2000:00:00%20GMT%22%20and%20connectionTime%3C%22Tue,%2029%20Oct%202019%2000:00:00%20GMT%22%20and%20kWhDelivered%3E=0.0&sort=-connectionTime&page=2",200,application/json,18983,0.4101756740001292,"{""_items"": [{""_id"": ""5dccae31f9af8b1ddbaadddf"", ""userInputs"": [{""userID"": 620, ""milesRequested"": 40, ""WhPerMile"": 400, ""minutesAvailable"": 433, ""modifiedAt"": ""Mon, 28 Oct 2019 15:56:47 GMT"", ""paymentRequired"": true, ""requestedDeparture"": ""Mon, 28 Oct 2019 23:09:26 GMT"", ""kWhRequested"": 16.0}], ""user",success
2026-08-17T00:46:05.099586+00:00,caltech:2019-10-22:2019-10-29:page3,1,"https://ev.caltech.edu/api/v1/sessions/caltech?where=connectionTime%3E=%22Tue,%2022%20Oct%202019%2000:00:00%20GMT%22%20and%20connectionTime%3C%22Tue,%2029%20Oct%202019%2000:00:00%20GMT%22%20and%20kWhDelivered%3E=0.0&sort=-connectionTime&page=3",200,application/json,16888,0.24914026799979183,"{""_items"": [{""_id"": ""5dca0b1ff9af8b140cf90cfb"", ""userInputs"": [{""userID"": 1214, ""milesRequested"": 60, ""WhPerMile"": 400, ""minutesAvailable"": 435, ""modifiedAt"": ""Sat, 26 Oct 2019 20:51:56 GMT"", ""paymentRequired"": true, ""requestedDeparture"": ""Sun, 27 Oct 2019 04:06:33 GMT"", ""kWhRequested"": 24.0}], ""use",success
2026-08-17T00:46:05.599611+00:00,caltech:2019-10-22:2019-10-29:page4,1,"https://ev.caltech.edu/api/v1/sessions/caltech?where=connectionTime%3E=%22Tue,%2022%20Oct%202019%2000:00:00%20GMT%22%20and%20connectionTime%3C%22Tue,%2029%20Oct%202019%2000:00:00%20GMT%22%20and%20kWhDelivered%3E=0.0&sort=-connectionTime&page=4",200,application/json,16891,0.24184815399985382,"{""_items"": [{""_id"": ""5dc8b9b1f9af8b0d67767b3d"", ""userInputs"": [{""userID"": 2743, ""milesRequested"": 250, ""WhPerMile"": 240, ""minutesAvailable"": 566, ""modifiedAt"": ""Fri, 25 Oct 2019 17:48:30 GMT"", ""paymentRequired"": true, ""requestedDeparture"": ""Sat, 26 Oct 2019 03:14:30 GMT"", ""kWhRequested"": 60.0}], ""us",success
2026-08-17T00:46:06.087671+00:00,caltech:2019-10-22:2019-10-29:page5,1,"https://ev.caltech.edu/api/v1/sessions/caltech?where=connectionTime%3E=%22Tue,%2022%20Oct%202019%2000:00:00%20GMT%22%20and%20connectionTime%3C%22Tue,%2029%20Oct%202019%2000:00:00%20GMT%22%20and%20kWhDelivered%3E=0.0&sort=-connectionTime&page=5",200,application/json,16440,0.23086415799934912,"{""_items"": [{""_id"": ""5dc76830f9af8b0970cdde5a"", ""userInputs"": [{""userID"": 1473, ""milesRequested"": 110, ""WhPerMile"": 400, ""minutesAvailable"": 99, ""modifiedAt"": ""Fri, 25 Oct 2019 02:09:23 GMT"", ""paymentRequired"": true, ""requestedDeparture"": ""Fri, 25 Oct 2019 03:48:03 GMT"", ""kWhRequested"": 44.0}], ""use",success
2026-08-17T00:46:06.738123+00:00,caltech:2019-10-22:2019-10-29:page6,1,"https://ev.caltech.edu/api/v1/sessions/caltech?where=connectionTime%3E=%22Tue,%2022%20Oct%202019%2000:00:00%20GMT%22%20and%20connectionTime%3C%22Tue,%2029%20Oct%202019%2000:00:00%20GMT%22%20and%20kWhDelivered%3E=0.0&sort=-connectionTime&page=6",200,application/json,18267,0.39359634399988863,"{""_items"": [{""_id"": ""5dc76830f9af8b0970cdde41"", ""userInputs"": [{""userID"": 751, ""milesRequested"": 20, ""WhPerMile"": 400, ""minutesAvailable"": 60, ""modifiedAt"": ""Thu, 24 Oct 2019 16:41:06 GMT"", ""paymentRequired"": true, ""requestedDeparture"": ""Thu, 24 Oct 2019 17:39:28 GMT"", ""kWhRequested"": 8.0}], ""userID",success
2026-08-17T00:46:07.245310+00:00,caltech:2019-10-22:2019-10-29:page7,1,"https://ev.caltech.edu/api/v1/sessions/caltech?where=connectionTime%3E=%22Tue,%2022%20Oct%202019%2000:00:00%20GMT%22%20and%20connectionTime%3C%22Tue,%2029%20Oct%202019%2000:00:00%20GMT%22%20and%20kWhDelivered%3E=0.0&sort=-connectionTime&page=7",200,application/json,17566,0.24953568799992354,"{""_items"": [{""_id"": ""5dc616b2f9af8b05a3aba378"", ""userInputs"": [{""userID"": 838, ""milesRequested"": 60, ""WhPerMile"": 600, ""minutesAvailable"": 315, ""modifiedAt"": ""Thu, 24 Oct 2019 00:05:34 GMT"", ""paymentRequired"": true, ""requestedDeparture"": ""Thu, 24 Oct 2019 05:20:19 GMT"", ""kWhRequested"": 36.0}, {""user",success
2026-08-17T00:46:07.911998+00:00,caltech:2019-10-22:2019-10-29:page8,1,"https://ev.caltech.edu/api/v1/sessions/caltech?where=connectionTime%3E=%22Tue,%2022%20Oct%202019%2000:00:00%20GMT%22%20and%20connectionTime%3C%22Tue,%2029%20Oct%202019%2000:00:00%20GMT%22%20and%20kWhDelivered%3E=0.0&sort=-connectionTime&page=8",200,application/json,18041,0.40689591499995004,"{""_items"": [{""_id"": ""5dc616b2f9af8b05a3aba35f"", ""userInputs"": [{""userID"": 743, ""milesRequested"": 30, ""WhPerMile"": 400, ""minutesAvailable"": 374, ""modifiedAt"": ""Wed, 23 Oct 2019 16:16:35 GMT"", ""paymentRequired"": true, ""requestedDeparture"": ""Wed, 23 Oct 2019 22:30:23 GMT"", ""kWhRequested"": 12.0}], ""user",success
2026-08-17T00:46:08.405626+00:00,caltech:2019-10-22:2019-10-29:page9,1,"https://ev.caltech.edu/api/v1/sessions/caltech?where=connectionTime%3E=%22Tue,%2022%20Oct%202019%2000:00:00%20GMT%22%20and%20connectionTime%3C%22Tue,%2029%20Oct%202019%2000:00:00%20GMT%22%20and%20kWhDelivered%3E=0.0&sort=-connectionTime&page=9",200,application/json,17115,0.23967712899957405,"{""_items"": [{""_id"": ""5dc4c534f9af8b0159f317ec"", ""userInputs"": null, ""userID"": null, ""sessionID"": ""2_39_95_27_2019-10-22 21:11:45.046764"", ""stationID"": ""2-39-95-27"", ""spaceID"": ""CA-319"", ""siteID"": ""0002"", ""clusterID"": ""0039"", ""connectionTime"": ""Tue, 22 Oct 2019 21:11:45 GMT"", ""disconnectTime"": ""Tue, ",success
2026-08-17T00:46:08.888133+00:00,caltech:2019-10-22:2019-10-29:page10,1,"https://ev.caltech.edu/api/v1/sessions/caltech?where=connectionTime%3E=%22Tue,%2022%20Oct%202019%2000:00:00%20GMT%22%20and%20connectionTime%3C%22Tue,%2029%20Oct%202019%2000:00:00%20GMT%22%20and%20kWhDelivered%3E=0.0&sort=-connectionTime&page=10",200,application/json,9733,0.224902514999485,"{""_items"": [{""_id"": ""5dc4c534f9af8b0159f317d3"", ""userInputs"": [{""userID"": 1534, ""milesRequested"": 20, ""WhPerMile"": 250, ""minutesAvailable"": 404, ""modifiedAt"": ""Tue, 22 Oct 2019 15:59:41 GMT"", ""paymentRequired"": true, ""requestedDeparture"": ""Tue, 22 Oct 2019 22:43:30 GMT"", ""kWhRequested"": 5.0}], ""user",success
2026-08-17T00:46:10.581594+00:00,caltech:2019-10-29:2019-11-05:page1,1,https://ev.caltech.edu/api/v1/sessions/caltech?where=connectionTime%3E%3D%22Tue%2C+29+Oct+2019+00%3A00%3A00+GMT%22+and+connectionTime%3C%22Tue%2C+05+Nov+2019+00%3A00%3A00+GMT%22+and+kWhDelivered%3E%3D0.0&sort=-connectionTime,200,application/json,15930,0.6903722739998557,"{""_items"": [{""_id"": ""5dd5e8b0f9af8b39b02749f2"", ""userInputs"": null, ""userID"": null, ""sessionID"": ""2_39_88_24_2019-11-04 23:26:44.085455"", ""stationID"": ""2-39-88-24"", ""spaceID"": ""CA-314"", ""siteID"": ""0002"", ""clusterID"": ""0039"", ""connectionTime"": ""Mon, 04 Nov 2019 23:26:44 GMT"", ""disconnectTime"": ""Mon, ",success
2026-08-17T00:46:11.244682+00:00,caltech:2019-10-29:2019-11-05:page2,1,"https://ev.caltech.edu/api/v1/sessions/caltech?where=connectionTime%3E=%22Tue,%2029%20Oct%202019%2000:00:00%20GMT%22%20and%20connectionTime%3C%22Tue,%2005%20Nov%202019%2000:00:00%20GMT%22%20and%20kWhDelivered%3E=0.0&sort=-connectionTime&page=2",200,application/json,17128,0.4057509080003001,"{""_items"": [{""_id"": ""5dd5e8b0f9af8b39b02749d9"", ""userInputs"": [{""userID"": 1470, ""milesRequested"": 90, ""WhPerMile"": 292, ""minutesAvailable"": 395, ""modifiedAt"": ""Mon, 04 Nov 2019 17:01:27 GMT"", ""paymentRequired"": true, ""requestedDeparture"": ""Mon, 04 Nov 2019 23:36:11 GMT"", ""kWhRequested"": 26.28}], ""us",success
2026-08-17T00:46:11.909778+00:00,caltech:2019-10-29:2019-11-05:page3,1,"https://ev.caltech.edu/api/v1/sessions/caltech?where=connectionTime%3E=%22Tue,%2029%20Oct%202019%2000:00:00%20GMT%22%20and%20connectionTime%3C%22Tue,%2005%20Nov%202019%2000:00:00%20GMT%22%20and%20kWhDelivered%3E=0.0&sort=-connectionTime&page=3",200,application/json,16893,0.40876317200036283,"{""_items"": [{""_id"": ""5dd3459df9af8b31be642334"", ""userInputs"": null, ""userID"": null, ""sessionID"": ""2_39_138_566_2019-11-02 17:13:10.946143"", ""stationID"": ""2-39-138-566"", ""spaceID"": ""CA-512"", ""siteID"": ""0002"", ""clusterID"": ""0039"", ""connectionTime"": ""Sat, 02 Nov 2019 17:13:11 GMT"", ""disconnectTime"": ""S",success
2026-08-17T00:46:12.550659+00:00,caltech:2019-10-29:2019-11-05:page4,1,"https://ev.caltech.edu/api/v1/sessions/caltech?where=connectionTime%3E=%22Tue,%2029%20Oct%202019%2000:00:00%20GMT%22%20and%20connectionTime%3C%22Tue,%2005%20Nov%202019%2000:00:00%20GMT%22%20and%20kWhDelivered%3E=0.0&sort=-connectionTime&page=4",200,application/json,18045,0.38546791399949143,"{""_items"": [{""_id"": ""5dd1f434f9af8b2dec178071"", ""userInputs"": [{""userID"": 751, ""milesRequested"": 20, ""WhPerMile"": 400, ""minutesAvailable"": 60, ""modifiedAt"": ""Fri, 01 Nov 2019 17:19:11 GMT"", ""paymentRequired"": true, ""requestedDeparture"": ""Fri, 01 Nov 2019 18:18:54 GMT"", ""kWhRequested"": 8.0}], ""userID",success
2026-08-17T00:46:13.200951+00:00,caltech:2019-10-29:2019-11-05:page5,1,"https://ev.caltech.edu/api/v1/sessions/caltech?where=connectionTime%3E=%22Tue,%2029%20Oct%202019%2000:00:00%20GMT%22%20and%20connectionTime%3C%22Tue,%2005%20Nov%202019%2000:00:00%20GMT%22%20and%20kWhDelivered%3E=0.0&sort=-connectionTime&page=5",200,application/json,18734,0.394398037999963,"{""_items"": [{""_id"": ""5dd0a2a8f9af8b29ea6a3982"", ""userInputs"": [{""userID"": 562, ""milesRequested"": 10, ""WhPerMile"": 350, ""minutesAvailable"": 212, ""modifiedAt"": ""Thu, 31 Oct 2019 19:56:01 GMT"", ""paymentRequired"": true, ""requestedDeparture"": ""Thu, 31 Oct 2019 23:27:38 GMT"", ""kWhRequested"": 3.5}], ""userI",success
2026-08-17T00:46:13.845410+00:00,caltech:2019-10-29:2019-11-05:page6,1,"https://ev.caltech.edu/api/v1/sessions/caltech?where=connectionTime%3E=%22Tue,%2029%20Oct%202019%2000:00:00%20GMT%22%20and%20connectionTime%3C%22Tue,%2005%20Nov%202019%2000:00:00%20GMT%22%20and%20kWhDelivered%3E=0.0&sort=-connectionTime&page=6",200,application/json,18021,0.38605037799970887,"{""_items"": [{""_id"": ""5dcf5132f9af8b25f7b7cd95"", ""userInputs"": [{""userID"": 1124, ""milesRequested"": 20, ""WhPerMile"": 400, ""minutesAvailable"": 60, ""modifiedAt"": ""Wed, 30 Oct 2019 20:27:13 GMT"", ""paymentRequired"": true, ""requestedDeparture"": ""Wed, 30 Oct 2019 21:26:54 GMT"", ""kWhRequested"": 8.0}], ""userI",success
2026-08-17T00:46:14.405438+00:00,caltech:2019-10-29:2019-11-05:page7,1,"https://ev.caltech.edu/api/v1/sessions/caltech?where=connectionTime%3E=%22Tue,%2029%20Oct%202019%2000:00:00%20GMT%22%20and%20connectionTime%3C%22Tue,%2005%20Nov%202019%2000:00:00%20GMT%22%20and%20kWhDelivered%3E=0.0&sort=-connectionTime&page=7",200,application/json,16659,0.30783096800041676,"{""_items"": [{""_id"": ""5dcf5132f9af8b25f7b7cd7c"", ""userInputs"": [{""userID"": 3853, ""milesRequested"": 40, ""WhPerMile"": 360, ""minutesAvailable"": 559, ""modifiedAt"": ""Wed, 30 Oct 2019 15:11:51 GMT"", ""paymentRequired"": true, ""requestedDeparture"": ""Thu, 31 Oct 2019 00:30:14 GMT"", ""kWhRequested"": 14.4}], ""use",success
2026-08-17T00:46:15.085975+00:00,caltech:2019-10-29:2019-11-05:page8,1,"https://ev.caltech.edu/api/v1/sessions/caltech?where=connectionTime%3E=%22Tue,%2029%20Oct%202019%2000:00:00%20GMT%22%20and%20connectionTime%3C%22Tue,%2005%20Nov%202019%2000:00:00%20GMT%22%20and%20kWhDelivered%3E=0.0&sort=-connectionTime&page=8",200,application/json,18530,0.4280474739998681,"{""_items"": [{""_id"": ""5dcdffbdf9af8b220a19be8b"", ""userInputs"": [{""userID"": 1470, ""milesRequested"": 50, ""WhPerMile"": 292, ""minutesAvailable"": 400, ""modifiedAt"": ""Wed, 30 Oct 2019 15:39:00 GMT"", ""paymentRequired"": true, ""requestedDeparture"": ""Wed, 30 Oct 2019 00:02:32 GMT"", ""kWhRequested"": 14.6}], ""use",success
2026-08-17T00:46:15.544287+00:00,caltech:2019-10-29:2019-11-05:page9,1,"https://ev.caltech.edu/api/v1/sessions/caltech?where=connectionTime%3E=%22Tue,%2029%20Oct%202019%2000:00:00%20GMT%22%20and%20connectionTime%3C%22Tue,%2005%20Nov%202019%2000:00:00%20GMT%22%20and%20kWhDelivered%3E=0.0&sort=-connectionTime&page=9",200,application/json,4384,0.19970590100001573,"{""_items"": [{""_id"": ""5dcdffbdf9af8b220a19be72"", ""userInputs"": [{""userID"": 1366, ""milesRequested"": 20, ""WhPerMile"": 600, ""minutesAvailable"": 242, ""modifiedAt"": ""Tue, 29 Oct 2019 07:05:44 GMT"", ""paymentRequired"": true, ""requestedDeparture"": ""Tue, 29 Oct 2019 11:06:46 GMT"", ""kWhRequested"": 12.0}], ""use",success
2026-08-17T00:46:17.211165+00:00,caltech:2019-11-05:2019-11-12:page1,1,https://ev.caltech.edu/api/v1/sessions/caltech?where=connectionTime%3E%3D%22Tue%2C+05+Nov+2019+00%3A00%3A00+GMT%22+and+connectionTime%3C%22Tue%2C+12+Nov+2019+00%3A00%3A00+GMT%22+and+kWhDelivered%3E%3D0.0&sort=-connectionTime,200,application/json,17131,0.6583955779997268,"{""_items"": [{""_id"": ""5ddf2332f9af8b2af1244c3a"", ""userInputs"": [{""userID"": 2290, ""milesRequested"": 100, ""WhPerMile"": 400, ""minutesAvailable"": 428, ""modifiedAt"": ""Mon, 11 Nov 2019 23:37:16 GMT"", ""paymentRequired"": true, ""requestedDeparture"": ""Tue, 12 Nov 2019 06:38:35 GMT"", ""kWhRequested"": 40.0}], ""us",success
2026-08-17T00:46:17.876345+00:00,caltech:2019-11-05:2019-11-12:page2,1,"https://ev.caltech.edu/api/v1/sessions/caltech?where=connectionTime%3E=%22Tue,%2005%20Nov%202019%2000:00:00%20GMT%22%20and%20connectionTime%3C%22Tue,%2012%20Nov%202019%2000:00:00%20GMT%22%20and%20kWhDelivered%3E=0.0&sort=-connectionTime&page=2",200,application/json,20128,0.4087204739998924,"{""_items"": [{""_id"": ""5ddf2332f9af8b2af1244c21"", ""userInputs"": [{""userID"": 567, ""milesRequested"": 20, ""WhPerMile"": 400, ""minutesAvailable"": 523, ""modifiedAt"": ""Mon, 11 Nov 2019 17:06:50 GMT"", ""paymentRequired"": true, ""requestedDeparture"": ""Tue, 12 Nov 2019 01:48:32 GMT"", ""kWhRequested"": 8.0}], ""userI",success
2026-08-17T00:46:18.364758+00:00,caltech:2019-11-05:2019-11-12:page3,1,"https://ev.caltech.edu/api/v1/sessions/caltech?where=connectionTime%3E=%22Tue,%2005%20Nov%202019%2000:00:00%20GMT%22%20and%20connectionTime%3C%22Tue,%2012%20Nov%202019%2000:00:00%20GMT%22%20and%20kWhDelivered%3E=0.0&sort=-connectionTime&page=3",200,application/json,17103,0.22764407799968467,"{""_items"": [{""_id"": ""5ddc801df9af8b07fbb1ab4c"", ""userInputs"": null, ""userID"": null, ""sessionID"": ""2_39_139_28_2019-11-09 23:57:36.821481"", ""stationID"": ""2-39-139-28"", ""spaceID"": ""CA-303"", ""siteID"": ""0002"", ""clusterID"": ""0039"", ""connectionTime"": ""Sat, 09 Nov 2019 23:57:37 GMT"", ""disconnectTime"": ""Sun",success
2026-08-17T00:46:19.034021+00:00,caltech:2019-11-05:2019-11-12:page4,1,"https://ev.caltech.edu/api/v1/sessions/caltech?where=connectionTime%3E=%22Tue,%2005%20Nov%202019%2000:00:00%20GMT%22%20and%20connectionTime%3C%22Tue,%2012%20Nov%202019%2000:00:00%20GMT%22%20and%20kWhDelivered%3E=0.0&sort=-connectionTime&page=4",200,application/json,18057,0.41047293599967816,"{""_items"": [{""_id"": ""5ddb2eb2f9af8b03f1c6a4da"", ""userInputs"": [{""userID"": 562, ""milesRequested"": 20, ""WhPerMile"": 350, ""minutesAvailable"": 212, ""modifiedAt"": ""Fri, 08 Nov 2019 17:14:26 GMT"", ""paymentRequired"": true, ""requestedDeparture"": ""Fri, 08 Nov 2019 20:45:58 GMT"", ""kWhRequested"": 7.0}], ""userI",success
2026-08-17T00:46:19.530036+00:00,caltech:2019-11-05:2019-11-12:page5,1,"https://ev.caltech.edu/api/v1/sessions/caltech?where=connectionTime%3E=%22Tue,%2005%20Nov%202019%2000:00:00%20GMT%22%20and%20connectionTime%3C%22Tue,%2012%20Nov%202019%2000:00:00%20GMT%22%20and%20kWhDelivered%3E=0.0&sort=-connectionTime&page=5",200,application/json,15696,0.23560263499985012,"{""_items"": [{""_id"": ""5dd9dd36f9af8b7ec95087e5"", ""userInputs"": [{""userID"": 1124, ""milesRequested"": 20, ""WhPerMile"": 400, ""minutesAvailable"": 60, ""modifiedAt"": ""Thu, 07 Nov 2019 21:43:23 GMT"", ""paymentRequired"": true, ""requestedDeparture"": ""Thu, 07 Nov 2019 22:42:27 GMT"", ""kWhRequested"": 8.0}], ""userI",success
2026-08-17T00:46:20.188112+00:00,caltech:2019-11-05:2019-11-12:page6,1,"https://ev.caltech.edu/api/v1/sessions/caltech?where=connectionTime%3E=%22Tue,%2005%20Nov%202019%2000:00:00%20GMT%22%20and%20connectionTime%3C%22Tue,%2012%20Nov%202019%2000:00:00%20GMT%22%20and%20kWhDelivered%3E=0.0&sort=-connectionTime&page=6",200,application/json,16419,0.3993054740003572,"{""_items"": [{""_id"": ""5dd9dd36f9af8b7ec95087cc"", ""userInputs"": [{""userID"": 324, ""milesRequested"": 10, ""WhPerMile"": 444, ""minutesAvailable"": 168, ""modifiedAt"": ""Thu, 07 Nov 2019 17:29:33 GMT"", ""paymentRequired"": true, ""requestedDeparture"": ""Thu, 07 Nov 2019 20:17:08 GMT"", ""kWhRequested"": 4.44}], ""user",success
2026-08-17T00:46:20.846507+00:00,caltech:2019-11-05:2019-11-12:page7,1,"https://ev.caltech.edu/api/v1/sessions/caltech?where=connectionTime%3E=%22Tue,%2005%20Nov%202019%2000:00:00%20GMT%22%20and%20connectionTime%3C%22Tue,%2012%20Nov%202019%2000:00:00%20GMT%22%20and%20kWhDelivered%3E=0.0&sort=-connectionTime&page=7",200,application/json,17097,0.39900079899962293,"{""_items"": [{""_id"": ""5dd88bb1f9af8b7afc4cf603"", ""userInputs"": null, ""userID"": null, ""sessionID"": ""2_39_79_383_2019-11-06 18:06:16.379197"", ""stationID"": ""2-39-79-383"", ""spaceID"": ""CA-492"", ""siteID"": ""0002"", ""clusterID"": ""0039"", ""connectionTime"": ""Wed, 06 Nov 2019 18:06:16 GMT"", ""disconnectTime"": ""Wed",success
2026-08-17T00:46:21.508750+00:00,caltech:2019-11-05:2019-11-12:page8,1,"https://ev.caltech.edu/api/v1/sessions/caltech?where=connectionTime%3E=%22Tue,%2005%20Nov%202019%2000:00:00%20GMT%22%20and%20connectionTime%3C%22Tue,%2012%20Nov%202019%2000:00:00%20GMT%22%20and%20kWhDelivered%3E=0.0&sort=-connectionTime&page=8",200,application/json,17567,0.40485807599998225,"{""_items"": [{""_id"": ""5dd73a31f9af8b76d1666b61"", ""userInputs"": null, ""userID"": null, ""sessionID"": ""2_39_79_380_2019-11-05 22:50:55.262702"", ""stationID"": ""2-39-79-380"", ""spaceID"": ""CA-489"", ""siteID"": ""0002"", ""clusterID"": ""0039"", ""connectionTime"": ""Tue, 05 Nov 2019 22:50:55 GMT"", ""disconnectTime"": ""Tue",success
2026-08-17T00:46:22.000218+00:00,caltech:2019-11-05:2019-11-12:page9,1,"https://ev.caltech.edu/api/v1/sessions/caltech?where=connectionTime%3E=%22Tue,%2005%20Nov%202019%2000:00:00%20GMT%22%20and%20connectionTime%3C%22Tue,%2012%20Nov%202019%2000:00:00%20GMT%22%20and%20kWhDelivered%3E=0.0&sort=-connectionTime&page=9",200,application/json,8980,0.23371142000087275,"{""_items"": [{""_id"": ""5dd73a31f9af8b76d1666b48"", ""userInputs"": [{""userID"": 712, ""milesRequested"": 30, ""WhPerMile"": 400, ""minutesAvailable"": 332, ""modifiedAt"": ""Tue, 05 Nov 2019 16:39:11 GMT"", ""paymentRequired"": true, ""requestedDeparture"": ""Tue, 05 Nov 2019 22:11:03 GMT"", ""kWhRequested"": 12.0}], ""user",success
2026-08-17T00:46:23.792657+00:00,caltech:2019-11-12:2019-11-19:page1,1,https://ev.caltech.edu/api/v1/sessions/caltech?where=connectionTime%3E%3D%22Tue%2C+12+Nov+2019+00%3A00%3A00+GMT%22+and+connectionTime%3C%22Tue%2C+19+Nov+2019+00%3A00%3A00+GMT%22+and+kWhDelivered%3E%3D0.0&sort=-connectionTime,200,application/json,17584,0.7868565850003506,"{""_items"": [{""_id"": ""5de85db3f9af8b7fe197105e"", ""userInputs"": [{""userID"": 1309, ""milesRequested"": 30, ""WhPerMile"": 600, ""minutesAvailable"": 60, ""modifiedAt"": ""Mon, 18 Nov 2019 22:33:47 GMT"", ""paymentRequired"": true, ""requestedDeparture"": ""Mon, 18 Nov 2019 23:33:46 GMT"", ""kWhRequested"": 18.0}], ""user",success
2026-08-17T00:46:24.458144+00:00,caltech:2019-11-12:2019-11-19:page2,1,"https://ev.caltech.edu/api/v1/sessions/caltech?where=connectionTime%3E=%22Tue,%2012%20Nov%202019%2000:00:00%20GMT%22%20and%20connectionTime%3C%22Tue,%2019%20Nov%202019%2000:00:00%20GMT%22%20and%20kWhDelivered%3E=0.0&sort=-connectionTime&page=2",200,application/json,21073,0.4082164200008265,"{""_items"": [{""_id"": ""5de85db3f9af8b7fe1971045"", ""userInputs"": [{""userID"": 1470, ""milesRequested"": 100, ""WhPerMile"": 292, ""minutesAvailable"": 477, ""modifiedAt"": ""Mon, 18 Nov 2019 16:34:47 GMT"", ""paymentRequired"": true, ""requestedDeparture"": ""Tue, 19 Nov 2019 00:31:37 GMT"", ""kWhRequested"": 29.2}], ""us",success
2026-08-17T00:46:24.957408+00:00,caltech:2019-11-12:2019-11-19:page3,1,"https://ev.caltech.edu/api/v1/sessions/caltech?where=connectionTime%3E=%22Tue,%2012%20Nov%202019%2000:00:00%20GMT%22%20and%20connectionTime%3C%22Tue,%2019%20Nov%202019%2000:00:00%20GMT%22%20and%20kWhDelivered%3E=0.0&sort=-connectionTime&page=3",200,application/json,17573,0.2393553249994511,"{""_items"": [{""_id"": ""5de46932f9af8b3af4a864bb"", ""userInputs"": [{""userID"": 1202, ""milesRequested"": 38, ""WhPerMile"": 400, ""minutesAvailable"": 173, ""modifiedAt"": ""Sat, 16 Nov 2019 05:03:06 GMT"", ""paymentRequired"": true, ""requestedDeparture"": ""Sat, 16 Nov 2019 07:55:22 GMT"", ""kWhRequested"": 15.2}], ""use",success
2026-08-17T00:46:25.452603+00:00,caltech:2019-11-12:2019-11-19:page4,1,"https://ev.caltech.edu/api/v1/sessions/caltech?where=connectionTime%3E=%22Tue,%2012%20Nov%202019%2000:00:00%20GMT%22%20and%20connectionTime%3C%22Tue,%2019%20Nov%202019%2000:00:00%20GMT%22%20and%20kWhDelivered%3E=0.0&sort=-connectionTime&page=4",200,application/json,16648,0.2362490000004982,"{""_items"": [{""_id"": ""5de46932f9af8b3af4a864a2"", ""userInputs"": [{""userID"": 2961, ""milesRequested"": 100, ""WhPerMile"": 400, ""minutesAvailable"": 60, ""modifiedAt"": ""Fri, 15 Nov 2019 17:16:53 GMT"", ""paymentRequired"": true, ""requestedDeparture"": ""Fri, 15 Nov 2019 18:16:40 GMT"", ""kWhRequested"": 40.0}], ""use",success
2026-08-17T00:46:25.945421+00:00,caltech:2019-11-12:2019-11-19:page5,1,"https://ev.caltech.edu/api/v1/sessions/caltech?where=connectionTime%3E=%22Tue,%2012%20Nov%202019%2000:00:00%20GMT%22%20and%20connectionTime%3C%22Tue,%2019%20Nov%202019%2000:00:00%20GMT%22%20and%20kWhDelivered%3E=0.0&sort=-connectionTime&page=5",200,application/json,16184,0.2335457970002608,"{""_items"": [{""_id"": ""5de317b2f9af8b36cb9c0264"", ""userInputs"": null, ""userID"": null, ""sessionID"": ""2_39_78_361_2019-11-14 17:58:11.872236"", ""stationID"": ""2-39-78-361"", ""spaceID"": ""CA-493"", ""siteID"": ""0002"", ""clusterID"": ""0039"", ""connectionTime"": ""Thu, 14 Nov 2019 17:58:12 GMT"", ""disconnectTime"": ""Fri",success
2026-08-17T00:46:26.600408+00:00,caltech:2019-11-12:2019-11-19:page6,1,"https://ev.caltech.edu/api/v1/sessions/caltech?where=connectionTime%3E=%22Tue,%2012%20Nov%202019%2000:00:00%20GMT%22%20and%20connectionTime%3C%22Tue,%2019%20Nov%202019%2000:00:00%20GMT%22%20and%20kWhDelivered%3E=0.0&sort=-connectionTime&page=6",200,application/json,17113,0.3973063940002248,"{""_items"": [{""_id"": ""5de1c630f9af8b33092791f7"", ""userInputs"": null, ""userID"": null, ""sessionID"": ""2_39_78_360_2019-11-13 22:26:14.394236"", ""stationID"": ""2-39-78-360"", ""spaceID"": ""CA-322"", ""siteID"": ""0002"", ""clusterID"": ""0039"", ""connectionTime"": ""Wed, 13 Nov 2019 22:26:14 GMT"", ""disconnectTime"": ""Wed",success
2026-08-17T00:46:27.253066+00:00,caltech:2019-11-12:2019-11-19:page7,1,"https://ev.caltech.edu/api/v1/sessions/caltech?where=connectionTime%3E=%22Tue,%2012%20Nov%202019%2000:00:00%20GMT%22%20and%20connectionTime%3C%22Tue,%2019%20Nov%202019%2000:00:00%20GMT%22%20and%20kWhDelivered%3E=0.0&sort=-connectionTime&page=7",200,application/json,16632,0.39271206200010056,"{""_items"": [{""_id"": ""5de1c630f9af8b33092791de"", ""userInputs"": null, ""userID"": null, ""sessionID"": ""2_39_79_377_2019-11-13 16:33:13.659015"", ""stationID"": ""2-39-79-377"", ""spaceID"": ""CA-325"", ""siteID"": ""0002"", ""clusterID"": ""0039"", ""connectionTime"": ""Wed, 13 Nov 2019 16:33:14 GMT"", ""disconnectTime"": ""Thu",success
2026-08-17T00:46:27.905108+00:00,caltech:2019-11-12:2019-11-19:page8,1,"https://ev.caltech.edu/api/v1/sessions/caltech?where=connectionTime%3E=%22Tue,%2012%20Nov%202019%2000:00:00%20GMT%22%20and%20connectionTime%3C%22Tue,%2019%20Nov%202019%2000:00:00%20GMT%22%20and%20kWhDelivered%3E=0.0&sort=-connectionTime&page=8",200,application/json,17600,0.3914120669996919,"{""_items"": [{""_id"": ""5de074b6f9af8b2f030f59dd"", ""userInputs"": [{""userID"": 1202, ""milesRequested"": 38, ""WhPerMile"": 400, ""minutesAvailable"": 173, ""modifiedAt"": ""Tue, 12 Nov 2019 18:01:26 GMT"", ""paymentRequired"": true, ""requestedDeparture"": ""Tue, 12 Nov 2019 20:54:04 GMT"", ""kWhRequested"": 15.2}], ""use",success
2026-08-17T00:46:28.363222+00:00,caltech:2019-11-12:2019-11-19:page9,1,"https://ev.caltech.edu/api/v1/sessions/caltech?where=connectionTime%3E=%22Tue,%2012%20Nov%202019%2000:00:00%20GMT%22%20and%20connectionTime%3C%22Tue,%2019%20Nov%202019%2000:00:00%20GMT%22%20and%20kWhDelivered%3E=0.0&sort=-connectionTime&page=9",200,application/json,1662,0.19953247400007967,"{""_items"": [{""_id"": ""5ddf2332f9af8b2af1244c3c"", ""userInputs"": [{""userID"": 1726, ""milesRequested"": 80, ""WhPerMile"": 400, ""minutesAvailable"": 311, ""modifiedAt"": ""Tue, 12 Nov 2019 01:16:34 GMT"", ""paymentRequired"": true, ""requestedDeparture"": ""Tue, 12 Nov 2019 06:26:08 GMT"", ""kWhRequested"": 32.0}], ""use",success
2026-08-17T00:46:30.037440+00:00,caltech:2019-11-19:2019-11-26:page1,1,https://ev.caltech.edu/api/v1/sessions/caltech?where=connectionTime%3E%3D%22Tue%2C+19+Nov+2019+00%3A00%3A00+GMT%22+and+connectionTime%3C%22Tue%2C+26+Nov+2019+00%3A00%3A00+GMT%22+and+kWhDelivered%3E%3D0.0&sort=-connectionTime,200,application/json,16417,0.6648525000000518,"{""_items"": [{""_id"": ""5df1982bf9af8b1d2dd9f83a"", ""userInputs"": null, ""userID"": null, ""sessionID"": ""2_39_128_18_2019-11-25 23:09:54.014741"", ""stationID"": ""2-39-128-18"", ""spaceID"": ""CA-308"", ""siteID"": ""0002"", ""clusterID"": ""0039"", ""connectionTime"": ""Mon, 25 Nov 2019 23:09:54 GMT"", ""disconnectTime"": ""Mon",success
2026-08-17T00:46:30.719978+00:00,caltech:2019-11-19:2019-11-26:page2,1,"https://ev.caltech.edu/api/v1/sessions/caltech?where=connectionTime%3E=%22Tue,%2019%20Nov%202019%2000:00:00%20GMT%22%20and%20connectionTime%3C%22Tue,%2026%20Nov%202019%2000:00:00%20GMT%22%20and%20kWhDelivered%3E=0.0&sort=-connectionTime&page=2",200,application/json,19927,0.42358408700056316,"{""_items"": [{""_id"": ""5df1982bf9af8b1d2dd9f821"", ""userInputs"": [{""userID"": 1104, ""milesRequested"": 150, ""WhPerMile"": 250, ""minutesAvailable"": 436, ""modifiedAt"": ""Mon, 25 Nov 2019 16:03:06 GMT"", ""paymentRequired"": true, ""requestedDeparture"": ""Mon, 25 Nov 2019 23:18:02 GMT"", ""kWhRequested"": 37.5}], ""us",success
2026-08-17T00:46:31.214964+00:00,caltech:2019-11-19:2019-11-26:page3,1,"https://ev.caltech.edu/api/v1/sessions/caltech?where=connectionTime%3E=%22Tue,%2019%20Nov%202019%2000:00:00%20GMT%22%20and%20connectionTime%3C%22Tue,%2026%20Nov%202019%2000:00:00%20GMT%22%20and%20kWhDelivered%3E=0.0&sort=-connectionTime&page=3",200,application/json,16167,0.23595775100056926,"{""_items"": [{""_id"": ""5deda3b7f9af8b114c201041"", ""userInputs"": [{""userID"": 891, ""milesRequested"": 20, ""WhPerMile"": 400, ""minutesAvailable"": 206, ""modifiedAt"": ""Fri, 22 Nov 2019 19:02:36 GMT"", ""paymentRequired"": true, ""requestedDeparture"": ""Fri, 22 Nov 2019 22:28:21 GMT"", ""kWhRequested"": 8.0}], ""userI",success
2026-08-17T00:46:31.880170+00:00,caltech:2019-11-19:2019-11-26:page4,1,"https://ev.caltech.edu/api/v1/sessions/caltech?where=connectionTime%3E=%22Tue,%2019%20Nov%202019%2000:00:00%20GMT%22%20and%20connectionTime%3C%22Tue,%2026%20Nov%202019%2000:00:00%20GMT%22%20and%20kWhDelivered%3E=0.0&sort=-connectionTime&page=4",200,application/json,17123,0.40598213900011615,"{""_items"": [{""_id"": ""5deda3b7f9af8b114c201028"", ""userInputs"": [{""userID"": 1470, ""milesRequested"": 60, ""WhPerMile"": 292, ""minutesAvailable"": 477, ""modifiedAt"": ""Fri, 22 Nov 2019 16:30:51 GMT"", ""paymentRequired"": true, ""requestedDeparture"": ""Sat, 23 Nov 2019 00:27:35 GMT"", ""kWhRequested"": 17.52}, {""us",success
2026-08-17T00:46:32.561729+00:00,caltech:2019-11-19:2019-11-26:page5,1,"https://ev.caltech.edu/api/v1/sessions/caltech?where=connectionTime%3E=%22Tue,%2019%20Nov%202019%2000:00:00%20GMT%22%20and%20connectionTime%3C%22Tue,%2026%20Nov%202019%2000:00:00%20GMT%22%20and%20kWhDelivered%3E=0.0&sort=-connectionTime&page=5",200,application/json,16645,0.42138525700011087,"{""_items"": [{""_id"": ""5dec5235f9af8b0d4774c439"", ""userInputs"": [{""userID"": 3856, ""milesRequested"": 50, ""WhPerMile"": 400, ""minutesAvailable"": 149, ""modifiedAt"": ""Thu, 21 Nov 2019 17:23:56 GMT"", ""paymentRequired"": true, ""requestedDeparture"": ""Thu, 21 Nov 2019 19:52:57 GMT"", ""kWhRequested"": 20.0}], ""use",success
2026-08-17T00:46:33.231820+00:00,caltech:2019-11-19:2019-11-26:page6,1,"https://ev.caltech.edu/api/v1/sessions/caltech?where=connectionTime%3E=%22Tue,%2019%20Nov%202019%2000:00:00%20GMT%22%20and%20connectionTime%3C%22Tue,%2026%20Nov%202019%2000:00:00%20GMT%22%20and%20kWhDelivered%3E=0.0&sort=-connectionTime&page=6",200,application/json,17589,0.41483087800042995,"{""_items"": [{""_id"": ""5deb00aff9af8b098c54c3f6"", ""userInputs"": null, ""userID"": null, ""sessionID"": ""2_39_78_363_2019-11-20 19:44:25.749532"", ""stationID"": ""2-39-78-363"", ""spaceID"": ""CA-320"", ""siteID"": ""0002"", ""clusterID"": ""0039"", ""connectionTime"": ""Wed, 20 Nov 2019 19:44:26 GMT"", ""disconnectTime"": ""Thu",success
2026-08-17T00:46:33.895614+00:00,caltech:2019-11-19:2019-11-26:page7,1,"https://ev.caltech.edu/api/v1/sessions/caltech?where=connectionTime%3E=%22Tue,%2019%20Nov%202019%2000:00:00%20GMT%22%20and%20connectionTime%3C%22Tue,%2026%20Nov%202019%2000:00:00%20GMT%22%20and%20kWhDelivered%3E=0.0&sort=-connectionTime&page=7",200,application/json,16622,0.40338556400001835,"{""_items"": [{""_id"": ""5de9af2ff9af8b0566612c66"", ""userInputs"": [{""userID"": 1920, ""milesRequested"": 20, ""WhPerMile"": 400, ""minutesAvailable"": 60, ""modifiedAt"": ""Wed, 20 Nov 2019 00:30:58 GMT"", ""paymentRequired"": true, ""requestedDeparture"": ""Wed, 20 Nov 2019 01:27:55 GMT"", ""kWhRequested"": 8.0}], ""userI",success
2026-08-17T00:46:34.375528+00:00,caltech:2019-11-19:2019-11-26:page8,1,"https://ev.caltech.edu/api/v1/sessions/caltech?where=connectionTime%3E=%22Tue,%2019%20Nov%202019%2000:00:00%20GMT%22%20and%20connectionTime%3C%22Tue,%2026%20Nov%202019%2000:00:00%20GMT%22%20and%20kWhDelivered%3E=0.0&sort=-connectionTime&page=8",200,application/json,9587,0.22214291099953698,"{""_items"": [{""_id"": ""5de9af2ff9af8b0566612c4d"", ""userInputs"": [{""userID"": 567, ""milesRequested"": 20, ""WhPerMile"": 400, ""minutesAvailable"": 423, ""modifiedAt"": ""Tue, 19 Nov 2019 17:12:09 GMT"", ""paymentRequired"": true, ""requestedDeparture"": ""Wed, 20 Nov 2019 00:15:01 GMT"", ""kWhRequested"": 8.0}], ""userI",success
2026-08-17T00:46:35.902081+00:00,caltech:2019-11-26:2019-12-03:page1,1,https://ev.caltech.edu/api/v1/sessions/caltech?where=connectionTime%3E%3D%22Tue%2C+26+Nov+2019+00%3A00%3A00+GMT%22+and+connectionTime%3C%22Tue%2C+03+Dec+2019+00%3A00%3A00+GMT%22+and+kWhDelivered%3E%3D0.0&sort=-connectionTime,200,application/json,16655,0.5174139009995997,"{""_items"": [{""_id"": ""5dfad2b0f9af8b417de1d5ca"", ""userInputs"": null, ""userID"": null, ""sessionID"": ""2_39_79_377_2019-12-02 23:39:58.018605"", ""stationID"": ""2-39-79-377"", ""spaceID"": ""CA-325"", ""siteID"": ""0002"", ""clusterID"": ""0039"", ""connectionTime"": ""Mon, 02 Dec 2019 23:39:58 GMT"", ""disconnectTime"": ""Tue",success
2026-08-17T00:46:36.557375+00:00,caltech:2019-11-26:2019-12-03:page2,1,"https://ev.caltech.edu/api/v1/sessions/caltech?where=connectionTime%3E=%22Tue,%2026%20Nov%202019%2000:00:00%20GMT%22%20and%20connectionTime%3C%22Tue,%2003%20Dec%202019%2000:00:00%20GMT%22%20and%20kWhDelivered%3E=0.0&sort=-connectionTime&page=2",200,application/json,18517,0.3949763330001588,"{""_items"": [{""_id"": ""5dfad2b0f9af8b417de1d5b1"", ""userInputs"": [{""userID"": 671, ""milesRequested"": 110, ""WhPerMile"": 267, ""minutesAvailable"": 60, ""modifiedAt"": ""Mon, 02 Dec 2019 16:54:16 GMT"", ""paymentRequired"": true, ""requestedDeparture"": ""Mon, 02 Dec 2019 17:53:54 GMT"", ""kWhRequested"": 29.37}], ""use",success
2026-08-17T00:46:37.212345+00:00,caltech:2019-11-26:2019-12-03:page3,1,"https://ev.caltech.edu/api/v1/sessions/caltech?where=connectionTime%3E=%22Tue,%2026%20Nov%202019%2000:00:00%20GMT%22%20and%20connectionTime%3C%22Tue,%2003%20Dec%202019%2000:00:00%20GMT%22%20and%20kWhDelivered%3E=0.0&sort=-connectionTime&page=3",200,application/json,18047,0.39677585999925213,"{""_items"": [{""_id"": ""5df82fc7f9af8b399f100e7a"", ""userInputs"": [{""userID"": 3905, ""milesRequested"": 100, ""WhPerMile"": 250, ""minutesAvailable"": 183, ""modifiedAt"": ""Fri, 29 Nov 2019 21:55:44 GMT"", ""paymentRequired"": true, ""requestedDeparture"": ""Sat, 30 Nov 2019 00:56:40 GMT"", ""kWhRequested"": 25.0}], ""us",success
2026-08-17T00:46:37.696554+00:00,caltech:2019-11-26:2019-12-03:page4,1,"https://ev.caltech.edu/api/v1/sessions/caltech?where=connectionTime%3E=%22Tue,%2026%20Nov%202019%2000:00:00%20GMT%22%20and%20connectionTime%3C%22Tue,%2003%20Dec%202019%2000:00:00%20GMT%22%20and%20kWhDelivered%3E=0.0&sort=-connectionTime&page=4",200,application/json,15714,0.22564937500010274,"{""_items"": [{""_id"": ""5df82faff9af8b399f100e61"", ""userInputs"": null, ""userID"": null, ""sessionID"": ""2_39_78_360_2019-11-26 22:30:50.856252"", ""stationID"": ""2-39-78-360"", ""spaceID"": ""CA-322"", ""siteID"": ""0002"", ""clusterID"": ""0039"", ""connectionTime"": ""Tue, 26 Nov 2019 22:30:51 GMT"", ""disconnectTime"": ""Wed",success
2026-08-17T00:46:38.583097+00:00,caltech:2019-11-26:2019-12-03:page5,1,"https://ev.caltech.edu/api/v1/sessions/caltech?where=connectionTime%3E=%22Tue,%2026%20Nov%202019%2000:00:00%20GMT%22%20and%20connectionTime%3C%22Tue,%2003%20Dec%202019%2000:00:00%20GMT%22%20and%20kWhDelivered%3E=0.0&sort=-connectionTime&page=5",200,application/json,9418,0.6261838710006487,"{""_items"": [{""_id"": ""5df82faff9af8b399f100e48"", ""userInputs"": [{""userID"": 69, ""milesRequested"": 100, ""WhPerMile"": 400, ""minutesAvailable"": 409, ""modifiedAt"": ""Tue, 26 Nov 2019 17:37:13 GMT"", ""paymentRequired"": true, ""requestedDeparture"": ""Wed, 27 Nov 2019 00:26:02 GMT"", ""kWhRequested"": 40.0}, {""user",success
2026-08-17T00:46:40.233711+00:00,caltech:2019-12-03:2019-12-10:page1,1,https://ev.caltech.edu/api/v1/sessions/caltech?where=connectionTime%3E%3D%22Tue%2C+03+Dec+2019+00%3A00%3A00+GMT%22+and+connectionTime%3C%22Tue%2C+10+Dec+2019+00%3A00%3A00+GMT%22+and+kWhDelivered%3E%3D0.0&sort=-connectionTime,200,application/json,17804,0.6422074530000828,"{""_items"": [{""_id"": ""5e040d2df9af8b5c50054bf6"", ""userInputs"": null, ""userID"": null, ""sessionID"": ""2_39_78_362_2019-12-09 22:15:30.346559"", ""stationID"": ""2-39-78-362"", ""spaceID"": ""CA-496"", ""siteID"": ""0002"", ""clusterID"": ""0039"", ""connectionTime"": ""Mon, 09 Dec 2019 22:15:30 GMT"", ""disconnectTime"": ""Tue",success
2026-08-17T00:46:40.897931+00:00,caltech:2019-12-03:2019-12-10:page2,1,"https://ev.caltech.edu/api/v1/sessions/caltech?where=connectionTime%3E=%22Tue,%2003%20Dec%202019%2000:00:00%20GMT%22%20and%20connectionTime%3C%22Tue,%2010%20Dec%202019%2000:00:00%20GMT%22%20and%20kWhDelivered%3E=0.0&sort=-connectionTime&page=2",200,application/json,18273,0.40229801499936,"{""_items"": [{""_id"": ""5e040d2df9af8b5c50054bdd"", ""userInputs"": null, ""userID"": null, ""sessionID"": ""2_39_78_360_2019-12-09 16:30:32.344462"", ""stationID"": ""2-39-78-360"", ""spaceID"": ""CA-322"", ""siteID"": ""0002"", ""clusterID"": ""0039"", ""connectionTime"": ""Mon, 09 Dec 2019 16:30:32 GMT"", ""disconnectTime"": ""Mon",success
2026-08-17T00:46:41.550137+00:00,caltech:2019-12-03:2019-12-10:page3,1,"https://ev.caltech.edu/api/v1/sessions/caltech?where=connectionTime%3E=%22Tue,%2003%20Dec%202019%2000:00:00%20GMT%22%20and%20connectionTime%3C%22Tue,%2010%20Dec%202019%2000:00:00%20GMT%22%20and%20kWhDelivered%3E=0.0&sort=-connectionTime&page=3",200,application/json,17793,0.3949272829995607,"{""_items"": [{""_id"": ""5e0018aef9af8b50f98b0202"", ""userInputs"": [{""userID"": 562, ""milesRequested"": 10, ""WhPerMile"": 325, ""minutesAvailable"": 129, ""modifiedAt"": ""Fri, 06 Dec 2019 22:15:56 GMT"", ""paymentRequired"": true, ""requestedDeparture"": ""Sat, 07 Dec 2019 00:24:27 GMT"", ""kWhRequested"": 3.25}], ""user",success
2026-08-17T00:46:42.036559+00:00,caltech:2019-12-03:2019-12-10:page4,1,"https://ev.caltech.edu/api/v1/sessions/caltech?where=connectionTime%3E=%22Tue,%2003%20Dec%202019%2000:00:00%20GMT%22%20and%20connectionTime%3C%22Tue,%2010%20Dec%202019%2000:00:00%20GMT%22%20and%20kWhDelivered%3E=0.0&sort=-connectionTime&page=4",200,application/json,17093,0.22760620400003972,"{""_items"": [{""_id"": ""5e0018aef9af8b50f98b01e9"", ""userInputs"": [{""userID"": 1470, ""milesRequested"": 70, ""WhPerMile"": 292, ""minutesAvailable"": 251, ""modifiedAt"": ""Fri, 06 Dec 2019 16:18:08 GMT"", ""paymentRequired"": true, ""requestedDeparture"": ""Fri, 06 Dec 2019 20:28:42 GMT"", ""kWhRequested"": 20.44}, {""us",success
2026-08-17T00:46:42.519781+00:00,caltech:2019-12-03:2019-12-10:page5,1,"https://ev.caltech.edu/api/v1/sessions/caltech?where=connectionTime%3E=%22Tue,%2003%20Dec%202019%2000:00:00%20GMT%22%20and%20connectionTime%3C%22Tue,%2010%20Dec%202019%2000:00:00%20GMT%22%20and%20kWhDelivered%3E=0.0&sort=-connectionTime&page=5",200,application/json,17574,0.22825799899965205,"{""_items"": [{""_id"": ""5dfec72ef9af8b4ccd166bc3"", ""userInputs"": [{""userID"": 2461, ""milesRequested"": 30, ""WhPerMile"": 400, ""minutesAvailable"": 344, ""modifiedAt"": ""Thu, 05 Dec 2019 17:47:11 GMT"", ""paymentRequired"": true, ""requestedDeparture"": ""Thu, 05 Dec 2019 23:31:12 GMT"", ""kWhRequested"": 12.0}], ""use",success
2026-08-17T00:46:43.177308+00:00,caltech:2019-12-03:2019-12-10:page6,1,"https://ev.caltech.edu/api/v1/sessions/caltech?where=connectionTime%3E=%22Tue,%2003%20Dec%202019%2000:00:00%20GMT%22%20and%20connectionTime%3C%22Tue,%2010%20Dec%202019%2000:00:00%20GMT%22%20and%20kWhDelivered%3E=0.0&sort=-connectionTime&page=6",200,application/json,17806,0.39885318300002837,"{""_items"": [{""_id"": ""5dfd75cdf9af8b48feaa1910"", ""userInputs"": [{""userID"": 1082, ""milesRequested"": 20, ""WhPerMile"": 400, ""minutesAvailable"": 291, ""modifiedAt"": ""Wed, 04 Dec 2019 20:11:15 GMT"", ""paymentRequired"": true, ""requestedDeparture"": ""Thu, 05 Dec 2019 01:01:17 GMT"", ""kWhRequested"": 8.0}], ""user",success
2026-08-17T00:46:43.681791+00:00,caltech:2019-12-03:2019-12-10:page7,1,"https://ev.caltech.edu/api/v1/sessions/caltech?where=connectionTime%3E=%22Tue,%2003%20Dec%202019%2000:00:00%20GMT%22%20and%20connectionTime%3C%22Tue,%2010%20Dec%202019%2000:00:00%20GMT%22%20and%20kWhDelivered%3E=0.0&sort=-connectionTime&page=7",200,application/json,17582,0.2476421149995076,"{""_items"": [{""_id"": ""5dfd75cdf9af8b48feaa18f7"", ""userInputs"": [{""userID"": 2244, ""milesRequested"": 20, ""WhPerMile"": 400, ""minutesAvailable"": 60, ""modifiedAt"": ""Wed, 04 Dec 2019 16:55:02 GMT"", ""paymentRequired"": true, ""requestedDeparture"": ""Wed, 04 Dec 2019 17:54:36 GMT"", ""kWhRequested"": 8.0}], ""userI",success
2026-08-17T00:46:44.172745+00:00,caltech:2019-12-03:2019-12-10:page8,1,"https://ev.caltech.edu/api/v1/sessions/caltech?where=connectionTime%3E=%22Tue,%2003%20Dec%202019%2000:00:00%20GMT%22%20and%20connectionTime%3C%22Tue,%2010%20Dec%202019%2000:00:00%20GMT%22%20and%20kWhDelivered%3E=0.0&sort=-connectionTime&page=8",200,application/json,16662,0.23309760999927676,"{""_items"": [{""_id"": ""5dfc2430f9af8b453a35eaa2"", ""userInputs"": [{""userID"": 832, ""milesRequested"": 30, ""WhPerMile"": 400, ""minutesAvailable"": 334, ""modifiedAt"": ""Tue, 03 Dec 2019 19:30:37 GMT"", ""paymentRequired"": true, ""requestedDeparture"": ""Wed, 04 Dec 2019 01:04:06 GMT"", ""kWhRequested"": 12.0}], ""user",success
2026-08-17T00:46:45.843145+00:00,caltech:2019-12-10:2019-12-17:page1,1,https://ev.caltech.edu/api/v1/sessions/caltech?where=connectionTime%3E%3D%22Tue%2C+10+Dec+2019+00%3A00%3A00+GMT%22+and+connectionTime%3C%22Tue%2C+17+Dec+2019+00%3A00%3A00+GMT%22+and+kWhDelivered%3E%3D0.0&sort=-connectionTime,200,application/json,18744,0.6646252820000882,"{""_items"": [{""_id"": ""5e0d47b0f9af8b76ee71471c"", ""userInputs"": null, ""userID"": null, ""sessionID"": ""2_39_78_361_2019-12-16 22:07:26.524086"", ""stationID"": ""2-39-78-361"", ""spaceID"": ""CA-493"", ""siteID"": ""0002"", ""clusterID"": ""0039"", ""connectionTime"": ""Mon, 16 Dec 2019 22:07:27 GMT"", ""disconnectTime"": ""Mon",success
2026-08-17T00:46:46.507303+00:00,caltech:2019-12-10:2019-12-17:page2,1,"https://ev.caltech.edu/api/v1/sessions/caltech?where=connectionTime%3E=%22Tue,%2010%20Dec%202019%2000:00:00%20GMT%22%20and%20connectionTime%3C%22Tue,%2017%20Dec%202019%2000:00:00%20GMT%22%20and%20kWhDelivered%3E=0.0&sort=-connectionTime&page=2",200,application/json,17826,0.4088464530004785,"{""_items"": [{""_id"": ""5e0d47b0f9af8b76ee714703"", ""userInputs"": [{""userID"": 1104, ""milesRequested"": 150, ""WhPerMile"": 250, ""minutesAvailable"": 436, ""modifiedAt"": ""Mon, 16 Dec 2019 17:03:16 GMT"", ""paymentRequired"": true, ""requestedDeparture"": ""Tue, 17 Dec 2019 00:19:06 GMT"", ""kWhRequested"": 37.5}], ""us",success
2026-08-17T00:46:47.005989+00:00,caltech:2019-12-10:2019-12-17:page3,1,"https://ev.caltech.edu/api/v1/sessions/caltech?where=connectionTime%3E=%22Tue,%2010%20Dec%202019%2000:00:00%20GMT%22%20and%20connectionTime%3C%22Tue,%2017%20Dec%202019%2000:00:00%20GMT%22%20and%20kWhDelivered%3E=0.0&sort=-connectionTime&page=3",200,application/json,16218,0.24055031599982613,"{""_items"": [{""_id"": ""5e095332f9af8b6b70d5c4c2"", ""userInputs"": null, ""userID"": null, ""sessionID"": ""2_39_78_367_2019-12-14 00:25:38.858029"", ""stationID"": ""2-39-78-367"", ""spaceID"": ""CA-494"", ""siteID"": ""0002"", ""clusterID"": ""0039"", ""connectionTime"": ""Sat, 14 Dec 2019 00:25:39 GMT"", ""disconnectTime"": ""Sat",success
2026-08-17T00:46:47.661693+00:00,caltech:2019-12-10:2019-12-17:page4,1,"https://ev.caltech.edu/api/v1/sessions/caltech?where=connectionTime%3E=%22Tue,%2010%20Dec%202019%2000:00:00%20GMT%22%20and%20connectionTime%3C%22Tue,%2017%20Dec%202019%2000:00:00%20GMT%22%20and%20kWhDelivered%3E=0.0&sort=-connectionTime&page=4",200,application/json,17578,0.39784463199976017,"{""_items"": [{""_id"": ""5e095332f9af8b6b70d5c4a9"", ""userInputs"": [{""userID"": 2961, ""milesRequested"": 100, ""WhPerMile"": 400, ""minutesAvailable"": 60, ""modifiedAt"": ""Fri, 13 Dec 2019 17:41:34 GMT"", ""paymentRequired"": true, ""requestedDeparture"": ""Fri, 13 Dec 2019 18:38:08 GMT"", ""kWhRequested"": 40.0}], ""use",success
2026-08-17T00:46:48.368266+00:00,caltech:2019-12-10:2019-12-17:page5,1,"https://ev.caltech.edu/api/v1/sessions/caltech?where=connectionTime%3E=%22Tue,%2010%20Dec%202019%2000:00:00%20GMT%22%20and%20connectionTime%3C%22Tue,%2017%20Dec%202019%2000:00:00%20GMT%22%20and%20kWhDelivered%3E=0.0&sort=-connectionTime&page=5",200,application/json,17364,0.40862256400032493,"{""_items"": [{""_id"": ""5e0801b0f9af8b679852a85f"", ""userInputs"": [{""userID"": 1082, ""milesRequested"": 20, ""WhPerMile"": 400, ""minutesAvailable"": 60, ""modifiedAt"": ""Thu, 12 Dec 2019 18:36:08 GMT"", ""paymentRequired"": true, ""requestedDeparture"": ""Thu, 12 Dec 2019 19:35:37 GMT"", ""kWhRequested"": 8.0}], ""userI",success
2026-08-17T00:46:49.027246+00:00,caltech:2019-12-10:2019-12-17:page6,1,"https://ev.caltech.edu/api/v1/sessions/caltech?where=connectionTime%3E=%22Tue,%2010%20Dec%202019%2000:00:00%20GMT%22%20and%20connectionTime%3C%22Tue,%2017%20Dec%202019%2000:00:00%20GMT%22%20and%20kWhDelivered%3E=0.0&sort=-connectionTime&page=6",200,application/json,17568,0.4031774769991898,"{""_items"": [{""_id"": ""5e06b031f9af8b63d336bf18"", ""userInputs"": [{""userID"": 1864, ""milesRequested"": 10, ""WhPerMile"": 400, ""minutesAvailable"": 334, ""modifiedAt"": ""Wed, 11 Dec 2019 22:00:36 GMT"", ""paymentRequired"": true, ""requestedDeparture"": ""Thu, 12 Dec 2019 03:34:37 GMT"", ""kWhRequested"": 4.0}], ""user",success
2026-08-17T00:46:49.693003+00:00,caltech:2019-12-10:2019-12-17:page7,1,"https://ev.caltech.edu/api/v1/sessions/caltech?where=connectionTime%3E=%22Tue,%2010%20Dec%202019%2000:00:00%20GMT%22%20and%20connectionTime%3C%22Tue,%2017%20Dec%202019%2000:00:00%20GMT%22%20and%20kWhDelivered%3E=0.0&sort=-connectionTime&page=7",200,application/json,17569,0.4048073329995532,"{""_items"": [{""_id"": ""5e06b031f9af8b63d336beff"", ""userInputs"": [{""userID"": 714, ""milesRequested"": 50, ""WhPerMile"": 400, ""minutesAvailable"": 364, ""modifiedAt"": ""Wed, 11 Dec 2019 17:22:39 GMT"", ""paymentRequired"": true, ""requestedDeparture"": ""Wed, 11 Dec 2019 23:26:01 GMT"", ""kWhRequested"": 20.0}], ""user",success
2026-08-17T00:46:50.362305+00:00,caltech:2019-12-10:2019-12-17:page8,1,"https://ev.caltech.edu/api/v1/sessions/caltech?where=connectionTime%3E=%22Tue,%2010%20Dec%202019%2000:00:00%20GMT%22%20and%20connectionTime%3C%22Tue,%2017%20Dec%202019%2000:00:00%20GMT%22%20and%20kWhDelivered%3E=0.0&sort=-connectionTime&page=8",200,application/json,18510,0.41195414799949504,"{""_items"": [{""_id"": ""5e055eb1f9af8b601ae326f9"", ""userInputs"": [{""userID"": 674, ""milesRequested"": 80, ""WhPerMile"": 400, ""minutesAvailable"": 60, ""modifiedAt"": ""Tue, 10 Dec 2019 21:29:49 GMT"", ""paymentRequired"": true, ""requestedDeparture"": ""Tue, 10 Dec 2019 22:29:07 GMT"", ""kWhRequested"": 32.0}, {""userI",success
2026-08-17T00:46:50.824168+00:00,caltech:2019-12-10:2019-12-17:page9,1,"https://ev.caltech.edu/api/v1/sessions/caltech?where=connectionTime%3E=%22Tue,%2010%20Dec%202019%2000:00:00%20GMT%22%20and%20connectionTime%3C%22Tue,%2017%20Dec%202019%2000:00:00%20GMT%22%20and%20kWhDelivered%3E=0.0&sort=-connectionTime&page=9",200,application/json,4143,0.2068029399997613,"{""_items"": [{""_id"": ""5e055eb1f9af8b601ae326e0"", ""userInputs"": [{""userID"": 4701, ""milesRequested"": 40, ""WhPerMile"": 300, ""minutesAvailable"": 397, ""modifiedAt"": ""Tue, 10 Dec 2019 15:40:25 GMT"", ""paymentRequired"": true, ""requestedDeparture"": ""Tue, 10 Dec 2019 22:17:24 GMT"", ""kWhRequested"": 12.0}], ""use",success
2026-08-17T00:46:52.422616+00:00,caltech:2019-12-17:2019-12-24:page1,1,https://ev.caltech.edu/api/v1/sessions/caltech?where=connectionTime%3E%3D%22Tue%2C+17+Dec+2019+00%3A00%3A00+GMT%22+and+connectionTime%3C%22Tue%2C+24+Dec+2019+00%3A00%3A00+GMT%22+and+kWhDelivered%3E%3D0.0&sort=-connectionTime,200,application/json,19662,0.5936523270001999,"{""_items"": [{""_id"": ""5e16821ff9af8b3609f02fc1"", ""userInputs"": null, ""userID"": null, ""sessionID"": ""2_39_78_365_2019-12-23 21:31:12.985751"", ""stationID"": ""2-39-78-365"", ""spaceID"": ""CA-321"", ""siteID"": ""0002"", ""clusterID"": ""0039"", ""connectionTime"": ""Mon, 23 Dec 2019 21:31:13 GMT"", ""disconnectTime"": ""Mon",success
2026-08-17T00:46:53.099282+00:00,caltech:2019-12-17:2019-12-24:page2,1,"https://ev.caltech.edu/api/v1/sessions/caltech?where=connectionTime%3E=%22Tue,%2017%20Dec%202019%2000:00:00%20GMT%22%20and%20connectionTime%3C%22Tue,%2024%20Dec%202019%2000:00:00%20GMT%22%20and%20kWhDelivered%3E=0.0&sort=-connectionTime&page=2",200,application/json,19185,0.41870499100059533,"{""_items"": [{""_id"": ""5e128da5f9af8b079a725f36"", ""userInputs"": [{""userID"": 1124, ""milesRequested"": 20, ""WhPerMile"": 400, ""minutesAvailable"": 60, ""modifiedAt"": ""Fri, 20 Dec 2019 20:18:05 GMT"", ""paymentRequired"": true, ""requestedDeparture"": ""Fri, 20 Dec 2019 21:17:43 GMT"", ""kWhRequested"": 8.0}], ""userI",success
2026-08-17T00:46:53.771452+00:00,caltech:2019-12-17:2019-12-24:page3,1,"https://ev.caltech.edu/api/v1/sessions/caltech?where=connectionTime%3E=%22Tue,%2017%20Dec%202019%2000:00:00%20GMT%22%20and%20connectionTime%3C%22Tue,%2024%20Dec%202019%2000:00:00%20GMT%22%20and%20kWhDelivered%3E=0.0&sort=-connectionTime&page=3",200,application/json,18052,0.4137178419996417,"{""_items"": [{""_id"": ""5e113c30f9af8b0388764c0b"", ""userInputs"": [{""userID"": 1366, ""milesRequested"": 20, ""WhPerMile"": 400, ""minutesAvailable"": 60, ""modifiedAt"": ""Thu, 19 Dec 2019 20:55:58 GMT"", ""paymentRequired"": true, ""requestedDeparture"": ""Thu, 19 Dec 2019 21:54:47 GMT"", ""kWhRequested"": 8.0}], ""userI",success
2026-08-17T00:46:54.264108+00:00,caltech:2019-12-17:2019-12-24:page4,1,"https://ev.caltech.edu/api/v1/sessions/caltech?where=connectionTime%3E=%22Tue,%2017%20Dec%202019%2000:00:00%20GMT%22%20and%20connectionTime%3C%22Tue,%2024%20Dec%202019%2000:00:00%20GMT%22%20and%20kWhDelivered%3E=0.0&sort=-connectionTime&page=4",200,application/json,16644,0.23429214099996898,"{""_items"": [{""_id"": ""5e113c30f9af8b0388764bf2"", ""userInputs"": [{""userID"": 431, ""milesRequested"": 40, ""WhPerMile"": 400, ""minutesAvailable"": 276, ""modifiedAt"": ""Thu, 19 Dec 2019 16:17:32 GMT"", ""paymentRequired"": true, ""requestedDeparture"": ""Thu, 19 Dec 2019 20:53:03 GMT"", ""kWhRequested"": 16.0}], ""user",success
2026-08-17T00:46:54.765646+00:00,caltech:2019-12-17:2019-12-24:page5,1,"https://ev.caltech.edu/api/v1/sessions/caltech?where=connectionTime%3E=%22Tue,%2017%20Dec%202019%2000:00:00%20GMT%22%20and%20connectionTime%3C%22Tue,%2024%20Dec%202019%2000:00:00%20GMT%22%20and%20kWhDelivered%3E=0.0&sort=-connectionTime&page=5",200,application/json,17574,0.24175483799990616,"{""_items"": [{""_id"": ""5e0feaaff9af8b7e942e1fd1"", ""userInputs"": [{""userID"": 1095, ""milesRequested"": 40, ""WhPerMile"": 400, ""minutesAvailable"": 445, ""modifiedAt"": ""Wed, 18 Dec 2019 17:53:59 GMT"", ""paymentRequired"": true, ""requestedDeparture"": ""Thu, 19 Dec 2019 01:18:53 GMT"", ""kWhRequested"": 16.0}], ""use",success
2026-08-17T00:46:55.433549+00:00,caltech:2019-12-17:2019-12-24:page6,1,"https://ev.caltech.edu/api/v1/sessions/caltech?where=connectionTime%3E=%22Tue,%2017%20Dec%202019%2000:00:00%20GMT%22%20and%20connectionTime%3C%22Tue,%2024%20Dec%202019%2000:00:00%20GMT%22%20and%20kWhDelivered%3E=0.0&sort=-connectionTime&page=6",200,application/json,18963,0.409598043999722,"{""_items"": [{""_id"": ""5e0e9931f9af8b7aab4bf90c"", ""userInputs"": [{""userID"": 1082, ""milesRequested"": 20, ""WhPerMile"": 400, ""minutesAvailable"": 64, ""modifiedAt"": ""Tue, 17 Dec 2019 20:11:13 GMT"", ""paymentRequired"": true, ""requestedDeparture"": ""Tue, 17 Dec 2019 21:14:49 GMT"", ""kWhRequested"": 8.0}], ""userI",success
2026-08-17T00:46:55.902794+00:00,caltech:2019-12-17:2019-12-24:page7,1,"https://ev.caltech.edu/api/v1/sessions/caltech?where=connectionTime%3E=%22Tue,%2017%20Dec%202019%2000:00:00%20GMT%22%20and%20connectionTime%3C%22Tue,%2024%20Dec%202019%2000:00:00%20GMT%22%20and%20kWhDelivered%3E=0.0&sort=-connectionTime&page=7",200,application/json,4118,0.21203583300030004,"{""_items"": [{""_id"": ""5e0e9931f9af8b7aab4bf8f3"", ""userInputs"": [{""userID"": 3424, ""milesRequested"": 180, ""WhPerMile"": 295, ""minutesAvailable"": 568, ""modifiedAt"": ""Tue, 17 Dec 2019 16:08:39 GMT"", ""paymentRequired"": true, ""requestedDeparture"": ""Wed, 18 Dec 2019 01:36:08 GMT"", ""kWhRequested"": 53.1}], ""us",success
2026-08-17T00:46:57.380265+00:00,caltech:2019-12-24:2019-12-31:page1,1,https://ev.caltech.edu/api/v1/sessions/caltech?where=connectionTime%3E%3D%22Tue%2C+24+Dec+2019+00%3A00%3A00+GMT%22+and+connectionTime%3C%22Tue%2C+31+Dec+2019+00%3A00%3A00+GMT%22+and+kWhDelivered%3E%3D0.0&sort=-connectionTime,200,application/json,19336,0.46945785699972475,"{""_items"": [{""_id"": ""5e1fbc9ff9af8b5391bcd702"", ""userInputs"": [{""userID"": 489, ""milesRequested"": 220, ""WhPerMile"": 399, ""minutesAvailable"": 406, ""modifiedAt"": ""Mon, 30 Dec 2019 23:30:17 GMT"", ""paymentRequired"": true, ""requestedDeparture"": ""Tue, 31 Dec 2019 06:15:51 GMT"", ""kWhRequested"": 87.78}, {""us",success
2026-08-17T00:46:57.856093+00:00,caltech:2019-12-24:2019-12-31:page2,1,"https://ev.caltech.edu/api/v1/sessions/caltech?where=connectionTime%3E=%22Tue,%2024%20Dec%202019%2000:00:00%20GMT%22%20and%20connectionTime%3C%22Tue,%2031%20Dec%202019%2000:00:00%20GMT%22%20and%20kWhDelivered%3E=0.0&sort=-connectionTime&page=2",200,application/json,9605,0.21847002199956478,"{""_items"": [{""_id"": ""5e1bc823f9af8b45cfdfcc4b"", ""userInputs"": null, ""userID"": null, ""sessionID"": ""2_39_79_380_2019-12-27 17:21:50.811622"", ""stationID"": ""2-39-79-380"", ""spaceID"": ""CA-489"", ""siteID"": ""0002"", ""clusterID"": ""0039"", ""connectionTime"": ""Fri, 27 Dec 2019 17:21:51 GMT"", ""disconnectTime"": ""Fri",success
2026-08-17T00:46:59.077008+00:00,caltech:2019-12-31:2020-01-01:page1,1,https://ev.caltech.edu/api/v1/sessions/caltech?where=connectionTime%3E%3D%22Tue%2C+31+Dec+2019+00%3A00%3A00+GMT%22+and+connectionTime%3C%22Wed%2C+01+Jan+2020+00%3A00%3A00+GMT%22+and+kWhDelivered%3E%3D0.0&sort=-connectionTime,200,application/json,5873,0.21128637499987235,"{""_items"": [{""_id"": ""5e210e1ff9af8b57bb4f54ff"", ""userInputs"": [{""userID"": 1920, ""milesRequested"": 20, ""WhPerMile"": 400, ""minutesAvailable"": 61, ""modifiedAt"": ""Tue, 31 Dec 2019 21:57:53 GMT"", ""paymentRequired"": true, ""requestedDeparture"": ""Tue, 31 Dec 2019 22:58:23 GMT"", ""kWhRequested"": 8.0}], ""userI",success
2026-08-17T00:47:01.680627+00:00,jpl:2019-01-01:2019-01-08:page1,1,https://ev.caltech.edu/api/v1/sessions/jpl?where=connectionTime%3E%3D%22Tue%2C+01+Jan+2019+00%3A00%3A00+GMT%22+and+connectionTime%3C%22Tue%2C+08+Jan+2019+00%3A00%3A00+GMT%22+and+kWhDelivered%3E%3D0.0&sort=-connectionTime,200,application/json,20386,0.7849388219992761,"{""_items"": [{""_id"": ""5c367308f9af8b4639a8f44a"", ""userInputs"": [{""userID"": 428, ""milesRequested"": 50, ""WhPerMile"": 333, ""minutesAvailable"": 66, ""modifiedAt"": ""Mon, 07 Jan 2019 23:54:24 GMT"", ""paymentRequired"": true, ""requestedDeparture"": ""Tue, 08 Jan 2019 01:00:12 GMT"", ""kWhRequested"": 16.65}], ""sess",success
2026-08-17T00:47:02.347321+00:00,jpl:2019-01-01:2019-01-08:page2,1,"https://ev.caltech.edu/api/v1/sessions/jpl?where=connectionTime%3E=%22Tue,%2001%20Jan%202019%2000:00:00%20GMT%22%20and%20connectionTime%3C%22Tue,%2008%20Jan%202019%2000:00:00%20GMT%22%20and%20kWhDelivered%3E=0.0&sort=-connectionTime&page=2",200,application/json,20618,0.4077317179999227,"{""_items"": [{""_id"": ""5c367308f9af8b4639a8f431"", ""userInputs"": [{""userID"": 481, ""milesRequested"": 188, ""WhPerMile"": 400, ""minutesAvailable"": 717, ""modifiedAt"": ""Mon, 07 Jan 2019 15:40:12 GMT"", ""paymentRequired"": true, ""requestedDeparture"": ""Tue, 08 Jan 2019 03:36:47 GMT"", ""kWhRequested"": 75.2}], ""ses",success
2026-08-17T00:47:03.134797+00:00,jpl:2019-01-01:2019-01-08:page3,1,"https://ev.caltech.edu/api/v1/sessions/jpl?where=connectionTime%3E=%22Tue,%2001%20Jan%202019%2000:00:00%20GMT%22%20and%20connectionTime%3C%22Tue,%2008%20Jan%202019%2000:00:00%20GMT%22%20and%20kWhDelivered%3E=0.0&sort=-connectionTime&page=3",200,application/json,18993,0.5307566930005123,"{""_items"": [{""_id"": ""5c367308f9af8b4639a8f418"", ""userInputs"": [{""userID"": 419, ""milesRequested"": 90, ""WhPerMile"": 600, ""minutesAvailable"": 579, ""modifiedAt"": ""Mon, 07 Jan 2019 14:35:00 GMT"", ""paymentRequired"": true, ""requestedDeparture"": ""Tue, 08 Jan 2019 00:10:17 GMT"", ""kWhRequested"": 54.0}], ""sess",success
2026-08-17T00:47:03.793334+00:00,jpl:2019-01-01:2019-01-08:page4,1,"https://ev.caltech.edu/api/v1/sessions/jpl?where=connectionTime%3E=%22Tue,%2001%20Jan%202019%2000:00:00%20GMT%22%20and%20connectionTime%3C%22Tue,%2008%20Jan%202019%2000:00:00%20GMT%22%20and%20kWhDelivered%3E=0.0&sort=-connectionTime&page=4",200,application/json,18995,0.3986220480001066,"{""_items"": [{""_id"": ""5c3672bef9af8b4639a8f3ff"", ""userInputs"": [{""userID"": 362, ""milesRequested"": 90, ""WhPerMile"": 286, ""minutesAvailable"": 395, ""modifiedAt"": ""Fri, 04 Jan 2019 18:47:05 GMT"", ""paymentRequired"": true, ""requestedDeparture"": ""Sat, 05 Jan 2019 01:21:37 GMT"", ""kWhRequested"": 25.74}], ""ses",success
2026-08-17T00:47:04.445397+00:00,jpl:2019-01-01:2019-01-08:page5,1,"https://ev.caltech.edu/api/v1/sessions/jpl?where=connectionTime%3E=%22Tue,%2001%20Jan%202019%2000:00:00%20GMT%22%20and%20connectionTime%3C%22Tue,%2008%20Jan%202019%2000:00:00%20GMT%22%20and%20kWhDelivered%3E=0.0&sort=-connectionTime&page=5",200,application/json,19217,0.39473531100065884,"{""_items"": [{""_id"": ""5c36728ff9af8b4639a8f3e6"", ""userInputs"": [{""userID"": 313, ""milesRequested"": 180, ""WhPerMile"": 333, ""minutesAvailable"": 183, ""modifiedAt"": ""Fri, 04 Jan 2019 00:10:09 GMT"", ""paymentRequired"": true, ""requestedDeparture"": ""Fri, 04 Jan 2019 03:12:19 GMT"", ""kWhRequested"": 59.94}, {""us",success
2026-08-17T00:47:05.133226+00:00,jpl:2019-01-01:2019-01-08:page6,1,"https://ev.caltech.edu/api/v1/sessions/jpl?where=connectionTime%3E=%22Tue,%2001%20Jan%202019%2000:00:00%20GMT%22%20and%20connectionTime%3C%22Tue,%2008%20Jan%202019%2000:00:00%20GMT%22%20and%20kWhDelivered%3E=0.0&sort=-connectionTime&page=6",200,application/json,19015,0.42920665800011193,"{""_items"": [{""_id"": ""5c36728ff9af8b4639a8f3cd"", ""userInputs"": [{""userID"": 361, ""milesRequested"": 160, ""WhPerMile"": 300, ""minutesAvailable"": 497, ""modifiedAt"": ""Thu, 03 Jan 2019 16:25:05 GMT"", ""paymentRequired"": true, ""requestedDeparture"": ""Fri, 04 Jan 2019 00:40:23 GMT"", ""kWhRequested"": 48.0}], ""ses",success
2026-08-17T00:47:05.711538+00:00,jpl:2019-01-01:2019-01-08:page7,1,"https://ev.caltech.edu/api/v1/sessions/jpl?where=connectionTime%3E=%22Tue,%2001%20Jan%202019%2000:00:00%20GMT%22%20and%20connectionTime%3C%22Tue,%2008%20Jan%202019%2000:00:00%20GMT%22%20and%20kWhDelivered%3E=0.0&sort=-connectionTime&page=7",200,application/json,18526,0.3179710750000595,"{""_items"": [{""_id"": ""5c36728ff9af8b4639a8f3b4"", ""userInputs"": [{""userID"": 382, ""milesRequested"": 40, ""WhPerMile"": 400, ""minutesAvailable"": 533, ""modifiedAt"": ""Thu, 03 Jan 2019 14:42:24 GMT"", ""paymentRequired"": true, ""requestedDeparture"": ""Thu, 03 Jan 2019 23:35:01 GMT"", ""kWhRequested"": 16.0}], ""sess",success
2026-08-17T00:47:06.393046+00:00,jpl:2019-01-01:2019-01-08:page8,1,"https://ev.caltech.edu/api/v1/sessions/jpl?where=connectionTime%3E=%22Tue,%2001%20Jan%202019%2000:00:00%20GMT%22%20and%20connectionTime%3C%22Tue,%2008%20Jan%202019%2000:00:00%20GMT%22%20and%20kWhDelivered%3E=0.0&sort=-connectionTime&page=8",200,application/json,20153,0.42537528199954977,"{""_items"": [{""_id"": ""5c367245f9af8b4639a8f39b"", ""userInputs"": [{""userID"": 400, ""milesRequested"": 20, ""WhPerMile"": 400, ""minutesAvailable"": 243, ""modifiedAt"": ""Wed, 02 Jan 2019 20:59:27 GMT"", ""paymentRequired"": true, ""requestedDeparture"": ""Thu, 03 Jan 2019 01:02:22 GMT"", ""kWhRequested"": 8.0}, {""userI",success
2026-08-17T00:47:06.883562+00:00,jpl:2019-01-01:2019-01-08:page9,1,"https://ev.caltech.edu/api/v1/sessions/jpl?where=connectionTime%3E=%22Tue,%2001%20Jan%202019%2000:00:00%20GMT%22%20and%20connectionTime%3C%22Tue,%2008%20Jan%202019%2000:00:00%20GMT%22%20and%20kWhDelivered%3E=0.0&sort=-connectionTime&page=9",200,application/json,18540,0.23409887499929027,"{""_items"": [{""_id"": ""5c367245f9af8b4639a8f382"", ""userInputs"": [{""userID"": 361, ""milesRequested"": 160, ""WhPerMile"": 300, ""minutesAvailable"": 544, ""modifiedAt"": ""Wed, 02 Jan 2019 16:03:39 GMT"", ""paymentRequired"": true, ""requestedDeparture"": ""Thu, 03 Jan 2019 01:06:47 GMT"", ""kWhRequested"": 48.0}], ""ses",success
2026-08-17T00:47:07.368508+00:00,jpl:2019-01-01:2019-01-08:page10,1,"https://ev.caltech.edu/api/v1/sessions/jpl?where=connectionTime%3E=%22Tue,%2001%20Jan%202019%2000:00:00%20GMT%22%20and%20connectionTime%3C%22Tue,%2008%20Jan%202019%2000:00:00%20GMT%22%20and%20kWhDelivered%3E=0.0&sort=-connectionTime&page=10",200,application/json,8339,0.22542606099978002,"{""_items"": [{""_id"": ""5c367245f9af8b4639a8f369"", ""userInputs"": null, ""sessionID"": ""1_1_179_800_2019-01-02 14:28:42.662091"", ""stationID"": ""1-1-179-800"", ""spaceID"": ""AG-3F32"", ""siteID"": ""0001"", ""clusterID"": ""0001"", ""connectionTime"": ""Wed, 02 Jan 2019 14:28:43 GMT"", ""disconnectTime"": ""Wed, 02 Jan 2019 2",success
2026-08-17T00:47:09.361700+00:00,jpl:2019-01-08:2019-01-15:page1,1,https://ev.caltech.edu/api/v1/sessions/jpl?where=connectionTime%3E%3D%22Tue%2C+08+Jan+2019+00%3A00%3A00+GMT%22+and+connectionTime%3C%22Tue%2C+15+Jan+2019+00%3A00%3A00+GMT%22+and+kWhDelivered%3E%3D0.0&sort=-connectionTime,200,application/json,20656,0.9855321300001378,"{""_items"": [{""_id"": ""5c524fedf9af8b67ee9eb43d"", ""userInputs"": [{""userID"": 500, ""milesRequested"": 200, ""WhPerMile"": 300, ""minutesAvailable"": 165, ""modifiedAt"": ""Mon, 14 Jan 2019 23:24:52 GMT"", ""paymentRequired"": true, ""requestedDeparture"": ""Tue, 15 Jan 2019 02:09:09 GMT"", ""kWhRequested"": 60.0}], ""ses",success
2026-08-17T00:47:10.026309+00:00,jpl:2019-01-08:2019-01-15:page2,1,"https://ev.caltech.edu/api/v1/sessions/jpl?where=connectionTime%3E=%22Tue,%2008%20Jan%202019%2000:00:00%20GMT%22%20and%20connectionTime%3C%22Tue,%2015%20Jan%202019%2000:00:00%20GMT%22%20and%20kWhDelivered%3E=0.0&sort=-connectionTime&page=2",200,application/json,18768,0.408021614000063,"{""_items"": [{""_id"": ""5c524fedf9af8b67ee9eb424"", ""userInputs"": [{""userID"": 724, ""milesRequested"": 50, ""WhPerMile"": 288, ""minutesAvailable"": 579, ""modifiedAt"": ""Mon, 14 Jan 2019 15:13:38 GMT"", ""paymentRequired"": true, ""requestedDeparture"": ""Tue, 15 Jan 2019 00:52:03 GMT"", ""kWhRequested"": 14.4}], ""sess",success
2026-08-17T00:47:10.710248+00:00,jpl:2019-01-08:2019-01-15:page3,1,"https://ev.caltech.edu/api/v1/sessions/jpl?where=connectionTime%3E=%22Tue,%2008%20Jan%202019%2000:00:00%20GMT%22%20and%20connectionTime%3C%22Tue,%2015%20Jan%202019%2000:00:00%20GMT%22%20and%20kWhDelivered%3E=0.0&sort=-connectionTime&page=3",200,application/json,18301,0.426078100000268,"{""_items"": [{""_id"": ""5c524fedf9af8b67ee9eb40b"", ""userInputs"": [{""userID"": 378, ""milesRequested"": 160, ""WhPerMile"": 250, ""minutesAvailable"": 580, ""modifiedAt"": ""Mon, 14 Jan 2019 14:15:24 GMT"", ""paymentRequired"": true, ""requestedDeparture"": ""Mon, 14 Jan 2019 23:54:17 GMT"", ""kWhRequested"": 40.0}], ""ses",success
2026-08-17T00:47:11.389853+00:00,jpl:2019-01-08:2019-01-15:page4,1,"https://ev.caltech.edu/api/v1/sessions/jpl?where=connectionTime%3E=%22Tue,%2008%20Jan%202019%2000:00:00%20GMT%22%20and%20connectionTime%3C%22Tue,%2015%20Jan%202019%2000:00:00%20GMT%22%20and%20kWhDelivered%3E=0.0&sort=-connectionTime&page=4",200,application/json,24598,0.42130534699936106,"{""_items"": [{""_id"": ""5c4e5b64f9af8b5496d1c82a"", ""userInputs"": [{""userID"": 554, ""milesRequested"": 30, ""WhPerMile"": 400, ""minutesAvailable"": 161, ""modifiedAt"": ""Fri, 11 Jan 2019 23:21:48 GMT"", ""paymentRequired"": true, ""requestedDeparture"": ""Sat, 12 Jan 2019 02:00:15 GMT"", ""kWhRequested"": 12.0}], ""sess",success
2026-08-17T00:47:12.060572+00:00,jpl:2019-01-08:2019-01-15:page5,1,"https://ev.caltech.edu/api/v1/sessions/jpl?where=connectionTime%3E=%22Tue,%2008%20Jan%202019%2000:00:00%20GMT%22%20and%20connectionTime%3C%22Tue,%2015%20Jan%202019%2000:00:00%20GMT%22%20and%20kWhDelivered%3E=0.0&sort=-connectionTime&page=5",200,application/json,19478,0.41036266799983423,"{""_items"": [{""_id"": ""5c4e5b64f9af8b5496d1c811"", ""userInputs"": [{""userID"": 371, ""milesRequested"": 30, ""WhPerMile"": 600, ""minutesAvailable"": 607, ""modifiedAt"": ""Fri, 11 Jan 2019 15:26:55 GMT"", ""paymentRequired"": true, ""requestedDeparture"": ""Sat, 12 Jan 2019 01:33:34 GMT"", ""kWhRequested"": 18.0}], ""sess",success
2026-08-17T00:47:12.562630+00:00,jpl:2019-01-08:2019-01-15:page6,1,"https://ev.caltech.edu/api/v1/sessions/jpl?where=connectionTime%3E=%22Tue,%2008%20Jan%202019%2000:00:00%20GMT%22%20and%20connectionTime%3C%22Tue,%2015%20Jan%202019%2000:00:00%20GMT%22%20and%20kWhDelivered%3E=0.0&sort=-connectionTime&page=6",200,application/json,18524,0.2468186890000652,"{""_items"": [{""_id"": ""5c4e5b64f9af8b5496d1c7f8"", ""userInputs"": [{""userID"": 169, ""milesRequested"": 40, ""WhPerMile"": 600, ""minutesAvailable"": 456, ""modifiedAt"": ""Fri, 11 Jan 2019 14:31:37 GMT"", ""paymentRequired"": true, ""requestedDeparture"": ""Fri, 11 Jan 2019 22:07:23 GMT"", ""kWhRequested"": 24.0}], ""sess",success
2026-08-17T00:47:13.060589+00:00,jpl:2019-01-08:2019-01-15:page7,1,"https://ev.caltech.edu/api/v1/sessions/jpl?where=connectionTime%3E=%22Tue,%2008%20Jan%202019%2000:00:00%20GMT%22%20and%20connectionTime%3C%22Tue,%2015%20Jan%202019%2000:00:00%20GMT%22%20and%20kWhDelivered%3E=0.0&sort=-connectionTime&page=7",200,application/json,18075,0.2428804900000614,"{""_items"": [{""_id"": ""5c4d09e7f9af8b504348719d"", ""userInputs"": [{""userID"": 458, ""milesRequested"": 60, ""WhPerMile"": 400, ""minutesAvailable"": 381, ""modifiedAt"": ""Thu, 10 Jan 2019 19:59:21 GMT"", ""paymentRequired"": true, ""requestedDeparture"": ""Fri, 11 Jan 2019 02:19:43 GMT"", ""kWhRequested"": 24.0}], ""sess",success
2026-08-17T00:47:13.559700+00:00,jpl:2019-01-08:2019-01-15:page8,1,"https://ev.caltech.edu/api/v1/sessions/jpl?where=connectionTime%3E=%22Tue,%2008%20Jan%202019%2000:00:00%20GMT%22%20and%20connectionTime%3C%22Tue,%2015%20Jan%202019%2000:00:00%20GMT%22%20and%20kWhDelivered%3E=0.0&sort=-connectionTime&page=8",200,application/json,18534,0.24393454499931977,"{""_items"": [{""_id"": ""5c4d09e7f9af8b5043487184"", ""userInputs"": [{""userID"": 592, ""milesRequested"": 100, ""WhPerMile"": 400, ""minutesAvailable"": 536, ""modifiedAt"": ""Thu, 10 Jan 2019 15:25:11 GMT"", ""paymentRequired"": true, ""requestedDeparture"": ""Fri, 11 Jan 2019 00:20:40 GMT"", ""kWhRequested"": 40.0}], ""ses",success
2026-08-17T00:47:14.230356+00:00,jpl:2019-01-08:2019-01-15:page9,1,"https://ev.caltech.edu/api/v1/sessions/jpl?where=connectionTime%3E=%22Tue,%2008%20Jan%202019%2000:00:00%20GMT%22%20and%20connectionTime%3C%22Tue,%2015%20Jan%202019%2000:00:00%20GMT%22%20and%20kWhDelivered%3E=0.0&sort=-connectionTime&page=9",200,application/json,21071,0.4145760519995747,"{""_items"": [{""_id"": ""5c4d09e7f9af8b504348716b"", ""userInputs"": [{""userID"": 470, ""milesRequested"": 20, ""WhPerMile"": 400, ""minutesAvailable"": 60, ""modifiedAt"": ""Thu, 10 Jan 2019 14:05:39 GMT"", ""paymentRequired"": true, ""requestedDeparture"": ""Thu, 10 Jan 2019 15:05:31 GMT"", ""kWhRequested"": 8.0}], ""sessio",success
2026-08-17T00:47:14.712962+00:00,jpl:2019-01-08:2019-01-15:page10,1,"https://ev.caltech.edu/api/v1/sessions/jpl?where=connectionTime%3E=%22Tue,%2008%20Jan%202019%2000:00:00%20GMT%22%20and%20connectionTime%3C%22Tue,%2015%20Jan%202019%2000:00:00%20GMT%22%20and%20kWhDelivered%3E=0.0&sort=-connectionTime&page=10",200,application/json,18553,0.2285697719999007,"{""_items"": [{""_id"": ""5c4bb869f9af8b4bfee1ae24"", ""userInputs"": [{""userID"": 480, ""milesRequested"": 30, ""WhPerMile"": 600, ""minutesAvailable"": 545, ""modifiedAt"": ""Wed, 09 Jan 2019 15:38:35 GMT"", ""paymentRequired"": true, ""requestedDeparture"": ""Thu, 10 Jan 2019 00:42:56 GMT"", ""kWhRequested"": 18.0}], ""sess",success
2026-08-17T00:47:15.385419+00:00,jpl:2019-01-08:2019-01-15:page11,1,"https://ev.caltech.edu/api/v1/sessions/jpl?where=connectionTime%3E=%22Tue,%2008%20Jan%202019%2000:00:00%20GMT%22%20and%20connectionTime%3C%22Tue,%2015%20Jan%202019%2000:00:00%20GMT%22%20and%20kWhDelivered%3E=0.0&sort=-connectionTime&page=11",200,application/json,19005,0.4128009119995113,"{""_items"": [{""_id"": ""5c4bb869f9af8b4bfee1ae0b"", ""userInputs"": [{""userID"": 1157, ""milesRequested"": 100, ""WhPerMile"": 400, ""minutesAvailable"": 558, ""modifiedAt"": ""Wed, 09 Jan 2019 14:46:35 GMT"", ""paymentRequired"": true, ""requestedDeparture"": ""Thu, 10 Jan 2019 00:04:19 GMT"", ""kWhRequested"": 40.0}], ""se",success
2026-08-17T00:47:16.059410+00:00,jpl:2019-01-08:2019-01-15:page12,1,"https://ev.caltech.edu/api/v1/sessions/jpl?where=connectionTime%3E=%22Tue,%2008%20Jan%202019%2000:00:00%20GMT%22%20and%20connectionTime%3C%22Tue,%2015%20Jan%202019%2000:00:00%20GMT%22%20and%20kWhDelivered%3E=0.0&sort=-connectionTime&page=12",200,application/json,19940,0.4152361819997168,"{""_items"": [{""_id"": ""5c4a66f3f9af8b479975169d"", ""userInputs"": null, ""sessionID"": ""1_1_193_820_2019-01-08 23:27:57.331554"", ""stationID"": ""1-1-193-820"", ""spaceID"": ""AG-1F04"", ""siteID"": ""0001"", ""clusterID"": ""0001"", ""connectionTime"": ""Tue, 08 Jan 2019 23:27:57 GMT"", ""disconnectTime"": ""Wed, 09 Jan 2019 0",success
2026-08-17T00:47:16.550722+00:00,jpl:2019-01-08:2019-01-15:page13,1,"https://ev.caltech.edu/api/v1/sessions/jpl?where=connectionTime%3E=%22Tue,%2008%20Jan%202019%2000:00:00%20GMT%22%20and%20connectionTime%3C%22Tue,%2015%20Jan%202019%2000:00:00%20GMT%22%20and%20kWhDelivered%3E=0.0&sort=-connectionTime&page=13",200,application/json,18319,0.23499586999969324,"{""_items"": [{""_id"": ""5c4a66f3f9af8b4799751684"", ""userInputs"": [{""userID"": 476, ""milesRequested"": 50, ""WhPerMile"": 333, ""minutesAvailable"": 200, ""modifiedAt"": ""Tue, 08 Jan 2019 15:33:26 GMT"", ""paymentRequired"": true, ""requestedDeparture"": ""Tue, 08 Jan 2019 18:53:15 GMT"", ""kWhRequested"": 16.65}], ""ses",success
2026-08-17T00:47:17.041274+00:00,jpl:2019-01-08:2019-01-15:page14,1,"https://ev.caltech.edu/api/v1/sessions/jpl?where=connectionTime%3E=%22Tue,%2008%20Jan%202019%2000:00:00%20GMT%22%20and%20connectionTime%3C%22Tue,%2015%20Jan%202019%2000:00:00%20GMT%22%20and%20kWhDelivered%3E=0.0&sort=-connectionTime&page=14",200,application/json,14582,0.2339874310000596,"{""_items"": [{""_id"": ""5c4a66f3f9af8b479975166b"", ""userInputs"": [{""userID"": 414, ""milesRequested"": 40, ""WhPerMile"": 375, ""minutesAvailable"": 576, ""modifiedAt"": ""Tue, 08 Jan 2019 14:34:51 GMT"", ""paymentRequired"": true, ""requestedDeparture"": ""Wed, 09 Jan 2019 00:09:33 GMT"", ""kWhRequested"": 15.0}], ""sess",success
2026-08-17T00:47:18.919064+00:00,jpl:2019-01-15:2019-01-22:page1,1,https://ev.caltech.edu/api/v1/sessions/jpl?where=connectionTime%3E%3D%22Tue%2C+15+Jan+2019+00%3A00%3A00+GMT%22+and+connectionTime%3C%22Tue%2C+22+Jan+2019+00%3A00%3A00+GMT%22+and+kWhDelivered%3E%3D0.0&sort=-connectionTime,200,application/json,18997,0.8721066959997188,"{""_items"": [{""_id"": ""5c7ee826f9af8b1308c339c3"", ""userInputs"": [{""userID"": 337, ""milesRequested"": 90, ""WhPerMile"": 250, ""minutesAvailable"": 143, ""modifiedAt"": ""Mon, 21 Jan 2019 23:32:40 GMT"", ""paymentRequired"": true, ""requestedDeparture"": ""Tue, 22 Jan 2019 01:54:52 GMT"", ""kWhRequested"": 22.5}], ""sess",success
2026-08-17T00:47:19.585760+00:00,jpl:2019-01-15:2019-01-22:page2,1,"https://ev.caltech.edu/api/v1/sessions/jpl?where=connectionTime%3E=%22Tue,%2015%20Jan%202019%2000:00:00%20GMT%22%20and%20connectionTime%3C%22Tue,%2022%20Jan%202019%2000:00:00%20GMT%22%20and%20kWhDelivered%3E=0.0&sort=-connectionTime&page=2",200,application/json,18757,0.407000596999751,"{""_items"": [{""_id"": ""5c5795d4f9af8b78a3bcf16c"", ""userInputs"": [{""userID"": 554, ""milesRequested"": 40, ""WhPerMile"": 400, ""minutesAvailable"": 123, ""modifiedAt"": ""Fri, 18 Jan 2019 18:01:19 GMT"", ""paymentRequired"": true, ""requestedDeparture"": ""Fri, 18 Jan 2019 20:04:02 GMT"", ""kWhRequested"": 16.0}], ""sess",success
2026-08-17T00:47:20.254706+00:00,jpl:2019-01-15:2019-01-22:page3,1,"https://ev.caltech.edu/api/v1/sessions/jpl?where=connectionTime%3E=%22Tue,%2015%20Jan%202019%2000:00:00%20GMT%22%20and%20connectionTime%3C%22Tue,%2022%20Jan%202019%2000:00:00%20GMT%22%20and%20kWhDelivered%3E=0.0&sort=-connectionTime&page=3",200,application/json,18531,0.41120280900031503,"{""_items"": [{""_id"": ""5c564466f9af8b74f28c2b2e"", ""userInputs"": [{""userID"": 405, ""milesRequested"": 20, ""WhPerMile"": 500, ""minutesAvailable"": 316, ""modifiedAt"": ""Fri, 18 Jan 2019 07:28:38 GMT"", ""paymentRequired"": true, ""requestedDeparture"": ""Fri, 18 Jan 2019 12:44:18 GMT"", ""kWhRequested"": 10.0}], ""sess",success
2026-08-17T00:47:20.922856+00:00,jpl:2019-01-15:2019-01-22:page4,1,"https://ev.caltech.edu/api/v1/sessions/jpl?where=connectionTime%3E=%22Tue,%2015%20Jan%202019%2000:00:00%20GMT%22%20and%20connectionTime%3C%22Tue,%2022%20Jan%202019%2000:00:00%20GMT%22%20and%20kWhDelivered%3E=0.0&sort=-connectionTime&page=4",200,application/json,18779,0.4098985830005404,"{""_items"": [{""_id"": ""5c564466f9af8b74f28c2b15"", ""userInputs"": [{""userID"": 1196, ""milesRequested"": 130, ""WhPerMile"": 240, ""minutesAvailable"": 520, ""modifiedAt"": ""Thu, 17 Jan 2019 16:04:06 GMT"", ""paymentRequired"": true, ""requestedDeparture"": ""Fri, 18 Jan 2019 00:43:11 GMT"", ""kWhRequested"": 31.2}], ""se",success
2026-08-17T00:47:21.592838+00:00,jpl:2019-01-15:2019-01-22:page5,1,"https://ev.caltech.edu/api/v1/sessions/jpl?where=connectionTime%3E=%22Tue,%2015%20Jan%202019%2000:00:00%20GMT%22%20and%20connectionTime%3C%22Tue,%2022%20Jan%202019%2000:00:00%20GMT%22%20and%20kWhDelivered%3E=0.0&sort=-connectionTime&page=5",200,application/json,18530,0.40949526999975205,"{""_items"": [{""_id"": ""5c564466f9af8b74f28c2afc"", ""userInputs"": [{""userID"": 647, ""milesRequested"": 70, ""WhPerMile"": 400, ""minutesAvailable"": 585, ""modifiedAt"": ""Thu, 17 Jan 2019 15:10:42 GMT"", ""paymentRequired"": true, ""requestedDeparture"": ""Fri, 18 Jan 2019 00:55:00 GMT"", ""kWhRequested"": 28.0}], ""sess",success
2026-08-17T00:47:22.260410+00:00,jpl:2019-01-15:2019-01-22:page6,1,"https://ev.caltech.edu/api/v1/sessions/jpl?where=connectionTime%3E=%22Tue,%2015%20Jan%202019%2000:00:00%20GMT%22%20and%20connectionTime%3C%22Tue,%2022%20Jan%202019%2000:00:00%20GMT%22%20and%20kWhDelivered%3E=0.0&sort=-connectionTime&page=6",200,application/json,19698,0.40818180899987055,"{""_items"": [{""_id"": ""5c54f2f2f9af8b71c441c01b"", ""userInputs"": null, ""sessionID"": ""1_1_194_822_2019-01-16 22:42:53.393100"", ""stationID"": ""1-1-194-822"", ""spaceID"": ""AG-1F12"", ""siteID"": ""0001"", ""clusterID"": ""0001"", ""connectionTime"": ""Wed, 16 Jan 2019 22:42:53 GMT"", ""disconnectTime"": ""Thu, 17 Jan 2019 0",success
2026-08-17T00:47:22.761631+00:00,jpl:2019-01-15:2019-01-22:page7,1,"https://ev.caltech.edu/api/v1/sessions/jpl?where=connectionTime%3E=%22Tue,%2015%20Jan%202019%2000:00:00%20GMT%22%20and%20connectionTime%3C%22Tue,%2022%20Jan%202019%2000:00:00%20GMT%22%20and%20kWhDelivered%3E=0.0&sort=-connectionTime&page=7",200,application/json,17849,0.24389067000083742,"{""_items"": [{""_id"": ""5c54f2f2f9af8b71c441c002"", ""userInputs"": [{""userID"": 480, ""milesRequested"": 30, ""WhPerMile"": 600, ""minutesAvailable"": 545, ""modifiedAt"": ""Wed, 16 Jan 2019 15:24:20 GMT"", ""paymentRequired"": true, ""requestedDeparture"": ""Thu, 17 Jan 2019 00:29:11 GMT"", ""kWhRequested"": 18.0}], ""sess",success
2026-08-17T00:47:23.271711+00:00,jpl:2019-01-15:2019-01-22:page8,1,"https://ev.caltech.edu/api/v1/sessions/jpl?where=connectionTime%3E=%22Tue,%2015%20Jan%202019%2000:00:00%20GMT%22%20and%20connectionTime%3C%22Tue,%2022%20Jan%202019%2000:00:00%20GMT%22%20and%20kWhDelivered%3E=0.0&sort=-connectionTime&page=8",200,application/json,18294,0.25089564399968367,"{""_items"": [{""_id"": ""5c54f2f2f9af8b71c441bfe9"", ""userInputs"": [{""userID"": 344, ""milesRequested"": 50, ""WhPerMile"": 400, ""minutesAvailable"": 338, ""modifiedAt"": ""Wed, 16 Jan 2019 14:30:40 GMT"", ""paymentRequired"": true, ""requestedDeparture"": ""Wed, 16 Jan 2019 20:08:03 GMT"", ""kWhRequested"": 20.0}], ""sess",success
2026-08-17T00:47:23.772808+00:00,jpl:2019-01-15:2019-01-22:page9,1,"https://ev.caltech.edu/api/v1/sessions/jpl?where=connectionTime%3E=%22Tue,%2015%20Jan%202019%2000:00:00%20GMT%22%20and%20connectionTime%3C%22Tue,%2022%20Jan%202019%2000:00:00%20GMT%22%20and%20kWhDelivered%3E=0.0&sort=-connectionTime&page=9",200,application/json,18082,0.24303588000020682,"{""_items"": [{""_id"": ""5c53a175f9af8b6d3610f47b"", ""userInputs"": [{""userID"": 577, ""milesRequested"": 20, ""WhPerMile"": 333, ""minutesAvailable"": 493, ""modifiedAt"": ""Tue, 15 Jan 2019 15:42:37 GMT"", ""paymentRequired"": true, ""requestedDeparture"": ""Tue, 15 Jan 2019 23:55:20 GMT"", ""kWhRequested"": 6.66}], ""sess",success
2026-08-17T00:47:24.271013+00:00,jpl:2019-01-15:2019-01-22:page10,1,"https://ev.caltech.edu/api/v1/sessions/jpl?where=connectionTime%3E=%22Tue,%2015%20Jan%202019%2000:00:00%20GMT%22%20and%20connectionTime%3C%22Tue,%2022%20Jan%202019%2000:00:00%20GMT%22%20and%20kWhDelivered%3E=0.0&sort=-connectionTime&page=10",200,application/json,18539,0.23747496499981935,"{""_items"": [{""_id"": ""5c53a175f9af8b6d3610f462"", ""userInputs"": [{""userID"": 361, ""milesRequested"": 130, ""WhPerMile"": 300, ""minutesAvailable"": 601, ""modifiedAt"": ""Tue, 15 Jan 2019 14:56:26 GMT"", ""paymentRequired"": true, ""requestedDeparture"": ""Wed, 16 Jan 2019 00:57:13 GMT"", ""kWhRequested"": 39.0}], ""ses",success
2026-08-17T00:47:24.767857+00:00,jpl:2019-01-15:2019-01-22:page11,1,"https://ev.caltech.edu/api/v1/sessions/jpl?where=connectionTime%3E=%22Tue,%2015%20Jan%202019%2000:00:00%20GMT%22%20and%20connectionTime%3C%22Tue,%2022%20Jan%202019%2000:00:00%20GMT%22%20and%20kWhDelivered%3E=0.0&sort=-connectionTime&page=11",200,application/json,3649,0.23623822100034886,"{""_items"": [{""_id"": ""5c53a175f9af8b6d3610f449"", ""userInputs"": [{""userID"": 405, ""milesRequested"": 20, ""WhPerMile"": 500, ""minutesAvailable"": 316, ""modifiedAt"": ""Tue, 15 Jan 2019 08:06:17 GMT"", ""paymentRequired"": true, ""requestedDeparture"": ""Tue, 15 Jan 2019 13:21:55 GMT"", ""kWhRequested"": 10.0}], ""sess",success
2026-08-17T00:47:26.668253+00:00,jpl:2019-01-22:2019-01-29:page1,1,https://ev.caltech.edu/api/v1/sessions/jpl?where=connectionTime%3E%3D%22Tue%2C+22+Jan+2019+00%3A00%3A00+GMT%22+and+connectionTime%3C%22Tue%2C+29+Jan+2019+00%3A00%3A00+GMT%22+and+kWhDelivered%3E%3D0.0&sort=-connectionTime,200,application/json,18072,0.8953005160001339,"{""_items"": [{""_id"": ""5c7ee975f9af8b1308c33b0e"", ""userInputs"": [{""userID"": 943, ""milesRequested"": 30, ""WhPerMile"": 271, ""minutesAvailable"": 118, ""modifiedAt"": ""Mon, 28 Jan 2019 23:23:57 GMT"", ""paymentRequired"": true, ""requestedDeparture"": ""Tue, 29 Jan 2019 01:21:17 GMT"", ""kWhRequested"": 8.13}, {""user",success
2026-08-17T00:47:27.590586+00:00,jpl:2019-01-22:2019-01-29:page2,1,"https://ev.caltech.edu/api/v1/sessions/jpl?where=connectionTime%3E=%22Tue,%2022%20Jan%202019%2000:00:00%20GMT%22%20and%20connectionTime%3C%22Tue,%2029%20Jan%202019%2000:00:00%20GMT%22%20and%20kWhDelivered%3E=0.0&sort=-connectionTime&page=2",200,application/json,19465,0.6662479490005353,"{""_items"": [{""_id"": ""5c7ee975f9af8b1308c33af5"", ""userInputs"": [{""userID"": 826, ""milesRequested"": 200, ""WhPerMile"": 250, ""minutesAvailable"": 565, ""modifiedAt"": ""Mon, 28 Jan 2019 15:17:15 GMT"", ""paymentRequired"": true, ""requestedDeparture"": ""Tue, 29 Jan 2019 00:41:55 GMT"", ""kWhRequested"": 50.0}, {""use",success
2026-08-17T00:47:28.334691+00:00,jpl:2019-01-22:2019-01-29:page3,1,"https://ev.caltech.edu/api/v1/sessions/jpl?where=connectionTime%3E=%22Tue,%2022%20Jan%202019%2000:00:00%20GMT%22%20and%20connectionTime%3C%22Tue,%2029%20Jan%202019%2000:00:00%20GMT%22%20and%20kWhDelivered%3E=0.0&sort=-connectionTime&page=3",200,application/json,19227,0.4863578240001516,"{""_items"": [{""_id"": ""5c7ee975f9af8b1308c33adc"", ""userInputs"": [{""userID"": 334, ""milesRequested"": 50, ""WhPerMile"": 400, ""minutesAvailable"": 407, ""modifiedAt"": ""Mon, 28 Jan 2019 14:19:14 GMT"", ""paymentRequired"": true, ""requestedDeparture"": ""Mon, 28 Jan 2019 21:06:09 GMT"", ""kWhRequested"": 20.0}], ""sess",success
2026-08-17T00:47:29.145754+00:00,jpl:2019-01-22:2019-01-29:page4,1,"https://ev.caltech.edu/api/v1/sessions/jpl?where=connectionTime%3E=%22Tue,%2022%20Jan%202019%2000:00:00%20GMT%22%20and%20connectionTime%3C%22Tue,%2029%20Jan%202019%2000:00:00%20GMT%22%20and%20kWhDelivered%3E=0.0&sort=-connectionTime&page=4",200,application/json,19468,0.5548664759999156,"{""_items"": [{""_id"": ""5c7ee928f9af8b1308c33ac3"", ""userInputs"": [{""userID"": 474, ""milesRequested"": 100, ""WhPerMile"": 441, ""minutesAvailable"": 91, ""modifiedAt"": ""Fri, 25 Jan 2019 20:55:20 GMT"", ""paymentRequired"": true, ""requestedDeparture"": ""Fri, 25 Jan 2019 22:26:10 GMT"", ""kWhRequested"": 44.1}], ""sess",success
2026-08-17T00:47:29.619489+00:00,jpl:2019-01-22:2019-01-29:page5,1,"https://ev.caltech.edu/api/v1/sessions/jpl?where=connectionTime%3E=%22Tue,%2022%20Jan%202019%2000:00:00%20GMT%22%20and%20connectionTime%3C%22Tue,%2029%20Jan%202019%2000:00:00%20GMT%22%20and%20kWhDelivered%3E=0.0&sort=-connectionTime&page=5",200,application/json,18074,0.21541606100072386,"{""_items"": [{""_id"": ""5c7ee928f9af8b1308c33aaa"", ""userInputs"": [{""userID"": 943, ""milesRequested"": 120, ""WhPerMile"": 271, ""minutesAvailable"": 240, ""modifiedAt"": ""Fri, 25 Jan 2019 15:25:33 GMT"", ""paymentRequired"": true, ""requestedDeparture"": ""Fri, 25 Jan 2019 19:25:02 GMT"", ""kWhRequested"": 32.52}], ""se",success
2026-08-17T00:47:30.282843+00:00,jpl:2019-01-22:2019-01-29:page6,1,"https://ev.caltech.edu/api/v1/sessions/jpl?where=connectionTime%3E=%22Tue,%2022%20Jan%202019%2000:00:00%20GMT%22%20and%20connectionTime%3C%22Tue,%2029%20Jan%202019%2000:00:00%20GMT%22%20and%20kWhDelivered%3E=0.0&sort=-connectionTime&page=6",200,application/json,20380,0.40326243599974987,"{""_items"": [{""_id"": ""5c7ee928f9af8b1308c33a91"", ""userInputs"": [{""userID"": 378, ""milesRequested"": 160, ""WhPerMile"": 250, ""minutesAvailable"": 496, ""modifiedAt"": ""Fri, 25 Jan 2019 14:10:29 GMT"", ""paymentRequired"": true, ""requestedDeparture"": ""Fri, 25 Jan 2019 22:26:14 GMT"", ""kWhRequested"": 40.0}], ""ses",success
2026-08-17T00:47:30.787377+00:00,jpl:2019-01-22:2019-01-29:page7,1,"https://ev.caltech.edu/api/v1/sessions/jpl?where=connectionTime%3E=%22Tue,%2022%20Jan%202019%2000:00:00%20GMT%22%20and%20connectionTime%3C%22Tue,%2029%20Jan%202019%2000:00:00%20GMT%22%20and%20kWhDelivered%3E=0.0&sort=-connectionTime&page=7",200,application/json,17375,0.24396990300010657,"{""_items"": [{""_id"": ""5c7ee8e3f9af8b1308c33a78"", ""userInputs"": [{""userID"": 577, ""milesRequested"": 20, ""WhPerMile"": 333, ""minutesAvailable"": 493, ""modifiedAt"": ""Thu, 24 Jan 2019 15:48:58 GMT"", ""paymentRequired"": true, ""requestedDeparture"": ""Fri, 25 Jan 2019 00:01:56 GMT"", ""kWhRequested"": 6.66}], ""sess",success
2026-08-17T00:47:31.454336+00:00,jpl:2019-01-22:2019-01-29:page8,1,"https://ev.caltech.edu/api/v1/sessions/jpl?where=connectionTime%3E=%22Tue,%2022%20Jan%202019%2000:00:00%20GMT%22%20and%20connectionTime%3C%22Tue,%2029%20Jan%202019%2000:00:00%20GMT%22%20and%20kWhDelivered%3E=0.0&sort=-connectionTime&page=8",200,application/json,18998,0.40698048300055234,"{""_items"": [{""_id"": ""5c7ee8e3f9af8b1308c33a5f"", ""userInputs"": [{""userID"": 933, ""milesRequested"": 120, ""WhPerMile"": 325, ""minutesAvailable"": 595, ""modifiedAt"": ""Thu, 24 Jan 2019 15:02:51 GMT"", ""paymentRequired"": true, ""requestedDeparture"": ""Fri, 25 Jan 2019 00:56:45 GMT"", ""kWhRequested"": 39.0}], ""ses",success
2026-08-17T00:47:32.122331+00:00,jpl:2019-01-22:2019-01-29:page9,1,"https://ev.caltech.edu/api/v1/sessions/jpl?where=connectionTime%3E=%22Tue,%2022%20Jan%202019%2000:00:00%20GMT%22%20and%20connectionTime%3C%22Tue,%2029%20Jan%202019%2000:00:00%20GMT%22%20and%20kWhDelivered%3E=0.0&sort=-connectionTime&page=9",200,application/json,19219,0.40956867200020497,"{""_items"": [{""_id"": ""5c7ee8e3f9af8b1308c33a46"", ""userInputs"": null, ""sessionID"": ""1_1_179_791_2019-01-24 12:48:24.629190"", ""stationID"": ""1-1-179-791"", ""spaceID"": ""AG-3F26"", ""siteID"": ""0001"", ""clusterID"": ""0001"", ""connectionTime"": ""Thu, 24 Jan 2019 12:48:25 GMT"", ""disconnectTime"": ""Fri, 25 Jan 2019 0",success
2026-08-17T00:47:32.631430+00:00,jpl:2019-01-22:2019-01-29:page10,1,"https://ev.caltech.edu/api/v1/sessions/jpl?where=connectionTime%3E=%22Tue,%2022%20Jan%202019%2000:00:00%20GMT%22%20and%20connectionTime%3C%22Tue,%2029%20Jan%202019%2000:00:00%20GMT%22%20and%20kWhDelivered%3E=0.0&sort=-connectionTime&page=10",200,application/json,18095,0.2484084570005507,"{""_items"": [{""_id"": ""5c7ee89af9af8b1308c33a2d"", ""userInputs"": [{""userID"": 474, ""milesRequested"": 100, ""WhPerMile"": 441, ""minutesAvailable"": 91, ""modifiedAt"": ""Wed, 23 Jan 2019 15:35:48 GMT"", ""paymentRequired"": true, ""requestedDeparture"": ""Wed, 23 Jan 2019 17:06:42 GMT"", ""kWhRequested"": 44.1}], ""sess",success
2026-08-17T00:47:33.249114+00:00,jpl:2019-01-22:2019-01-29:page11,1,"https://ev.caltech.edu/api/v1/sessions/jpl?where=connectionTime%3E=%22Tue,%2022%20Jan%202019%2000:00:00%20GMT%22%20and%20connectionTime%3C%22Tue,%2029%20Jan%202019%2000:00:00%20GMT%22%20and%20kWhDelivered%3E=0.0&sort=-connectionTime&page=11",200,application/json,18755,0.36042656900008296,"{""_items"": [{""_id"": ""5c7ee89af9af8b1308c33a14"", ""userInputs"": [{""userID"": 1118, ""milesRequested"": 90, ""WhPerMile"": 278, ""minutesAvailable"": 635, ""modifiedAt"": ""Wed, 23 Jan 2019 14:45:46 GMT"", ""paymentRequired"": true, ""requestedDeparture"": ""Thu, 24 Jan 2019 01:20:23 GMT"", ""kWhRequested"": 25.02}], ""se",success
2026-08-17T00:47:33.924832+00:00,jpl:2019-01-22:2019-01-29:page12,1,"https://ev.caltech.edu/api/v1/sessions/jpl?where=connectionTime%3E=%22Tue,%2022%20Jan%202019%2000:00:00%20GMT%22%20and%20connectionTime%3C%22Tue,%2029%20Jan%202019%2000:00:00%20GMT%22%20and%20kWhDelivered%3E=0.0&sort=-connectionTime&page=12",200,application/json,19002,0.42058571000052325,"{""_items"": [{""_id"": ""5c7ee854f9af8b1308c339fb"", ""userInputs"": [{""userID"": 394, ""milesRequested"": 110, ""WhPerMile"": 261, ""minutesAvailable"": 274, ""modifiedAt"": ""Tue, 22 Jan 2019 22:07:10 GMT"", ""paymentRequired"": true, ""requestedDeparture"": ""Wed, 23 Jan 2019 02:39:44 GMT"", ""kWhRequested"": 28.71}], ""se",success
2026-08-17T00:47:34.435887+00:00,jpl:2019-01-22:2019-01-29:page13,1,"https://ev.caltech.edu/api/v1/sessions/jpl?where=connectionTime%3E=%22Tue,%2022%20Jan%202019%2000:00:00%20GMT%22%20and%20connectionTime%3C%22Tue,%2029%20Jan%202019%2000:00:00%20GMT%22%20and%20kWhDelivered%3E=0.0&sort=-connectionTime&page=13",200,application/json,18541,0.25171111400049995,"{""_items"": [{""_id"": ""5c7ee854f9af8b1308c339e2"", ""userInputs"": [{""userID"": 630, ""milesRequested"": 50, ""WhPerMile"": 400, ""minutesAvailable"": 483, ""modifiedAt"": ""Tue, 22 Jan 2019 15:14:35 GMT"", ""paymentRequired"": true, ""requestedDeparture"": ""Tue, 22 Jan 2019 23:17:18 GMT"", ""kWhRequested"": 20.0}], ""sess",success
2026-08-17T00:47:34.917914+00:00,jpl:2019-01-22:2019-01-29:page14,1,"https://ev.caltech.edu/api/v1/sessions/jpl?where=connectionTime%3E=%22Tue,%2022%20Jan%202019%2000:00:00%20GMT%22%20and%20connectionTime%3C%22Tue,%2029%20Jan%202019%2000:00:00%20GMT%22%20and%20kWhDelivered%3E=0.0&sort=-connectionTime&page=14",200,application/json,4317,0.2240947310001502,"{""_items"": [{""_id"": ""5c7ee854f9af8b1308c339c9"", ""userInputs"": [{""userID"": 406, ""milesRequested"": 20, ""WhPerMile"": 500, ""minutesAvailable"": 586, ""modifiedAt"": ""Tue, 22 Jan 2019 13:52:08 GMT"", ""paymentRequired"": true, ""requestedDeparture"": ""Tue, 22 Jan 2019 23:36:35 GMT"", ""kWhRequested"": 10.0}], ""sess",success
2026-08-17T00:47:36.767026+00:00,jpl:2019-01-29:2019-02-05:page1,1,https://ev.caltech.edu/api/v1/sessions/jpl?where=connectionTime%3E%3D%22Tue%2C+29+Jan+2019+00%3A00%3A00+GMT%22+and+connectionTime%3C%22Tue%2C+05+Feb+2019+00%3A00%3A00+GMT%22+and+kWhDelivered%3E%3D0.0&sort=-connectionTime,200,application/json,18547,0.841406031000588,"{""_items"": [{""_id"": ""5c7eeab9f9af8b1308c33c44"", ""userInputs"": [{""userID"": 383, ""milesRequested"": 38, ""WhPerMile"": 400, ""minutesAvailable"": 211, ""modifiedAt"": ""Mon, 04 Feb 2019 23:30:00 GMT"", ""paymentRequired"": true, ""requestedDeparture"": ""Tue, 05 Feb 2019 03:00:42 GMT"", ""kWhRequested"": 15.2}], ""sess",success
2026-08-17T00:47:37.624197+00:00,jpl:2019-01-29:2019-02-05:page2,1,"https://ev.caltech.edu/api/v1/sessions/jpl?where=connectionTime%3E=%22Tue,%2029%20Jan%202019%2000:00:00%20GMT%22%20and%20connectionTime%3C%22Tue,%2005%20Feb%202019%2000:00:00%20GMT%22%20and%20kWhDelivered%3E=0.0&sort=-connectionTime&page=2",200,application/json,18070,0.5999314520004191,"{""_items"": [{""_id"": ""5c7eeab9f9af8b1308c33c2b"", ""userInputs"": [{""userID"": 436, ""milesRequested"": 100, ""WhPerMile"": 350, ""minutesAvailable"": 440, ""modifiedAt"": ""Mon, 04 Feb 2019 15:22:26 GMT"", ""paymentRequired"": true, ""requestedDeparture"": ""Mon, 04 Feb 2019 22:42:15 GMT"", ""kWhRequested"": 35.0}], ""ses",success
2026-08-17T00:47:38.413667+00:00,jpl:2019-01-29:2019-02-05:page3,1,"https://ev.caltech.edu/api/v1/sessions/jpl?where=connectionTime%3E=%22Tue,%2029%20Jan%202019%2000:00:00%20GMT%22%20and%20connectionTime%3C%22Tue,%2005%20Feb%202019%2000:00:00%20GMT%22%20and%20kWhDelivered%3E=0.0&sort=-connectionTime&page=3",200,application/json,20618,0.5318303410003864,"{""_items"": [{""_id"": ""5c7eeab9f9af8b1308c33c12"", ""userInputs"": [{""userID"": 438, ""milesRequested"": 160, ""WhPerMile"": 250, ""minutesAvailable"": 425, ""modifiedAt"": ""Mon, 04 Feb 2019 14:21:30 GMT"", ""paymentRequired"": true, ""requestedDeparture"": ""Mon, 04 Feb 2019 21:26:17 GMT"", ""kWhRequested"": 40.0}, {""use",success
2026-08-17T00:47:39.202726+00:00,jpl:2019-01-29:2019-02-05:page4,1,"https://ev.caltech.edu/api/v1/sessions/jpl?where=connectionTime%3E=%22Tue,%2029%20Jan%202019%2000:00:00%20GMT%22%20and%20connectionTime%3C%22Tue,%2005%20Feb%202019%2000:00:00%20GMT%22%20and%20kWhDelivered%3E=0.0&sort=-connectionTime&page=4",200,application/json,22687,0.5293516030005776,"{""_items"": [{""_id"": ""5c7eea7cf9af8b1308c33bf9"", ""userInputs"": [{""userID"": 172, ""milesRequested"": 30, ""WhPerMile"": 250, ""minutesAvailable"": 234, ""modifiedAt"": ""Fri, 01 Feb 2019 19:07:40 GMT"", ""paymentRequired"": true, ""requestedDeparture"": ""Fri, 01 Feb 2019 23:00:28 GMT"", ""kWhRequested"": 7.5}], ""sessi",success
2026-08-17T00:47:39.707063+00:00,jpl:2019-01-29:2019-02-05:page5,1,"https://ev.caltech.edu/api/v1/sessions/jpl?where=connectionTime%3E=%22Tue,%2029%20Jan%202019%2000:00:00%20GMT%22%20and%20connectionTime%3C%22Tue,%2005%20Feb%202019%2000:00:00%20GMT%22%20and%20kWhDelivered%3E=0.0&sort=-connectionTime&page=5",200,application/json,19231,0.2437307009995493,"{""_items"": [{""_id"": ""5c7eea7cf9af8b1308c33be0"", ""userInputs"": [{""userID"": 577, ""milesRequested"": 20, ""WhPerMile"": 333, ""minutesAvailable"": 493, ""modifiedAt"": ""Fri, 01 Feb 2019 15:01:45 GMT"", ""paymentRequired"": true, ""requestedDeparture"": ""Fri, 01 Feb 2019 23:14:39 GMT"", ""kWhRequested"": 6.66}], ""sess",success
2026-08-17T00:47:40.376211+00:00,jpl:2019-01-29:2019-02-05:page6,1,"https://ev.caltech.edu/api/v1/sessions/jpl?where=connectionTime%3E=%22Tue,%2029%20Jan%202019%2000:00:00%20GMT%22%20and%20connectionTime%3C%22Tue,%2005%20Feb%202019%2000:00:00%20GMT%22%20and%20kWhDelivered%3E=0.0&sort=-connectionTime&page=6",200,application/json,20387,0.4119665009993696,"{""_items"": [{""_id"": ""5c7eea4ef9af8b1308c33bc7"", ""userInputs"": [{""userID"": 554, ""milesRequested"": 40, ""WhPerMile"": 400, ""minutesAvailable"": 538, ""modifiedAt"": ""Thu, 31 Jan 2019 15:41:00 GMT"", ""paymentRequired"": true, ""requestedDeparture"": ""Fri, 01 Feb 2019 00:38:45 GMT"", ""kWhRequested"": 16.0}], ""sess",success
2026-08-17T00:47:40.880144+00:00,jpl:2019-01-29:2019-02-05:page7,1,"https://ev.caltech.edu/api/v1/sessions/jpl?where=connectionTime%3E=%22Tue,%2029%20Jan%202019%2000:00:00%20GMT%22%20and%20connectionTime%3C%22Tue,%2005%20Feb%202019%2000:00:00%20GMT%22%20and%20kWhDelivered%3E=0.0&sort=-connectionTime&page=7",200,application/json,18547,0.2444855309995546,"{""_items"": [{""_id"": ""5c7eea4ef9af8b1308c33bae"", ""userInputs"": [{""userID"": 521, ""milesRequested"": 40, ""WhPerMile"": 400, ""minutesAvailable"": 60, ""modifiedAt"": ""Thu, 31 Jan 2019 14:54:58 GMT"", ""paymentRequired"": true, ""requestedDeparture"": ""Thu, 31 Jan 2019 15:53:57 GMT"", ""kWhRequested"": 16.0}], ""sessi",success
2026-08-17T00:47:41.552637+00:00,jpl:2019-01-29:2019-02-05:page8,1,"https://ev.caltech.edu/api/v1/sessions/jpl?where=connectionTime%3E=%22Tue,%2029%20Jan%202019%2000:00:00%20GMT%22%20and%20connectionTime%3C%22Tue,%2005%20Feb%202019%2000:00:00%20GMT%22%20and%20kWhDelivered%3E=0.0&sort=-connectionTime&page=8",200,application/json,19917,0.4135408419997475,"{""_items"": [{""_id"": ""5c7eea05f9af8b1308c33b95"", ""userInputs"": [{""userID"": 362, ""milesRequested"": 100, ""WhPerMile"": 286, ""minutesAvailable"": 99, ""modifiedAt"": ""Thu, 31 Jan 2019 00:20:39 GMT"", ""paymentRequired"": true, ""requestedDeparture"": ""Thu, 31 Jan 2019 01:59:16 GMT"", ""kWhRequested"": 28.6}], ""sess",success
2026-08-17T00:47:42.237914+00:00,jpl:2019-01-29:2019-02-05:page9,1,"https://ev.caltech.edu/api/v1/sessions/jpl?where=connectionTime%3E=%22Tue,%2029%20Jan%202019%2000:00:00%20GMT%22%20and%20connectionTime%3C%22Tue,%2005%20Feb%202019%2000:00:00%20GMT%22%20and%20kWhDelivered%3E=0.0&sort=-connectionTime&page=9",200,application/json,19225,0.4263409790000878,"{""_items"": [{""_id"": ""5c7eea05f9af8b1308c33b7c"", ""userInputs"": [{""userID"": 1627, ""milesRequested"": 30, ""WhPerMile"": 400, ""minutesAvailable"": 570, ""modifiedAt"": ""Wed, 30 Jan 2019 15:30:31 GMT"", ""paymentRequired"": true, ""requestedDeparture"": ""Thu, 31 Jan 2019 01:00:21 GMT"", ""kWhRequested"": 12.0}], ""ses",success
2026-08-17T00:47:42.909797+00:00,jpl:2019-01-29:2019-02-05:page10,1,"https://ev.caltech.edu/api/v1/sessions/jpl?where=connectionTime%3E=%22Tue,%2029%20Jan%202019%2000:00:00%20GMT%22%20and%20connectionTime%3C%22Tue,%2005%20Feb%202019%2000:00:00%20GMT%22%20and%20kWhDelivered%3E=0.0&sort=-connectionTime&page=10",200,application/json,20606,0.41164669199952186,"{""_items"": [{""_id"": ""5c7eea05f9af8b1308c33b63"", ""userInputs"": [{""userID"": 726, ""milesRequested"": 90, ""WhPerMile"": 275, ""minutesAvailable"": 578, ""modifiedAt"": ""Wed, 30 Jan 2019 14:23:43 GMT"", ""paymentRequired"": true, ""requestedDeparture"": ""Thu, 31 Jan 2019 00:01:28 GMT"", ""kWhRequested"": 24.75}], ""ses",success
2026-08-17T00:47:43.419582+00:00,jpl:2019-01-29:2019-02-05:page11,1,"https://ev.caltech.edu/api/v1/sessions/jpl?where=connectionTime%3E=%22Tue,%2029%20Jan%202019%2000:00:00%20GMT%22%20and%20connectionTime%3C%22Tue,%2005%20Feb%202019%2000:00:00%20GMT%22%20and%20kWhDelivered%3E=0.0&sort=-connectionTime&page=11",200,application/json,18552,0.2489663729993481,"{""_items"": [{""_id"": ""5c7ee9bdf9af8b1308c33b4a"", ""userInputs"": [{""userID"": 420, ""milesRequested"": 40, ""WhPerMile"": 400, ""minutesAvailable"": 134, ""modifiedAt"": ""Tue, 29 Jan 2019 22:04:02 GMT"", ""paymentRequired"": true, ""requestedDeparture"": ""Wed, 30 Jan 2019 00:17:34 GMT"", ""kWhRequested"": 16.0}], ""sess",success
2026-08-17T00:47:43.980285+00:00,jpl:2019-01-29:2019-02-05:page12,1,"https://ev.caltech.edu/api/v1/sessions/jpl?where=connectionTime%3E=%22Tue,%2029%20Jan%202019%2000:00:00%20GMT%22%20and%20connectionTime%3C%22Tue,%2005%20Feb%202019%2000:00:00%20GMT%22%20and%20kWhDelivered%3E=0.0&sort=-connectionTime&page=12",200,application/json,18070,0.30088435000016034,"{""_items"": [{""_id"": ""5c7ee9bdf9af8b1308c33b31"", ""userInputs"": [{""userID"": 581, ""milesRequested"": 170, ""WhPerMile"": 250, ""minutesAvailable"": 433, ""modifiedAt"": ""Tue, 29 Jan 2019 15:20:53 GMT"", ""paymentRequired"": true, ""requestedDeparture"": ""Tue, 29 Jan 2019 22:33:37 GMT"", ""kWhRequested"": 42.5}], ""ses",success
2026-08-17T00:47:44.464062+00:00,jpl:2019-01-29:2019-02-05:page13,1,"https://ev.caltech.edu/api/v1/sessions/jpl?where=connectionTime%3E=%22Tue,%2029%20Jan%202019%2000:00:00%20GMT%22%20and%20connectionTime%3C%22Tue,%2005%20Feb%202019%2000:00:00%20GMT%22%20and%20kWhDelivered%3E=0.0&sort=-connectionTime&page=13",200,application/json,7437,0.22447546199964563,"{""_items"": [{""_id"": ""5c7ee9bdf9af8b1308c33b18"", ""userInputs"": [{""userID"": 416, ""milesRequested"": 80, ""WhPerMile"": 357, ""minutesAvailable"": 459, ""modifiedAt"": ""Tue, 29 Jan 2019 14:07:39 GMT"", ""paymentRequired"": true, ""requestedDeparture"": ""Tue, 29 Jan 2019 21:46:21 GMT"", ""kWhRequested"": 28.56}], ""ses",success
2026-08-17T00:47:46.535827+00:00,jpl:2019-02-05:2019-02-12:page1,1,https://ev.caltech.edu/api/v1/sessions/jpl?where=connectionTime%3E%3D%22Tue%2C+05+Feb+2019+00%3A00%3A00+GMT%22+and+connectionTime%3C%22Tue%2C+12+Feb+2019+00%3A00%3A00+GMT%22+and+kWhDelivered%3E%3D0.0&sort=-connectionTime,200,application/json,19229,1.0614997309994578,"{""_items"": [{""_id"": ""5c7eec23f9af8b1308c33da7"", ""userInputs"": [{""userID"": 554, ""milesRequested"": 40, ""WhPerMile"": 400, ""minutesAvailable"": 262, ""modifiedAt"": ""Mon, 11 Feb 2019 23:42:50 GMT"", ""paymentRequired"": true, ""requestedDeparture"": ""Tue, 12 Feb 2019 04:04:29 GMT"", ""kWhRequested"": 16.0}], ""sess",success
2026-08-17T00:47:47.318321+00:00,jpl:2019-02-05:2019-02-12:page2,1,"https://ev.caltech.edu/api/v1/sessions/jpl?where=connectionTime%3E=%22Tue,%2005%20Feb%202019%2000:00:00%20GMT%22%20and%20connectionTime%3C%22Tue,%2012%20Feb%202019%2000:00:00%20GMT%22%20and%20kWhDelivered%3E=0.0&sort=-connectionTime&page=2",200,application/json,17146,0.5230992480001078,"{""_items"": [{""_id"": ""5c7eec23f9af8b1308c33d8e"", ""userInputs"": null, ""sessionID"": ""1_1_191_808_2019-02-11 15:27:16.322508"", ""stationID"": ""1-1-191-808"", ""spaceID"": ""AG-4F35"", ""siteID"": ""0001"", ""clusterID"": ""0001"", ""connectionTime"": ""Mon, 11 Feb 2019 15:27:16 GMT"", ""disconnectTime"": ""Tue, 12 Feb 2019 0",success
2026-08-17T00:47:48.070169+00:00,jpl:2019-02-05:2019-02-12:page3,1,"https://ev.caltech.edu/api/v1/sessions/jpl?where=connectionTime%3E=%22Tue,%2005%20Feb%202019%2000:00:00%20GMT%22%20and%20connectionTime%3C%22Tue,%2012%20Feb%202019%2000:00:00%20GMT%22%20and%20kWhDelivered%3E=0.0&sort=-connectionTime&page=3",200,application/json,19474,0.49158681799963233,"{""_items"": [{""_id"": ""5c7eec23f9af8b1308c33d75"", ""userInputs"": [{""userID"": 169, ""milesRequested"": 40, ""WhPerMile"": 600, ""minutesAvailable"": 517, ""modifiedAt"": ""Mon, 11 Feb 2019 14:29:54 GMT"", ""paymentRequired"": true, ""requestedDeparture"": ""Mon, 11 Feb 2019 23:06:47 GMT"", ""kWhRequested"": 24.0}], ""sess",success
2026-08-17T00:47:48.827515+00:00,jpl:2019-02-05:2019-02-12:page4,1,"https://ev.caltech.edu/api/v1/sessions/jpl?where=connectionTime%3E=%22Tue,%2005%20Feb%202019%2000:00:00%20GMT%22%20and%20connectionTime%3C%22Tue,%2012%20Feb%202019%2000:00:00%20GMT%22%20and%20kWhDelivered%3E=0.0&sort=-connectionTime&page=4",200,application/json,19245,0.4978922189993682,"{""_items"": [{""_id"": ""5c7eebd7f9af8b1308c33d5c"", ""userInputs"": [{""userID"": 362, ""milesRequested"": 60, ""WhPerMile"": 286, ""minutesAvailable"": 98, ""modifiedAt"": ""Sat, 09 Feb 2019 00:00:12 GMT"", ""paymentRequired"": true, ""requestedDeparture"": ""Sat, 09 Feb 2019 01:37:53 GMT"", ""kWhRequested"": 17.16}], ""sess",success
2026-08-17T00:47:49.484245+00:00,jpl:2019-02-05:2019-02-12:page5,1,"https://ev.caltech.edu/api/v1/sessions/jpl?where=connectionTime%3E=%22Tue,%2005%20Feb%202019%2000:00:00%20GMT%22%20and%20connectionTime%3C%22Tue,%2012%20Feb%202019%2000:00:00%20GMT%22%20and%20kWhDelivered%3E=0.0&sort=-connectionTime&page=5",200,application/json,20402,0.39732050000020536,"{""_items"": [{""_id"": ""5c7eebd7f9af8b1308c33d43"", ""userInputs"": [{""userID"": 374, ""milesRequested"": 50, ""WhPerMile"": 400, ""minutesAvailable"": 384, ""modifiedAt"": ""Fri, 08 Feb 2019 15:42:45 GMT"", ""paymentRequired"": true, ""requestedDeparture"": ""Fri, 08 Feb 2019 22:06:40 GMT"", ""kWhRequested"": 20.0}], ""sess",success
2026-08-17T00:47:49.977486+00:00,jpl:2019-02-05:2019-02-12:page6,1,"https://ev.caltech.edu/api/v1/sessions/jpl?where=connectionTime%3E=%22Tue,%2005%20Feb%202019%2000:00:00%20GMT%22%20and%20connectionTime%3C%22Tue,%2012%20Feb%202019%2000:00:00%20GMT%22%20and%20kWhDelivered%3E=0.0&sort=-connectionTime&page=6",200,application/json,19469,0.23327956299999641,"{""_items"": [{""_id"": ""5c7eebd7f9af8b1308c33d2a"", ""userInputs"": [{""userID"": 581, ""milesRequested"": 170, ""WhPerMile"": 250, ""minutesAvailable"": 460, ""modifiedAt"": ""Fri, 08 Feb 2019 14:57:54 GMT"", ""paymentRequired"": true, ""requestedDeparture"": ""Fri, 08 Feb 2019 22:37:35 GMT"", ""kWhRequested"": 42.5}], ""ses",success
2026-08-17T00:47:50.467450+00:00,jpl:2019-02-05:2019-02-12:page7,1,"https://ev.caltech.edu/api/v1/sessions/jpl?where=connectionTime%3E=%22Tue,%2005%20Feb%202019%2000:00:00%20GMT%22%20and%20connectionTime%3C%22Tue,%2012%20Feb%202019%2000:00:00%20GMT%22%20and%20kWhDelivered%3E=0.0&sort=-connectionTime&page=7",200,application/json,18065,0.23277212599987251,"{""_items"": [{""_id"": ""5c7eeb8df9af8b1308c33d11"", ""userInputs"": [{""userID"": 362, ""milesRequested"": 60, ""WhPerMile"": 286, ""minutesAvailable"": 99, ""modifiedAt"": ""Fri, 08 Feb 2019 00:19:47 GMT"", ""paymentRequired"": true, ""requestedDeparture"": ""Fri, 08 Feb 2019 01:58:27 GMT"", ""kWhRequested"": 17.16}], ""sess",success
2026-08-17T00:47:50.952697+00:00,jpl:2019-02-05:2019-02-12:page8,1,"https://ev.caltech.edu/api/v1/sessions/jpl?where=connectionTime%3E=%22Tue,%2005%20Feb%202019%2000:00:00%20GMT%22%20and%20connectionTime%3C%22Tue,%2012%20Feb%202019%2000:00:00%20GMT%22%20and%20kWhDelivered%3E=0.0&sort=-connectionTime&page=8",200,application/json,18327,0.22689366500071628,"{""_items"": [{""_id"": ""5c7eeb8df9af8b1308c33cf8"", ""userInputs"": [{""userID"": 551, ""milesRequested"": 70, ""WhPerMile"": 444, ""minutesAvailable"": 562, ""modifiedAt"": ""Thu, 07 Feb 2019 15:33:24 GMT"", ""paymentRequired"": true, ""requestedDeparture"": ""Fri, 08 Feb 2019 00:53:54 GMT"", ""kWhRequested"": 31.08}], ""ses",success
2026-08-17T00:47:51.438767+00:00,jpl:2019-02-05:2019-02-12:page9,1,"https://ev.caltech.edu/api/v1/sessions/jpl?where=connectionTime%3E=%22Tue,%2005%20Feb%202019%2000:00:00%20GMT%22%20and%20connectionTime%3C%22Tue,%2012%20Feb%202019%2000:00:00%20GMT%22%20and%20kWhDelivered%3E=0.0&sort=-connectionTime&page=9",200,application/json,18065,0.2323337760008144,"{""_items"": [{""_id"": ""5c7eeb8df9af8b1308c33cdf"", ""userInputs"": [{""userID"": 419, ""milesRequested"": 90, ""WhPerMile"": 600, ""minutesAvailable"": 525, ""modifiedAt"": ""Thu, 07 Feb 2019 14:32:01 GMT"", ""paymentRequired"": true, ""requestedDeparture"": ""Thu, 07 Feb 2019 23:16:47 GMT"", ""kWhRequested"": 54.0}], ""sess",success
2026-08-17T00:47:51.964347+00:00,jpl:2019-02-05:2019-02-12:page10,1,"https://ev.caltech.edu/api/v1/sessions/jpl?where=connectionTime%3E=%22Tue,%2005%20Feb%202019%2000:00:00%20GMT%22%20and%20connectionTime%3C%22Tue,%2012%20Feb%202019%2000:00:00%20GMT%22%20and%20kWhDelivered%3E=0.0&sort=-connectionTime&page=10",200,application/json,18310,0.265203855999971,"{""_items"": [{""_id"": ""5c7eeb46f9af8b1308c33cc6"", ""userInputs"": [{""userID"": 826, ""milesRequested"": 110, ""WhPerMile"": 250, ""minutesAvailable"": 210, ""modifiedAt"": ""Wed, 06 Feb 2019 20:47:58 GMT"", ""paymentRequired"": true, ""requestedDeparture"": ""Thu, 07 Feb 2019 00:17:38 GMT"", ""kWhRequested"": 27.5}, {""use",success
2026-08-17T00:47:52.465195+00:00,jpl:2019-02-05:2019-02-12:page11,1,"https://ev.caltech.edu/api/v1/sessions/jpl?where=connectionTime%3E=%22Tue,%2005%20Feb%202019%2000:00:00%20GMT%22%20and%20connectionTime%3C%22Tue,%2012%20Feb%202019%2000:00:00%20GMT%22%20and%20kWhDelivered%3E=0.0&sort=-connectionTime&page=11",200,application/json,17602,0.24176380599965341,"{""_items"": [{""_id"": ""5c7eeb46f9af8b1308c33cad"", ""userInputs"": [{""userID"": 1701, ""milesRequested"": 100, ""WhPerMile"": 326, ""minutesAvailable"": 548, ""modifiedAt"": ""Wed, 06 Feb 2019 15:26:36 GMT"", ""paymentRequired"": true, ""requestedDeparture"": ""Thu, 07 Feb 2019 00:33:40 GMT"", ""kWhRequested"": 32.6}], ""se",success
2026-08-17T00:47:53.152728+00:00,jpl:2019-02-05:2019-02-12:page12,1,"https://ev.caltech.edu/api/v1/sessions/jpl?where=connectionTime%3E=%22Tue,%2005%20Feb%202019%2000:00:00%20GMT%22%20and%20connectionTime%3C%22Tue,%2012%20Feb%202019%2000:00:00%20GMT%22%20and%20kWhDelivered%3E=0.0&sort=-connectionTime&page=12",200,application/json,19709,0.4319231290000971,"{""_items"": [{""_id"": ""5c7eeb46f9af8b1308c33c94"", ""userInputs"": [{""userID"": 651, ""milesRequested"": 38, ""WhPerMile"": 400, ""minutesAvailable"": 158, ""modifiedAt"": ""Wed, 06 Feb 2019 14:30:20 GMT"", ""paymentRequired"": true, ""requestedDeparture"": ""Wed, 06 Feb 2019 17:08:19 GMT"", ""kWhRequested"": 15.2}], ""sess",success
2026-08-17T00:47:53.655850+00:00,jpl:2019-02-05:2019-02-12:page13,1,"https://ev.caltech.edu/api/v1/sessions/jpl?where=connectionTime%3E=%22Tue,%2005%20Feb%202019%2000:00:00%20GMT%22%20and%20connectionTime%3C%22Tue,%2012%20Feb%202019%2000:00:00%20GMT%22%20and%20kWhDelivered%3E=0.0&sort=-connectionTime&page=13",200,application/json,18320,0.24559579699962342,"{""_items"": [{""_id"": ""5c7eeb02f9af8b1308c33c7a"", ""userInputs"": [{""userID"": 342, ""milesRequested"": 300, ""WhPerMile"": 250, ""minutesAvailable"": 720, ""modifiedAt"": ""Tue, 05 Feb 2019 15:39:50 GMT"", ""paymentRequired"": true, ""requestedDeparture"": ""Wed, 06 Feb 2019 03:39:31 GMT"", ""kWhRequested"": 75.0}], ""ses",success
2026-08-17T00:47:54.326200+00:00,jpl:2019-02-05:2019-02-12:page14,1,"https://ev.caltech.edu/api/v1/sessions/jpl?where=connectionTime%3E=%22Tue,%2005%20Feb%202019%2000:00:00%20GMT%22%20and%20connectionTime%3C%22Tue,%2012%20Feb%202019%2000:00:00%20GMT%22%20and%20kWhDelivered%3E=0.0&sort=-connectionTime&page=14",200,application/json,19722,0.41022002800036717,"{""_items"": [{""_id"": ""5c7eeb02f9af8b1308c33c61"", ""userInputs"": null, ""sessionID"": ""1_1_179_815_2019-02-05 14:46:04.595307"", ""stationID"": ""1-1-179-815"", ""spaceID"": ""AG-3F33"", ""siteID"": ""0001"", ""clusterID"": ""0001"", ""connectionTime"": ""Tue, 05 Feb 2019 14:46:05 GMT"", ""disconnectTime"": ""Tue, 05 Feb 2019 2",success
2026-08-17T00:47:54.801315+00:00,jpl:2019-02-05:2019-02-12:page15,1,"https://ev.caltech.edu/api/v1/sessions/jpl?where=connectionTime%3E=%22Tue,%2005%20Feb%202019%2000:00:00%20GMT%22%20and%20connectionTime%3C%22Tue,%2012%20Feb%202019%2000:00:00%20GMT%22%20and%20kWhDelivered%3E=0.0&sort=-connectionTime&page=15",200,application/json,3214,0.21804621699993731,"{""_items"": [{""_id"": ""5c7eeab9f9af8b1308c33c48"", ""userInputs"": [{""userID"": 1485, ""milesRequested"": 30, ""WhPerMile"": 600, ""minutesAvailable"": 90, ""modifiedAt"": ""Tue, 05 Feb 2019 00:17:58 GMT"", ""paymentRequired"": true, ""requestedDeparture"": ""Tue, 05 Feb 2019 01:47:38 GMT"", ""kWhRequested"": 18.0}], ""sess",success
2026-08-17T00:47:56.517854+00:00,jpl:2019-02-12:2019-02-19:page1,1,https://ev.caltech.edu/api/v1/sessions/jpl?where=connectionTime%3E%3D%22Tue%2C+12+Feb+2019+00%3A00%3A00+GMT%22+and+connectionTime%3C%22Tue%2C+19+Feb+2019+00%3A00%3A00+GMT%22+and+kWhDelivered%3E%3D0.0&sort=-connectionTime,200,application/json,20082,0.712000442000317,"{""_items"": [{""_id"": ""5c807426f9af8b19630dc44e"", ""userInputs"": [{""userID"": 362, ""milesRequested"": 80, ""WhPerMile"": 286, ""minutesAvailable"": 148, ""modifiedAt"": ""Mon, 18 Feb 2019 23:50:27 GMT"", ""paymentRequired"": true, ""requestedDeparture"": ""Tue, 19 Feb 2019 02:17:50 GMT"", ""kWhRequested"": 22.88}], ""ses",success
2026-08-17T00:47:57.306463+00:00,jpl:2019-02-12:2019-02-19:page2,1,"https://ev.caltech.edu/api/v1/sessions/jpl?where=connectionTime%3E=%22Tue,%2012%20Feb%202019%2000:00:00%20GMT%22%20and%20connectionTime%3C%22Tue,%2019%20Feb%202019%2000:00:00%20GMT%22%20and%20kWhDelivered%3E=0.0&sort=-connectionTime&page=2",200,application/json,19000,0.5300687899998593,"{""_items"": [{""_id"": ""5c7eed18f9af8b1308c33e88"", ""userInputs"": [{""userID"": 420, ""milesRequested"": 50, ""WhPerMile"": 400, ""minutesAvailable"": 264, ""modifiedAt"": ""Fri, 15 Feb 2019 17:10:08 GMT"", ""paymentRequired"": true, ""requestedDeparture"": ""Fri, 15 Feb 2019 21:33:25 GMT"", ""kWhRequested"": 20.0}], ""sess",success
2026-08-17T00:47:57.968738+00:00,jpl:2019-02-12:2019-02-19:page3,1,"https://ev.caltech.edu/api/v1/sessions/jpl?where=connectionTime%3E=%22Tue,%2012%20Feb%202019%2000:00:00%20GMT%22%20and%20connectionTime%3C%22Tue,%2019%20Feb%202019%2000:00:00%20GMT%22%20and%20kWhDelivered%3E=0.0&sort=-connectionTime&page=3",200,application/json,18780,0.4026854319999984,"{""_items"": [{""_id"": ""5c7eecf2f9af8b1308c33e6f"", ""userInputs"": [{""userID"": 1169, ""milesRequested"": 40, ""WhPerMile"": 200, ""minutesAvailable"": 144, ""modifiedAt"": ""Thu, 14 Feb 2019 22:36:42 GMT"", ""paymentRequired"": true, ""requestedDeparture"": ""Fri, 15 Feb 2019 00:59:45 GMT"", ""kWhRequested"": 8.0}, {""user",success
2026-08-17T00:47:58.633088+00:00,jpl:2019-02-12:2019-02-19:page4,1,"https://ev.caltech.edu/api/v1/sessions/jpl?where=connectionTime%3E=%22Tue,%2012%20Feb%202019%2000:00:00%20GMT%22%20and%20connectionTime%3C%22Tue,%2019%20Feb%202019%2000:00:00%20GMT%22%20and%20kWhDelivered%3E=0.0&sort=-connectionTime&page=4",200,application/json,17600,0.40863249999983964,"{""_items"": [{""_id"": ""5c7eecf2f9af8b1308c33e56"", ""userInputs"": [{""userID"": 888, ""milesRequested"": 70, ""WhPerMile"": 250, ""minutesAvailable"": 320, ""modifiedAt"": ""Thu, 14 Feb 2019 15:15:31 GMT"", ""paymentRequired"": true, ""requestedDeparture"": ""Thu, 14 Feb 2019 20:34:19 GMT"", ""kWhRequested"": 17.5}], ""sess",success
2026-08-17T00:47:59.304356+00:00,jpl:2019-02-12:2019-02-19:page5,1,"https://ev.caltech.edu/api/v1/sessions/jpl?where=connectionTime%3E=%22Tue,%2012%20Feb%202019%2000:00:00%20GMT%22%20and%20connectionTime%3C%22Tue,%2019%20Feb%202019%2000:00:00%20GMT%22%20and%20kWhDelivered%3E=0.0&sort=-connectionTime&page=5",200,application/json,19241,0.4165857620000679,"{""_items"": [{""_id"": ""5c7eecf2f9af8b1308c33e3d"", ""userInputs"": [{""userID"": 1648, ""milesRequested"": 30, ""WhPerMile"": 333, ""minutesAvailable"": 376, ""modifiedAt"": ""Thu, 14 Feb 2019 14:13:45 GMT"", ""paymentRequired"": true, ""requestedDeparture"": ""Thu, 14 Feb 2019 20:29:36 GMT"", ""kWhRequested"": 9.99}], ""ses",success
2026-08-17T00:47:59.817361+00:00,jpl:2019-02-12:2019-02-19:page6,1,"https://ev.caltech.edu/api/v1/sessions/jpl?where=connectionTime%3E=%22Tue,%2012%20Feb%202019%2000:00:00%20GMT%22%20and%20connectionTime%3C%22Tue,%2019%20Feb%202019%2000:00:00%20GMT%22%20and%20kWhDelivered%3E=0.0&sort=-connectionTime&page=6",200,application/json,18540,0.2547503659998256,"{""_items"": [{""_id"": ""5c7eecb4f9af8b1308c33e24"", ""userInputs"": [{""userID"": 410, ""milesRequested"": 30, ""WhPerMile"": 250, ""minutesAvailable"": 505, ""modifiedAt"": ""Wed, 13 Feb 2019 15:30:41 GMT"", ""paymentRequired"": true, ""requestedDeparture"": ""Wed, 13 Feb 2019 23:55:34 GMT"", ""kWhRequested"": 7.5}], ""sessi",success
2026-08-17T00:48:00.476350+00:00,jpl:2019-02-12:2019-02-19:page7,1,"https://ev.caltech.edu/api/v1/sessions/jpl?where=connectionTime%3E=%22Tue,%2012%20Feb%202019%2000:00:00%20GMT%22%20and%20connectionTime%3C%22Tue,%2019%20Feb%202019%2000:00:00%20GMT%22%20and%20kWhDelivered%3E=0.0&sort=-connectionTime&page=7",200,application/json,19937,0.402718860999812,"{""_items"": [{""_id"": ""5c7eecb4f9af8b1308c33e0b"", ""userInputs"": [{""userID"": 730, ""milesRequested"": 200, ""WhPerMile"": 259, ""minutesAvailable"": 571, ""modifiedAt"": ""Wed, 13 Feb 2019 14:53:47 GMT"", ""paymentRequired"": true, ""requestedDeparture"": ""Thu, 14 Feb 2019 00:24:38 GMT"", ""kWhRequested"": 51.8}], ""ses",success
2026-08-17T00:48:01.146298+00:00,jpl:2019-02-12:2019-02-19:page8,1,"https://ev.caltech.edu/api/v1/sessions/jpl?where=connectionTime%3E=%22Tue,%2012%20Feb%202019%2000:00:00%20GMT%22%20and%20connectionTime%3C%22Tue,%2019%20Feb%202019%2000:00:00%20GMT%22%20and%20kWhDelivered%3E=0.0&sort=-connectionTime&page=8",200,application/json,19927,0.410797991000436,"{""_items"": [{""_id"": ""5c7eec6cf9af8b1308c33df2"", ""userInputs"": [{""userID"": 1191, ""milesRequested"": 100, ""WhPerMile"": 400, ""minutesAvailable"": 217, ""modifiedAt"": ""Wed, 13 Feb 2019 00:25:51 GMT"", ""paymentRequired"": true, ""requestedDeparture"": ""Wed, 13 Feb 2019 04:02:10 GMT"", ""kWhRequested"": 40.0}, {""us",success
2026-08-17T00:48:01.842113+00:00,jpl:2019-02-12:2019-02-19:page9,1,"https://ev.caltech.edu/api/v1/sessions/jpl?where=connectionTime%3E=%22Tue,%2012%20Feb%202019%2000:00:00%20GMT%22%20and%20connectionTime%3C%22Tue,%2019%20Feb%202019%2000:00:00%20GMT%22%20and%20kWhDelivered%3E=0.0&sort=-connectionTime&page=9",200,application/json,19017,0.43773809899994376,"{""_items"": [{""_id"": ""5c7eec6cf9af8b1308c33dd9"", ""userInputs"": [{""userID"": 1281, ""milesRequested"": 250, ""WhPerMile"": 300, ""minutesAvailable"": 580, ""modifiedAt"": ""Tue, 12 Feb 2019 15:28:06 GMT"", ""paymentRequired"": true, ""requestedDeparture"": ""Wed, 13 Feb 2019 01:07:43 GMT"", ""kWhRequested"": 75.0}, {""us",success
2026-08-17T00:48:02.331927+00:00,jpl:2019-02-12:2019-02-19:page10,1,"https://ev.caltech.edu/api/v1/sessions/jpl?where=connectionTime%3E=%22Tue,%2012%20Feb%202019%2000:00:00%20GMT%22%20and%20connectionTime%3C%22Tue,%2019%20Feb%202019%2000:00:00%20GMT%22%20and%20kWhDelivered%3E=0.0&sort=-connectionTime&page=10",200,application/json,17871,0.2320365559999118,"{""_items"": [{""_id"": ""5c7eec6cf9af8b1308c33dc0"", ""userInputs"": [{""userID"": 368, ""milesRequested"": 30, ""WhPerMile"": 400, ""minutesAvailable"": 474, ""modifiedAt"": ""Tue, 12 Feb 2019 14:29:28 GMT"", ""paymentRequired"": true, ""requestedDeparture"": ""Tue, 12 Feb 2019 22:23:25 GMT"", ""kWhRequested"": 12.0}], ""sess",success
2026-08-17T00:48:04.455834+00:00,jpl:2019-02-19:2019-02-26:page1,1,https://ev.caltech.edu/api/v1/sessions/jpl?where=connectionTime%3E%3D%22Tue%2C+19+Feb+2019+00%3A00%3A00+GMT%22+and+connectionTime%3C%22Tue%2C+26+Feb+2019+00%3A00%3A00+GMT%22+and+kWhDelivered%3E%3D0.0&sort=-connectionTime,200,application/json,20393,1.1166910410001947,"{""_items"": [{""_id"": ""5c89a0d5f9af8b5fb6fbca95"", ""userInputs"": [{""userID"": 888, ""milesRequested"": 120, ""WhPerMile"": 250, ""minutesAvailable"": 220, ""modifiedAt"": ""Mon, 25 Feb 2019 23:38:13 GMT"", ""paymentRequired"": true, ""requestedDeparture"": ""Tue, 26 Feb 2019 03:17:02 GMT"", ""kWhRequested"": 30.0}], ""ses",success
2026-08-17T00:48:05.265853+00:00,jpl:2019-02-19:2019-02-26:page2,1,"https://ev.caltech.edu/api/v1/sessions/jpl?where=connectionTime%3E=%22Tue,%2019%20Feb%202019%2000:00:00%20GMT%22%20and%20connectionTime%3C%22Tue,%2026%20Feb%202019%2000:00:00%20GMT%22%20and%20kWhDelivered%3E=0.0&sort=-connectionTime&page=2",200,application/json,19245,0.5544781660000808,"{""_items"": [{""_id"": ""5c89a0d5f9af8b5fb6fbca7c"", ""userInputs"": [{""userID"": 374, ""milesRequested"": 50, ""WhPerMile"": 400, ""minutesAvailable"": 434, ""modifiedAt"": ""Mon, 25 Feb 2019 15:36:50 GMT"", ""paymentRequired"": true, ""requestedDeparture"": ""Mon, 25 Feb 2019 22:50:49 GMT"", ""kWhRequested"": 20.0}], ""sess",success
2026-08-17T00:48:05.961230+00:00,jpl:2019-02-19:2019-02-26:page3,1,"https://ev.caltech.edu/api/v1/sessions/jpl?where=connectionTime%3E=%22Tue,%2019%20Feb%202019%2000:00:00%20GMT%22%20and%20connectionTime%3C%22Tue,%2026%20Feb%202019%2000:00:00%20GMT%22%20and%20kWhDelivered%3E=0.0&sort=-connectionTime&page=3",200,application/json,19469,0.43735726999966573,"{""_items"": [{""_id"": ""5c89a0d5f9af8b5fb6fbca63"", ""userInputs"": [{""userID"": 390, ""milesRequested"": 25, ""WhPerMile"": 400, ""minutesAvailable"": 516, ""modifiedAt"": ""Mon, 25 Feb 2019 14:49:00 GMT"", ""paymentRequired"": true, ""requestedDeparture"": ""Mon, 25 Feb 2019 23:24:56 GMT"", ""kWhRequested"": 10.0}], ""sess",success
2026-08-17T00:48:06.616828+00:00,jpl:2019-02-19:2019-02-26:page4,1,"https://ev.caltech.edu/api/v1/sessions/jpl?where=connectionTime%3E=%22Tue,%2019%20Feb%202019%2000:00:00%20GMT%22%20and%20connectionTime%3C%22Tue,%2026%20Feb%202019%2000:00:00%20GMT%22%20and%20kWhDelivered%3E=0.0&sort=-connectionTime&page=4",200,application/json,20145,0.3997147300005963,"{""_items"": [{""_id"": ""5c86fd9af9af8b52e1fbc0ed"", ""userInputs"": [{""userID"": 406, ""milesRequested"": 40, ""WhPerMile"": 400, ""minutesAvailable"": 370, ""modifiedAt"": ""Sat, 23 Feb 2019 13:55:39 GMT"", ""paymentRequired"": true, ""requestedDeparture"": ""Sat, 23 Feb 2019 20:04:54 GMT"", ""kWhRequested"": 16.0}, {""user",success
2026-08-17T00:48:07.090791+00:00,jpl:2019-02-19:2019-02-26:page5,1,"https://ev.caltech.edu/api/v1/sessions/jpl?where=connectionTime%3E=%22Tue,%2019%20Feb%202019%2000:00:00%20GMT%22%20and%20connectionTime%3C%22Tue,%2026%20Feb%202019%2000:00:00%20GMT%22%20and%20kWhDelivered%3E=0.0&sort=-connectionTime&page=5",200,application/json,17829,0.2166159839998727,"{""_items"": [{""_id"": ""5c85ac5bf9af8b2e1152f4fd"", ""userInputs"": [{""userID"": 630, ""milesRequested"": 50, ""WhPerMile"": 400, ""minutesAvailable"": 218, ""modifiedAt"": ""Fri, 22 Feb 2019 17:54:32 GMT"", ""paymentRequired"": true, ""requestedDeparture"": ""Fri, 22 Feb 2019 21:32:17 GMT"", ""kWhRequested"": 20.0}], ""sess",success
2026-08-17T00:48:07.866465+00:00,jpl:2019-02-19:2019-02-26:page6,1,"https://ev.caltech.edu/api/v1/sessions/jpl?where=connectionTime%3E=%22Tue,%2019%20Feb%202019%2000:00:00%20GMT%22%20and%20connectionTime%3C%22Tue,%2026%20Feb%202019%2000:00:00%20GMT%22%20and%20kWhDelivered%3E=0.0&sort=-connectionTime&page=6",200,application/json,19474,0.5166137859996525,"{""_items"": [{""_id"": ""5c85ac5bf9af8b2e1152f4e4"", ""userInputs"": [{""userID"": 368, ""milesRequested"": 30, ""WhPerMile"": 400, ""minutesAvailable"": 160, ""modifiedAt"": ""Fri, 22 Feb 2019 15:09:01 GMT"", ""paymentRequired"": true, ""requestedDeparture"": ""Fri, 22 Feb 2019 17:48:52 GMT"", ""kWhRequested"": 12.0}], ""sess",success
2026-08-17T00:48:08.516057+00:00,jpl:2019-02-19:2019-02-26:page7,1,"https://ev.caltech.edu/api/v1/sessions/jpl?where=connectionTime%3E=%22Tue,%2019%20Feb%202019%2000:00:00%20GMT%22%20and%20connectionTime%3C%22Tue,%2026%20Feb%202019%2000:00:00%20GMT%22%20and%20kWhDelivered%3E=0.0&sort=-connectionTime&page=7",200,application/json,19474,0.39164642300056585,"{""_items"": [{""_id"": ""5c85ac5bf9af8b2e1152f4cb"", ""userInputs"": [{""userID"": 438, ""milesRequested"": 160, ""WhPerMile"": 250, ""minutesAvailable"": 434, ""modifiedAt"": ""Fri, 22 Feb 2019 13:53:18 GMT"", ""paymentRequired"": true, ""requestedDeparture"": ""Fri, 22 Feb 2019 21:06:43 GMT"", ""kWhRequested"": 40.0}, {""use",success
2026-08-17T00:48:09.013560+00:00,jpl:2019-02-19:2019-02-26:page8,1,"https://ev.caltech.edu/api/v1/sessions/jpl?where=connectionTime%3E=%22Tue,%2019%20Feb%202019%2000:00:00%20GMT%22%20and%20connectionTime%3C%22Tue,%2026%20Feb%202019%2000:00:00%20GMT%22%20and%20kWhDelivered%3E=0.0&sort=-connectionTime&page=8",200,application/json,18774,0.23933642100018915,"{""_items"": [{""_id"": ""5c8468ebf9af8b2ab2a989b4"", ""userInputs"": [{""userID"": 1370, ""milesRequested"": 230, ""WhPerMile"": 467, ""minutesAvailable"": 530, ""modifiedAt"": ""Thu, 21 Feb 2019 16:11:47 GMT"", ""paymentRequired"": true, ""requestedDeparture"": ""Fri, 22 Feb 2019 01:01:38 GMT"", ""kWhRequested"": 107.41}, {""",success
2026-08-17T00:48:09.516280+00:00,jpl:2019-02-19:2019-02-26:page9,1,"https://ev.caltech.edu/api/v1/sessions/jpl?where=connectionTime%3E=%22Tue,%2019%20Feb%202019%2000:00:00%20GMT%22%20and%20connectionTime%3C%22Tue,%2026%20Feb%202019%2000:00:00%20GMT%22%20and%20kWhDelivered%3E=0.0&sort=-connectionTime&page=9",200,application/json,18759,0.24295728500055702,"{""_items"": [{""_id"": ""5c8468ebf9af8b2ab2a9899b"", ""userInputs"": [{""userID"": 335, ""milesRequested"": 55, ""WhPerMile"": 275, ""minutesAvailable"": 497, ""modifiedAt"": ""Thu, 21 Feb 2019 15:11:52 GMT"", ""paymentRequired"": true, ""requestedDeparture"": ""Thu, 21 Feb 2019 23:28:24 GMT"", ""kWhRequested"": 15.125}], ""se",success
2026-08-17T00:48:10.188491+00:00,jpl:2019-02-19:2019-02-26:page10,1,"https://ev.caltech.edu/api/v1/sessions/jpl?where=connectionTime%3E=%22Tue,%2019%20Feb%202019%2000:00:00%20GMT%22%20and%20connectionTime%3C%22Tue,%2026%20Feb%202019%2000:00:00%20GMT%22%20and%20kWhDelivered%3E=0.0&sort=-connectionTime&page=10",200,application/json,22020,0.41224305000014283,"{""_items"": [{""_id"": ""5c8468ebf9af8b2ab2a98982"", ""userInputs"": [{""userID"": 651, ""milesRequested"": 50, ""WhPerMile"": 400, ""minutesAvailable"": 162, ""modifiedAt"": ""Thu, 21 Feb 2019 13:48:30 GMT"", ""paymentRequired"": true, ""requestedDeparture"": ""Thu, 21 Feb 2019 16:30:29 GMT"", ""kWhRequested"": 20.0}], ""sess",success
2026-08-17T00:48:10.685565+00:00,jpl:2019-02-19:2019-02-26:page11,1,"https://ev.caltech.edu/api/v1/sessions/jpl?where=connectionTime%3E=%22Tue,%2019%20Feb%202019%2000:00:00%20GMT%22%20and%20connectionTime%3C%22Tue,%2026%20Feb%202019%2000:00:00%20GMT%22%20and%20kWhDelivered%3E=0.0&sort=-connectionTime&page=11",200,application/json,18324,0.2394223890005378,"{""_items"": [{""_id"": ""5c831771f9af8b2211c243f7"", ""userInputs"": [{""userID"": 1471, ""milesRequested"": 20, ""WhPerMile"": 400, ""minutesAvailable"": 231, ""modifiedAt"": ""Wed, 20 Feb 2019 15:39:04 GMT"", ""paymentRequired"": true, ""requestedDeparture"": ""Wed, 20 Feb 2019 19:29:39 GMT"", ""kWhRequested"": 8.0}, {""user",success
2026-08-17T00:48:11.178149+00:00,jpl:2019-02-19:2019-02-26:page12,1,"https://ev.caltech.edu/api/v1/sessions/jpl?where=connectionTime%3E=%22Tue,%2019%20Feb%202019%2000:00:00%20GMT%22%20and%20connectionTime%3C%22Tue,%2026%20Feb%202019%2000:00:00%20GMT%22%20and%20kWhDelivered%3E=0.0&sort=-connectionTime&page=12",200,application/json,18316,0.2341542140002275,"{""_items"": [{""_id"": ""5c831771f9af8b2211c243de"", ""userInputs"": [{""userID"": 425, ""milesRequested"": 20, ""WhPerMile"": 350, ""minutesAvailable"": 574, ""modifiedAt"": ""Wed, 20 Feb 2019 14:54:27 GMT"", ""paymentRequired"": true, ""requestedDeparture"": ""Thu, 21 Feb 2019 00:28:18 GMT"", ""kWhRequested"": 7.0}, {""userI",success
2026-08-17T00:48:11.679927+00:00,jpl:2019-02-19:2019-02-26:page13,1,"https://ev.caltech.edu/api/v1/sessions/jpl?where=connectionTime%3E=%22Tue,%2019%20Feb%202019%2000:00:00%20GMT%22%20and%20connectionTime%3C%22Tue,%2026%20Feb%202019%2000:00:00%20GMT%22%20and%20kWhDelivered%3E=0.0&sort=-connectionTime&page=13",200,application/json,17378,0.24563400999977603,"{""_items"": [{""_id"": ""5c81c5e7f9af8b1cdd38b014"", ""userInputs"": [{""userID"": 405, ""milesRequested"": 20, ""WhPerMile"": 500, ""minutesAvailable"": 196, ""modifiedAt"": ""Wed, 20 Feb 2019 00:52:18 GMT"", ""paymentRequired"": true, ""requestedDeparture"": ""Wed, 20 Feb 2019 04:07:45 GMT"", ""kWhRequested"": 10.0}], ""sess",success
2026-08-17T00:48:12.353726+00:00,jpl:2019-02-19:2019-02-26:page14,1,"https://ev.caltech.edu/api/v1/sessions/jpl?where=connectionTime%3E=%22Tue,%2019%20Feb%202019%2000:00:00%20GMT%22%20and%20connectionTime%3C%22Tue,%2026%20Feb%202019%2000:00:00%20GMT%22%20and%20kWhDelivered%3E=0.0&sort=-connectionTime&page=14",200,application/json,19009,0.4129934120001053,"{""_items"": [{""_id"": ""5c81c5e7f9af8b1cdd38affb"", ""userInputs"": [{""userID"": 443, ""milesRequested"": 40, ""WhPerMile"": 400, ""minutesAvailable"": 620, ""modifiedAt"": ""Tue, 19 Feb 2019 15:36:50 GMT"", ""paymentRequired"": true, ""requestedDeparture"": ""Wed, 20 Feb 2019 01:56:29 GMT"", ""kWhRequested"": 16.0}], ""sess",success
2026-08-17T00:48:12.847397+00:00,jpl:2019-02-19:2019-02-26:page15,1,"https://ev.caltech.edu/api/v1/sessions/jpl?where=connectionTime%3E=%22Tue,%2019%20Feb%202019%2000:00:00%20GMT%22%20and%20connectionTime%3C%22Tue,%2026%20Feb%202019%2000:00:00%20GMT%22%20and%20kWhDelivered%3E=0.0&sort=-connectionTime&page=15",200,application/json,16902,0.23874541300028795,"{""_items"": [{""_id"": ""5c81c5e7f9af8b1cdd38afe2"", ""userInputs"": [{""userID"": 419, ""milesRequested"": 90, ""WhPerMile"": 600, ""minutesAvailable"": 538, ""modifiedAt"": ""Tue, 19 Feb 2019 14:32:16 GMT"", ""paymentRequired"": true, ""requestedDeparture"": ""Tue, 19 Feb 2019 23:29:55 GMT"", ""kWhRequested"": 54.0}], ""sess",success
2026-08-17T00:48:14.673912+00:00,jpl:2019-02-26:2019-03-05:page1,1,https://ev.caltech.edu/api/v1/sessions/jpl?where=connectionTime%3E%3D%22Tue%2C+26+Feb+2019+00%3A00%3A00+GMT%22+and+connectionTime%3C%22Tue%2C+05+Mar+2019+00%3A00%3A00+GMT%22+and+kWhDelivered%3E%3D0.0&sort=-connectionTime,200,application/json,18085,0.8165064770000754,"{""_items"": [{""_id"": ""5c92db54f9af8b020ee75d75"", ""userInputs"": [{""userID"": 1485, ""milesRequested"": 10, ""WhPerMile"": 600, ""minutesAvailable"": 63, ""modifiedAt"": ""Mon, 04 Mar 2019 23:55:36 GMT"", ""paymentRequired"": true, ""requestedDeparture"": ""Tue, 05 Mar 2019 00:58:24 GMT"", ""kWhRequested"": 6.0}, {""userI",success
2026-08-17T00:48:15.479047+00:00,jpl:2019-02-26:2019-03-05:page2,1,"https://ev.caltech.edu/api/v1/sessions/jpl?where=connectionTime%3E=%22Tue,%2026%20Feb%202019%2000:00:00%20GMT%22%20and%20connectionTime%3C%22Tue,%2005%20Mar%202019%2000:00:00%20GMT%22%20and%20kWhDelivered%3E=0.0&sort=-connectionTime&page=2",200,application/json,19700,0.5472160679992157,"{""_items"": [{""_id"": ""5c92db54f9af8b020ee75d5c"", ""userInputs"": [{""userID"": 1627, ""milesRequested"": 20, ""WhPerMile"": 400, ""minutesAvailable"": 590, ""modifiedAt"": ""Mon, 04 Mar 2019 15:22:20 GMT"", ""paymentRequired"": true, ""requestedDeparture"": ""Tue, 05 Mar 2019 01:12:19 GMT"", ""kWhRequested"": 8.0}], ""sess",success
2026-08-17T00:48:16.154616+00:00,jpl:2019-02-26:2019-03-05:page3,1,"https://ev.caltech.edu/api/v1/sessions/jpl?where=connectionTime%3E=%22Tue,%2026%20Feb%202019%2000:00:00%20GMT%22%20and%20connectionTime%3C%22Tue,%2005%20Mar%202019%2000:00:00%20GMT%22%20and%20kWhDelivered%3E=0.0&sort=-connectionTime&page=3",200,application/json,20162,0.4161108139996941,"{""_items"": [{""_id"": ""5c92db54f9af8b020ee75d43"", ""userInputs"": [{""userID"": 344, ""milesRequested"": 50, ""WhPerMile"": 400, ""minutesAvailable"": 303, ""modifiedAt"": ""Mon, 04 Mar 2019 14:33:15 GMT"", ""paymentRequired"": true, ""requestedDeparture"": ""Mon, 04 Mar 2019 19:35:49 GMT"", ""kWhRequested"": 20.0}], ""sess",success
2026-08-17T00:48:16.819158+00:00,jpl:2019-02-26:2019-03-05:page4,1,"https://ev.caltech.edu/api/v1/sessions/jpl?where=connectionTime%3E=%22Tue,%2026%20Feb%202019%2000:00:00%20GMT%22%20and%20connectionTime%3C%22Tue,%2005%20Mar%202019%2000:00:00%20GMT%22%20and%20kWhDelivered%3E=0.0&sort=-connectionTime&page=4",200,application/json,19233,0.4049019459998817,"{""_items"": [{""_id"": ""5c8ee6c1f9af8b73ba19dcd6"", ""userInputs"": [{""userID"": 1169, ""milesRequested"": 110, ""WhPerMile"": 200, ""minutesAvailable"": 76, ""modifiedAt"": ""Fri, 01 Mar 2019 18:42:17 GMT"", ""paymentRequired"": true, ""requestedDeparture"": ""Fri, 01 Mar 2019 19:57:46 GMT"", ""kWhRequested"": 22.0}, {""use",success
2026-08-17T00:48:17.316247+00:00,jpl:2019-02-26:2019-03-05:page5,1,"https://ev.caltech.edu/api/v1/sessions/jpl?where=connectionTime%3E=%22Tue,%2026%20Feb%202019%2000:00:00%20GMT%22%20and%20connectionTime%3C%22Tue,%2005%20Mar%202019%2000:00:00%20GMT%22%20and%20kWhDelivered%3E=0.0&sort=-connectionTime&page=5",200,application/json,18749,0.23933205699995597,"{""_items"": [{""_id"": ""5c8ee6c1f9af8b73ba19dcbd"", ""userInputs"": [{""userID"": 347, ""milesRequested"": 20, ""WhPerMile"": 400, ""minutesAvailable"": 155, ""modifiedAt"": ""Fri, 01 Mar 2019 15:40:04 GMT"", ""paymentRequired"": true, ""requestedDeparture"": ""Fri, 01 Mar 2019 18:14:53 GMT"", ""kWhRequested"": 8.0}], ""sessi",success
2026-08-17T00:48:17.996976+00:00,jpl:2019-02-26:2019-03-05:page6,1,"https://ev.caltech.edu/api/v1/sessions/jpl?where=connectionTime%3E=%22Tue,%2026%20Feb%202019%2000:00:00%20GMT%22%20and%20connectionTime%3C%22Tue,%2005%20Mar%202019%2000:00:00%20GMT%22%20and%20kWhDelivered%3E=0.0&sort=-connectionTime&page=6",200,application/json,19710,0.4222704839994549,"{""_items"": [{""_id"": ""5c8d9556f9af8b70464df4a3"", ""userInputs"": [{""userID"": 679, ""milesRequested"": 240, ""WhPerMile"": 250, ""minutesAvailable"": 199, ""modifiedAt"": ""Thu, 28 Feb 2019 20:15:13 GMT"", ""paymentRequired"": true, ""requestedDeparture"": ""Thu, 28 Feb 2019 23:34:11 GMT"", ""kWhRequested"": 60.0}], ""ses",success
2026-08-17T00:48:18.499270+00:00,jpl:2019-02-26:2019-03-05:page7,1,"https://ev.caltech.edu/api/v1/sessions/jpl?where=connectionTime%3E=%22Tue,%2026%20Feb%202019%2000:00:00%20GMT%22%20and%20connectionTime%3C%22Tue,%2005%20Mar%202019%2000:00:00%20GMT%22%20and%20kWhDelivered%3E=0.0&sort=-connectionTime&page=7",200,application/json,18779,0.2426184830001148,"{""_items"": [{""_id"": ""5c8d9556f9af8b70464df48a"", ""userInputs"": [{""userID"": 1157, ""milesRequested"": 100, ""WhPerMile"": 400, ""minutesAvailable"": 558, ""modifiedAt"": ""Thu, 28 Feb 2019 15:14:20 GMT"", ""paymentRequired"": true, ""requestedDeparture"": ""Fri, 01 Mar 2019 00:32:06 GMT"", ""kWhRequested"": 40.0}], ""se",success
2026-08-17T00:48:19.184533+00:00,jpl:2019-02-26:2019-03-05:page8,1,"https://ev.caltech.edu/api/v1/sessions/jpl?where=connectionTime%3E=%22Tue,%2026%20Feb%202019%2000:00:00%20GMT%22%20and%20connectionTime%3C%22Tue,%2005%20Mar%202019%2000:00:00%20GMT%22%20and%20kWhDelivered%3E=0.0&sort=-connectionTime&page=8",200,application/json,21550,0.4266868719996637,"{""_items"": [{""_id"": ""5c8d9556f9af8b70464df471"", ""userInputs"": [{""userID"": 1656, ""milesRequested"": 270, ""WhPerMile"": 325, ""minutesAvailable"": 349, ""modifiedAt"": ""Thu, 28 Feb 2019 14:03:18 GMT"", ""paymentRequired"": true, ""requestedDeparture"": ""Thu, 28 Feb 2019 19:52:03 GMT"", ""kWhRequested"": 87.75}], ""s",success
2026-08-17T00:48:19.684700+00:00,jpl:2019-02-26:2019-03-05:page9,1,"https://ev.caltech.edu/api/v1/sessions/jpl?where=connectionTime%3E=%22Tue,%2026%20Feb%202019%2000:00:00%20GMT%22%20and%20connectionTime%3C%22Tue,%2005%20Mar%202019%2000:00:00%20GMT%22%20and%20kWhDelivered%3E=0.0&sort=-connectionTime&page=9",200,application/json,18542,0.24013188499975513,"{""_items"": [{""_id"": ""5c8c43def9af8b6bf29bc31b"", ""userInputs"": [{""userID"": 374, ""milesRequested"": 50, ""WhPerMile"": 400, ""minutesAvailable"": 443, ""modifiedAt"": ""Wed, 27 Feb 2019 15:38:47 GMT"", ""paymentRequired"": true, ""requestedDeparture"": ""Wed, 27 Feb 2019 23:01:42 GMT"", ""kWhRequested"": 20.0}], ""sess",success
2026-08-17T00:48:20.212947+00:00,jpl:2019-02-26:2019-03-05:page10,1,"https://ev.caltech.edu/api/v1/sessions/jpl?where=connectionTime%3E=%22Tue,%2026%20Feb%202019%2000:00:00%20GMT%22%20and%20connectionTime%3C%22Tue,%2005%20Mar%202019%2000:00:00%20GMT%22%20and%20kWhDelivered%3E=0.0&sort=-connectionTime&page=10",200,application/json,18776,0.26836809900032677,"{""_items"": [{""_id"": ""5c8c43def9af8b6bf29bc302"", ""userInputs"": [{""userID"": 474, ""milesRequested"": 100, ""WhPerMile"": 400, ""minutesAvailable"": 558, ""modifiedAt"": ""Wed, 27 Feb 2019 14:46:43 GMT"", ""paymentRequired"": true, ""requestedDeparture"": ""Thu, 28 Feb 2019 00:04:42 GMT"", ""kWhRequested"": 40.0}], ""ses",success
2026-08-17T00:48:20.898027+00:00,jpl:2019-02-26:2019-03-05:page11,1,"https://ev.caltech.edu/api/v1/sessions/jpl?where=connectionTime%3E=%22Tue,%2026%20Feb%202019%2000:00:00%20GMT%22%20and%20connectionTime%3C%22Tue,%2005%20Mar%202019%2000:00:00%20GMT%22%20and%20kWhDelivered%3E=0.0&sort=-connectionTime&page=11",200,application/json,25237,0.42548727600023994,"{""_items"": [{""_id"": ""5c8af260f9af8b67ed535ed2"", ""userInputs"": [{""userID"": 171, ""milesRequested"": 50, ""WhPerMile"": 300, ""minutesAvailable"": 65, ""modifiedAt"": ""Wed, 27 Feb 2019 00:22:25 GMT"", ""paymentRequired"": true, ""requestedDeparture"": ""Wed, 27 Feb 2019 01:26:31 GMT"", ""kWhRequested"": 15.0}], ""sessi",success
2026-08-17T00:48:21.388234+00:00,jpl:2019-02-26:2019-03-05:page12,1,"https://ev.caltech.edu/api/v1/sessions/jpl?where=connectionTime%3E=%22Tue,%2026%20Feb%202019%2000:00:00%20GMT%22%20and%20connectionTime%3C%22Tue,%2005%20Mar%202019%2000:00:00%20GMT%22%20and%20kWhDelivered%3E=0.0&sort=-connectionTime&page=12",200,application/json,19477,0.23038765599994804,"{""_items"": [{""_id"": ""5c8af260f9af8b67ed535eb9"", ""userInputs"": [{""userID"": 611, ""milesRequested"": 250, ""WhPerMile"": 300, ""minutesAvailable"": 535, ""modifiedAt"": ""Tue, 26 Feb 2019 15:38:35 GMT"", ""paymentRequired"": true, ""requestedDeparture"": ""Wed, 27 Feb 2019 00:33:30 GMT"", ""kWhRequested"": 75.0}, {""use",success
2026-08-17T00:48:21.879800+00:00,jpl:2019-02-26:2019-03-05:page13,1,"https://ev.caltech.edu/api/v1/sessions/jpl?where=connectionTime%3E=%22Tue,%2026%20Feb%202019%2000:00:00%20GMT%22%20and%20connectionTime%3C%22Tue,%2005%20Mar%202019%2000:00:00%20GMT%22%20and%20kWhDelivered%3E=0.0&sort=-connectionTime&page=13",200,application/json,14992,0.2353312030008965,"{""_items"": [{""_id"": ""5c8af260f9af8b67ed535ea0"", ""userInputs"": [{""userID"": 522, ""milesRequested"": 30, ""WhPerMile"": 500, ""minutesAvailable"": 533, ""modifiedAt"": ""Tue, 26 Feb 2019 14:39:58 GMT"", ""paymentRequired"": true, ""requestedDeparture"": ""Tue, 26 Feb 2019 23:32:52 GMT"", ""kWhRequested"": 15.0}], ""sess",success
2026-08-17T00:48:23.808349+00:00,jpl:2019-03-05:2019-03-12:page1,1,https://ev.caltech.edu/api/v1/sessions/jpl?where=connectionTime%3E%3D%22Tue%2C+05+Mar+2019+00%3A00%3A00+GMT%22+and+connectionTime%3C%22Tue%2C+12+Mar+2019+00%3A00%3A00+GMT%22+and+kWhDelivered%3E%3D0.0&sort=-connectionTime,200,application/json,19009,0.9223700580005243,"{""_items"": [{""_id"": ""5c9c15daf9af8b56f42df59f"", ""userInputs"": [{""userID"": 362, ""milesRequested"": 80, ""WhPerMile"": 286, ""minutesAvailable"": 98, ""modifiedAt"": ""Mon, 11 Mar 2019 23:19:17 GMT"", ""paymentRequired"": true, ""requestedDeparture"": ""Tue, 12 Mar 2019 00:57:03 GMT"", ""kWhRequested"": 22.88}], ""user",success
2026-08-17T00:48:24.596288+00:00,jpl:2019-03-05:2019-03-12:page2,1,"https://ev.caltech.edu/api/v1/sessions/jpl?where=connectionTime%3E=%22Tue,%2005%20Mar%202019%2000:00:00%20GMT%22%20and%20connectionTime%3C%22Tue,%2012%20Mar%202019%2000:00:00%20GMT%22%20and%20kWhDelivered%3E=0.0&sort=-connectionTime&page=2",200,application/json,20402,0.5300211580006362,"{""_items"": [{""_id"": ""5c9c15daf9af8b56f42df586"", ""userInputs"": [{""userID"": 373, ""milesRequested"": 40, ""WhPerMile"": 400, ""minutesAvailable"": 509, ""modifiedAt"": ""Mon, 11 Mar 2019 14:23:43 GMT"", ""paymentRequired"": true, ""requestedDeparture"": ""Mon, 11 Mar 2019 22:52:26 GMT"", ""kWhRequested"": 16.0}], ""user",success
2026-08-17T00:48:25.551450+00:00,jpl:2019-03-05:2019-03-12:page3,1,"https://ev.caltech.edu/api/v1/sessions/jpl?where=connectionTime%3E=%22Tue,%2005%20Mar%202019%2000:00:00%20GMT%22%20and%20connectionTime%3C%22Tue,%2012%20Mar%202019%2000:00:00%20GMT%22%20and%20kWhDelivered%3E=0.0&sort=-connectionTime&page=3",200,application/json,20621,0.6948972760001197,"{""_items"": [{""_id"": ""5c9c15daf9af8b56f42df56d"", ""userInputs"": [{""userID"": 344, ""milesRequested"": 50, ""WhPerMile"": 400, ""minutesAvailable"": 336, ""modifiedAt"": ""Mon, 11 Mar 2019 13:30:14 GMT"", ""paymentRequired"": true, ""requestedDeparture"": ""Mon, 11 Mar 2019 19:05:36 GMT"", ""kWhRequested"": 20.0}], ""user",success
2026-08-17T00:48:26.164998+00:00,jpl:2019-03-05:2019-03-12:page4,1,"https://ev.caltech.edu/api/v1/sessions/jpl?where=connectionTime%3E=%22Tue,%2005%20Mar%202019%2000:00:00%20GMT%22%20and%20connectionTime%3C%22Tue,%2012%20Mar%202019%2000:00:00%20GMT%22%20and%20kWhDelivered%3E=0.0&sort=-connectionTime&page=4",200,application/json,18063,0.3569940540000971,"{""_items"": [{""_id"": ""5c982157f9af8b4c40af6bfc"", ""userInputs"": [{""userID"": 1485, ""milesRequested"": 30, ""WhPerMile"": 600, ""minutesAvailable"": 84, ""modifiedAt"": ""Fri, 08 Mar 2019 23:25:20 GMT"", ""paymentRequired"": true, ""requestedDeparture"": ""Sat, 09 Mar 2019 00:49:13 GMT"", ""kWhRequested"": 18.0}], ""user",success
2026-08-17T00:48:26.901703+00:00,jpl:2019-03-05:2019-03-12:page5,1,"https://ev.caltech.edu/api/v1/sessions/jpl?where=connectionTime%3E=%22Tue,%2005%20Mar%202019%2000:00:00%20GMT%22%20and%20connectionTime%3C%22Tue,%2012%20Mar%202019%2000:00:00%20GMT%22%20and%20kWhDelivered%3E=0.0&sort=-connectionTime&page=5",200,application/json,19239,0.4840750429993932,"{""_items"": [{""_id"": ""5c982157f9af8b4c40af6be3"", ""userInputs"": [{""userID"": 346, ""milesRequested"": 40, ""WhPerMile"": 375, ""minutesAvailable"": 163, ""modifiedAt"": ""Fri, 08 Mar 2019 15:30:42 GMT"", ""paymentRequired"": true, ""requestedDeparture"": ""Fri, 08 Mar 2019 18:13:22 GMT"", ""kWhRequested"": 15.0}], ""user",success
2026-08-17T00:48:27.567568+00:00,jpl:2019-03-05:2019-03-12:page6,1,"https://ev.caltech.edu/api/v1/sessions/jpl?where=connectionTime%3E=%22Tue,%2005%20Mar%202019%2000:00:00%20GMT%22%20and%20connectionTime%3C%22Tue,%2012%20Mar%202019%2000:00:00%20GMT%22%20and%20kWhDelivered%3E=0.0&sort=-connectionTime&page=6",200,application/json,18995,0.40555892100019264,"{""_items"": [{""_id"": ""5c982157f9af8b4c40af6bca"", ""userInputs"": null, ""userID"": null, ""sessionID"": ""1_1_178_824_2019-03-08 14:40:49.934119"", ""stationID"": ""1-1-178-824"", ""spaceID"": ""AG-1F07"", ""siteID"": ""0001"", ""clusterID"": ""0001"", ""connectionTime"": ""Fri, 08 Mar 2019 14:40:50 GMT"", ""disconnectTime"": ""Fr",success
2026-08-17T00:48:28.067227+00:00,jpl:2019-03-05:2019-03-12:page7,1,"https://ev.caltech.edu/api/v1/sessions/jpl?where=connectionTime%3E=%22Tue,%2005%20Mar%202019%2000:00:00%20GMT%22%20and%20connectionTime%3C%22Tue,%2012%20Mar%202019%2000:00:00%20GMT%22%20and%20kWhDelivered%3E=0.0&sort=-connectionTime&page=7",200,application/json,17605,0.2426974310001242,"{""_items"": [{""_id"": ""5c96cfe5f9af8b483246667f"", ""userInputs"": [{""userID"": 394, ""milesRequested"": 120, ""WhPerMile"": 240, ""minutesAvailable"": 292, ""modifiedAt"": ""Thu, 07 Mar 2019 23:41:04 GMT"", ""paymentRequired"": true, ""requestedDeparture"": ""Fri, 08 Mar 2019 04:33:00 GMT"", ""kWhRequested"": 28.8}, {""use",success
2026-08-17T00:48:28.564705+00:00,jpl:2019-03-05:2019-03-12:page8,1,"https://ev.caltech.edu/api/v1/sessions/jpl?where=connectionTime%3E=%22Tue,%2005%20Mar%202019%2000:00:00%20GMT%22%20and%20connectionTime%3C%22Tue,%2012%20Mar%202019%2000:00:00%20GMT%22%20and%20kWhDelivered%3E=0.0&sort=-connectionTime&page=8",200,application/json,18314,0.24017840800024715,"{""_items"": [{""_id"": ""5c96cfe5f9af8b4832466666"", ""userInputs"": [{""userID"": 410, ""milesRequested"": 30, ""WhPerMile"": 250, ""minutesAvailable"": 60, ""modifiedAt"": ""Thu, 07 Mar 2019 15:30:44 GMT"", ""paymentRequired"": true, ""requestedDeparture"": ""Thu, 07 Mar 2019 16:30:32 GMT"", ""kWhRequested"": 7.5}], ""userID",success
2026-08-17T00:48:29.223860+00:00,jpl:2019-03-05:2019-03-12:page9,1,"https://ev.caltech.edu/api/v1/sessions/jpl?where=connectionTime%3E=%22Tue,%2005%20Mar%202019%2000:00:00%20GMT%22%20and%20connectionTime%3C%22Tue,%2012%20Mar%202019%2000:00:00%20GMT%22%20and%20kWhDelivered%3E=0.0&sort=-connectionTime&page=9",200,application/json,19700,0.40085653999994975,"{""_items"": [{""_id"": ""5c96cfe5f9af8b483246664d"", ""userInputs"": [{""userID"": 169, ""milesRequested"": 40, ""WhPerMile"": 600, ""minutesAvailable"": 499, ""modifiedAt"": ""Thu, 07 Mar 2019 14:25:41 GMT"", ""paymentRequired"": true, ""requestedDeparture"": ""Thu, 07 Mar 2019 22:44:22 GMT"", ""kWhRequested"": 24.0}], ""user",success
2026-08-17T00:48:29.895634+00:00,jpl:2019-03-05:2019-03-12:page10,1,"https://ev.caltech.edu/api/v1/sessions/jpl?where=connectionTime%3E=%22Tue,%2005%20Mar%202019%2000:00:00%20GMT%22%20and%20connectionTime%3C%22Tue,%2012%20Mar%202019%2000:00:00%20GMT%22%20and%20kWhDelivered%3E=0.0&sort=-connectionTime&page=10",200,application/json,19008,0.4136202379995666,"{""_items"": [{""_id"": ""5c957e53f9af8b42f440af45"", ""userInputs"": [{""userID"": 400, ""milesRequested"": 20, ""WhPerMile"": 400, ""minutesAvailable"": 455, ""modifiedAt"": ""Wed, 06 Mar 2019 19:14:17 GMT"", ""paymentRequired"": true, ""requestedDeparture"": ""Thu, 07 Mar 2019 02:48:50 GMT"", ""kWhRequested"": 8.0}], ""userI",success
2026-08-17T00:48:30.399488+00:00,jpl:2019-03-05:2019-03-12:page11,1,"https://ev.caltech.edu/api/v1/sessions/jpl?where=connectionTime%3E=%22Tue,%2005%20Mar%202019%2000:00:00%20GMT%22%20and%20connectionTime%3C%22Tue,%2012%20Mar%202019%2000:00:00%20GMT%22%20and%20kWhDelivered%3E=0.0&sort=-connectionTime&page=11",200,application/json,18545,0.24619726200035075,"{""_items"": [{""_id"": ""5c957e53f9af8b42f440af2c"", ""userInputs"": [{""userID"": 1471, ""milesRequested"": 50, ""WhPerMile"": 400, ""minutesAvailable"": 231, ""modifiedAt"": ""Wed, 06 Mar 2019 15:21:54 GMT"", ""paymentRequired"": true, ""requestedDeparture"": ""Wed, 06 Mar 2019 19:12:41 GMT"", ""kWhRequested"": 20.0}], ""use",success
2026-08-17T00:48:31.072923+00:00,jpl:2019-03-05:2019-03-12:page12,1,"https://ev.caltech.edu/api/v1/sessions/jpl?where=connectionTime%3E=%22Tue,%2005%20Mar%202019%2000:00:00%20GMT%22%20and%20connectionTime%3C%22Tue,%2012%20Mar%202019%2000:00:00%20GMT%22%20and%20kWhDelivered%3E=0.0&sort=-connectionTime&page=12",200,application/json,19015,0.4183536880000247,"{""_items"": [{""_id"": ""5c957e53f9af8b42f440af13"", ""userInputs"": [{""userID"": 194, ""milesRequested"": 80, ""WhPerMile"": 400, ""minutesAvailable"": 602, ""modifiedAt"": ""Wed, 06 Mar 2019 13:30:21 GMT"", ""paymentRequired"": true, ""requestedDeparture"": ""Wed, 06 Mar 2019 23:31:42 GMT"", ""kWhRequested"": 32.0}], ""user",success
2026-08-17T00:48:31.575278+00:00,jpl:2019-03-05:2019-03-12:page13,1,"https://ev.caltech.edu/api/v1/sessions/jpl?where=connectionTime%3E=%22Tue,%2005%20Mar%202019%2000:00:00%20GMT%22%20and%20connectionTime%3C%22Tue,%2012%20Mar%202019%2000:00:00%20GMT%22%20and%20kWhDelivered%3E=0.0&sort=-connectionTime&page=13",200,application/json,18317,0.24455950500032486,"{""_items"": [{""_id"": ""5c942ce6f9af8b06b04b3bea"", ""userInputs"": [{""userID"": 345, ""milesRequested"": 40, ""WhPerMile"": 400, ""minutesAvailable"": 212, ""modifiedAt"": ""Tue, 05 Mar 2019 15:50:08 GMT"", ""paymentRequired"": true, ""requestedDeparture"": ""Tue, 05 Mar 2019 19:21:55 GMT"", ""kWhRequested"": 16.0}, {""user",success
2026-08-17T00:48:32.082235+00:00,jpl:2019-03-05:2019-03-12:page14,1,"https://ev.caltech.edu/api/v1/sessions/jpl?where=connectionTime%3E=%22Tue,%2005%20Mar%202019%2000:00:00%20GMT%22%20and%20connectionTime%3C%22Tue,%2012%20Mar%202019%2000:00:00%20GMT%22%20and%20kWhDelivered%3E=0.0&sort=-connectionTime&page=14",200,application/json,16314,0.24821588400027395,"{""_items"": [{""_id"": ""5c942ce6f9af8b06b04b3bd1"", ""userInputs"": [{""userID"": 723, ""milesRequested"": 90, ""WhPerMile"": 400, ""minutesAvailable"": 260, ""modifiedAt"": ""Tue, 05 Mar 2019 14:37:00 GMT"", ""paymentRequired"": true, ""requestedDeparture"": ""Tue, 05 Mar 2019 18:56:52 GMT"", ""kWhRequested"": 36.0}], ""user",success
2026-08-17T00:48:33.948059+00:00,jpl:2019-03-12:2019-03-19:page1,1,https://ev.caltech.edu/api/v1/sessions/jpl?where=connectionTime%3E%3D%22Tue%2C+12+Mar+2019+00%3A00%3A00+GMT%22+and+connectionTime%3C%22Tue%2C+19+Mar+2019+00%3A00%3A00+GMT%22+and+kWhDelivered%3E%3D0.0&sort=-connectionTime,200,application/json,18321,0.860249976999512,"{""_items"": [{""_id"": ""5ca55064f9af8b74ba3b0ad0"", ""userInputs"": [{""userID"": 374, ""milesRequested"": 50, ""WhPerMile"": 400, ""minutesAvailable"": 99, ""modifiedAt"": ""Mon, 18 Mar 2019 23:45:16 GMT"", ""paymentRequired"": true, ""requestedDeparture"": ""Tue, 19 Mar 2019 01:24:06 GMT"", ""kWhRequested"": 20.0}], ""userI",success
2026-08-17T00:48:34.710429+00:00,jpl:2019-03-12:2019-03-19:page2,1,"https://ev.caltech.edu/api/v1/sessions/jpl?where=connectionTime%3E=%22Tue,%2012%20Mar%202019%2000:00:00%20GMT%22%20and%20connectionTime%3C%22Tue,%2019%20Mar%202019%2000:00:00%20GMT%22%20and%20kWhDelivered%3E=0.0&sort=-connectionTime&page=2",200,application/json,18760,0.505861067999831,"{""_items"": [{""_id"": ""5ca55064f9af8b74ba3b0ab7"", ""userInputs"": [{""userID"": 592, ""milesRequested"": 120, ""WhPerMile"": 344, ""minutesAvailable"": 530, ""modifiedAt"": ""Mon, 18 Mar 2019 14:38:15 GMT"", ""paymentRequired"": true, ""requestedDeparture"": ""Mon, 18 Mar 2019 23:27:58 GMT"", ""kWhRequested"": 41.28}], ""us",success
2026-08-17T00:48:35.466636+00:00,jpl:2019-03-12:2019-03-19:page3,1,"https://ev.caltech.edu/api/v1/sessions/jpl?where=connectionTime%3E=%22Tue,%2012%20Mar%202019%2000:00:00%20GMT%22%20and%20connectionTime%3C%22Tue,%2019%20Mar%202019%2000:00:00%20GMT%22%20and%20kWhDelivered%3E=0.0&sort=-connectionTime&page=3",200,application/json,17618,0.4977991670002666,"{""_items"": [{""_id"": ""5ca55064f9af8b74ba3b0a9e"", ""userInputs"": [{""userID"": 1283, ""milesRequested"": 140, ""WhPerMile"": 350, ""minutesAvailable"": 569, ""modifiedAt"": ""Mon, 18 Mar 2019 13:58:43 GMT"", ""paymentRequired"": true, ""requestedDeparture"": ""Mon, 18 Mar 2019 23:27:28 GMT"", ""kWhRequested"": 49.0}], ""us",success
2026-08-17T00:48:36.138463+00:00,jpl:2019-03-12:2019-03-19:page4,1,"https://ev.caltech.edu/api/v1/sessions/jpl?where=connectionTime%3E=%22Tue,%2012%20Mar%202019%2000:00:00%20GMT%22%20and%20connectionTime%3C%22Tue,%2019%20Mar%202019%2000:00:00%20GMT%22%20and%20kWhDelivered%3E=0.0&sort=-connectionTime&page=4",200,application/json,18305,0.41378055899986066,"{""_items"": [{""_id"": ""5ca2ad19f9af8b68e0cb5d5d"", ""userInputs"": [{""userID"": 194, ""milesRequested"": 180, ""WhPerMile"": 400, ""minutesAvailable"": 459, ""modifiedAt"": ""Sat, 16 Mar 2019 17:01:46 GMT"", ""paymentRequired"": true, ""requestedDeparture"": ""Sun, 17 Mar 2019 00:40:09 GMT"", ""kWhRequested"": 72.0}], ""use",success
2026-08-17T00:48:36.804386+00:00,jpl:2019-03-12:2019-03-19:page5,1,"https://ev.caltech.edu/api/v1/sessions/jpl?where=connectionTime%3E=%22Tue,%2012%20Mar%202019%2000:00:00%20GMT%22%20and%20connectionTime%3C%22Tue,%2019%20Mar%202019%2000:00:00%20GMT%22%20and%20kWhDelivered%3E=0.0&sort=-connectionTime&page=5",200,application/json,18546,0.41006481099975645,"{""_items"": [{""_id"": ""5ca15bc0f9af8b656c85eff6"", ""userInputs"": [{""userID"": 577, ""milesRequested"": 20, ""WhPerMile"": 333, ""minutesAvailable"": 493, ""modifiedAt"": ""Fri, 15 Mar 2019 14:52:57 GMT"", ""paymentRequired"": true, ""requestedDeparture"": ""Fri, 15 Mar 2019 23:05:40 GMT"", ""kWhRequested"": 6.66}], ""user",success
2026-08-17T00:48:37.479822+00:00,jpl:2019-03-12:2019-03-19:page6,1,"https://ev.caltech.edu/api/v1/sessions/jpl?where=connectionTime%3E=%22Tue,%2012%20Mar%202019%2000:00:00%20GMT%22%20and%20connectionTime%3C%22Tue,%2019%20Mar%202019%2000:00:00%20GMT%22%20and%20kWhDelivered%3E=0.0&sort=-connectionTime&page=6",200,application/json,20176,0.4196709359994202,"{""_items"": [{""_id"": ""5ca00a5ff9af8b61d0e59bca"", ""userInputs"": [{""userID"": 1671, ""milesRequested"": 40, ""WhPerMile"": 400, ""minutesAvailable"": 140, ""modifiedAt"": ""Thu, 14 Mar 2019 21:14:08 GMT"", ""paymentRequired"": true, ""requestedDeparture"": ""Thu, 14 Mar 2019 23:33:44 GMT"", ""kWhRequested"": 16.0}], ""use",success
2026-08-17T00:48:37.986941+00:00,jpl:2019-03-12:2019-03-19:page7,1,"https://ev.caltech.edu/api/v1/sessions/jpl?where=connectionTime%3E=%22Tue,%2012%20Mar%202019%2000:00:00%20GMT%22%20and%20connectionTime%3C%22Tue,%2019%20Mar%202019%2000:00:00%20GMT%22%20and%20kWhDelivered%3E=0.0&sort=-connectionTime&page=7",200,application/json,18316,0.2463213889996041,"{""_items"": [{""_id"": ""5ca00a5ff9af8b61d0e59bb1"", ""userInputs"": [{""userID"": 592, ""milesRequested"": 120, ""WhPerMile"": 344, ""minutesAvailable"": 530, ""modifiedAt"": ""Thu, 14 Mar 2019 14:29:24 GMT"", ""paymentRequired"": true, ""requestedDeparture"": ""Thu, 14 Mar 2019 23:18:55 GMT"", ""kWhRequested"": 41.28}], ""us",success
2026-08-17T00:48:38.661655+00:00,jpl:2019-03-12:2019-03-19:page8,1,"https://ev.caltech.edu/api/v1/sessions/jpl?where=connectionTime%3E=%22Tue,%2012%20Mar%202019%2000:00:00%20GMT%22%20and%20connectionTime%3C%22Tue,%2019%20Mar%202019%2000:00:00%20GMT%22%20and%20kWhDelivered%3E=0.0&sort=-connectionTime&page=8",200,application/json,19459,0.41698379699937504,"{""_items"": [{""_id"": ""5ca00a5ff9af8b61d0e59b98"", ""userInputs"": [{""userID"": 176, ""milesRequested"": 60, ""WhPerMile"": 429, ""minutesAvailable"": 273, ""modifiedAt"": ""Thu, 14 Mar 2019 13:29:59 GMT"", ""paymentRequired"": true, ""requestedDeparture"": ""Thu, 14 Mar 2019 18:02:39 GMT"", ""kWhRequested"": 25.74}], ""use",success
2026-08-17T00:48:39.308264+00:00,jpl:2019-03-12:2019-03-19:page9,1,"https://ev.caltech.edu/api/v1/sessions/jpl?where=connectionTime%3E=%22Tue,%2012%20Mar%202019%2000:00:00%20GMT%22%20and%20connectionTime%3C%22Tue,%2019%20Mar%202019%2000:00:00%20GMT%22%20and%20kWhDelivered%3E=0.0&sort=-connectionTime&page=9",200,application/json,19700,0.39202878499963845,"{""_items"": [{""_id"": ""5c9eb8d8f9af8b5e07a3ff3e"", ""userInputs"": [{""userID"": 474, ""milesRequested"": 100, ""WhPerMile"": 400, ""minutesAvailable"": 558, ""modifiedAt"": ""Wed, 13 Mar 2019 14:45:23 GMT"", ""paymentRequired"": true, ""requestedDeparture"": ""Thu, 14 Mar 2019 00:03:22 GMT"", ""kWhRequested"": 40.0}], ""use",success
2026-08-17T00:48:39.777801+00:00,jpl:2019-03-12:2019-03-19:page10,1,"https://ev.caltech.edu/api/v1/sessions/jpl?where=connectionTime%3E=%22Tue,%2012%20Mar%202019%2000:00:00%20GMT%22%20and%20connectionTime%3C%22Tue,%2019%20Mar%202019%2000:00:00%20GMT%22%20and%20kWhDelivered%3E=0.0&sort=-connectionTime&page=10",200,application/json,18776,0.212565509000342,"{""_items"": [{""_id"": ""5c9eb8d8f9af8b5e07a3ff25"", ""userInputs"": [{""userID"": 647, ""milesRequested"": 70, ""WhPerMile"": 400, ""minutesAvailable"": 584, ""modifiedAt"": ""Wed, 13 Mar 2019 13:57:56 GMT"", ""paymentRequired"": true, ""requestedDeparture"": ""Wed, 13 Mar 2019 23:40:52 GMT"", ""kWhRequested"": 28.0}], ""user",success
2026-08-17T00:48:40.333204+00:00,jpl:2019-03-12:2019-03-19:page11,1,"https://ev.caltech.edu/api/v1/sessions/jpl?where=connectionTime%3E=%22Tue,%2012%20Mar%202019%2000:00:00%20GMT%22%20and%20connectionTime%3C%22Tue,%2019%20Mar%202019%2000:00:00%20GMT%22%20and%20kWhDelivered%3E=0.0&sort=-connectionTime&page=11",200,application/json,18315,0.29892596999980015,"{""_items"": [{""_id"": ""5c9d675af9af8b5a7cdac9ed"", ""userInputs"": [{""userID"": 405, ""milesRequested"": 20, ""WhPerMile"": 500, ""minutesAvailable"": 196, ""modifiedAt"": ""Wed, 13 Mar 2019 02:04:49 GMT"", ""paymentRequired"": true, ""requestedDeparture"": ""Wed, 13 Mar 2019 05:20:31 GMT"", ""kWhRequested"": 10.0}], ""user",success
2026-08-17T00:48:40.844669+00:00,jpl:2019-03-12:2019-03-19:page12,1,"https://ev.caltech.edu/api/v1/sessions/jpl?where=connectionTime%3E=%22Tue,%2012%20Mar%202019%2000:00:00%20GMT%22%20and%20connectionTime%3C%22Tue,%2019%20Mar%202019%2000:00:00%20GMT%22%20and%20kWhDelivered%3E=0.0&sort=-connectionTime&page=12",200,application/json,18083,0.25176111000018864,"{""_items"": [{""_id"": ""5c9d675af9af8b5a7cdac9d4"", ""userInputs"": [{""userID"": 577, ""milesRequested"": 20, ""WhPerMile"": 333, ""minutesAvailable"": 493, ""modifiedAt"": ""Tue, 12 Mar 2019 14:34:57 GMT"", ""paymentRequired"": true, ""requestedDeparture"": ""Tue, 12 Mar 2019 22:47:42 GMT"", ""kWhRequested"": 6.66}], ""user",success
2026-08-17T00:48:41.337393+00:00,jpl:2019-03-12:2019-03-19:page13,1,"https://ev.caltech.edu/api/v1/sessions/jpl?where=connectionTime%3E=%22Tue,%2012%20Mar%202019%2000:00:00%20GMT%22%20and%20connectionTime%3C%22Tue,%2019%20Mar%202019%2000:00:00%20GMT%22%20and%20kWhDelivered%3E=0.0&sort=-connectionTime&page=13",200,application/json,14587,0.23294334000001982,"{""_items"": [{""_id"": ""5c9d675af9af8b5a7cdac9bb"", ""userInputs"": [{""userID"": 414, ""milesRequested"": 40, ""WhPerMile"": 375, ""minutesAvailable"": 559, ""modifiedAt"": ""Tue, 12 Mar 2019 13:39:34 GMT"", ""paymentRequired"": true, ""requestedDeparture"": ""Tue, 12 Mar 2019 22:57:49 GMT"", ""kWhRequested"": 15.0}], ""user",success
2026-08-17T00:48:43.221660+00:00,jpl:2019-03-19:2019-03-26:page1,1,https://ev.caltech.edu/api/v1/sessions/jpl?where=connectionTime%3E%3D%22Tue%2C+19+Mar+2019+00%3A00%3A00+GMT%22+and+connectionTime%3C%22Tue%2C+26+Mar+2019+00%3A00%3A00+GMT%22+and+kWhDelivered%3E%3D0.0&sort=-connectionTime,200,application/json,18308,0.8762252070000613,"{""_items"": [{""_id"": ""5cae8ad5f9af8b370933dc74"", ""userInputs"": [{""userID"": 405, ""milesRequested"": 20, ""WhPerMile"": 500, ""minutesAvailable"": 196, ""modifiedAt"": ""Mon, 25 Mar 2019 23:57:02 GMT"", ""paymentRequired"": true, ""requestedDeparture"": ""Tue, 26 Mar 2019 03:12:48 GMT"", ""kWhRequested"": 10.0}], ""user",success
2026-08-17T00:48:44.175071+00:00,jpl:2019-03-19:2019-03-26:page2,1,"https://ev.caltech.edu/api/v1/sessions/jpl?where=connectionTime%3E=%22Tue,%2019%20Mar%202019%2000:00:00%20GMT%22%20and%20connectionTime%3C%22Tue,%2026%20Mar%202019%2000:00:00%20GMT%22%20and%20kWhDelivered%3E=0.0&sort=-connectionTime&page=2",200,application/json,19708,0.6991473649995896,"{""_items"": [{""_id"": ""5cae8ad5f9af8b370933dc5b"", ""userInputs"": [{""userID"": 526, ""milesRequested"": 50, ""WhPerMile"": 400, ""minutesAvailable"": 342, ""modifiedAt"": ""Mon, 25 Mar 2019 14:43:08 GMT"", ""paymentRequired"": true, ""requestedDeparture"": ""Mon, 25 Mar 2019 20:24:38 GMT"", ""kWhRequested"": 20.0}], ""user",success
2026-08-17T00:48:45.108724+00:00,jpl:2019-03-19:2019-03-26:page3,1,"https://ev.caltech.edu/api/v1/sessions/jpl?where=connectionTime%3E=%22Tue,%2019%20Mar%202019%2000:00:00%20GMT%22%20and%20connectionTime%3C%22Tue,%2026%20Mar%202019%2000:00:00%20GMT%22%20and%20kWhDelivered%3E=0.0&sort=-connectionTime&page=3",200,application/json,18777,0.6759625260001485,"{""_items"": [{""_id"": ""5cae8ad5f9af8b370933dc42"", ""userInputs"": [{""userID"": 1118, ""milesRequested"": 90, ""WhPerMile"": 278, ""minutesAvailable"": 458, ""modifiedAt"": ""Mon, 25 Mar 2019 14:00:04 GMT"", ""paymentRequired"": true, ""requestedDeparture"": ""Mon, 25 Mar 2019 21:38:00 GMT"", ""kWhRequested"": 25.02}], ""us",success
2026-08-17T00:48:45.874725+00:00,jpl:2019-03-19:2019-03-26:page4,1,"https://ev.caltech.edu/api/v1/sessions/jpl?where=connectionTime%3E=%22Tue,%2019%20Mar%202019%2000:00:00%20GMT%22%20and%20connectionTime%3C%22Tue,%2026%20Mar%202019%2000:00:00%20GMT%22%20and%20kWhDelivered%3E=0.0&sort=-connectionTime&page=4",200,application/json,19463,0.5103014019996408,"{""_items"": [{""_id"": ""5cad3918f9af8b311453ff32"", ""userInputs"": [{""userID"": 500, ""milesRequested"": 200, ""WhPerMile"": 292, ""minutesAvailable"": 367, ""modifiedAt"": ""Sun, 24 Mar 2019 17:29:41 GMT"", ""paymentRequired"": true, ""requestedDeparture"": ""Sun, 24 Mar 2019 23:35:01 GMT"", ""kWhRequested"": 58.4}], ""use",success
2026-08-17T00:48:46.378457+00:00,jpl:2019-03-19:2019-03-26:page5,1,"https://ev.caltech.edu/api/v1/sessions/jpl?where=connectionTime%3E=%22Tue,%2019%20Mar%202019%2000:00:00%20GMT%22%20and%20connectionTime%3C%22Tue,%2026%20Mar%202019%2000:00:00%20GMT%22%20and%20kWhDelivered%3E=0.0&sort=-connectionTime&page=5",200,application/json,17863,0.24427841400029138,"{""_items"": [{""_id"": ""5caa9652f9af8b0692c4dc5e"", ""userInputs"": [{""userID"": 362, ""milesRequested"": 110, ""WhPerMile"": 286, ""minutesAvailable"": 390, ""modifiedAt"": ""Fri, 22 Mar 2019 18:04:21 GMT"", ""paymentRequired"": true, ""requestedDeparture"": ""Sat, 23 Mar 2019 00:33:52 GMT"", ""kWhRequested"": 31.46}], ""us",success
2026-08-17T00:48:46.874794+00:00,jpl:2019-03-19:2019-03-26:page6,1,"https://ev.caltech.edu/api/v1/sessions/jpl?where=connectionTime%3E=%22Tue,%2019%20Mar%202019%2000:00:00%20GMT%22%20and%20connectionTime%3C%22Tue,%2026%20Mar%202019%2000:00:00%20GMT%22%20and%20kWhDelivered%3E=0.0&sort=-connectionTime&page=6",200,application/json,17608,0.23801786999956676,"{""_items"": [{""_id"": ""5caa9652f9af8b0692c4dc45"", ""userInputs"": [{""userID"": 361, ""milesRequested"": 150, ""WhPerMile"": 300, ""minutesAvailable"": 460, ""modifiedAt"": ""Fri, 22 Mar 2019 14:17:47 GMT"", ""paymentRequired"": true, ""requestedDeparture"": ""Fri, 22 Mar 2019 21:55:51 GMT"", ""kWhRequested"": 45.0}], ""use",success
2026-08-17T00:48:47.556538+00:00,jpl:2019-03-19:2019-03-26:page7,1,"https://ev.caltech.edu/api/v1/sessions/jpl?where=connectionTime%3E=%22Tue,%2019%20Mar%202019%2000:00:00%20GMT%22%20and%20connectionTime%3C%22Tue,%2026%20Mar%202019%2000:00:00%20GMT%22%20and%20kWhDelivered%3E=0.0&sort=-connectionTime&page=7",200,application/json,18998,0.42194338499939477,"{""_items"": [{""_id"": ""5caa9652f9af8b0692c4dc2c"", ""userInputs"": [{""userID"": 401, ""milesRequested"": 130, ""WhPerMile"": 300, ""minutesAvailable"": 394, ""modifiedAt"": ""Fri, 22 Mar 2019 13:01:15 GMT"", ""paymentRequired"": true, ""requestedDeparture"": ""Fri, 22 Mar 2019 19:35:04 GMT"", ""kWhRequested"": 39.0}, {""use",success
2026-08-17T00:48:48.228481+00:00,jpl:2019-03-19:2019-03-26:page8,1,"https://ev.caltech.edu/api/v1/sessions/jpl?where=connectionTime%3E=%22Tue,%2019%20Mar%202019%2000:00:00%20GMT%22%20and%20connectionTime%3C%22Tue,%2026%20Mar%202019%2000:00:00%20GMT%22%20and%20kWhDelivered%3E=0.0&sort=-connectionTime&page=8",200,application/json,19247,0.4119513959994947,"{""_items"": [{""_id"": ""5ca944def9af8b02f7c5552d"", ""userInputs"": [{""userID"": 1471, ""milesRequested"": 50, ""WhPerMile"": 400, ""minutesAvailable"": 231, ""modifiedAt"": ""Thu, 21 Mar 2019 14:50:01 GMT"", ""paymentRequired"": true, ""requestedDeparture"": ""Thu, 21 Mar 2019 18:40:44 GMT"", ""kWhRequested"": 20.0}], ""use",success
2026-08-17T00:48:48.721010+00:00,jpl:2019-03-19:2019-03-26:page9,1,"https://ev.caltech.edu/api/v1/sessions/jpl?where=connectionTime%3E=%22Tue,%2019%20Mar%202019%2000:00:00%20GMT%22%20and%20connectionTime%3C%22Tue,%2026%20Mar%202019%2000:00:00%20GMT%22%20and%20kWhDelivered%3E=0.0&sort=-connectionTime&page=9",200,application/json,18533,0.2363603919993693,"{""_items"": [{""_id"": ""5ca944def9af8b02f7c55514"", ""userInputs"": null, ""userID"": null, ""sessionID"": ""1_1_179_791_2019-03-21 14:00:46.654464"", ""stationID"": ""1-1-179-791"", ""spaceID"": ""AG-3F26"", ""siteID"": ""0001"", ""clusterID"": ""0001"", ""connectionTime"": ""Thu, 21 Mar 2019 14:00:47 GMT"", ""disconnectTime"": ""Th",success
2026-08-17T00:48:49.224085+00:00,jpl:2019-03-19:2019-03-26:page10,1,"https://ev.caltech.edu/api/v1/sessions/jpl?where=connectionTime%3E=%22Tue,%2019%20Mar%202019%2000:00:00%20GMT%22%20and%20connectionTime%3C%22Tue,%2026%20Mar%202019%2000:00:00%20GMT%22%20and%20kWhDelivered%3E=0.0&sort=-connectionTime&page=10",200,application/json,18079,0.24564412200015795,"{""_items"": [{""_id"": ""5ca7f365f9af8b7e082a4b18"", ""userInputs"": [{""userID"": 374, ""milesRequested"": 50, ""WhPerMile"": 400, ""minutesAvailable"": 170, ""modifiedAt"": ""Wed, 20 Mar 2019 21:16:10 GMT"", ""paymentRequired"": true, ""requestedDeparture"": ""Thu, 21 Mar 2019 00:05:55 GMT"", ""kWhRequested"": 20.0}], ""user",success
2026-08-17T00:48:49.740067+00:00,jpl:2019-03-19:2019-03-26:page11,1,"https://ev.caltech.edu/api/v1/sessions/jpl?where=connectionTime%3E=%22Tue,%2019%20Mar%202019%2000:00:00%20GMT%22%20and%20connectionTime%3C%22Tue,%2026%20Mar%202019%2000:00:00%20GMT%22%20and%20kWhDelivered%3E=0.0&sort=-connectionTime&page=11",200,application/json,17622,0.25599108499955037,"{""_items"": [{""_id"": ""5ca7f365f9af8b7e082a4aff"", ""userInputs"": [{""userID"": 404, ""milesRequested"": 100, ""WhPerMile"": 261, ""minutesAvailable"": 507, ""modifiedAt"": ""Wed, 20 Mar 2019 14:23:05 GMT"", ""paymentRequired"": true, ""requestedDeparture"": ""Wed, 20 Mar 2019 22:49:49 GMT"", ""kWhRequested"": 26.1}], ""use",success
2026-08-17T00:48:50.406254+00:00,jpl:2019-03-19:2019-03-26:page12,1,"https://ev.caltech.edu/api/v1/sessions/jpl?where=connectionTime%3E=%22Tue,%2019%20Mar%202019%2000:00:00%20GMT%22%20and%20connectionTime%3C%22Tue,%2026%20Mar%202019%2000:00:00%20GMT%22%20and%20kWhDelivered%3E=0.0&sort=-connectionTime&page=12",200,application/json,20142,0.41013617900080135,"{""_items"": [{""_id"": ""5ca7f365f9af8b7e082a4ae6"", ""userInputs"": [{""userID"": 1648, ""milesRequested"": 30, ""WhPerMile"": 333, ""minutesAvailable"": 557, ""modifiedAt"": ""Wed, 20 Mar 2019 13:19:49 GMT"", ""paymentRequired"": true, ""requestedDeparture"": ""Wed, 20 Mar 2019 22:36:39 GMT"", ""kWhRequested"": 9.99}, {""use",success
2026-08-17T00:48:51.066178+00:00,jpl:2019-03-19:2019-03-26:page13,1,"https://ev.caltech.edu/api/v1/sessions/jpl?where=connectionTime%3E=%22Tue,%2019%20Mar%202019%2000:00:00%20GMT%22%20and%20connectionTime%3C%22Tue,%2026%20Mar%202019%2000:00:00%20GMT%22%20and%20kWhDelivered%3E=0.0&sort=-connectionTime&page=13",200,application/json,19240,0.39977492400066694,"{""_items"": [{""_id"": ""5ca6a1d9f9af8b782501211f"", ""userInputs"": [{""userID"": 1790, ""milesRequested"": 80, ""WhPerMile"": 300, ""minutesAvailable"": 246, ""modifiedAt"": ""Tue, 19 Mar 2019 19:49:31 GMT"", ""paymentRequired"": true, ""requestedDeparture"": ""Tue, 19 Mar 2019 23:55:31 GMT"", ""kWhRequested"": 24.0}], ""use",success
2026-08-17T00:48:51.559447+00:00,jpl:2019-03-19:2019-03-26:page14,1,"https://ev.caltech.edu/api/v1/sessions/jpl?where=connectionTime%3E=%22Tue,%2019%20Mar%202019%2000:00:00%20GMT%22%20and%20connectionTime%3C%22Tue,%2026%20Mar%202019%2000:00:00%20GMT%22%20and%20kWhDelivered%3E=0.0&sort=-connectionTime&page=14",200,application/json,17615,0.23474538899972686,"{""_items"": [{""_id"": ""5ca6a1d9f9af8b7825012106"", ""userInputs"": [{""userID"": 529, ""milesRequested"": 90, ""WhPerMile"": 300, ""minutesAvailable"": 546, ""modifiedAt"": ""Tue, 19 Mar 2019 14:24:16 GMT"", ""paymentRequired"": true, ""requestedDeparture"": ""Tue, 19 Mar 2019 23:30:04 GMT"", ""kWhRequested"": 27.0}], ""user",success
2026-08-17T00:48:52.034479+00:00,jpl:2019-03-19:2019-03-26:page15,1,"https://ev.caltech.edu/api/v1/sessions/jpl?where=connectionTime%3E=%22Tue,%2019%20Mar%202019%2000:00:00%20GMT%22%20and%20connectionTime%3C%22Tue,%2026%20Mar%202019%2000:00:00%20GMT%22%20and%20kWhDelivered%3E=0.0&sort=-connectionTime&page=15",200,application/json,3224,0.2160108960006255,"{""_items"": [{""_id"": ""5ca6a1d9f9af8b78250120ed"", ""userInputs"": [{""userID"": 439, ""milesRequested"": 250, ""WhPerMile"": 275, ""minutesAvailable"": 534, ""modifiedAt"": ""Tue, 19 Mar 2019 12:49:47 GMT"", ""paymentRequired"": true, ""requestedDeparture"": ""Tue, 19 Mar 2019 21:43:29 GMT"", ""kWhRequested"": 68.75}], ""us",success
2026-08-17T00:48:53.915814+00:00,jpl:2019-03-26:2019-04-02:page1,1,https://ev.caltech.edu/api/v1/sessions/jpl?where=connectionTime%3E%3D%22Tue%2C+26+Mar+2019+00%3A00%3A00+GMT%22+and+connectionTime%3C%22Tue%2C+02+Apr+2019+00%3A00%3A00+GMT%22+and+kWhDelivered%3E%3D0.0&sort=-connectionTime,200,application/json,21107,0.871507565999309,"{""_items"": [{""_id"": ""5cb7c55af9af8b5083930626"", ""userInputs"": [{""userID"": 1078, ""milesRequested"": 20, ""WhPerMile"": 400, ""minutesAvailable"": 139, ""modifiedAt"": ""Mon, 01 Apr 2019 23:27:31 GMT"", ""paymentRequired"": true, ""requestedDeparture"": ""Tue, 02 Apr 2019 01:46:23 GMT"", ""kWhRequested"": 8.0}], ""user",success
2026-08-17T00:48:54.835881+00:00,jpl:2019-03-26:2019-04-02:page2,1,"https://ev.caltech.edu/api/v1/sessions/jpl?where=connectionTime%3E=%22Tue,%2026%20Mar%202019%2000:00:00%20GMT%22%20and%20connectionTime%3C%22Tue,%2002%20Apr%202019%2000:00:00%20GMT%22%20and%20kWhDelivered%3E=0.0&sort=-connectionTime&page=2",200,application/json,20380,0.6630228129997704,"{""_items"": [{""_id"": ""5cb7c55af9af8b508393060d"", ""userInputs"": [{""userID"": 436, ""milesRequested"": 150, ""WhPerMile"": 350, ""minutesAvailable"": 414, ""modifiedAt"": ""Mon, 01 Apr 2019 14:22:04 GMT"", ""paymentRequired"": true, ""requestedDeparture"": ""Mon, 01 Apr 2019 21:15:33 GMT"", ""kWhRequested"": 52.5}], ""use",success
2026-08-17T00:48:55.580314+00:00,jpl:2019-03-26:2019-04-02:page3,1,"https://ev.caltech.edu/api/v1/sessions/jpl?where=connectionTime%3E=%22Tue,%2026%20Mar%202019%2000:00:00%20GMT%22%20and%20connectionTime%3C%22Tue,%2002%20Apr%202019%2000:00:00%20GMT%22%20and%20kWhDelivered%3E=0.0&sort=-connectionTime&page=3",200,application/json,17614,0.4872007410003789,"{""_items"": [{""_id"": ""5cb7c55af9af8b50839305f4"", ""userInputs"": [{""userID"": 590, ""milesRequested"": 30, ""WhPerMile"": 400, ""minutesAvailable"": 585, ""modifiedAt"": ""Mon, 01 Apr 2019 13:44:11 GMT"", ""paymentRequired"": true, ""requestedDeparture"": ""Mon, 01 Apr 2019 23:29:01 GMT"", ""kWhRequested"": 12.0}], ""user",success
2026-08-17T00:48:56.160567+00:00,jpl:2019-03-26:2019-04-02:page4,1,"https://ev.caltech.edu/api/v1/sessions/jpl?where=connectionTime%3E=%22Tue,%2026%20Mar%202019%2000:00:00%20GMT%22%20and%20connectionTime%3C%22Tue,%2002%20Apr%202019%2000:00:00%20GMT%22%20and%20kWhDelivered%3E=0.0&sort=-connectionTime&page=4",200,application/json,17552,0.3199940169997717,"{""_items"": [{""_id"": ""5cb3d2a8f9af8b4551261e75"", ""userInputs"": [{""userID"": 194, ""milesRequested"": 60, ""WhPerMile"": 400, ""minutesAvailable"": 137, ""modifiedAt"": ""Sat, 30 Mar 2019 00:32:57 GMT"", ""paymentRequired"": true, ""requestedDeparture"": ""Sat, 30 Mar 2019 02:49:10 GMT"", ""kWhRequested"": 24.0}], ""user",success
2026-08-17T00:48:56.838209+00:00,jpl:2019-03-26:2019-04-02:page5,1,"https://ev.caltech.edu/api/v1/sessions/jpl?where=connectionTime%3E=%22Tue,%2026%20Mar%202019%2000:00:00%20GMT%22%20and%20connectionTime%3C%22Tue,%2002%20Apr%202019%2000:00:00%20GMT%22%20and%20kWhDelivered%3E=0.0&sort=-connectionTime&page=5",200,application/json,18063,0.4197309890005272,"{""_items"": [{""_id"": ""5cb3d2a8f9af8b4551261e5c"", ""userInputs"": [{""userID"": 484, ""milesRequested"": 140, ""WhPerMile"": 600, ""minutesAvailable"": 405, ""modifiedAt"": ""Fri, 29 Mar 2019 15:55:33 GMT"", ""paymentRequired"": true, ""requestedDeparture"": ""Fri, 29 Mar 2019 22:39:56 GMT"", ""kWhRequested"": 84.0}], ""use",success
2026-08-17T00:48:57.498308+00:00,jpl:2019-03-26:2019-04-02:page6,1,"https://ev.caltech.edu/api/v1/sessions/jpl?where=connectionTime%3E=%22Tue,%2026%20Mar%202019%2000:00:00%20GMT%22%20and%20connectionTime%3C%22Tue,%2002%20Apr%202019%2000:00:00%20GMT%22%20and%20kWhDelivered%3E=0.0&sort=-connectionTime&page=6",200,application/json,18070,0.4025158319991533,"{""_items"": [{""_id"": ""5cb28261f9af8b41d62edeb8"", ""userInputs"": [{""userID"": 403, ""milesRequested"": 80, ""WhPerMile"": 500, ""minutesAvailable"": 199, ""modifiedAt"": ""Thu, 28 Mar 2019 22:29:18 GMT"", ""paymentRequired"": true, ""requestedDeparture"": ""Fri, 29 Mar 2019 01:47:50 GMT"", ""kWhRequested"": 40.0}], ""user",success
2026-08-17T00:48:58.170335+00:00,jpl:2019-03-26:2019-04-02:page7,1,"https://ev.caltech.edu/api/v1/sessions/jpl?where=connectionTime%3E=%22Tue,%2026%20Mar%202019%2000:00:00%20GMT%22%20and%20connectionTime%3C%22Tue,%2002%20Apr%202019%2000:00:00%20GMT%22%20and%20kWhDelivered%3E=0.0&sort=-connectionTime&page=7",200,application/json,18965,0.4113174580006671,"{""_items"": [{""_id"": ""5cb28261f9af8b41d62ede9f"", ""userInputs"": [{""userID"": 1627, ""milesRequested"": 30, ""WhPerMile"": 400, ""minutesAvailable"": 651, ""modifiedAt"": ""Thu, 28 Mar 2019 14:35:51 GMT"", ""paymentRequired"": true, ""requestedDeparture"": ""Fri, 29 Mar 2019 01:26:46 GMT"", ""kWhRequested"": 12.0}], ""use",success
2026-08-17T00:48:58.680537+00:00,jpl:2019-03-26:2019-04-02:page8,1,"https://ev.caltech.edu/api/v1/sessions/jpl?where=connectionTime%3E=%22Tue,%2026%20Mar%202019%2000:00:00%20GMT%22%20and%20connectionTime%3C%22Tue,%2002%20Apr%202019%2000:00:00%20GMT%22%20and%20kWhDelivered%3E=0.0&sort=-connectionTime&page=8",200,application/json,18281,0.24955287300053897,"{""_items"": [{""_id"": ""5cb28261f9af8b41d62ede86"", ""userInputs"": [{""userID"": 2115, ""milesRequested"": 40, ""WhPerMile"": 500, ""minutesAvailable"": 174, ""modifiedAt"": ""Thu, 28 Mar 2019 13:36:32 GMT"", ""paymentRequired"": true, ""requestedDeparture"": ""Thu, 28 Mar 2019 16:30:28 GMT"", ""kWhRequested"": 20.0}, {""use",success
2026-08-17T00:48:59.341459+00:00,jpl:2019-03-26:2019-04-02:page9,1,"https://ev.caltech.edu/api/v1/sessions/jpl?where=connectionTime%3E=%22Tue,%2026%20Mar%202019%2000:00:00%20GMT%22%20and%20connectionTime%3C%22Tue,%2002%20Apr%202019%2000:00:00%20GMT%22%20and%20kWhDelivered%3E=0.0&sort=-connectionTime&page=9",200,application/json,19243,0.4045773799998642,"{""_items"": [{""_id"": ""5cb12dddf9af8b3e2169e2c1"", ""userInputs"": [{""userID"": 313, ""milesRequested"": 180, ""WhPerMile"": 333, ""minutesAvailable"": 611, ""modifiedAt"": ""Wed, 27 Mar 2019 20:09:57 GMT"", ""paymentRequired"": true, ""requestedDeparture"": ""Thu, 28 Mar 2019 06:20:41 GMT"", ""kWhRequested"": 59.94}], ""us",success
2026-08-17T00:48:59.959328+00:00,jpl:2019-03-26:2019-04-02:page10,1,"https://ev.caltech.edu/api/v1/sessions/jpl?where=connectionTime%3E=%22Tue,%2026%20Mar%202019%2000:00:00%20GMT%22%20and%20connectionTime%3C%22Tue,%2002%20Apr%202019%2000:00:00%20GMT%22%20and%20kWhDelivered%3E=0.0&sort=-connectionTime&page=10",200,application/json,17858,0.36106690999986313,"{""_items"": [{""_id"": ""5cb12dddf9af8b3e2169e2a8"", ""userInputs"": [{""userID"": 826, ""milesRequested"": 200, ""WhPerMile"": 250, ""minutesAvailable"": 466, ""modifiedAt"": ""Wed, 27 Mar 2019 14:40:55 GMT"", ""paymentRequired"": true, ""requestedDeparture"": ""Wed, 27 Mar 2019 22:26:38 GMT"", ""kWhRequested"": 50.0}], ""use",success
2026-08-17T00:49:00.724206+00:00,jpl:2019-03-26:2019-04-02:page11,1,"https://ev.caltech.edu/api/v1/sessions/jpl?where=connectionTime%3E=%22Tue,%2026%20Mar%202019%2000:00:00%20GMT%22%20and%20connectionTime%3C%22Tue,%2002%20Apr%202019%2000:00:00%20GMT%22%20and%20kWhDelivered%3E=0.0&sort=-connectionTime&page=11",200,application/json,19449,0.5057858559994202,"{""_items"": [{""_id"": ""5cb12dddf9af8b3e2169e28f"", ""userInputs"": [{""userID"": 1118, ""milesRequested"": 90, ""WhPerMile"": 278, ""minutesAvailable"": 584, ""modifiedAt"": ""Wed, 27 Mar 2019 13:39:35 GMT"", ""paymentRequired"": true, ""requestedDeparture"": ""Wed, 27 Mar 2019 23:23:25 GMT"", ""kWhRequested"": 25.02}], ""us",success
2026-08-17T00:49:01.292065+00:00,jpl:2019-03-26:2019-04-02:page12,1,"https://ev.caltech.edu/api/v1/sessions/jpl?where=connectionTime%3E=%22Tue,%2026%20Mar%202019%2000:00:00%20GMT%22%20and%20connectionTime%3C%22Tue,%2002%20Apr%202019%2000:00:00%20GMT%22%20and%20kWhDelivered%3E=0.0&sort=-connectionTime&page=12",200,application/json,18322,0.3133152880000125,"{""_items"": [{""_id"": ""5cafdc5df9af8b3a92caa94c"", ""userInputs"": null, ""userID"": null, ""sessionID"": ""1_1_194_818_2019-03-26 19:14:33.359236"", ""stationID"": ""1-1-194-818"", ""spaceID"": ""AG-1F14"", ""siteID"": ""0001"", ""clusterID"": ""0001"", ""connectionTime"": ""Tue, 26 Mar 2019 19:14:33 GMT"", ""disconnectTime"": ""Tu",success
2026-08-17T00:49:02.163732+00:00,jpl:2019-03-26:2019-04-02:page13,1,"https://ev.caltech.edu/api/v1/sessions/jpl?where=connectionTime%3E=%22Tue,%2026%20Mar%202019%2000:00:00%20GMT%22%20and%20connectionTime%3C%22Tue,%2002%20Apr%202019%2000:00:00%20GMT%22%20and%20kWhDelivered%3E=0.0&sort=-connectionTime&page=13",200,application/json,17618,0.6149215309997089,"{""_items"": [{""_id"": ""5cafdc5df9af8b3a92caa933"", ""userInputs"": [{""userID"": 943, ""milesRequested"": 200, ""WhPerMile"": 250, ""minutesAvailable"": 284, ""modifiedAt"": ""Tue, 26 Mar 2019 14:21:54 GMT"", ""paymentRequired"": true, ""requestedDeparture"": ""Tue, 26 Mar 2019 19:05:39 GMT"", ""kWhRequested"": 50.0}], ""use",success
2026-08-17T00:49:02.687498+00:00,jpl:2019-03-26:2019-04-02:page14,1,"https://ev.caltech.edu/api/v1/sessions/jpl?where=connectionTime%3E=%22Tue,%2026%20Mar%202019%2000:00:00%20GMT%22%20and%20connectionTime%3C%22Tue,%2002%20Apr%202019%2000:00:00%20GMT%22%20and%20kWhDelivered%3E=0.0&sort=-connectionTime&page=14",200,application/json,7670,0.26976351299981616,"{""_items"": [{""_id"": ""5cafdc5df9af8b3a92caa91a"", ""userInputs"": [{""userID"": 334, ""milesRequested"": 50, ""WhPerMile"": 400, ""minutesAvailable"": 443, ""modifiedAt"": ""Tue, 26 Mar 2019 13:13:24 GMT"", ""paymentRequired"": true, ""requestedDeparture"": ""Tue, 26 Mar 2019 20:36:13 GMT"", ""kWhRequested"": 20.0}], ""user",success
2026-08-17T00:49:04.567593+00:00,jpl:2019-04-02:2019-04-09:page1,1,https://ev.caltech.edu/api/v1/sessions/jpl?where=connectionTime%3E%3D%22Tue%2C+02+Apr+2019+00%3A00%3A00+GMT%22+and+connectionTime%3C%22Tue%2C+09+Apr+2019+00%3A00%3A00+GMT%22+and+kWhDelivered%3E%3D0.0&sort=-connectionTime,200,application/json,23188,0.8747400070005824,"{""_items"": [{""_id"": ""5cc0ffd8f9af8b1fc35009b0"", ""userInputs"": [{""userID"": 379, ""milesRequested"": 50, ""WhPerMile"": 400, ""minutesAvailable"": 130, ""modifiedAt"": ""Mon, 08 Apr 2019 23:53:08 GMT"", ""paymentRequired"": true, ""requestedDeparture"": ""Tue, 09 Apr 2019 02:02:45 GMT"", ""kWhRequested"": 20.0}], ""user",success
2026-08-17T00:49:05.589896+00:00,jpl:2019-04-02:2019-04-09:page2,1,"https://ev.caltech.edu/api/v1/sessions/jpl?where=connectionTime%3E=%22Tue,%2002%20Apr%202019%2000:00:00%20GMT%22%20and%20connectionTime%3C%22Tue,%2009%20Apr%202019%2000:00:00%20GMT%22%20and%20kWhDelivered%3E=0.0&sort=-connectionTime&page=2",200,application/json,18083,0.7650160670000332,"{""_items"": [{""_id"": ""5cc0ffd8f9af8b1fc3500997"", ""userInputs"": [{""userID"": 410, ""milesRequested"": 110, ""WhPerMile"": 300, ""minutesAvailable"": 551, ""modifiedAt"": ""Mon, 08 Apr 2019 14:43:02 GMT"", ""paymentRequired"": true, ""requestedDeparture"": ""Mon, 08 Apr 2019 23:50:35 GMT"", ""kWhRequested"": 33.0}], ""use",success
2026-08-17T00:49:06.510039+00:00,jpl:2019-04-02:2019-04-09:page3,1,"https://ev.caltech.edu/api/v1/sessions/jpl?where=connectionTime%3E=%22Tue,%2002%20Apr%202019%2000:00:00%20GMT%22%20and%20connectionTime%3C%22Tue,%2009%20Apr%202019%2000:00:00%20GMT%22%20and%20kWhDelivered%3E=0.0&sort=-connectionTime&page=3",200,application/json,18778,0.6596669789996668,"{""_items"": [{""_id"": ""5cc0ffd8f9af8b1fc350097e"", ""userInputs"": [{""userID"": 1283, ""milesRequested"": 200, ""WhPerMile"": 350, ""minutesAvailable"": 353, ""modifiedAt"": ""Mon, 08 Apr 2019 13:56:20 GMT"", ""paymentRequired"": true, ""requestedDeparture"": ""Mon, 08 Apr 2019 19:46:01 GMT"", ""kWhRequested"": 70.0}], ""us",success
2026-08-17T00:49:07.307206+00:00,jpl:2019-04-02:2019-04-09:page4,1,"https://ev.caltech.edu/api/v1/sessions/jpl?where=connectionTime%3E=%22Tue,%2002%20Apr%202019%2000:00:00%20GMT%22%20and%20connectionTime%3C%22Tue,%2009%20Apr%202019%2000:00:00%20GMT%22%20and%20kWhDelivered%3E=0.0&sort=-connectionTime&page=4",200,application/json,18779,0.5367901099998562,"{""_items"": [{""_id"": ""5cbe5c99f9af8b18e380cfbc"", ""userInputs"": [{""userID"": 76, ""milesRequested"": 80, ""WhPerMile"": 301, ""minutesAvailable"": 99, ""modifiedAt"": ""Sat, 06 Apr 2019 21:23:39 GMT"", ""paymentRequired"": true, ""requestedDeparture"": ""Sat, 06 Apr 2019 23:02:21 GMT"", ""kWhRequested"": 24.08}], ""userI",success
2026-08-17T00:49:07.986657+00:00,jpl:2019-04-02:2019-04-09:page5,1,"https://ev.caltech.edu/api/v1/sessions/jpl?where=connectionTime%3E=%22Tue,%2002%20Apr%202019%2000:00:00%20GMT%22%20and%20connectionTime%3C%22Tue,%2009%20Apr%202019%2000:00:00%20GMT%22%20and%20kWhDelivered%3E=0.0&sort=-connectionTime&page=5",200,application/json,19008,0.42011591700065765,"{""_items"": [{""_id"": ""5cbd0b54f9af8b14e887a4a2"", ""userInputs"": [{""userID"": 481, ""milesRequested"": 188, ""WhPerMile"": 400, ""minutesAvailable"": 717, ""modifiedAt"": ""Fri, 05 Apr 2019 14:53:06 GMT"", ""paymentRequired"": true, ""requestedDeparture"": ""Sat, 06 Apr 2019 02:49:51 GMT"", ""kWhRequested"": 75.2}], ""use",success
2026-08-17T00:49:08.650977+00:00,jpl:2019-04-02:2019-04-09:page6,1,"https://ev.caltech.edu/api/v1/sessions/jpl?where=connectionTime%3E=%22Tue,%2002%20Apr%202019%2000:00:00%20GMT%22%20and%20connectionTime%3C%22Tue,%2009%20Apr%202019%2000:00:00%20GMT%22%20and%20kWhDelivered%3E=0.0&sort=-connectionTime&page=6",200,application/json,19460,0.40622156400058884,"{""_items"": [{""_id"": ""5cbd0b54f9af8b14e887a489"", ""userInputs"": [{""userID"": 351, ""milesRequested"": 130, ""WhPerMile"": 250, ""minutesAvailable"": 681, ""modifiedAt"": ""Fri, 05 Apr 2019 14:05:53 GMT"", ""paymentRequired"": true, ""requestedDeparture"": ""Sat, 06 Apr 2019 01:26:52 GMT"", ""kWhRequested"": 32.5}], ""use",success
2026-08-17T00:49:09.334665+00:00,jpl:2019-04-02:2019-04-09:page7,1,"https://ev.caltech.edu/api/v1/sessions/jpl?where=connectionTime%3E=%22Tue,%2002%20Apr%202019%2000:00:00%20GMT%22%20and%20connectionTime%3C%22Tue,%2009%20Apr%202019%2000:00:00%20GMT%22%20and%20kWhDelivered%3E=0.0&sort=-connectionTime&page=7",200,application/json,19939,0.42513516199960577,"{""_items"": [{""_id"": ""5cbbb9d7f9af8b1153786f99"", ""userInputs"": [{""userID"": 382, ""milesRequested"": 50, ""WhPerMile"": 400, ""minutesAvailable"": 222, ""modifiedAt"": ""Fri, 05 Apr 2019 02:14:27 GMT"", ""paymentRequired"": true, ""requestedDeparture"": ""Fri, 05 Apr 2019 05:47:32 GMT"", ""kWhRequested"": 20.0}], ""user",success
2026-08-17T00:49:10.000986+00:00,jpl:2019-04-02:2019-04-09:page8,1,"https://ev.caltech.edu/api/v1/sessions/jpl?where=connectionTime%3E=%22Tue,%2002%20Apr%202019%2000:00:00%20GMT%22%20and%20connectionTime%3C%22Tue,%2009%20Apr%202019%2000:00:00%20GMT%22%20and%20kWhDelivered%3E=0.0&sort=-connectionTime&page=8",200,application/json,19005,0.4112365419996422,"{""_items"": [{""_id"": ""5cbbb9d7f9af8b1153786f80"", ""userInputs"": [{""userID"": 983, ""milesRequested"": 20, ""WhPerMile"": 400, ""minutesAvailable"": 157, ""modifiedAt"": ""Thu, 04 Apr 2019 14:36:32 GMT"", ""paymentRequired"": true, ""requestedDeparture"": ""Thu, 04 Apr 2019 17:13:16 GMT"", ""kWhRequested"": 8.0}], ""userI",success
2026-08-17T00:49:10.673963+00:00,jpl:2019-04-02:2019-04-09:page9,1,"https://ev.caltech.edu/api/v1/sessions/jpl?where=connectionTime%3E=%22Tue,%2002%20Apr%202019%2000:00:00%20GMT%22%20and%20connectionTime%3C%22Tue,%2009%20Apr%202019%2000:00:00%20GMT%22%20and%20kWhDelivered%3E=0.0&sort=-connectionTime&page=9",200,application/json,20385,0.4125877919996128,"{""_items"": [{""_id"": ""5cbbb9d7f9af8b1153786f67"", ""userInputs"": [{""userID"": 1118, ""milesRequested"": 90, ""WhPerMile"": 278, ""minutesAvailable"": 584, ""modifiedAt"": ""Thu, 04 Apr 2019 13:38:24 GMT"", ""paymentRequired"": true, ""requestedDeparture"": ""Thu, 04 Apr 2019 23:22:08 GMT"", ""kWhRequested"": 25.02}, {""us",success
2026-08-17T00:49:11.336497+00:00,jpl:2019-04-02:2019-04-09:page10,1,"https://ev.caltech.edu/api/v1/sessions/jpl?where=connectionTime%3E=%22Tue,%2002%20Apr%202019%2000:00:00%20GMT%22%20and%20connectionTime%3C%22Tue,%2009%20Apr%202019%2000:00:00%20GMT%22%20and%20kWhDelivered%3E=0.0&sort=-connectionTime&page=10",200,application/json,20645,0.4023148320002292,"{""_items"": [{""_id"": ""5cba6852f9af8b0c7a31ae5e"", ""userInputs"": [{""userID"": 394, ""milesRequested"": 150, ""WhPerMile"": 250, ""minutesAvailable"": 366, ""modifiedAt"": ""Wed, 03 Apr 2019 21:30:26 GMT"", ""paymentRequired"": true, ""requestedDeparture"": ""Thu, 04 Apr 2019 03:36:24 GMT"", ""kWhRequested"": 37.5}, {""use",success
2026-08-17T00:49:11.829127+00:00,jpl:2019-04-02:2019-04-09:page11,1,"https://ev.caltech.edu/api/v1/sessions/jpl?where=connectionTime%3E=%22Tue,%2002%20Apr%202019%2000:00:00%20GMT%22%20and%20connectionTime%3C%22Tue,%2009%20Apr%202019%2000:00:00%20GMT%22%20and%20kWhDelivered%3E=0.0&sort=-connectionTime&page=11",200,application/json,18542,0.23170539400052803,"{""_items"": [{""_id"": ""5cba6852f9af8b0c7a31ae45"", ""userInputs"": [{""userID"": 1461, ""milesRequested"": 230, ""WhPerMile"": 600, ""minutesAvailable"": 310, ""modifiedAt"": ""Wed, 03 Apr 2019 14:10:27 GMT"", ""paymentRequired"": true, ""requestedDeparture"": ""Wed, 03 Apr 2019 19:20:27 GMT"", ""kWhRequested"": 138.0}], ""u",success
2026-08-17T00:49:12.504364+00:00,jpl:2019-04-02:2019-04-09:page12,1,"https://ev.caltech.edu/api/v1/sessions/jpl?where=connectionTime%3E=%22Tue,%2002%20Apr%202019%2000:00:00%20GMT%22%20and%20connectionTime%3C%22Tue,%2009%20Apr%202019%2000:00:00%20GMT%22%20and%20kWhDelivered%3E=0.0&sort=-connectionTime&page=12",200,application/json,21090,0.41945367900007113,"{""_items"": [{""_id"": ""5cba6852f9af8b0c7a31ae2c"", ""userInputs"": [{""userID"": 483, ""milesRequested"": 20, ""WhPerMile"": 350, ""minutesAvailable"": 574, ""modifiedAt"": ""Wed, 03 Apr 2019 13:02:03 GMT"", ""paymentRequired"": true, ""requestedDeparture"": ""Wed, 03 Apr 2019 22:35:31 GMT"", ""kWhRequested"": 7.0}], ""userI",success
2026-08-17T00:49:13.180586+00:00,jpl:2019-04-02:2019-04-09:page13,1,"https://ev.caltech.edu/api/v1/sessions/jpl?where=connectionTime%3E=%22Tue,%2002%20Apr%202019%2000:00:00%20GMT%22%20and%20connectionTime%3C%22Tue,%2009%20Apr%202019%2000:00:00%20GMT%22%20and%20kWhDelivered%3E=0.0&sort=-connectionTime&page=13",200,application/json,21347,0.41566969900031836,"{""_items"": [{""_id"": ""5cb916dcf9af8b53fe3dd533"", ""userInputs"": [{""userID"": 1754, ""milesRequested"": 160, ""WhPerMile"": 233, ""minutesAvailable"": 595, ""modifiedAt"": ""Tue, 02 Apr 2019 19:15:07 GMT"", ""paymentRequired"": true, ""requestedDeparture"": ""Wed, 03 Apr 2019 05:09:58 GMT"", ""kWhRequested"": 37.28}], ""u",success
2026-08-17T00:49:13.680912+00:00,jpl:2019-04-02:2019-04-09:page14,1,"https://ev.caltech.edu/api/v1/sessions/jpl?where=connectionTime%3E=%22Tue,%2002%20Apr%202019%2000:00:00%20GMT%22%20and%20connectionTime%3C%22Tue,%2009%20Apr%202019%2000:00:00%20GMT%22%20and%20kWhDelivered%3E=0.0&sort=-connectionTime&page=14",200,application/json,17850,0.24220642499949463,"{""_items"": [{""_id"": ""5cb916dcf9af8b53fe3dd51a"", ""userInputs"": [{""userID"": 1627, ""milesRequested"": 30, ""WhPerMile"": 400, ""minutesAvailable"": 646, ""modifiedAt"": ""Tue, 02 Apr 2019 14:21:47 GMT"", ""paymentRequired"": true, ""requestedDeparture"": ""Wed, 03 Apr 2019 01:07:36 GMT"", ""kWhRequested"": 12.0}], ""use",success
2026-08-17T00:49:14.152539+00:00,jpl:2019-04-02:2019-04-09:page15,1,"https://ev.caltech.edu/api/v1/sessions/jpl?where=connectionTime%3E=%22Tue,%2002%20Apr%202019%2000:00:00%20GMT%22%20and%20connectionTime%3C%22Tue,%2009%20Apr%202019%2000:00:00%20GMT%22%20and%20kWhDelivered%3E=0.0&sort=-connectionTime&page=15",200,application/json,4347,0.21616078300030495,"{""_items"": [{""_id"": ""5cb916dcf9af8b53fe3dd501"", ""userInputs"": [{""userID"": 651, ""milesRequested"": 50, ""WhPerMile"": 400, ""minutesAvailable"": 175, ""modifiedAt"": ""Tue, 02 Apr 2019 12:56:38 GMT"", ""paymentRequired"": true, ""requestedDeparture"": ""Tue, 02 Apr 2019 15:51:32 GMT"", ""kWhRequested"": 20.0}], ""user",success
2026-08-17T00:49:15.994196+00:00,jpl:2019-04-09:2019-04-16:page1,1,https://ev.caltech.edu/api/v1/sessions/jpl?where=connectionTime%3E%3D%22Tue%2C+09+Apr+2019+00%3A00%3A00+GMT%22+and+connectionTime%3C%22Tue%2C+16+Apr+2019+00%3A00%3A00+GMT%22+and+kWhDelivered%3E%3D0.0&sort=-connectionTime,200,application/json,20870,0.8323216589997173,"{""_items"": [{""_id"": ""5cca3a54f9af8b49aaa4cbed"", ""userInputs"": [{""userID"": 1485, ""milesRequested"": 40, ""WhPerMile"": 600, ""minutesAvailable"": 85, ""modifiedAt"": ""Mon, 15 Apr 2019 23:33:02 GMT"", ""paymentRequired"": true, ""requestedDeparture"": ""Tue, 16 Apr 2019 00:57:44 GMT"", ""kWhRequested"": 24.0}, {""user",success
2026-08-17T00:49:16.663054+00:00,jpl:2019-04-09:2019-04-16:page2,1,"https://ev.caltech.edu/api/v1/sessions/jpl?where=connectionTime%3E=%22Tue,%2009%20Apr%202019%2000:00:00%20GMT%22%20and%20connectionTime%3C%22Tue,%2016%20Apr%202019%2000:00:00%20GMT%22%20and%20kWhDelivered%3E=0.0&sort=-connectionTime&page=2",200,application/json,17842,0.41016363900052966,"{""_items"": [{""_id"": ""5cca3a54f9af8b49aaa4cbd4"", ""userInputs"": [{""userID"": 528, ""milesRequested"": 300, ""WhPerMile"": 250, ""minutesAvailable"": 491, ""modifiedAt"": ""Mon, 15 Apr 2019 14:31:41 GMT"", ""paymentRequired"": true, ""requestedDeparture"": ""Mon, 15 Apr 2019 22:41:34 GMT"", ""kWhRequested"": 75.0}], ""use",success
2026-08-17T00:49:17.363621+00:00,jpl:2019-04-09:2019-04-16:page3,1,"https://ev.caltech.edu/api/v1/sessions/jpl?where=connectionTime%3E=%22Tue,%2009%20Apr%202019%2000:00:00%20GMT%22%20and%20connectionTime%3C%22Tue,%2016%20Apr%202019%2000:00:00%20GMT%22%20and%20kWhDelivered%3E=0.0&sort=-connectionTime&page=3",200,application/json,20342,0.4399509950007996,"{""_items"": [{""_id"": ""5cca3a54f9af8b49aaa4cbbb"", ""userInputs"": [{""userID"": 730, ""milesRequested"": 180, ""WhPerMile"": 250, ""minutesAvailable"": 262, ""modifiedAt"": ""Mon, 15 Apr 2019 13:53:19 GMT"", ""paymentRequired"": true, ""requestedDeparture"": ""Mon, 15 Apr 2019 18:15:01 GMT"", ""kWhRequested"": 45.0}], ""use",success
2026-08-17T00:49:17.871198+00:00,jpl:2019-04-09:2019-04-16:page4,1,"https://ev.caltech.edu/api/v1/sessions/jpl?where=connectionTime%3E=%22Tue,%2009%20Apr%202019%2000:00:00%20GMT%22%20and%20connectionTime%3C%22Tue,%2016%20Apr%202019%2000:00:00%20GMT%22%20and%20kWhDelivered%3E=0.0&sort=-connectionTime&page=4",200,application/json,18526,0.2523977350001587,"{""_items"": [{""_id"": ""5cc645bbf9af8b3da712a7d8"", ""userInputs"": [{""userID"": 405, ""milesRequested"": 20, ""WhPerMile"": 500, ""minutesAvailable"": 144, ""modifiedAt"": ""Fri, 12 Apr 2019 21:51:18 GMT"", ""paymentRequired"": true, ""requestedDeparture"": ""Sat, 13 Apr 2019 00:14:53 GMT"", ""kWhRequested"": 10.0}], ""user",success
2026-08-17T00:49:18.524171+00:00,jpl:2019-04-09:2019-04-16:page5,1,"https://ev.caltech.edu/api/v1/sessions/jpl?where=connectionTime%3E=%22Tue,%2009%20Apr%202019%2000:00:00%20GMT%22%20and%20connectionTime%3C%22Tue,%2016%20Apr%202019%2000:00:00%20GMT%22%20and%20kWhDelivered%3E=0.0&sort=-connectionTime&page=5",200,application/json,22496,0.3945637609995174,"{""_items"": [{""_id"": ""5cc645bbf9af8b3da712a7bf"", ""userInputs"": [{""userID"": 537, ""milesRequested"": 70, ""WhPerMile"": 250, ""minutesAvailable"": 443, ""modifiedAt"": ""Fri, 12 Apr 2019 14:23:00 GMT"", ""paymentRequired"": true, ""requestedDeparture"": ""Fri, 12 Apr 2019 21:45:35 GMT"", ""kWhRequested"": 17.5}, {""user",success
2026-08-17T00:49:18.997934+00:00,jpl:2019-04-09:2019-04-16:page6,1,"https://ev.caltech.edu/api/v1/sessions/jpl?where=connectionTime%3E=%22Tue,%2009%20Apr%202019%2000:00:00%20GMT%22%20and%20connectionTime%3C%22Tue,%2016%20Apr%202019%2000:00:00%20GMT%22%20and%20kWhDelivered%3E=0.0&sort=-connectionTime&page=6",200,application/json,18315,0.2130463140001666,"{""_items"": [{""_id"": ""5cc4f469f9af8b3a0277ea97"", ""userInputs"": [{""userID"": 526, ""milesRequested"": 50, ""WhPerMile"": 400, ""minutesAvailable"": 342, ""modifiedAt"": ""Thu, 11 Apr 2019 14:54:47 GMT"", ""paymentRequired"": true, ""requestedDeparture"": ""Thu, 11 Apr 2019 20:33:49 GMT"", ""kWhRequested"": 20.0}], ""user",success
2026-08-17T00:49:19.721459+00:00,jpl:2019-04-09:2019-04-16:page7,1,"https://ev.caltech.edu/api/v1/sessions/jpl?where=connectionTime%3E=%22Tue,%2009%20Apr%202019%2000:00:00%20GMT%22%20and%20connectionTime%3C%22Tue,%2016%20Apr%202019%2000:00:00%20GMT%22%20and%20kWhDelivered%3E=0.0&sort=-connectionTime&page=7",200,application/json,20883,0.4669589110008019,"{""_items"": [{""_id"": ""5cc4f469f9af8b3a0277ea7e"", ""userInputs"": [{""userID"": 1796, ""milesRequested"": 50, ""WhPerMile"": 400, ""minutesAvailable"": 378, ""modifiedAt"": ""Thu, 11 Apr 2019 14:05:15 GMT"", ""paymentRequired"": true, ""requestedDeparture"": ""Thu, 11 Apr 2019 20:22:57 GMT"", ""kWhRequested"": 20.0}], ""use",success
2026-08-17T00:49:20.438527+00:00,jpl:2019-04-09:2019-04-16:page8,1,"https://ev.caltech.edu/api/v1/sessions/jpl?where=connectionTime%3E=%22Tue,%2009%20Apr%202019%2000:00:00%20GMT%22%20and%20connectionTime%3C%22Tue,%2016%20Apr%202019%2000:00:00%20GMT%22%20and%20kWhDelivered%3E=0.0&sort=-connectionTime&page=8",200,application/json,21549,0.4584312709994265,"{""_items"": [{""_id"": ""5cc3a2e2f9af8b284375bdda"", ""userInputs"": [{""userID"": 1805, ""milesRequested"": 50, ""WhPerMile"": 300, ""minutesAvailable"": 143, ""modifiedAt"": ""Wed, 10 Apr 2019 23:39:39 GMT"", ""paymentRequired"": true, ""requestedDeparture"": ""Thu, 11 Apr 2019 02:02:28 GMT"", ""kWhRequested"": 15.0}, {""use",success
2026-08-17T00:49:20.920203+00:00,jpl:2019-04-09:2019-04-16:page9,1,"https://ev.caltech.edu/api/v1/sessions/jpl?where=connectionTime%3E=%22Tue,%2009%20Apr%202019%2000:00:00%20GMT%22%20and%20connectionTime%3C%22Tue,%2016%20Apr%202019%2000:00:00%20GMT%22%20and%20kWhDelivered%3E=0.0&sort=-connectionTime&page=9",200,application/json,19005,0.221846574000665,"{""_items"": [{""_id"": ""5cc3a2e2f9af8b284375bdc1"", ""userInputs"": [{""userID"": 2187, ""milesRequested"": 20, ""WhPerMile"": 300, ""minutesAvailable"": 249, ""modifiedAt"": ""Wed, 10 Apr 2019 16:04:18 GMT"", ""paymentRequired"": true, ""requestedDeparture"": ""Wed, 10 Apr 2019 20:12:40 GMT"", ""kWhRequested"": 6.0}, {""user",success
2026-08-17T00:49:21.419226+00:00,jpl:2019-04-09:2019-04-16:page10,1,"https://ev.caltech.edu/api/v1/sessions/jpl?where=connectionTime%3E=%22Tue,%2009%20Apr%202019%2000:00:00%20GMT%22%20and%20connectionTime%3C%22Tue,%2016%20Apr%202019%2000:00:00%20GMT%22%20and%20kWhDelivered%3E=0.0&sort=-connectionTime&page=10",200,application/json,18087,0.24055510600010166,"{""_items"": [{""_id"": ""5cc3a2e2f9af8b284375bda8"", ""userInputs"": [{""userID"": 581, ""milesRequested"": 180, ""WhPerMile"": 250, ""minutesAvailable"": 440, ""modifiedAt"": ""Wed, 10 Apr 2019 14:02:08 GMT"", ""paymentRequired"": true, ""requestedDeparture"": ""Wed, 10 Apr 2019 21:21:49 GMT"", ""kWhRequested"": 45.0}], ""use",success
2026-08-17T00:49:22.153219+00:00,jpl:2019-04-09:2019-04-16:page11,1,"https://ev.caltech.edu/api/v1/sessions/jpl?where=connectionTime%3E=%22Tue,%2009%20Apr%202019%2000:00:00%20GMT%22%20and%20connectionTime%3C%22Tue,%2016%20Apr%202019%2000:00:00%20GMT%22%20and%20kWhDelivered%3E=0.0&sort=-connectionTime&page=11",200,application/json,22956,0.476704451999467,"{""_items"": [{""_id"": ""5cc3a2e2f9af8b284375bd8f"", ""userInputs"": [{""userID"": 2187, ""milesRequested"": 20, ""WhPerMile"": 400, ""minutesAvailable"": 60, ""modifiedAt"": ""Wed, 10 Apr 2019 12:51:15 GMT"", ""paymentRequired"": true, ""requestedDeparture"": ""Wed, 10 Apr 2019 13:51:06 GMT"", ""kWhRequested"": 8.0}, {""userI",success
2026-08-17T00:49:22.655166+00:00,jpl:2019-04-09:2019-04-16:page12,1,"https://ev.caltech.edu/api/v1/sessions/jpl?where=connectionTime%3E=%22Tue,%2009%20Apr%202019%2000:00:00%20GMT%22%20and%20connectionTime%3C%22Tue,%2016%20Apr%202019%2000:00:00%20GMT%22%20and%20kWhDelivered%3E=0.0&sort=-connectionTime&page=12",200,application/json,19472,0.24152710399994248,"{""_items"": [{""_id"": ""5cc25164f9af8b2347da3e60"", ""userInputs"": [{""userID"": 409, ""milesRequested"": 30, ""WhPerMile"": 400, ""minutesAvailable"": 545, ""modifiedAt"": ""Tue, 09 Apr 2019 15:01:38 GMT"", ""paymentRequired"": true, ""requestedDeparture"": ""Wed, 10 Apr 2019 00:06:12 GMT"", ""kWhRequested"": 12.0}], ""user",success
2026-08-17T00:49:23.321471+00:00,jpl:2019-04-09:2019-04-16:page13,1,"https://ev.caltech.edu/api/v1/sessions/jpl?where=connectionTime%3E=%22Tue,%2009%20Apr%202019%2000:00:00%20GMT%22%20and%20connectionTime%3C%22Tue,%2016%20Apr%202019%2000:00:00%20GMT%22%20and%20kWhDelivered%3E=0.0&sort=-connectionTime&page=13",200,application/json,20643,0.4068703369994182,"{""_items"": [{""_id"": ""5cc25164f9af8b2347da3e47"", ""userInputs"": [{""userID"": 1461, ""milesRequested"": 230, ""WhPerMile"": 600, ""minutesAvailable"": 310, ""modifiedAt"": ""Tue, 09 Apr 2019 14:03:54 GMT"", ""paymentRequired"": true, ""requestedDeparture"": ""Tue, 09 Apr 2019 19:13:55 GMT"", ""kWhRequested"": 138.0}, {""u",success
2026-08-17T00:49:23.796878+00:00,jpl:2019-04-09:2019-04-16:page14,1,"https://ev.caltech.edu/api/v1/sessions/jpl?where=connectionTime%3E=%22Tue,%2009%20Apr%202019%2000:00:00%20GMT%22%20and%20connectionTime%3C%22Tue,%2016%20Apr%202019%2000:00:00%20GMT%22%20and%20kWhDelivered%3E=0.0&sort=-connectionTime&page=14",200,application/json,1888,0.21564745800060336,"{""_items"": [{""_id"": ""5cc0ffd8f9af8b1fc35009b2"", ""userInputs"": [{""userID"": 405, ""milesRequested"": 20, ""WhPerMile"": 500, ""minutesAvailable"": 317, ""modifiedAt"": ""Tue, 09 Apr 2019 00:39:48 GMT"", ""paymentRequired"": true, ""requestedDeparture"": ""Tue, 09 Apr 2019 05:55:45 GMT"", ""kWhRequested"": 10.0}], ""user",success
2026-08-17T00:49:25.764320+00:00,jpl:2019-04-16:2019-04-23:page1,1,https://ev.caltech.edu/api/v1/sessions/jpl?where=connectionTime%3E%3D%22Tue%2C+16+Apr+2019+00%3A00%3A00+GMT%22+and+connectionTime%3C%22Tue%2C+23+Apr+2019+00%3A00%3A00+GMT%22+and+kWhDelivered%3E%3D0.0&sort=-connectionTime,200,application/json,18077,0.9581700259996069,"{""_items"": [{""_id"": ""5cd374e1f9af8b70b9789e43"", ""userInputs"": null, ""userID"": null, ""sessionID"": ""1_1_193_829_2019-04-22 23:39:27.678017"", ""stationID"": ""1-1-193-829"", ""spaceID"": ""AG-1F03"", ""siteID"": ""0001"", ""clusterID"": ""0001"", ""connectionTime"": ""Mon, 22 Apr 2019 23:39:28 GMT"", ""disconnectTime"": ""Tu",success
2026-08-17T00:49:26.686505+00:00,jpl:2019-04-16:2019-04-23:page2,1,"https://ev.caltech.edu/api/v1/sessions/jpl?where=connectionTime%3E=%22Tue,%2016%20Apr%202019%2000:00:00%20GMT%22%20and%20connectionTime%3C%22Tue,%2023%20Apr%202019%2000:00:00%20GMT%22%20and%20kWhDelivered%3E=0.0&sort=-connectionTime&page=2",200,application/json,18313,0.6636153059998833,"{""_items"": [{""_id"": ""5cd374e1f9af8b70b9789e2a"", ""userInputs"": [{""userID"": 474, ""milesRequested"": 110, ""WhPerMile"": 600, ""minutesAvailable"": 573, ""modifiedAt"": ""Mon, 22 Apr 2019 14:38:47 GMT"", ""paymentRequired"": true, ""requestedDeparture"": ""Tue, 23 Apr 2019 00:11:37 GMT"", ""kWhRequested"": 66.0}], ""use",success
2026-08-17T00:49:27.606806+00:00,jpl:2019-04-16:2019-04-23:page3,1,"https://ev.caltech.edu/api/v1/sessions/jpl?where=connectionTime%3E=%22Tue,%2016%20Apr%202019%2000:00:00%20GMT%22%20and%20connectionTime%3C%22Tue,%2023%20Apr%202019%2000:00:00%20GMT%22%20and%20kWhDelivered%3E=0.0&sort=-connectionTime&page=3",200,application/json,17839,0.6617610160001277,"{""_items"": [{""_id"": ""5cd374e1f9af8b70b9789e11"", ""userInputs"": [{""userID"": 387, ""milesRequested"": 220, ""WhPerMile"": 326, ""minutesAvailable"": 546, ""modifiedAt"": ""Mon, 22 Apr 2019 13:56:47 GMT"", ""paymentRequired"": true, ""requestedDeparture"": ""Mon, 22 Apr 2019 23:02:40 GMT"", ""kWhRequested"": 71.72}], ""us",success
2026-08-17T00:49:28.527811+00:00,jpl:2019-04-16:2019-04-23:page4,1,"https://ev.caltech.edu/api/v1/sessions/jpl?where=connectionTime%3E=%22Tue,%2016%20Apr%202019%2000:00:00%20GMT%22%20and%20connectionTime%3C%22Tue,%2023%20Apr%202019%2000:00:00%20GMT%22%20and%20kWhDelivered%3E=0.0&sort=-connectionTime&page=4",200,application/json,20168,0.6628178909995768,"{""_items"": [{""_id"": ""5cd1c809f9af8b68ba0a63ec"", ""userInputs"": [{""userID"": 364, ""milesRequested"": 140, ""WhPerMile"": 400, ""minutesAvailable"": 293, ""modifiedAt"": ""Sun, 21 Apr 2019 16:13:14 GMT"", ""paymentRequired"": true, ""requestedDeparture"": ""Sun, 21 Apr 2019 21:05:45 GMT"", ""kWhRequested"": 56.0}], ""use",success
2026-08-17T00:49:29.152340+00:00,jpl:2019-04-16:2019-04-23:page5,1,"https://ev.caltech.edu/api/v1/sessions/jpl?where=connectionTime%3E=%22Tue,%2016%20Apr%202019%2000:00:00%20GMT%22%20and%20connectionTime%3C%22Tue,%2023%20Apr%202019%2000:00:00%20GMT%22%20and%20kWhDelivered%3E=0.0&sort=-connectionTime&page=5",200,application/json,17856,0.36712803299997177,"{""_items"": [{""_id"": ""5ccf805cf9af8b58ec66a926"", ""userInputs"": [{""userID"": 1370, ""milesRequested"": 120, ""WhPerMile"": 467, ""minutesAvailable"": 261, ""modifiedAt"": ""Fri, 19 Apr 2019 19:01:47 GMT"", ""paymentRequired"": true, ""requestedDeparture"": ""Fri, 19 Apr 2019 23:22:45 GMT"", ""kWhRequested"": 56.04}], ""u",success
2026-08-17T00:49:29.821385+00:00,jpl:2019-04-16:2019-04-23:page6,1,"https://ev.caltech.edu/api/v1/sessions/jpl?where=connectionTime%3E=%22Tue,%2016%20Apr%202019%2000:00:00%20GMT%22%20and%20connectionTime%3C%22Tue,%2023%20Apr%202019%2000:00:00%20GMT%22%20and%20kWhDelivered%3E=0.0&sort=-connectionTime&page=6",200,application/json,19707,0.41418830000020534,"{""_items"": [{""_id"": ""5ccf805cf9af8b58ec66a90d"", ""userInputs"": [{""userID"": 373, ""milesRequested"": 40, ""WhPerMile"": 400, ""minutesAvailable"": 434, ""modifiedAt"": ""Fri, 19 Apr 2019 14:17:43 GMT"", ""paymentRequired"": true, ""requestedDeparture"": ""Fri, 19 Apr 2019 21:30:35 GMT"", ""kWhRequested"": 16.0}, {""user",success
2026-08-17T00:49:30.565677+00:00,jpl:2019-04-16:2019-04-23:page7,1,"https://ev.caltech.edu/api/v1/sessions/jpl?where=connectionTime%3E=%22Tue,%2016%20Apr%202019%2000:00:00%20GMT%22%20and%20connectionTime%3C%22Tue,%2023%20Apr%202019%2000:00:00%20GMT%22%20and%20kWhDelivered%3E=0.0&sort=-connectionTime&page=7",200,application/json,19945,0.4845266160000392,"{""_items"": [{""_id"": ""5ccf805cf9af8b58ec66a8f4"", ""userInputs"": [{""userID"": 483, ""milesRequested"": 20, ""WhPerMile"": 350, ""minutesAvailable"": 574, ""modifiedAt"": ""Fri, 19 Apr 2019 12:54:20 GMT"", ""paymentRequired"": true, ""requestedDeparture"": ""Fri, 19 Apr 2019 22:28:07 GMT"", ""kWhRequested"": 7.0}], ""userI",success
2026-08-17T00:49:31.069725+00:00,jpl:2019-04-16:2019-04-23:page8,1,"https://ev.caltech.edu/api/v1/sessions/jpl?where=connectionTime%3E=%22Tue,%2016%20Apr%202019%2000:00:00%20GMT%22%20and%20connectionTime%3C%22Tue,%2023%20Apr%202019%2000:00:00%20GMT%22%20and%20kWhDelivered%3E=0.0&sort=-connectionTime&page=8",200,application/json,17847,0.2447923969994008,"{""_items"": [{""_id"": ""5cce2f47f9af8b558e49f485"", ""userInputs"": [{""userID"": 481, ""milesRequested"": 188, ""WhPerMile"": 400, ""minutesAvailable"": 717, ""modifiedAt"": ""Thu, 18 Apr 2019 15:26:12 GMT"", ""paymentRequired"": true, ""requestedDeparture"": ""Fri, 19 Apr 2019 03:23:07 GMT"", ""kWhRequested"": 75.2}], ""use",success
2026-08-17T00:49:31.571258+00:00,jpl:2019-04-16:2019-04-23:page9,1,"https://ev.caltech.edu/api/v1/sessions/jpl?where=connectionTime%3E=%22Tue,%2016%20Apr%202019%2000:00:00%20GMT%22%20and%20connectionTime%3C%22Tue,%2023%20Apr%202019%2000:00:00%20GMT%22%20and%20kWhDelivered%3E=0.0&sort=-connectionTime&page=9",200,application/json,18552,0.2459389209998335,"{""_items"": [{""_id"": ""5cce2f47f9af8b558e49f46c"", ""userInputs"": null, ""userID"": null, ""sessionID"": ""1_1_179_796_2019-04-18 14:10:35.095404"", ""stationID"": ""1-1-179-796"", ""spaceID"": ""AG-3F24"", ""siteID"": ""0001"", ""clusterID"": ""0001"", ""connectionTime"": ""Thu, 18 Apr 2019 14:10:35 GMT"", ""disconnectTime"": ""Th",success
2026-08-17T00:49:32.261253+00:00,jpl:2019-04-16:2019-04-23:page10,1,"https://ev.caltech.edu/api/v1/sessions/jpl?where=connectionTime%3E=%22Tue,%2016%20Apr%202019%2000:00:00%20GMT%22%20and%20connectionTime%3C%22Tue,%2023%20Apr%202019%2000:00:00%20GMT%22%20and%20kWhDelivered%3E=0.0&sort=-connectionTime&page=10",200,application/json,20176,0.4319166010000117,"{""_items"": [{""_id"": ""5cce2f47f9af8b558e49f453"", ""userInputs"": [{""userID"": 521, ""milesRequested"": 40, ""WhPerMile"": 400, ""minutesAvailable"": 60, ""modifiedAt"": ""Thu, 18 Apr 2019 11:35:10 GMT"", ""paymentRequired"": true, ""requestedDeparture"": ""Thu, 18 Apr 2019 12:35:08 GMT"", ""kWhRequested"": 16.0}], ""userI",success
2026-08-17T00:49:32.933053+00:00,jpl:2019-04-16:2019-04-23:page11,1,"https://ev.caltech.edu/api/v1/sessions/jpl?where=connectionTime%3E=%22Tue,%2016%20Apr%202019%2000:00:00%20GMT%22%20and%20connectionTime%3C%22Tue,%2023%20Apr%202019%2000:00:00%20GMT%22%20and%20kWhDelivered%3E=0.0&sort=-connectionTime&page=11",200,application/json,19014,0.41115325200007646,"{""_items"": [{""_id"": ""5cce2f03f9af8b558e49f43a"", ""userInputs"": [{""userID"": 425, ""milesRequested"": 23, ""WhPerMile"": 350, ""minutesAvailable"": 539, ""modifiedAt"": ""Wed, 17 Apr 2019 14:32:02 GMT"", ""paymentRequired"": true, ""requestedDeparture"": ""Wed, 17 Apr 2019 23:31:02 GMT"", ""kWhRequested"": 8.05}], ""user",success
2026-08-17T00:49:33.606820+00:00,jpl:2019-04-16:2019-04-23:page12,1,"https://ev.caltech.edu/api/v1/sessions/jpl?where=connectionTime%3E=%22Tue,%2016%20Apr%202019%2000:00:00%20GMT%22%20and%20connectionTime%3C%22Tue,%2023%20Apr%202019%2000:00:00%20GMT%22%20and%20kWhDelivered%3E=0.0&sort=-connectionTime&page=12",200,application/json,18992,0.4149069329996564,"{""_items"": [{""_id"": ""5cce2f03f9af8b558e49f421"", ""userInputs"": [{""userID"": 322, ""milesRequested"": 70, ""WhPerMile"": 313, ""minutesAvailable"": 365, ""modifiedAt"": ""Wed, 17 Apr 2019 13:24:58 GMT"", ""paymentRequired"": true, ""requestedDeparture"": ""Wed, 17 Apr 2019 19:29:36 GMT"", ""kWhRequested"": 21.91}], ""use",success
2026-08-17T00:49:34.281065+00:00,jpl:2019-04-16:2019-04-23:page13,1,"https://ev.caltech.edu/api/v1/sessions/jpl?where=connectionTime%3E=%22Tue,%2016%20Apr%202019%2000:00:00%20GMT%22%20and%20connectionTime%3C%22Tue,%2023%20Apr%202019%2000:00:00%20GMT%22%20and%20kWhDelivered%3E=0.0&sort=-connectionTime&page=13",200,application/json,19492,0.41600433100029477,"{""_items"": [{""_id"": ""5ccb8be3f9af8b4d9721df56"", ""userInputs"": [{""userID"": 2221, ""milesRequested"": 30, ""WhPerMile"": 333, ""minutesAvailable"": 57, ""modifiedAt"": ""Tue, 16 Apr 2019 21:11:36 GMT"", ""paymentRequired"": true, ""requestedDeparture"": ""Tue, 16 Apr 2019 22:07:26 GMT"", ""kWhRequested"": 9.99}], ""user",success
2026-08-17T00:49:34.942064+00:00,jpl:2019-04-16:2019-04-23:page14,1,"https://ev.caltech.edu/api/v1/sessions/jpl?where=connectionTime%3E=%22Tue,%2016%20Apr%202019%2000:00:00%20GMT%22%20and%20connectionTime%3C%22Tue,%2023%20Apr%202019%2000:00:00%20GMT%22%20and%20kWhDelivered%3E=0.0&sort=-connectionTime&page=14",200,application/json,19256,0.40455950100022164,"{""_items"": [{""_id"": ""5ccb8be3f9af8b4d9721df3d"", ""userInputs"": [{""userID"": 1813, ""milesRequested"": 100, ""WhPerMile"": 357, ""minutesAvailable"": 347, ""modifiedAt"": ""Tue, 16 Apr 2019 14:18:10 GMT"", ""paymentRequired"": true, ""requestedDeparture"": ""Tue, 16 Apr 2019 20:04:10 GMT"", ""kWhRequested"": 35.7}], ""us",success
2026-08-17T00:49:35.416533+00:00,jpl:2019-04-16:2019-04-23:page15,1,"https://ev.caltech.edu/api/v1/sessions/jpl?where=connectionTime%3E=%22Tue,%2016%20Apr%202019%2000:00:00%20GMT%22%20and%20connectionTime%3C%22Tue,%2023%20Apr%202019%2000:00:00%20GMT%22%20and%20kWhDelivered%3E=0.0&sort=-connectionTime&page=15",200,application/json,9468,0.21886214300047868,"{""_items"": [{""_id"": ""5ccb8be3f9af8b4d9721df24"", ""userInputs"": [{""userID"": 419, ""milesRequested"": 90, ""WhPerMile"": 600, ""minutesAvailable"": 579, ""modifiedAt"": ""Tue, 16 Apr 2019 13:27:19 GMT"", ""paymentRequired"": true, ""requestedDeparture"": ""Tue, 16 Apr 2019 23:06:00 GMT"", ""kWhRequested"": 54.0}], ""user",success
2026-08-17T00:49:37.335680+00:00,jpl:2019-04-23:2019-04-30:page1,1,https://ev.caltech.edu/api/v1/sessions/jpl?where=connectionTime%3E%3D%22Tue%2C+23+Apr+2019+00%3A00%3A00+GMT%22+and+connectionTime%3C%22Tue%2C+30+Apr+2019+00%3A00%3A00+GMT%22+and+kWhDelivered%3E%3D0.0&sort=-connectionTime,200,application/json,20868,0.9133193440002287,"{""_items"": [{""_id"": ""5cdcaf5df9af8b0e49d1a330"", ""userInputs"": [{""userID"": 2299, ""milesRequested"": 50, ""WhPerMile"": 400, ""minutesAvailable"": 339, ""modifiedAt"": ""Mon, 29 Apr 2019 23:45:47 GMT"", ""paymentRequired"": true, ""requestedDeparture"": ""Tue, 30 Apr 2019 05:24:47 GMT"", ""kWhRequested"": 20.0}, {""use",success
2026-08-17T00:49:38.255634+00:00,jpl:2019-04-23:2019-04-30:page2,1,"https://ev.caltech.edu/api/v1/sessions/jpl?where=connectionTime%3E=%22Tue,%2023%20Apr%202019%2000:00:00%20GMT%22%20and%20connectionTime%3C%22Tue,%2030%20Apr%202019%2000:00:00%20GMT%22%20and%20kWhDelivered%3E=0.0&sort=-connectionTime&page=2",200,application/json,17841,0.6605830140006219,"{""_items"": [{""_id"": ""5cdcaf5df9af8b0e49d1a317"", ""userInputs"": [{""userID"": 828, ""milesRequested"": 20, ""WhPerMile"": 400, ""minutesAvailable"": 375, ""modifiedAt"": ""Mon, 29 Apr 2019 14:42:59 GMT"", ""paymentRequired"": true, ""requestedDeparture"": ""Mon, 29 Apr 2019 20:57:43 GMT"", ""kWhRequested"": 8.0}], ""userI",success
2026-08-17T00:49:39.044625+00:00,jpl:2019-04-23:2019-04-30:page3,1,"https://ev.caltech.edu/api/v1/sessions/jpl?where=connectionTime%3E=%22Tue,%2023%20Apr%202019%2000:00:00%20GMT%22%20and%20connectionTime%3C%22Tue,%2030%20Apr%202019%2000:00:00%20GMT%22%20and%20kWhDelivered%3E=0.0&sort=-connectionTime&page=3",200,application/json,19705,0.5318567879994589,"{""_items"": [{""_id"": ""5cdcaf5df9af8b0e49d1a2fe"", ""userInputs"": [{""userID"": 463, ""milesRequested"": 50, ""WhPerMile"": 400, ""minutesAvailable"": 256, ""modifiedAt"": ""Mon, 29 Apr 2019 13:49:08 GMT"", ""paymentRequired"": true, ""requestedDeparture"": ""Mon, 29 Apr 2019 18:04:57 GMT"", ""kWhRequested"": 20.0}], ""user",success
2026-08-17T00:49:39.814281+00:00,jpl:2019-04-23:2019-04-30:page4,1,"https://ev.caltech.edu/api/v1/sessions/jpl?where=connectionTime%3E=%22Tue,%2023%20Apr%202019%2000:00:00%20GMT%22%20and%20connectionTime%3C%22Tue,%2030%20Apr%202019%2000:00:00%20GMT%22%20and%20kWhDelivered%3E=0.0&sort=-connectionTime&page=4",200,application/json,21781,0.5098452519996499,"{""_items"": [{""_id"": ""5cd8babaf9af8b01717147b2"", ""userInputs"": [{""userID"": 1974, ""milesRequested"": 60, ""WhPerMile"": 333, ""minutesAvailable"": 184, ""modifiedAt"": ""Fri, 26 Apr 2019 22:39:46 GMT"", ""paymentRequired"": true, ""requestedDeparture"": ""Sat, 27 Apr 2019 00:13:48 GMT"", ""kWhRequested"": 19.98}], ""us",success
2026-08-17T00:49:40.498313+00:00,jpl:2019-04-23:2019-04-30:page5,1,"https://ev.caltech.edu/api/v1/sessions/jpl?where=connectionTime%3E=%22Tue,%2023%20Apr%202019%2000:00:00%20GMT%22%20and%20connectionTime%3C%22Tue,%2030%20Apr%202019%2000:00:00%20GMT%22%20and%20kWhDelivered%3E=0.0&sort=-connectionTime&page=5",200,application/json,24352,0.4277803959994344,"{""_items"": [{""_id"": ""5cd8babaf9af8b0171714799"", ""userInputs"": [{""userID"": 577, ""milesRequested"": 20, ""WhPerMile"": 333, ""minutesAvailable"": 493, ""modifiedAt"": ""Fri, 26 Apr 2019 14:41:40 GMT"", ""paymentRequired"": true, ""requestedDeparture"": ""Fri, 26 Apr 2019 22:54:35 GMT"", ""kWhRequested"": 6.66}], ""user",success
2026-08-17T00:49:40.981123+00:00,jpl:2019-04-23:2019-04-30:page6,1,"https://ev.caltech.edu/api/v1/sessions/jpl?where=connectionTime%3E=%22Tue,%2023%20Apr%202019%2000:00:00%20GMT%22%20and%20connectionTime%3C%22Tue,%2030%20Apr%202019%2000:00:00%20GMT%22%20and%20kWhDelivered%3E=0.0&sort=-connectionTime&page=6",200,application/json,18553,0.22199628799990023,"{""_items"": [{""_id"": ""5cd7695bf9af8b7c3f53e42e"", ""userInputs"": [{""userID"": 428, ""milesRequested"": 50, ""WhPerMile"": 333, ""minutesAvailable"": 125, ""modifiedAt"": ""Thu, 25 Apr 2019 14:50:49 GMT"", ""paymentRequired"": true, ""requestedDeparture"": ""Thu, 25 Apr 2019 16:55:26 GMT"", ""kWhRequested"": 16.65}], ""use",success
2026-08-17T00:49:41.462171+00:00,jpl:2019-04-23:2019-04-30:page7,1,"https://ev.caltech.edu/api/v1/sessions/jpl?where=connectionTime%3E=%22Tue,%2023%20Apr%202019%2000:00:00%20GMT%22%20and%20connectionTime%3C%22Tue,%2030%20Apr%202019%2000:00:00%20GMT%22%20and%20kWhDelivered%3E=0.0&sort=-connectionTime&page=7",200,application/json,18073,0.22336413399989397,"{""_items"": [{""_id"": ""5cd7695bf9af8b7c3f53e415"", ""userInputs"": null, ""userID"": null, ""sessionID"": ""1_1_179_794_2019-04-25 14:08:44.293911"", ""stationID"": ""1-1-179-794"", ""spaceID"": ""AG-3F20"", ""siteID"": ""0001"", ""clusterID"": ""0001"", ""connectionTime"": ""Thu, 25 Apr 2019 14:08:44 GMT"", ""disconnectTime"": ""Fr",success
2026-08-17T00:49:42.110807+00:00,jpl:2019-04-23:2019-04-30:page8,1,"https://ev.caltech.edu/api/v1/sessions/jpl?where=connectionTime%3E=%22Tue,%2023%20Apr%202019%2000:00:00%20GMT%22%20and%20connectionTime%3C%22Tue,%2030%20Apr%202019%2000:00:00%20GMT%22%20and%20kWhDelivered%3E=0.0&sort=-connectionTime&page=8",200,application/json,21567,0.39027733500006434,"{""_items"": [{""_id"": ""5cd7695bf9af8b7c3f53e3fc"", ""userInputs"": [{""userID"": 406, ""milesRequested"": 40, ""WhPerMile"": 400, ""minutesAvailable"": 603, ""modifiedAt"": ""Thu, 25 Apr 2019 12:43:40 GMT"", ""paymentRequired"": true, ""requestedDeparture"": ""Thu, 25 Apr 2019 22:46:17 GMT"", ""kWhRequested"": 16.0}], ""user",success
2026-08-17T00:49:42.604510+00:00,jpl:2019-04-23:2019-04-30:page9,1,"https://ev.caltech.edu/api/v1/sessions/jpl?where=connectionTime%3E=%22Tue,%2023%20Apr%202019%2000:00:00%20GMT%22%20and%20connectionTime%3C%22Tue,%2030%20Apr%202019%2000:00:00%20GMT%22%20and%20kWhDelivered%3E=0.0&sort=-connectionTime&page=9",200,application/json,18089,0.23540898400005972,"{""_items"": [{""_id"": ""5cd617e6f9af8b785a018446"", ""userInputs"": [{""userID"": 1180, ""milesRequested"": 27, ""WhPerMile"": 375, ""minutesAvailable"": 238, ""modifiedAt"": ""Wed, 24 Apr 2019 14:33:25 GMT"", ""paymentRequired"": true, ""requestedDeparture"": ""Wed, 24 Apr 2019 18:31:20 GMT"", ""kWhRequested"": 10.125}], ""u",success
2026-08-17T00:49:43.269103+00:00,jpl:2019-04-23:2019-04-30:page10,1,"https://ev.caltech.edu/api/v1/sessions/jpl?where=connectionTime%3E=%22Tue,%2023%20Apr%202019%2000:00:00%20GMT%22%20and%20connectionTime%3C%22Tue,%2030%20Apr%202019%2000:00:00%20GMT%22%20and%20kWhDelivered%3E=0.0&sort=-connectionTime&page=10",200,application/json,19246,0.4080744050006615,"{""_items"": [{""_id"": ""5cd617e6f9af8b785a01842d"", ""userInputs"": [{""userID"": 361, ""milesRequested"": 180, ""WhPerMile"": 300, ""minutesAvailable"": 602, ""modifiedAt"": ""Wed, 24 Apr 2019 13:56:51 GMT"", ""paymentRequired"": true, ""requestedDeparture"": ""Wed, 24 Apr 2019 23:58:37 GMT"", ""kWhRequested"": 54.0}, {""use",success
2026-08-17T00:49:43.935033+00:00,jpl:2019-04-23:2019-04-30:page11,1,"https://ev.caltech.edu/api/v1/sessions/jpl?where=connectionTime%3E=%22Tue,%2023%20Apr%202019%2000:00:00%20GMT%22%20and%20connectionTime%3C%22Tue,%2030%20Apr%202019%2000:00:00%20GMT%22%20and%20kWhDelivered%3E=0.0&sort=-connectionTime&page=11",200,application/json,22973,0.4098605259996475,"{""_items"": [{""_id"": ""5cd4c65ef9af8b748c46638a"", ""userInputs"": [{""userID"": 1989, ""milesRequested"": 80, ""WhPerMile"": 250, ""minutesAvailable"": 204, ""modifiedAt"": ""Wed, 24 Apr 2019 01:48:36 GMT"", ""paymentRequired"": true, ""requestedDeparture"": ""Wed, 24 Apr 2019 05:12:37 GMT"", ""kWhRequested"": 20.0}, {""use",success
2026-08-17T00:49:44.430629+00:00,jpl:2019-04-23:2019-04-30:page12,1,"https://ev.caltech.edu/api/v1/sessions/jpl?where=connectionTime%3E=%22Tue,%2023%20Apr%202019%2000:00:00%20GMT%22%20and%20connectionTime%3C%22Tue,%2030%20Apr%202019%2000:00:00%20GMT%22%20and%20kWhDelivered%3E=0.0&sort=-connectionTime&page=12",200,application/json,18783,0.23879098999987036,"{""_items"": [{""_id"": ""5cd4c65ef9af8b748c466371"", ""userInputs"": [{""userID"": 2176, ""milesRequested"": 200, ""WhPerMile"": 250, ""minutesAvailable"": 620, ""modifiedAt"": ""Tue, 23 Apr 2019 14:34:14 GMT"", ""paymentRequired"": true, ""requestedDeparture"": ""Wed, 24 Apr 2019 00:53:58 GMT"", ""kWhRequested"": 50.0}, {""us",success
2026-08-17T00:49:45.085654+00:00,jpl:2019-04-23:2019-04-30:page13,1,"https://ev.caltech.edu/api/v1/sessions/jpl?where=connectionTime%3E=%22Tue,%2023%20Apr%202019%2000:00:00%20GMT%22%20and%20connectionTime%3C%22Tue,%2030%20Apr%202019%2000:00:00%20GMT%22%20and%20kWhDelivered%3E=0.0&sort=-connectionTime&page=13",200,application/json,19235,0.3988703199993324,"{""_items"": [{""_id"": ""5cd4c65ef9af8b748c466358"", ""userInputs"": [{""userID"": 365, ""milesRequested"": 30, ""WhPerMile"": 333, ""minutesAvailable"": 474, ""modifiedAt"": ""Tue, 23 Apr 2019 13:54:03 GMT"", ""paymentRequired"": true, ""requestedDeparture"": ""Tue, 23 Apr 2019 21:47:41 GMT"", ""kWhRequested"": 9.99}], ""user",success
2026-08-17T00:49:45.557612+00:00,jpl:2019-04-23:2019-04-30:page14,1,"https://ev.caltech.edu/api/v1/sessions/jpl?where=connectionTime%3E=%22Tue,%2023%20Apr%202019%2000:00:00%20GMT%22%20and%20connectionTime%3C%22Tue,%2030%20Apr%202019%2000:00:00%20GMT%22%20and%20kWhDelivered%3E=0.0&sort=-connectionTime&page=14",200,application/json,6144,0.21262016000036965,"{""_items"": [{""_id"": ""5cd4c65ef9af8b748c46633f"", ""userInputs"": [{""userID"": 467, ""milesRequested"": 40, ""WhPerMile"": 425, ""minutesAvailable"": 426, ""modifiedAt"": ""Tue, 23 Apr 2019 12:17:26 GMT"", ""paymentRequired"": true, ""requestedDeparture"": ""Tue, 23 Apr 2019 19:23:06 GMT"", ""kWhRequested"": 17.0}], ""user",success
2026-08-17T00:49:47.575200+00:00,jpl:2019-04-30:2019-05-07:page1,1,https://ev.caltech.edu/api/v1/sessions/jpl?where=connectionTime%3E%3D%22Tue%2C+30+Apr+2019+00%3A00%3A00+GMT%22+and+connectionTime%3C%22Tue%2C+07+May+2019+00%3A00%3A00+GMT%22+and+kWhDelivered%3E%3D0.0&sort=-connectionTime,200,application/json,18539,1.0087635310001133,"{""_items"": [{""_id"": ""5ce5e9daf9af8b325aae4c3c"", ""userInputs"": [{""userID"": 1169, ""milesRequested"": 40, ""WhPerMile"": 200, ""minutesAvailable"": 105, ""modifiedAt"": ""Tue, 07 May 2019 00:34:35 GMT"", ""paymentRequired"": true, ""requestedDeparture"": ""Tue, 07 May 2019 01:29:17 GMT"", ""kWhRequested"": 8.0}], ""user",success
2026-08-17T00:49:48.599224+00:00,jpl:2019-04-30:2019-05-07:page2,1,"https://ev.caltech.edu/api/v1/sessions/jpl?where=connectionTime%3E=%22Tue,%2030%20Apr%202019%2000:00:00%20GMT%22%20and%20connectionTime%3C%22Tue,%2007%20May%202019%2000:00:00%20GMT%22%20and%20kWhDelivered%3E=0.0&sort=-connectionTime&page=2",200,application/json,17611,0.7693390399999771,"{""_items"": [{""_id"": ""5ce5e9daf9af8b325aae4c23"", ""userInputs"": [{""userID"": 1370, ""milesRequested"": 170, ""WhPerMile"": 467, ""minutesAvailable"": 474, ""modifiedAt"": ""Mon, 06 May 2019 14:30:40 GMT"", ""paymentRequired"": true, ""requestedDeparture"": ""Mon, 06 May 2019 22:24:40 GMT"", ""kWhRequested"": 79.39}], ""u",success
2026-08-17T00:49:49.316228+00:00,jpl:2019-04-30:2019-05-07:page3,1,"https://ev.caltech.edu/api/v1/sessions/jpl?where=connectionTime%3E=%22Tue,%2030%20Apr%202019%2000:00:00%20GMT%22%20and%20connectionTime%3C%22Tue,%2007%20May%202019%2000:00:00%20GMT%22%20and%20kWhDelivered%3E=0.0&sort=-connectionTime&page=3",200,application/json,18089,0.46191239600011613,"{""_items"": [{""_id"": ""5ce5e9daf9af8b325aae4c0a"", ""userInputs"": [{""userID"": 416, ""milesRequested"": 100, ""WhPerMile"": 300, ""minutesAvailable"": 449, ""modifiedAt"": ""Mon, 06 May 2019 13:56:37 GMT"", ""paymentRequired"": true, ""requestedDeparture"": ""Mon, 06 May 2019 21:25:21 GMT"", ""kWhRequested"": 30.0}], ""use",success
2026-08-17T00:49:50.238076+00:00,jpl:2019-04-30:2019-05-07:page4,1,"https://ev.caltech.edu/api/v1/sessions/jpl?where=connectionTime%3E=%22Tue,%2030%20Apr%202019%2000:00:00%20GMT%22%20and%20connectionTime%3C%22Tue,%2007%20May%202019%2000:00:00%20GMT%22%20and%20kWhDelivered%3E=0.0&sort=-connectionTime&page=4",200,application/json,19463,0.6634193070003676,"{""_items"": [{""_id"": ""5ce4981bf9af8b26784ed8e0"", ""userInputs"": [{""userID"": 1169, ""milesRequested"": 40, ""WhPerMile"": 200, ""minutesAvailable"": 105, ""modifiedAt"": ""Sun, 05 May 2019 19:04:48 GMT"", ""paymentRequired"": true, ""requestedDeparture"": ""Sun, 05 May 2019 20:49:14 GMT"", ""kWhRequested"": 8.0}], ""user",success
2026-08-17T00:49:50.902478+00:00,jpl:2019-04-30:2019-05-07:page5,1,"https://ev.caltech.edu/api/v1/sessions/jpl?where=connectionTime%3E=%22Tue,%2030%20Apr%202019%2000:00:00%20GMT%22%20and%20connectionTime%3C%22Tue,%2007%20May%202019%2000:00:00%20GMT%22%20and%20kWhDelivered%3E=0.0&sort=-connectionTime&page=5",200,application/json,19493,0.4083572899999126,"{""_items"": [{""_id"": ""5ce1f55bf9af8b1e78b13164"", ""userInputs"": [{""userID"": 1370, ""milesRequested"": 170, ""WhPerMile"": 467, ""minutesAvailable"": 474, ""modifiedAt"": ""Fri, 03 May 2019 20:20:40 GMT"", ""paymentRequired"": true, ""requestedDeparture"": ""Sat, 04 May 2019 04:13:37 GMT"", ""kWhRequested"": 79.39}], ""u",success
2026-08-17T00:49:51.400217+00:00,jpl:2019-04-30:2019-05-07:page6,1,"https://ev.caltech.edu/api/v1/sessions/jpl?where=connectionTime%3E=%22Tue,%2030%20Apr%202019%2000:00:00%20GMT%22%20and%20connectionTime%3C%22Tue,%2007%20May%202019%2000:00:00%20GMT%22%20and%20kWhDelivered%3E=0.0&sort=-connectionTime&page=6",200,application/json,18539,0.2391226199997618,"{""_items"": [{""_id"": ""5ce1f55bf9af8b1e78b1314b"", ""userInputs"": [{""userID"": 531, ""milesRequested"": 110, ""WhPerMile"": 326, ""minutesAvailable"": 466, ""modifiedAt"": ""Fri, 03 May 2019 14:17:33 GMT"", ""paymentRequired"": true, ""requestedDeparture"": ""Fri, 03 May 2019 22:03:01 GMT"", ""kWhRequested"": 35.86}], ""us",success
2026-08-17T00:49:52.068297+00:00,jpl:2019-04-30:2019-05-07:page7,1,"https://ev.caltech.edu/api/v1/sessions/jpl?where=connectionTime%3E=%22Tue,%2030%20Apr%202019%2000:00:00%20GMT%22%20and%20connectionTime%3C%22Tue,%2007%20May%202019%2000:00:00%20GMT%22%20and%20kWhDelivered%3E=0.0&sort=-connectionTime&page=7",200,application/json,22944,0.4133945310004492,"{""_items"": [{""_id"": ""5ce1f55bf9af8b1e78b13132"", ""userInputs"": [{""userID"": 507, ""milesRequested"": 290, ""WhPerMile"": 250, ""minutesAvailable"": 687, ""modifiedAt"": ""Fri, 03 May 2019 13:27:06 GMT"", ""paymentRequired"": true, ""requestedDeparture"": ""Sat, 04 May 2019 00:53:56 GMT"", ""kWhRequested"": 72.5}], ""use",success
2026-08-17T00:49:52.571635+00:00,jpl:2019-04-30:2019-05-07:page8,1,"https://ev.caltech.edu/api/v1/sessions/jpl?where=connectionTime%3E=%22Tue,%2030%20Apr%202019%2000:00:00%20GMT%22%20and%20connectionTime%3C%22Tue,%2007%20May%202019%2000:00:00%20GMT%22%20and%20kWhDelivered%3E=0.0&sort=-connectionTime&page=8",200,application/json,18999,0.24651886599986028,"{""_items"": [{""_id"": ""5ce0a3d9f9af8b1a6e2c707a"", ""userInputs"": [{""userID"": 425, ""milesRequested"": 23, ""WhPerMile"": 350, ""minutesAvailable"": 98, ""modifiedAt"": ""Thu, 02 May 2019 22:44:22 GMT"", ""paymentRequired"": true, ""requestedDeparture"": ""Fri, 03 May 2019 00:21:55 GMT"", ""kWhRequested"": 8.05}], ""userI",success
2026-08-17T00:49:53.063443+00:00,jpl:2019-04-30:2019-05-07:page9,1,"https://ev.caltech.edu/api/v1/sessions/jpl?where=connectionTime%3E=%22Tue,%2030%20Apr%202019%2000:00:00%20GMT%22%20and%20connectionTime%3C%22Tue,%2007%20May%202019%2000:00:00%20GMT%22%20and%20kWhDelivered%3E=0.0&sort=-connectionTime&page=9",200,application/json,17851,0.23702370499995595,"{""_items"": [{""_id"": ""5ce0a3d9f9af8b1a6e2c7061"", ""userInputs"": [{""userID"": 1627, ""milesRequested"": 30, ""WhPerMile"": 400, ""minutesAvailable"": 646, ""modifiedAt"": ""Thu, 02 May 2019 14:13:43 GMT"", ""paymentRequired"": true, ""requestedDeparture"": ""Fri, 03 May 2019 00:59:36 GMT"", ""kWhRequested"": 12.0}], ""use",success
2026-08-17T00:49:53.736500+00:00,jpl:2019-04-30:2019-05-07:page10,1,"https://ev.caltech.edu/api/v1/sessions/jpl?where=connectionTime%3E=%22Tue,%2030%20Apr%202019%2000:00:00%20GMT%22%20and%20connectionTime%3C%22Tue,%2007%20May%202019%2000:00:00%20GMT%22%20and%20kWhDelivered%3E=0.0&sort=-connectionTime&page=10",200,application/json,19705,0.4135218540004644,"{""_items"": [{""_id"": ""5ce0a3d9f9af8b1a6e2c7048"", ""userInputs"": [{""userID"": 2187, ""milesRequested"": 50, ""WhPerMile"": 333, ""minutesAvailable"": 212, ""modifiedAt"": ""Thu, 02 May 2019 13:16:44 GMT"", ""paymentRequired"": true, ""requestedDeparture"": ""Thu, 02 May 2019 16:48:15 GMT"", ""kWhRequested"": 16.65}], ""us",success
2026-08-17T00:49:54.435768+00:00,jpl:2019-04-30:2019-05-07:page11,1,"https://ev.caltech.edu/api/v1/sessions/jpl?where=connectionTime%3E=%22Tue,%2030%20Apr%202019%2000:00:00%20GMT%22%20and%20connectionTime%3C%22Tue,%2007%20May%202019%2000:00:00%20GMT%22%20and%20kWhDelivered%3E=0.0&sort=-connectionTime&page=11",200,application/json,20641,0.44187130000045727,"{""_items"": [{""_id"": ""5cdf525df9af8b1497df1d1b"", ""userInputs"": [{""userID"": 474, ""milesRequested"": 110, ""WhPerMile"": 600, ""minutesAvailable"": 136, ""modifiedAt"": ""Wed, 01 May 2019 22:06:58 GMT"", ""paymentRequired"": true, ""requestedDeparture"": ""Thu, 02 May 2019 00:22:39 GMT"", ""kWhRequested"": 66.0}], ""use",success
2026-08-17T00:49:54.936045+00:00,jpl:2019-04-30:2019-05-07:page12,1,"https://ev.caltech.edu/api/v1/sessions/jpl?where=connectionTime%3E=%22Tue,%2030%20Apr%202019%2000:00:00%20GMT%22%20and%20connectionTime%3C%22Tue,%2007%20May%202019%2000:00:00%20GMT%22%20and%20kWhDelivered%3E=0.0&sort=-connectionTime&page=12",200,application/json,19479,0.24413926000033825,"{""_items"": [{""_id"": ""5cdf525df9af8b1497df1d02"", ""userInputs"": [{""userID"": 1648, ""milesRequested"": 20, ""WhPerMile"": 333, ""minutesAvailable"": 517, ""modifiedAt"": ""Wed, 01 May 2019 14:11:27 GMT"", ""paymentRequired"": true, ""requestedDeparture"": ""Wed, 01 May 2019 22:48:27 GMT"", ""kWhRequested"": 6.66}, {""use",success
2026-08-17T00:49:55.442058+00:00,jpl:2019-04-30:2019-05-07:page13,1,"https://ev.caltech.edu/api/v1/sessions/jpl?where=connectionTime%3E=%22Tue,%2030%20Apr%202019%2000:00:00%20GMT%22%20and%20connectionTime%3C%22Tue,%2007%20May%202019%2000:00:00%20GMT%22%20and%20kWhDelivered%3E=0.0&sort=-connectionTime&page=13",200,application/json,20170,0.2480525660002968,"{""_items"": [{""_id"": ""5cdf525df9af8b1497df1ce9"", ""userInputs"": [{""userID"": 2187, ""milesRequested"": 50, ""WhPerMile"": 333, ""minutesAvailable"": 212, ""modifiedAt"": ""Wed, 01 May 2019 13:15:52 GMT"", ""paymentRequired"": true, ""requestedDeparture"": ""Wed, 01 May 2019 16:44:40 GMT"", ""kWhRequested"": 16.65}], ""us",success
2026-08-17T00:49:56.111488+00:00,jpl:2019-04-30:2019-05-07:page14,1,"https://ev.caltech.edu/api/v1/sessions/jpl?where=connectionTime%3E=%22Tue,%2030%20Apr%202019%2000:00:00%20GMT%22%20and%20connectionTime%3C%22Tue,%2007%20May%202019%2000:00:00%20GMT%22%20and%20kWhDelivered%3E=0.0&sort=-connectionTime&page=14",200,application/json,20396,0.4100781819997792,"{""_items"": [{""_id"": ""5cde00e5f9af8b123b067246"", ""userInputs"": [{""userID"": 1989, ""milesRequested"": 200, ""WhPerMile"": 250, ""minutesAvailable"": 468, ""modifiedAt"": ""Tue, 30 Apr 2019 21:30:02 GMT"", ""paymentRequired"": true, ""requestedDeparture"": ""Wed, 01 May 2019 05:18:03 GMT"", ""kWhRequested"": 50.0}], ""us",success
2026-08-17T00:49:56.608960+00:00,jpl:2019-04-30:2019-05-07:page15,1,"https://ev.caltech.edu/api/v1/sessions/jpl?where=connectionTime%3E=%22Tue,%2030%20Apr%202019%2000:00:00%20GMT%22%20and%20connectionTime%3C%22Tue,%2007%20May%202019%2000:00:00%20GMT%22%20and%20kWhDelivered%3E=0.0&sort=-connectionTime&page=15",200,application/json,18564,0.2365098290001697,"{""_items"": [{""_id"": ""5cde00e5f9af8b123b06722d"", ""userInputs"": [{""userID"": 335, ""milesRequested"": 60, ""WhPerMile"": 286, ""minutesAvailable"": 532, ""modifiedAt"": ""Tue, 30 Apr 2019 14:31:51 GMT"", ""paymentRequired"": true, ""requestedDeparture"": ""Tue, 30 Apr 2019 23:23:21 GMT"", ""kWhRequested"": 17.16}], ""use",success
2026-08-17T00:49:57.090451+00:00,jpl:2019-04-30:2019-05-07:page16,1,"https://ev.caltech.edu/api/v1/sessions/jpl?where=connectionTime%3E=%22Tue,%2030%20Apr%202019%2000:00:00%20GMT%22%20and%20connectionTime%3C%22Tue,%2007%20May%202019%2000:00:00%20GMT%22%20and%20kWhDelivered%3E=0.0&sort=-connectionTime&page=16",200,application/json,12563,0.22637120000035793,"{""_items"": [{""_id"": ""5cde00e5f9af8b123b067214"", ""userInputs"": [{""userID"": 334, ""milesRequested"": 40, ""WhPerMile"": 400, ""minutesAvailable"": 439, ""modifiedAt"": ""Tue, 30 Apr 2019 13:44:49 GMT"", ""paymentRequired"": true, ""requestedDeparture"": ""Tue, 30 Apr 2019 21:03:49 GMT"", ""kWhRequested"": 16.0}], ""user",success
2026-08-17T00:49:59.043847+00:00,jpl:2019-05-07:2019-05-14:page1,1,https://ev.caltech.edu/api/v1/sessions/jpl?where=connectionTime%3E%3D%22Tue%2C+07+May+2019+00%3A00%3A00+GMT%22+and+connectionTime%3C%22Tue%2C+14+May+2019+00%3A00%3A00+GMT%22+and+kWhDelivered%3E%3D0.0&sort=-connectionTime,200,application/json,21068,0.9461249340001814,"{""_items"": [{""_id"": ""5cef2471f9af8b7096f0ef3c"", ""userInputs"": null, ""userID"": null, ""sessionID"": ""1_1_194_826_2019-05-13 23:50:16.484864"", ""stationID"": ""1-1-194-826"", ""spaceID"": ""AG-1F11"", ""siteID"": ""0001"", ""clusterID"": ""0001"", ""connectionTime"": ""Mon, 13 May 2019 23:50:16 GMT"", ""disconnectTime"": ""Tu",success
2026-08-17T00:49:59.709413+00:00,jpl:2019-05-07:2019-05-14:page2,1,"https://ev.caltech.edu/api/v1/sessions/jpl?where=connectionTime%3E=%22Tue,%2007%20May%202019%2000:00:00%20GMT%22%20and%20connectionTime%3C%22Tue,%2014%20May%202019%2000:00:00%20GMT%22%20and%20kWhDelivered%3E=0.0&sort=-connectionTime&page=2",200,application/json,18307,0.4067189340003097,"{""_items"": [{""_id"": ""5cef2471f9af8b7096f0ef23"", ""userInputs"": [{""userID"": 336, ""milesRequested"": 60, ""WhPerMile"": 292, ""minutesAvailable"": 327, ""modifiedAt"": ""Mon, 13 May 2019 18:42:11 GMT"", ""paymentRequired"": true, ""requestedDeparture"": ""Mon, 13 May 2019 23:54:57 GMT"", ""kWhRequested"": 17.52}], ""use",success
2026-08-17T00:50:00.463073+00:00,jpl:2019-05-07:2019-05-14:page3,1,"https://ev.caltech.edu/api/v1/sessions/jpl?where=connectionTime%3E=%22Tue,%2007%20May%202019%2000:00:00%20GMT%22%20and%20connectionTime%3C%22Tue,%2014%20May%202019%2000:00:00%20GMT%22%20and%20kWhDelivered%3E=0.0&sort=-connectionTime&page=3",200,application/json,19229,0.4936456209998141,"{""_items"": [{""_id"": ""5cef2471f9af8b7096f0ef0a"", ""userInputs"": [{""userID"": 724, ""milesRequested"": 20, ""WhPerMile"": 288, ""minutesAvailable"": 556, ""modifiedAt"": ""Mon, 13 May 2019 13:55:17 GMT"", ""paymentRequired"": true, ""requestedDeparture"": ""Mon, 13 May 2019 23:10:38 GMT"", ""kWhRequested"": 5.76}], ""user",success
2026-08-17T00:50:01.225927+00:00,jpl:2019-05-07:2019-05-14:page4,1,"https://ev.caltech.edu/api/v1/sessions/jpl?where=connectionTime%3E=%22Tue,%2007%20May%202019%2000:00:00%20GMT%22%20and%20connectionTime%3C%22Tue,%2014%20May%202019%2000:00:00%20GMT%22%20and%20kWhDelivered%3E=0.0&sort=-connectionTime&page=4",200,application/json,19709,0.5072504879999542,"{""_items"": [{""_id"": ""5cef2471f9af8b7096f0eef1"", ""userInputs"": [{""userID"": 2362, ""milesRequested"": 60, ""WhPerMile"": 333, ""minutesAvailable"": 550, ""modifiedAt"": ""Mon, 13 May 2019 12:19:26 GMT"", ""paymentRequired"": true, ""requestedDeparture"": ""Mon, 13 May 2019 21:29:26 GMT"", ""kWhRequested"": 19.98}, {""us",success
2026-08-17T00:50:01.895034+00:00,jpl:2019-05-07:2019-05-14:page5,1,"https://ev.caltech.edu/api/v1/sessions/jpl?where=connectionTime%3E=%22Tue,%2007%20May%202019%2000:00:00%20GMT%22%20and%20connectionTime%3C%22Tue,%2014%20May%202019%2000:00:00%20GMT%22%20and%20kWhDelivered%3E=0.0&sort=-connectionTime&page=5",200,application/json,19465,0.4097573230001217,"{""_items"": [{""_id"": ""5ceb2fbcf9af8b6513780af1"", ""userInputs"": [{""userID"": 318, ""milesRequested"": 30, ""WhPerMile"": 375, ""minutesAvailable"": 211, ""modifiedAt"": ""Fri, 10 May 2019 18:02:58 GMT"", ""paymentRequired"": true, ""requestedDeparture"": ""Fri, 10 May 2019 21:32:11 GMT"", ""kWhRequested"": 11.25}], ""use",success
2026-08-17T00:50:02.571111+00:00,jpl:2019-05-07:2019-05-14:page6,1,"https://ev.caltech.edu/api/v1/sessions/jpl?where=connectionTime%3E=%22Tue,%2007%20May%202019%2000:00:00%20GMT%22%20and%20connectionTime%3C%22Tue,%2014%20May%202019%2000:00:00%20GMT%22%20and%20kWhDelivered%3E=0.0&sort=-connectionTime&page=6",200,application/json,19240,0.4156720310002129,"{""_items"": [{""_id"": ""5ce9de5bf9af8b5fa31d9ba9"", ""userInputs"": null, ""userID"": null, ""sessionID"": ""1_1_194_822_2019-05-10 00:07:57.177732"", ""stationID"": ""1-1-194-822"", ""spaceID"": ""AG-1F12"", ""siteID"": ""0001"", ""clusterID"": ""0001"", ""connectionTime"": ""Fri, 10 May 2019 00:07:57 GMT"", ""disconnectTime"": ""Fr",success
2026-08-17T00:50:03.072895+00:00,jpl:2019-05-07:2019-05-14:page7,1,"https://ev.caltech.edu/api/v1/sessions/jpl?where=connectionTime%3E=%22Tue,%2007%20May%202019%2000:00:00%20GMT%22%20and%20connectionTime%3C%22Tue,%2014%20May%202019%2000:00:00%20GMT%22%20and%20kWhDelivered%3E=0.0&sort=-connectionTime&page=7",200,application/json,17616,0.24315105200003018,"{""_items"": [{""_id"": ""5ce9de5bf9af8b5fa31d9b90"", ""userInputs"": [{""userID"": 576, ""milesRequested"": 100, ""WhPerMile"": 400, ""minutesAvailable"": 489, ""modifiedAt"": ""Thu, 09 May 2019 14:20:06 GMT"", ""paymentRequired"": true, ""requestedDeparture"": ""Thu, 09 May 2019 22:29:04 GMT"", ""kWhRequested"": 40.0}], ""use",success
2026-08-17T00:50:03.742782+00:00,jpl:2019-05-07:2019-05-14:page8,1,"https://ev.caltech.edu/api/v1/sessions/jpl?where=connectionTime%3E=%22Tue,%2007%20May%202019%2000:00:00%20GMT%22%20and%20connectionTime%3C%22Tue,%2014%20May%202019%2000:00:00%20GMT%22%20and%20kWhDelivered%3E=0.0&sort=-connectionTime&page=8",200,application/json,19694,0.41428468199956114,"{""_items"": [{""_id"": ""5ce9de5bf9af8b5fa31d9b77"", ""userInputs"": [{""userID"": 726, ""milesRequested"": 40, ""WhPerMile"": 275, ""minutesAvailable"": 578, ""modifiedAt"": ""Thu, 09 May 2019 13:35:49 GMT"", ""paymentRequired"": true, ""requestedDeparture"": ""Thu, 09 May 2019 23:13:45 GMT"", ""kWhRequested"": 11.0}], ""user",success
2026-08-17T00:50:04.627509+00:00,jpl:2019-05-07:2019-05-14:page9,1,"https://ev.caltech.edu/api/v1/sessions/jpl?where=connectionTime%3E=%22Tue,%2007%20May%202019%2000:00:00%20GMT%22%20and%20connectionTime%3C%22Tue,%2014%20May%202019%2000:00:00%20GMT%22%20and%20kWhDelivered%3E=0.0&sort=-connectionTime&page=9",200,application/json,19253,0.6290332219996344,"{""_items"": [{""_id"": ""5ce88ce2f9af8b5b259d72ee"", ""userInputs"": [{""userID"": 462, ""milesRequested"": 25, ""WhPerMile"": 400, ""minutesAvailable"": 322, ""modifiedAt"": ""Wed, 08 May 2019 23:04:45 GMT"", ""paymentRequired"": true, ""requestedDeparture"": ""Thu, 09 May 2019 04:26:29 GMT"", ""kWhRequested"": 10.0}], ""user",success
2026-08-17T00:50:05.170386+00:00,jpl:2019-05-07:2019-05-14:page10,1,"https://ev.caltech.edu/api/v1/sessions/jpl?where=connectionTime%3E=%22Tue,%2007%20May%202019%2000:00:00%20GMT%22%20and%20connectionTime%3C%22Tue,%2014%20May%202019%2000:00:00%20GMT%22%20and%20kWhDelivered%3E=0.0&sort=-connectionTime&page=10",200,application/json,18783,0.28532526600065466,"{""_items"": [{""_id"": ""5ce88ce2f9af8b5b259d72d5"", ""userInputs"": [{""userID"": 1813, ""milesRequested"": 170, ""WhPerMile"": 326, ""minutesAvailable"": 566, ""modifiedAt"": ""Wed, 08 May 2019 14:28:43 GMT"", ""paymentRequired"": true, ""requestedDeparture"": ""Wed, 08 May 2019 23:52:21 GMT"", ""kWhRequested"": 55.42}], ""u",success
2026-08-17T00:50:05.673991+00:00,jpl:2019-05-07:2019-05-14:page11,1,"https://ev.caltech.edu/api/v1/sessions/jpl?where=connectionTime%3E=%22Tue,%2007%20May%202019%2000:00:00%20GMT%22%20and%20connectionTime%3C%22Tue,%2014%20May%202019%2000:00:00%20GMT%22%20and%20kWhDelivered%3E=0.0&sort=-connectionTime&page=11",200,application/json,18775,0.24508377900019696,"{""_items"": [{""_id"": ""5ce88ce2f9af8b5b259d72bc"", ""userInputs"": [{""userID"": 169, ""milesRequested"": 30, ""WhPerMile"": 600, ""minutesAvailable"": 516, ""modifiedAt"": ""Wed, 08 May 2019 13:34:14 GMT"", ""paymentRequired"": true, ""requestedDeparture"": ""Wed, 08 May 2019 22:06:44 GMT"", ""kWhRequested"": 18.0}], ""user",success
2026-08-17T00:50:06.348061+00:00,jpl:2019-05-07:2019-05-14:page12,1,"https://ev.caltech.edu/api/v1/sessions/jpl?where=connectionTime%3E=%22Tue,%2007%20May%202019%2000:00:00%20GMT%22%20and%20connectionTime%3C%22Tue,%2014%20May%202019%2000:00:00%20GMT%22%20and%20kWhDelivered%3E=0.0&sort=-connectionTime&page=12",200,application/json,19235,0.4195459580005263,"{""_items"": [{""_id"": ""5ce73b61f9af8b385abe7177"", ""userInputs"": [{""userID"": 1805, ""milesRequested"": 30, ""WhPerMile"": 400, ""minutesAvailable"": 182, ""modifiedAt"": ""Tue, 07 May 2019 22:31:22 GMT"", ""paymentRequired"": true, ""requestedDeparture"": ""Wed, 08 May 2019 01:33:11 GMT"", ""kWhRequested"": 12.0}, {""use",success
2026-08-17T00:50:06.853679+00:00,jpl:2019-05-07:2019-05-14:page13,1,"https://ev.caltech.edu/api/v1/sessions/jpl?where=connectionTime%3E=%22Tue,%2007%20May%202019%2000:00:00%20GMT%22%20and%20connectionTime%3C%22Tue,%2014%20May%202019%2000:00:00%20GMT%22%20and%20kWhDelivered%3E=0.0&sort=-connectionTime&page=13",200,application/json,18554,0.24905244799992943,"{""_items"": [{""_id"": ""5ce73b61f9af8b385abe715e"", ""userInputs"": [{""userID"": 592, ""milesRequested"": 120, ""WhPerMile"": 344, ""minutesAvailable"": 543, ""modifiedAt"": ""Tue, 07 May 2019 14:22:00 GMT"", ""paymentRequired"": true, ""requestedDeparture"": ""Tue, 07 May 2019 23:24:13 GMT"", ""kWhRequested"": 41.28}], ""us",success
2026-08-17T00:50:07.347580+00:00,jpl:2019-05-07:2019-05-14:page14,1,"https://ev.caltech.edu/api/v1/sessions/jpl?where=connectionTime%3E=%22Tue,%2007%20May%202019%2000:00:00%20GMT%22%20and%20connectionTime%3C%22Tue,%2014%20May%202019%2000:00:00%20GMT%22%20and%20kWhDelivered%3E=0.0&sort=-connectionTime&page=14",200,application/json,13890,0.2344376459996056,"{""_items"": [{""_id"": ""5ce73b61f9af8b385abe7145"", ""userInputs"": [{""userID"": 344, ""milesRequested"": 50, ""WhPerMile"": 400, ""minutesAvailable"": 273, ""modifiedAt"": ""Tue, 07 May 2019 13:16:35 GMT"", ""paymentRequired"": true, ""requestedDeparture"": ""Tue, 07 May 2019 17:49:17 GMT"", ""kWhRequested"": 20.0}], ""user",success
2026-08-17T00:50:09.387479+00:00,jpl:2019-05-14:2019-05-21:page1,1,https://ev.caltech.edu/api/v1/sessions/jpl?where=connectionTime%3E%3D%22Tue%2C+14+May+2019+00%3A00%3A00+GMT%22+and+connectionTime%3C%22Tue%2C+21+May+2019+00%3A00%3A00+GMT%22+and+kWhDelivered%3E%3D0.0&sort=-connectionTime,200,application/json,17854,1.030731668000044,"{""_items"": [{""_id"": ""5cf85ee3f9af8b11f3749cbc"", ""userInputs"": [{""userID"": 2276, ""milesRequested"": 20, ""WhPerMile"": 400, ""minutesAvailable"": 289, ""modifiedAt"": ""Mon, 20 May 2019 23:58:10 GMT"", ""paymentRequired"": true, ""requestedDeparture"": ""Tue, 21 May 2019 04:46:52 GMT"", ""kWhRequested"": 8.0}, {""user",success
2026-08-17T00:50:10.309362+00:00,jpl:2019-05-14:2019-05-21:page2,1,"https://ev.caltech.edu/api/v1/sessions/jpl?where=connectionTime%3E=%22Tue,%2014%20May%202019%2000:00:00%20GMT%22%20and%20connectionTime%3C%22Tue,%2021%20May%202019%2000:00:00%20GMT%22%20and%20kWhDelivered%3E=0.0&sort=-connectionTime&page=2",200,application/json,18071,0.6651019909995739,"{""_items"": [{""_id"": ""5cf85ee3f9af8b11f3749ca3"", ""userInputs"": [{""userID"": 1239, ""milesRequested"": 50, ""WhPerMile"": 400, ""minutesAvailable"": 515, ""modifiedAt"": ""Mon, 20 May 2019 14:23:23 GMT"", ""paymentRequired"": true, ""requestedDeparture"": ""Mon, 20 May 2019 22:57:42 GMT"", ""kWhRequested"": 20.0}], ""use",success
2026-08-17T00:50:10.946439+00:00,jpl:2019-05-14:2019-05-21:page3,1,"https://ev.caltech.edu/api/v1/sessions/jpl?where=connectionTime%3E=%22Tue,%2014%20May%202019%2000:00:00%20GMT%22%20and%20connectionTime%3C%22Tue,%2021%20May%202019%2000:00:00%20GMT%22%20and%20kWhDelivered%3E=0.0&sort=-connectionTime&page=3",200,application/json,17155,0.379484274000788,"{""_items"": [{""_id"": ""5cf85ee3f9af8b11f3749c8a"", ""userInputs"": [{""userID"": 463, ""milesRequested"": 50, ""WhPerMile"": 400, ""minutesAvailable"": 256, ""modifiedAt"": ""Mon, 20 May 2019 13:45:56 GMT"", ""paymentRequired"": true, ""requestedDeparture"": ""Mon, 20 May 2019 18:01:52 GMT"", ""kWhRequested"": 20.0}], ""user",success
2026-08-17T00:50:11.554660+00:00,jpl:2019-05-14:2019-05-21:page4,1,"https://ev.caltech.edu/api/v1/sessions/jpl?where=connectionTime%3E=%22Tue,%2014%20May%202019%2000:00:00%20GMT%22%20and%20connectionTime%3C%22Tue,%2021%20May%202019%2000:00:00%20GMT%22%20and%20kWhDelivered%3E=0.0&sort=-connectionTime&page=4",200,application/json,17317,0.349361546000182,"{""_items"": [{""_id"": ""5cf70d1af9af8b0b7c6fd8a2"", ""userInputs"": null, ""userID"": null, ""sessionID"": ""1_1_179_799_2019-05-19 18:56:34.615543"", ""stationID"": ""1-1-179-799"", ""spaceID"": ""AG-3F25"", ""siteID"": ""0001"", ""clusterID"": ""0001"", ""connectionTime"": ""Sun, 19 May 2019 18:56:35 GMT"", ""disconnectTime"": ""Su",success
2026-08-17T00:50:12.114208+00:00,jpl:2019-05-14:2019-05-21:page5,1,"https://ev.caltech.edu/api/v1/sessions/jpl?where=connectionTime%3E=%22Tue,%2014%20May%202019%2000:00:00%20GMT%22%20and%20connectionTime%3C%22Tue,%2021%20May%202019%2000:00:00%20GMT%22%20and%20kWhDelivered%3E=0.0&sort=-connectionTime&page=5",200,application/json,13393,0.3012083089997759,"{""_items"": [{""_id"": ""5cf5bb9cf9af8b06e689240d"", ""userInputs"": null, ""userID"": null, ""sessionID"": ""1_1_193_816_2019-05-18 19:51:02.270881"", ""stationID"": ""1-1-193-816"", ""spaceID"": ""AG-1F05"", ""siteID"": ""0001"", ""clusterID"": ""0001"", ""connectionTime"": ""Sat, 18 May 2019 19:51:02 GMT"", ""disconnectTime"": ""Sa",success
2026-08-17T00:50:12.764912+00:00,jpl:2019-05-14:2019-05-21:page6,1,"https://ev.caltech.edu/api/v1/sessions/jpl?where=connectionTime%3E=%22Tue,%2014%20May%202019%2000:00:00%20GMT%22%20and%20connectionTime%3C%22Tue,%2021%20May%202019%2000:00:00%20GMT%22%20and%20kWhDelivered%3E=0.0&sort=-connectionTime&page=6",200,application/json,18534,0.39596553100000165,"{""_items"": [{""_id"": ""5cf46a57f9af8b02df9e08e2"", ""userInputs"": [{""userID"": 405, ""milesRequested"": 20, ""WhPerMile"": 500, ""minutesAvailable"": 144, ""modifiedAt"": ""Sat, 18 May 2019 01:44:33 GMT"", ""paymentRequired"": true, ""requestedDeparture"": ""Sat, 18 May 2019 04:08:23 GMT"", ""kWhRequested"": 10.0}], ""user",success
2026-08-17T00:50:13.416645+00:00,jpl:2019-05-14:2019-05-21:page7,1,"https://ev.caltech.edu/api/v1/sessions/jpl?where=connectionTime%3E=%22Tue,%2014%20May%202019%2000:00:00%20GMT%22%20and%20connectionTime%3C%22Tue,%2021%20May%202019%2000:00:00%20GMT%22%20and%20kWhDelivered%3E=0.0&sort=-connectionTime&page=7",200,application/json,18544,0.39169909700012795,"{""_items"": [{""_id"": ""5cf46a57f9af8b02df9e08c9"", ""userInputs"": [{""userID"": 410, ""milesRequested"": 30, ""WhPerMile"": 250, ""minutesAvailable"": 524, ""modifiedAt"": ""Fri, 17 May 2019 14:27:16 GMT"", ""paymentRequired"": true, ""requestedDeparture"": ""Fri, 17 May 2019 23:11:03 GMT"", ""kWhRequested"": 7.5}], ""userI",success
2026-08-17T00:50:14.057281+00:00,jpl:2019-05-14:2019-05-21:page8,1,"https://ev.caltech.edu/api/v1/sessions/jpl?where=connectionTime%3E=%22Tue,%2014%20May%202019%2000:00:00%20GMT%22%20and%20connectionTime%3C%22Tue,%2021%20May%202019%2000:00:00%20GMT%22%20and%20kWhDelivered%3E=0.0&sort=-connectionTime&page=8",200,application/json,19242,0.3798335009996663,"{""_items"": [{""_id"": ""5cf46a57f9af8b02df9e08b0"", ""userInputs"": [{""userID"": 351, ""milesRequested"": 130, ""WhPerMile"": 250, ""minutesAvailable"": 681, ""modifiedAt"": ""Fri, 17 May 2019 13:50:29 GMT"", ""paymentRequired"": true, ""requestedDeparture"": ""Sat, 18 May 2019 01:11:29 GMT"", ""kWhRequested"": 32.5}], ""use",success
2026-08-17T00:50:14.699677+00:00,jpl:2019-05-14:2019-05-21:page9,1,"https://ev.caltech.edu/api/v1/sessions/jpl?where=connectionTime%3E=%22Tue,%2014%20May%202019%2000:00:00%20GMT%22%20and%20connectionTime%3C%22Tue,%2021%20May%202019%2000:00:00%20GMT%22%20and%20kWhDelivered%3E=0.0&sort=-connectionTime&page=9",200,application/json,22031,0.3819200429998091,"{""_items"": [{""_id"": ""5cf318ddf9af8b7d9737dd27"", ""userInputs"": [{""userID"": 1805, ""milesRequested"": 30, ""WhPerMile"": 375, ""minutesAvailable"": 97, ""modifiedAt"": ""Fri, 17 May 2019 00:25:05 GMT"", ""paymentRequired"": true, ""requestedDeparture"": ""Fri, 17 May 2019 02:01:59 GMT"", ""kWhRequested"": 11.25}], ""use",success
2026-08-17T00:50:15.198849+00:00,jpl:2019-05-14:2019-05-21:page10,1,"https://ev.caltech.edu/api/v1/sessions/jpl?where=connectionTime%3E=%22Tue,%2014%20May%202019%2000:00:00%20GMT%22%20and%20connectionTime%3C%22Tue,%2021%20May%202019%2000:00:00%20GMT%22%20and%20kWhDelivered%3E=0.0&sort=-connectionTime&page=10",200,application/json,18553,0.24141952999980276,"{""_items"": [{""_id"": ""5cf318ddf9af8b7d9737dd0e"", ""userInputs"": [{""userID"": 1471, ""milesRequested"": 50, ""WhPerMile"": 400, ""minutesAvailable"": 179, ""modifiedAt"": ""Thu, 16 May 2019 15:08:23 GMT"", ""paymentRequired"": true, ""requestedDeparture"": ""Thu, 16 May 2019 18:06:59 GMT"", ""kWhRequested"": 20.0}], ""use",success
2026-08-17T00:50:15.881625+00:00,jpl:2019-05-14:2019-05-21:page11,1,"https://ev.caltech.edu/api/v1/sessions/jpl?where=connectionTime%3E=%22Tue,%2014%20May%202019%2000:00:00%20GMT%22%20and%20connectionTime%3C%22Tue,%2021%20May%202019%2000:00:00%20GMT%22%20and%20kWhDelivered%3E=0.0&sort=-connectionTime&page=11",200,application/json,20187,0.4246654779999517,"{""_items"": [{""_id"": ""5cf318ddf9af8b7d9737dcf5"", ""userInputs"": [{""userID"": 1049, ""milesRequested"": 60, ""WhPerMile"": 300, ""minutesAvailable"": 516, ""modifiedAt"": ""Thu, 16 May 2019 14:11:22 GMT"", ""paymentRequired"": true, ""requestedDeparture"": ""Thu, 16 May 2019 22:47:08 GMT"", ""kWhRequested"": 18.0}], ""use",success
2026-08-17T00:50:16.541976+00:00,jpl:2019-05-14:2019-05-21:page12,1,"https://ev.caltech.edu/api/v1/sessions/jpl?where=connectionTime%3E=%22Tue,%2014%20May%202019%2000:00:00%20GMT%22%20and%20connectionTime%3C%22Tue,%2021%20May%202019%2000:00:00%20GMT%22%20and%20kWhDelivered%3E=0.0&sort=-connectionTime&page=12",200,application/json,19711,0.4034026059998723,"{""_items"": [{""_id"": ""5cf1c762f9af8b7971091376"", ""userInputs"": [{""userID"": 346, ""milesRequested"": 40, ""WhPerMile"": 375, ""minutesAvailable"": 503, ""modifiedAt"": ""Thu, 16 May 2019 04:43:39 GMT"", ""paymentRequired"": true, ""requestedDeparture"": ""Thu, 16 May 2019 13:06:17 GMT"", ""kWhRequested"": 15.0}], ""user",success
2026-08-17T00:50:17.215717+00:00,jpl:2019-05-14:2019-05-21:page13,1,"https://ev.caltech.edu/api/v1/sessions/jpl?where=connectionTime%3E=%22Tue,%2014%20May%202019%2000:00:00%20GMT%22%20and%20connectionTime%3C%22Tue,%2021%20May%202019%2000:00:00%20GMT%22%20and%20kWhDelivered%3E=0.0&sort=-connectionTime&page=13",200,application/json,19020,0.41386777400020947,"{""_items"": [{""_id"": ""5cf1c762f9af8b797109135d"", ""userInputs"": [{""userID"": 1627, ""milesRequested"": 30, ""WhPerMile"": 400, ""minutesAvailable"": 646, ""modifiedAt"": ""Wed, 15 May 2019 14:30:39 GMT"", ""paymentRequired"": true, ""requestedDeparture"": ""Thu, 16 May 2019 01:16:22 GMT"", ""kWhRequested"": 12.0}], ""use",success
2026-08-17T00:50:17.887445+00:00,jpl:2019-05-14:2019-05-21:page14,1,"https://ev.caltech.edu/api/v1/sessions/jpl?where=connectionTime%3E=%22Tue,%2014%20May%202019%2000:00:00%20GMT%22%20and%20connectionTime%3C%22Tue,%2021%20May%202019%2000:00:00%20GMT%22%20and%20kWhDelivered%3E=0.0&sort=-connectionTime&page=14",200,application/json,19712,0.41294550000020536,"{""_items"": [{""_id"": ""5cf1c762f9af8b7971091344"", ""userInputs"": [{""userID"": 378, ""milesRequested"": 160, ""WhPerMile"": 250, ""minutesAvailable"": 555, ""modifiedAt"": ""Wed, 15 May 2019 13:53:30 GMT"", ""paymentRequired"": true, ""requestedDeparture"": ""Wed, 15 May 2019 23:07:50 GMT"", ""kWhRequested"": 40.0}], ""use",success
2026-08-17T00:50:18.559999+00:00,jpl:2019-05-14:2019-05-21:page15,1,"https://ev.caltech.edu/api/v1/sessions/jpl?where=connectionTime%3E=%22Tue,%2014%20May%202019%2000:00:00%20GMT%22%20and%20connectionTime%3C%22Tue,%2021%20May%202019%2000:00:00%20GMT%22%20and%20kWhDelivered%3E=0.0&sort=-connectionTime&page=15",200,application/json,20181,0.414692933999504,"{""_items"": [{""_id"": ""5cf1c762f9af8b797109132b"", ""userInputs"": [{""userID"": 483, ""milesRequested"": 20, ""WhPerMile"": 350, ""minutesAvailable"": 574, ""modifiedAt"": ""Wed, 15 May 2019 12:40:05 GMT"", ""paymentRequired"": true, ""requestedDeparture"": ""Wed, 15 May 2019 22:13:51 GMT"", ""kWhRequested"": 7.0}], ""userI",success
2026-08-17T00:50:19.234555+00:00,jpl:2019-05-14:2019-05-21:page16,1,"https://ev.caltech.edu/api/v1/sessions/jpl?where=connectionTime%3E=%22Tue,%2014%20May%202019%2000:00:00%20GMT%22%20and%20connectionTime%3C%22Tue,%2021%20May%202019%2000:00:00%20GMT%22%20and%20kWhDelivered%3E=0.0&sort=-connectionTime&page=16",200,application/json,19013,0.417462334999982,"{""_items"": [{""_id"": ""5cf075ecf9af8b74808d8309"", ""userInputs"": [{""userID"": 741, ""milesRequested"": 120, ""WhPerMile"": 350, ""minutesAvailable"": 274, ""modifiedAt"": ""Tue, 14 May 2019 18:05:58 GMT"", ""paymentRequired"": true, ""requestedDeparture"": ""Tue, 14 May 2019 22:39:37 GMT"", ""kWhRequested"": 42.0}, {""use",success
2026-08-17T00:50:19.900127+00:00,jpl:2019-05-14:2019-05-21:page17,1,"https://ev.caltech.edu/api/v1/sessions/jpl?where=connectionTime%3E=%22Tue,%2014%20May%202019%2000:00:00%20GMT%22%20and%20connectionTime%3C%22Tue,%2021%20May%202019%2000:00:00%20GMT%22%20and%20kWhDelivered%3E=0.0&sort=-connectionTime&page=17",200,application/json,19014,0.40835765299925697,"{""_items"": [{""_id"": ""5cf075ecf9af8b74808d82f0"", ""userInputs"": [{""userID"": 511, ""milesRequested"": 140, ""WhPerMile"": 300, ""minutesAvailable"": 523, ""modifiedAt"": ""Tue, 14 May 2019 14:04:17 GMT"", ""paymentRequired"": true, ""requestedDeparture"": ""Tue, 14 May 2019 22:46:56 GMT"", ""kWhRequested"": 42.0}], ""use",success
2026-08-17T00:50:20.370750+00:00,jpl:2019-05-14:2019-05-21:page18,1,"https://ev.caltech.edu/api/v1/sessions/jpl?where=connectionTime%3E=%22Tue,%2014%20May%202019%2000:00:00%20GMT%22%20and%20connectionTime%3C%22Tue,%2021%20May%202019%2000:00:00%20GMT%22%20and%20kWhDelivered%3E=0.0&sort=-connectionTime&page=18",200,application/json,3690,0.21170208300009108,"{""_items"": [{""_id"": ""5cf075ecf9af8b74808d82d7"", ""userInputs"": [{""userID"": 2362, ""milesRequested"": 60, ""WhPerMile"": 417, ""minutesAvailable"": 620, ""modifiedAt"": ""Tue, 14 May 2019 11:30:24 GMT"", ""paymentRequired"": true, ""requestedDeparture"": ""Tue, 14 May 2019 21:50:24 GMT"", ""kWhRequested"": 25.02}, {""us",success
2026-08-17T00:50:22.290799+00:00,jpl:2019-05-21:2019-05-28:page1,1,https://ev.caltech.edu/api/v1/sessions/jpl?where=connectionTime%3E%3D%22Tue%2C+21+May+2019+00%3A00%3A00+GMT%22+and+connectionTime%3C%22Tue%2C+28+May+2019+00%3A00%3A00+GMT%22+and+kWhDelivered%3E%3D0.0&sort=-connectionTime,200,application/json,18309,0.9123393970003235,"{""_items"": [{""_id"": ""5d019917f9af8b3631290971"", ""userInputs"": [{""userID"": 2281, ""milesRequested"": 200, ""WhPerMile"": 227, ""minutesAvailable"": 654, ""modifiedAt"": ""Mon, 27 May 2019 22:57:29 GMT"", ""paymentRequired"": true, ""requestedDeparture"": ""Tue, 28 May 2019 09:50:40 GMT"", ""kWhRequested"": 45.4}], ""us",success
2026-08-17T00:50:23.213742+00:00,jpl:2019-05-21:2019-05-28:page2,1,"https://ev.caltech.edu/api/v1/sessions/jpl?where=connectionTime%3E=%22Tue,%2021%20May%202019%2000:00:00%20GMT%22%20and%20connectionTime%3C%22Tue,%2028%20May%202019%2000:00:00%20GMT%22%20and%20kWhDelivered%3E=0.0&sort=-connectionTime&page=2",200,application/json,18529,0.6683421289999387,"{""_items"": [{""_id"": ""5cfda4b8f9af8b26b1f055bb"", ""userInputs"": [{""userID"": 372, ""milesRequested"": 20, ""WhPerMile"": 600, ""minutesAvailable"": 139, ""modifiedAt"": ""Fri, 24 May 2019 18:16:26 GMT"", ""paymentRequired"": true, ""requestedDeparture"": ""Fri, 24 May 2019 20:29:44 GMT"", ""kWhRequested"": 12.0}], ""user",success
2026-08-17T00:50:23.909054+00:00,jpl:2019-05-21:2019-05-28:page3,1,"https://ev.caltech.edu/api/v1/sessions/jpl?where=connectionTime%3E=%22Tue,%2021%20May%202019%2000:00:00%20GMT%22%20and%20connectionTime%3C%22Tue,%2028%20May%202019%2000:00:00%20GMT%22%20and%20kWhDelivered%3E=0.0&sort=-connectionTime&page=3",200,application/json,18996,0.43740834500022174,"{""_items"": [{""_id"": ""5cfc536cf9af8b22aca6b302"", ""userInputs"": [{""userID"": 2103, ""milesRequested"": 20, ""WhPerMile"": 250, ""minutesAvailable"": 63, ""modifiedAt"": ""Fri, 24 May 2019 00:26:41 GMT"", ""paymentRequired"": true, ""requestedDeparture"": ""Fri, 24 May 2019 01:27:14 GMT"", ""kWhRequested"": 5.0}], ""userI",success
2026-08-17T00:50:24.409970+00:00,jpl:2019-05-21:2019-05-28:page4,1,"https://ev.caltech.edu/api/v1/sessions/jpl?where=connectionTime%3E=%22Tue,%2021%20May%202019%2000:00:00%20GMT%22%20and%20connectionTime%3C%22Tue,%2028%20May%202019%2000:00:00%20GMT%22%20and%20kWhDelivered%3E=0.0&sort=-connectionTime&page=4",200,application/json,18074,0.2446087879998231,"{""_items"": [{""_id"": ""5cfc536cf9af8b22aca6b2e9"", ""userInputs"": [{""userID"": 554, ""milesRequested"": 20, ""WhPerMile"": 400, ""minutesAvailable"": 396, ""modifiedAt"": ""Thu, 23 May 2019 14:40:29 GMT"", ""paymentRequired"": true, ""requestedDeparture"": ""Thu, 23 May 2019 21:16:19 GMT"", ""kWhRequested"": 8.0}], ""userI",success
2026-08-17T00:50:25.086266+00:00,jpl:2019-05-21:2019-05-28:page5,1,"https://ev.caltech.edu/api/v1/sessions/jpl?where=connectionTime%3E=%22Tue,%2021%20May%202019%2000:00:00%20GMT%22%20and%20connectionTime%3C%22Tue,%2028%20May%202019%2000:00:00%20GMT%22%20and%20kWhDelivered%3E=0.0&sort=-connectionTime&page=5",200,application/json,19690,0.42062393899959716,"{""_items"": [{""_id"": ""5cfc536cf9af8b22aca6b2d0"", ""userInputs"": [{""userID"": 346, ""milesRequested"": 40, ""WhPerMile"": 375, ""minutesAvailable"": 479, ""modifiedAt"": ""Thu, 23 May 2019 13:54:10 GMT"", ""paymentRequired"": true, ""requestedDeparture"": ""Thu, 23 May 2019 21:52:49 GMT"", ""kWhRequested"": 15.0}], ""user",success
2026-08-17T00:50:25.770554+00:00,jpl:2019-05-21:2019-05-28:page6,1,"https://ev.caltech.edu/api/v1/sessions/jpl?where=connectionTime%3E=%22Tue,%2021%20May%202019%2000:00:00%20GMT%22%20and%20connectionTime%3C%22Tue,%2028%20May%202019%2000:00:00%20GMT%22%20and%20kWhDelivered%3E=0.0&sort=-connectionTime&page=6",200,application/json,20394,0.42510015899915743,"{""_items"": [{""_id"": ""5cfb01e1f9af8b1e6e67db14"", ""userInputs"": [{""userID"": 1805, ""milesRequested"": 50, ""WhPerMile"": 325, ""minutesAvailable"": 154, ""modifiedAt"": ""Wed, 22 May 2019 23:29:48 GMT"", ""paymentRequired"": true, ""requestedDeparture"": ""Thu, 23 May 2019 02:02:42 GMT"", ""kWhRequested"": 16.25}], ""us",success
2026-08-17T00:50:26.269608+00:00,jpl:2019-05-21:2019-05-28:page7,1,"https://ev.caltech.edu/api/v1/sessions/jpl?where=connectionTime%3E=%22Tue,%2021%20May%202019%2000:00:00%20GMT%22%20and%20connectionTime%3C%22Tue,%2028%20May%202019%2000:00:00%20GMT%22%20and%20kWhDelivered%3E=0.0&sort=-connectionTime&page=7",200,application/json,18540,0.2382567550002932,"{""_items"": [{""_id"": ""5cfb01e1f9af8b1e6e67dafb"", ""userInputs"": [{""userID"": 440, ""milesRequested"": 20, ""WhPerMile"": 500, ""minutesAvailable"": 565, ""modifiedAt"": ""Wed, 22 May 2019 14:26:53 GMT"", ""paymentRequired"": true, ""requestedDeparture"": ""Wed, 22 May 2019 23:51:37 GMT"", ""kWhRequested"": 10.0}], ""user",success
2026-08-17T00:50:26.925387+00:00,jpl:2019-05-21:2019-05-28:page8,1,"https://ev.caltech.edu/api/v1/sessions/jpl?where=connectionTime%3E=%22Tue,%2021%20May%202019%2000:00:00%20GMT%22%20and%20connectionTime%3C%22Tue,%2028%20May%202019%2000:00:00%20GMT%22%20and%20kWhDelivered%3E=0.0&sort=-connectionTime&page=8",200,application/json,19694,0.40029963800043333,"{""_items"": [{""_id"": ""5cfb01e1f9af8b1e6e67dae2"", ""userInputs"": [{""userID"": 2057, ""milesRequested"": 20, ""WhPerMile"": 600, ""minutesAvailable"": 561, ""modifiedAt"": ""Wed, 22 May 2019 13:41:19 GMT"", ""paymentRequired"": true, ""requestedDeparture"": ""Wed, 22 May 2019 23:02:15 GMT"", ""kWhRequested"": 12.0}], ""use",success
2026-08-17T00:50:27.599011+00:00,jpl:2019-05-21:2019-05-28:page9,1,"https://ev.caltech.edu/api/v1/sessions/jpl?where=connectionTime%3E=%22Tue,%2021%20May%202019%2000:00:00%20GMT%22%20and%20connectionTime%3C%22Tue,%2028%20May%202019%2000:00:00%20GMT%22%20and%20kWhDelivered%3E=0.0&sort=-connectionTime&page=9",200,application/json,19004,0.4135573839994322,"{""_items"": [{""_id"": ""5cf9b061f9af8b1738bc2a9f"", ""userInputs"": [{""userID"": 220, ""milesRequested"": 20, ""WhPerMile"": 333, ""minutesAvailable"": 180, ""modifiedAt"": ""Tue, 21 May 2019 22:23:38 GMT"", ""paymentRequired"": true, ""requestedDeparture"": ""Wed, 22 May 2019 01:23:05 GMT"", ""kWhRequested"": 6.66}, {""user",success
2026-08-17T00:50:28.260909+00:00,jpl:2019-05-21:2019-05-28:page10,1,"https://ev.caltech.edu/api/v1/sessions/jpl?where=connectionTime%3E=%22Tue,%2021%20May%202019%2000:00:00%20GMT%22%20and%20connectionTime%3C%22Tue,%2028%20May%202019%2000:00:00%20GMT%22%20and%20kWhDelivered%3E=0.0&sort=-connectionTime&page=10",200,application/json,19241,0.40613217700047244,"{""_items"": [{""_id"": ""5cf9b061f9af8b1738bc2a86"", ""userInputs"": [{""userID"": 577, ""milesRequested"": 20, ""WhPerMile"": 333, ""minutesAvailable"": 493, ""modifiedAt"": ""Tue, 21 May 2019 14:18:12 GMT"", ""paymentRequired"": true, ""requestedDeparture"": ""Tue, 21 May 2019 22:31:02 GMT"", ""kWhRequested"": 6.66}], ""user",success
2026-08-17T00:50:28.758827+00:00,jpl:2019-05-21:2019-05-28:page11,1,"https://ev.caltech.edu/api/v1/sessions/jpl?where=connectionTime%3E=%22Tue,%2021%20May%202019%2000:00:00%20GMT%22%20and%20connectionTime%3C%22Tue,%2028%20May%202019%2000:00:00%20GMT%22%20and%20kWhDelivered%3E=0.0&sort=-connectionTime&page=11",200,application/json,13258,0.23967661500046233,"{""_items"": [{""_id"": ""5cf9b061f9af8b1738bc2a6d"", ""userInputs"": [{""userID"": 1648, ""milesRequested"": 20, ""WhPerMile"": 333, ""minutesAvailable"": 553, ""modifiedAt"": ""Tue, 21 May 2019 13:13:57 GMT"", ""paymentRequired"": true, ""requestedDeparture"": ""Tue, 21 May 2019 22:26:52 GMT"", ""kWhRequested"": 6.66}], ""use",success
2026-08-17T00:50:30.733339+00:00,jpl:2019-05-28:2019-06-04:page1,1,https://ev.caltech.edu/api/v1/sessions/jpl?where=connectionTime%3E%3D%22Tue%2C+28+May+2019+00%3A00%3A00+GMT%22+and+connectionTime%3C%22Tue%2C+04+Jun+2019+00%3A00%3A00+GMT%22+and+kWhDelivered%3E%3D0.0&sort=-connectionTime,200,application/json,21340,0.9661720699996295,"{""_items"": [{""_id"": ""5d0ad3dbf9af8b563e757bd2"", ""userInputs"": [{""userID"": 1117, ""milesRequested"": 20, ""WhPerMile"": 400, ""minutesAvailable"": 291, ""modifiedAt"": ""Mon, 03 Jun 2019 23:59:00 GMT"", ""paymentRequired"": true, ""requestedDeparture"": ""Tue, 04 Jun 2019 04:49:52 GMT"", ""kWhRequested"": 8.0}], ""user",success
2026-08-17T00:50:31.783541+00:00,jpl:2019-05-28:2019-06-04:page2,1,"https://ev.caltech.edu/api/v1/sessions/jpl?where=connectionTime%3E=%22Tue,%2028%20May%202019%2000:00:00%20GMT%22%20and%20connectionTime%3C%22Tue,%2004%20Jun%202019%2000:00:00%20GMT%22%20and%20kWhDelivered%3E=0.0&sort=-connectionTime&page=2",200,application/json,19233,0.7969178699995609,"{""_items"": [{""_id"": ""5d0ad3dbf9af8b563e757bb9"", ""userInputs"": [{""userID"": 374, ""milesRequested"": 20, ""WhPerMile"": 364, ""minutesAvailable"": 259, ""modifiedAt"": ""Mon, 03 Jun 2019 14:32:07 GMT"", ""paymentRequired"": true, ""requestedDeparture"": ""Mon, 03 Jun 2019 18:51:03 GMT"", ""kWhRequested"": 7.28}, {""user",success
2026-08-17T00:50:32.593331+00:00,jpl:2019-05-28:2019-06-04:page3,1,"https://ev.caltech.edu/api/v1/sessions/jpl?where=connectionTime%3E=%22Tue,%2028%20May%202019%2000:00:00%20GMT%22%20and%20connectionTime%3C%22Tue,%2004%20Jun%202019%2000:00:00%20GMT%22%20and%20kWhDelivered%3E=0.0&sort=-connectionTime&page=3",200,application/json,18545,0.5503649750007753,"{""_items"": [{""_id"": ""5d0ad3dbf9af8b563e757ba0"", ""userInputs"": [{""userID"": 416, ""milesRequested"": 70, ""WhPerMile"": 300, ""minutesAvailable"": 448, ""modifiedAt"": ""Mon, 03 Jun 2019 13:45:39 GMT"", ""paymentRequired"": true, ""requestedDeparture"": ""Mon, 03 Jun 2019 21:13:11 GMT"", ""kWhRequested"": 21.0}], ""user",success
2026-08-17T00:50:33.357000+00:00,jpl:2019-05-28:2019-06-04:page4,1,"https://ev.caltech.edu/api/v1/sessions/jpl?where=connectionTime%3E=%22Tue,%2028%20May%202019%2000:00:00%20GMT%22%20and%20connectionTime%3C%22Tue,%2004%20Jun%202019%2000:00:00%20GMT%22%20and%20kWhDelivered%3E=0.0&sort=-connectionTime&page=4",200,application/json,18323,0.5033067889999074,"{""_items"": [{""_id"": ""5d083096f9af8b4dc8e14493"", ""userInputs"": [{""userID"": 449, ""milesRequested"": 120, ""WhPerMile"": 267, ""minutesAvailable"": 298, ""modifiedAt"": ""Sun, 02 Jun 2019 01:00:15 GMT"", ""paymentRequired"": true, ""requestedDeparture"": ""Sun, 02 Jun 2019 05:57:57 GMT"", ""kWhRequested"": 32.04}, {""us",success
2026-08-17T00:50:34.042514+00:00,jpl:2019-05-28:2019-06-04:page5,1,"https://ev.caltech.edu/api/v1/sessions/jpl?where=connectionTime%3E=%22Tue,%2028%20May%202019%2000:00:00%20GMT%22%20and%20connectionTime%3C%22Tue,%2004%20Jun%202019%2000:00:00%20GMT%22%20and%20kWhDelivered%3E=0.0&sort=-connectionTime&page=5",200,application/json,17849,0.42670260399972904,"{""_items"": [{""_id"": ""5d06df58f9af8b49d101c5d9"", ""userInputs"": [{""userID"": 481, ""milesRequested"": 120, ""WhPerMile"": 400, ""minutesAvailable"": 717, ""modifiedAt"": ""Fri, 31 May 2019 14:50:19 GMT"", ""paymentRequired"": true, ""requestedDeparture"": ""Sat, 01 Jun 2019 02:46:36 GMT"", ""kWhRequested"": 48.0}], ""use",success
2026-08-17T00:50:34.706262+00:00,jpl:2019-05-28:2019-06-04:page6,1,"https://ev.caltech.edu/api/v1/sessions/jpl?where=connectionTime%3E=%22Tue,%2028%20May%202019%2000:00:00%20GMT%22%20and%20connectionTime%3C%22Tue,%2004%20Jun%202019%2000:00:00%20GMT%22%20and%20kWhDelivered%3E=0.0&sort=-connectionTime&page=6",200,application/json,19463,0.4076064189994213,"{""_items"": [{""_id"": ""5d06df58f9af8b49d101c5c0"", ""userInputs"": [{""userID"": 414, ""milesRequested"": 40, ""WhPerMile"": 375, ""minutesAvailable"": 529, ""modifiedAt"": ""Fri, 31 May 2019 14:01:29 GMT"", ""paymentRequired"": true, ""requestedDeparture"": ""Fri, 31 May 2019 22:50:20 GMT"", ""kWhRequested"": 15.0}], ""user",success
2026-08-17T00:50:35.202836+00:00,jpl:2019-05-28:2019-06-04:page7,1,"https://ev.caltech.edu/api/v1/sessions/jpl?where=connectionTime%3E=%22Tue,%2028%20May%202019%2000:00:00%20GMT%22%20and%20connectionTime%3C%22Tue,%2004%20Jun%202019%2000:00:00%20GMT%22%20and%20kWhDelivered%3E=0.0&sort=-connectionTime&page=7",200,application/json,18773,0.23819180100053927,"{""_items"": [{""_id"": ""5d058dd7f9af8b45e963114d"", ""userInputs"": [{""userID"": 405, ""milesRequested"": 20, ""WhPerMile"": 500, ""minutesAvailable"": 84, ""modifiedAt"": ""Fri, 31 May 2019 02:40:19 GMT"", ""paymentRequired"": true, ""requestedDeparture"": ""Fri, 31 May 2019 04:04:17 GMT"", ""kWhRequested"": 10.0}], ""userI",success
2026-08-17T00:50:35.691546+00:00,jpl:2019-05-28:2019-06-04:page8,1,"https://ev.caltech.edu/api/v1/sessions/jpl?where=connectionTime%3E=%22Tue,%2028%20May%202019%2000:00:00%20GMT%22%20and%20connectionTime%3C%22Tue,%2004%20Jun%202019%2000:00:00%20GMT%22%20and%20kWhDelivered%3E=0.0&sort=-connectionTime&page=8",200,application/json,18771,0.2339115579998179,"{""_items"": [{""_id"": ""5d058dd7f9af8b45e9631134"", ""userInputs"": [{""userID"": 2299, ""milesRequested"": 50, ""WhPerMile"": 333, ""minutesAvailable"": 429, ""modifiedAt"": ""Thu, 30 May 2019 16:50:59 GMT"", ""paymentRequired"": true, ""requestedDeparture"": ""Thu, 30 May 2019 23:59:59 GMT"", ""kWhRequested"": 16.65}], ""us",success
2026-08-17T00:50:36.345283+00:00,jpl:2019-05-28:2019-06-04:page9,1,"https://ev.caltech.edu/api/v1/sessions/jpl?where=connectionTime%3E=%22Tue,%2028%20May%202019%2000:00:00%20GMT%22%20and%20connectionTime%3C%22Tue,%2004%20Jun%202019%2000:00:00%20GMT%22%20and%20kWhDelivered%3E=0.0&sort=-connectionTime&page=9",200,application/json,20414,0.39903813500040997,"{""_items"": [{""_id"": ""5d058dd7f9af8b45e963111b"", ""userInputs"": [{""userID"": 414, ""milesRequested"": 40, ""WhPerMile"": 375, ""minutesAvailable"": 529, ""modifiedAt"": ""Thu, 30 May 2019 14:08:31 GMT"", ""paymentRequired"": true, ""requestedDeparture"": ""Thu, 30 May 2019 22:57:01 GMT"", ""kWhRequested"": 15.0}], ""user",success
2026-08-17T00:50:36.842661+00:00,jpl:2019-05-28:2019-06-04:page10,1,"https://ev.caltech.edu/api/v1/sessions/jpl?where=connectionTime%3E=%22Tue,%2028%20May%202019%2000:00:00%20GMT%22%20and%20connectionTime%3C%22Tue,%2004%20Jun%202019%2000:00:00%20GMT%22%20and%20kWhDelivered%3E=0.0&sort=-connectionTime&page=10",200,application/json,18542,0.23715508100031002,"{""_items"": [{""_id"": ""5d058dd7f9af8b45e9631102"", ""userInputs"": null, ""userID"": null, ""sessionID"": ""1_1_178_828_2019-05-30 12:23:56.374132"", ""stationID"": ""1-1-178-828"", ""spaceID"": ""AG-1F10"", ""siteID"": ""0001"", ""clusterID"": ""0001"", ""connectionTime"": ""Thu, 30 May 2019 12:23:56 GMT"", ""disconnectTime"": ""Th",success
2026-08-17T00:50:37.318881+00:00,jpl:2019-05-28:2019-06-04:page11,1,"https://ev.caltech.edu/api/v1/sessions/jpl?where=connectionTime%3E=%22Tue,%2028%20May%202019%2000:00:00%20GMT%22%20and%20connectionTime%3C%22Tue,%2004%20Jun%202019%2000:00:00%20GMT%22%20and%20kWhDelivered%3E=0.0&sort=-connectionTime&page=11",200,application/json,18314,0.22215336399949592,"{""_items"": [{""_id"": ""5d043c5ff9af8b423929b246"", ""userInputs"": [{""userID"": 341, ""milesRequested"": 40, ""WhPerMile"": 400, ""minutesAvailable"": 501, ""modifiedAt"": ""Wed, 29 May 2019 15:48:26 GMT"", ""paymentRequired"": true, ""requestedDeparture"": ""Thu, 30 May 2019 00:06:57 GMT"", ""kWhRequested"": 16.0}], ""user",success
2026-08-17T00:50:37.810091+00:00,jpl:2019-05-28:2019-06-04:page12,1,"https://ev.caltech.edu/api/v1/sessions/jpl?where=connectionTime%3E=%22Tue,%2028%20May%202019%2000:00:00%20GMT%22%20and%20connectionTime%3C%22Tue,%2004%20Jun%202019%2000:00:00%20GMT%22%20and%20kWhDelivered%3E=0.0&sort=-connectionTime&page=12",200,application/json,18078,0.23086531799981458,"{""_items"": [{""_id"": ""5d043c5ff9af8b423929b22d"", ""userInputs"": null, ""userID"": null, ""sessionID"": ""1_1_179_800_2019-05-29 13:55:40.799794"", ""stationID"": ""1-1-179-800"", ""spaceID"": ""AG-3F32"", ""siteID"": ""0001"", ""clusterID"": ""0001"", ""connectionTime"": ""Wed, 29 May 2019 13:55:41 GMT"", ""disconnectTime"": ""Th",success
2026-08-17T00:50:38.476280+00:00,jpl:2019-05-28:2019-06-04:page13,1,"https://ev.caltech.edu/api/v1/sessions/jpl?where=connectionTime%3E=%22Tue,%2028%20May%202019%2000:00:00%20GMT%22%20and%20connectionTime%3C%22Tue,%2004%20Jun%202019%2000:00:00%20GMT%22%20and%20kWhDelivered%3E=0.0&sort=-connectionTime&page=13",200,application/json,20841,0.40909402699981,"{""_items"": [{""_id"": ""5d043c5ff9af8b423929b214"", ""userInputs"": null, ""userID"": null, ""sessionID"": ""1_1_194_826_2019-05-29 12:27:00.533883"", ""stationID"": ""1-1-194-826"", ""spaceID"": ""AG-1F11"", ""siteID"": ""0001"", ""clusterID"": ""0001"", ""connectionTime"": ""Wed, 29 May 2019 12:27:01 GMT"", ""disconnectTime"": ""Th",success
2026-08-17T00:50:38.989270+00:00,jpl:2019-05-28:2019-06-04:page14,1,"https://ev.caltech.edu/api/v1/sessions/jpl?where=connectionTime%3E=%22Tue,%2028%20May%202019%2000:00:00%20GMT%22%20and%20connectionTime%3C%22Tue,%2004%20Jun%202019%2000:00:00%20GMT%22%20and%20kWhDelivered%3E=0.0&sort=-connectionTime&page=14",200,application/json,19008,0.25226757300060854,"{""_items"": [{""_id"": ""5d02eadaf9af8b3cd89c806c"", ""userInputs"": [{""userID"": 1627, ""milesRequested"": 30, ""WhPerMile"": 400, ""minutesAvailable"": 646, ""modifiedAt"": ""Tue, 28 May 2019 14:30:32 GMT"", ""paymentRequired"": true, ""requestedDeparture"": ""Wed, 29 May 2019 01:16:21 GMT"", ""kWhRequested"": 12.0}], ""use",success
2026-08-17T00:50:39.481457+00:00,jpl:2019-05-28:2019-06-04:page15,1,"https://ev.caltech.edu/api/v1/sessions/jpl?where=connectionTime%3E=%22Tue,%2028%20May%202019%2000:00:00%20GMT%22%20and%20connectionTime%3C%22Tue,%2004%20Jun%202019%2000:00:00%20GMT%22%20and%20kWhDelivered%3E=0.0&sort=-connectionTime&page=15",200,application/json,16548,0.2360002519999398,"{""_items"": [{""_id"": ""5d02eadaf9af8b3cd89c8053"", ""userInputs"": [{""userID"": 528, ""milesRequested"": 100, ""WhPerMile"": 250, ""minutesAvailable"": 491, ""modifiedAt"": ""Tue, 28 May 2019 13:50:45 GMT"", ""paymentRequired"": true, ""requestedDeparture"": ""Tue, 28 May 2019 22:00:17 GMT"", ""kWhRequested"": 25.0}], ""use",success
2026-08-17T00:50:41.444258+00:00,jpl:2019-06-04:2019-06-11:page1,1,https://ev.caltech.edu/api/v1/sessions/jpl?where=connectionTime%3E%3D%22Tue%2C+04+Jun+2019+00%3A00%3A00+GMT%22+and+connectionTime%3C%22Tue%2C+11+Jun+2019+00%3A00%3A00+GMT%22+and+kWhDelivered%3E%3D0.0&sort=-connectionTime,200,application/json,19011,0.9515554560002784,"{""_items"": [{""_id"": ""5d140e62f9af8b71c9e4cd79"", ""userInputs"": [{""userID"": 2050, ""milesRequested"": 60, ""WhPerMile"": 333, ""minutesAvailable"": 150, ""modifiedAt"": ""Mon, 10 Jun 2019 23:15:38 GMT"", ""paymentRequired"": true, ""requestedDeparture"": ""Tue, 11 Jun 2019 01:44:59 GMT"", ""kWhRequested"": 19.98}], ""us",success
2026-08-17T00:50:42.206850+00:00,jpl:2019-06-04:2019-06-11:page2,1,"https://ev.caltech.edu/api/v1/sessions/jpl?where=connectionTime%3E=%22Tue,%2004%20Jun%202019%2000:00:00%20GMT%22%20and%20connectionTime%3C%22Tue,%2011%20Jun%202019%2000:00:00%20GMT%22%20and%20kWhDelivered%3E=0.0&sort=-connectionTime&page=2",200,application/json,20867,0.5068138489996272,"{""_items"": [{""_id"": ""5d140e62f9af8b71c9e4cd60"", ""userInputs"": [{""userID"": 335, ""milesRequested"": 60, ""WhPerMile"": 286, ""minutesAvailable"": 545, ""modifiedAt"": ""Mon, 10 Jun 2019 14:32:59 GMT"", ""paymentRequired"": true, ""requestedDeparture"": ""Mon, 10 Jun 2019 23:37:25 GMT"", ""kWhRequested"": 17.16}], ""use",success
2026-08-17T00:50:42.874837+00:00,jpl:2019-06-04:2019-06-11:page3,1,"https://ev.caltech.edu/api/v1/sessions/jpl?where=connectionTime%3E=%22Tue,%2004%20Jun%202019%2000:00:00%20GMT%22%20and%20connectionTime%3C%22Tue,%2011%20Jun%202019%2000:00:00%20GMT%22%20and%20kWhDelivered%3E=0.0&sort=-connectionTime&page=3",200,application/json,18084,0.40769889100010914,"{""_items"": [{""_id"": ""5d140e62f9af8b71c9e4cd47"", ""userInputs"": [{""userID"": 630, ""milesRequested"": 50, ""WhPerMile"": 400, ""minutesAvailable"": 445, ""modifiedAt"": ""Mon, 10 Jun 2019 13:58:34 GMT"", ""paymentRequired"": true, ""requestedDeparture"": ""Mon, 10 Jun 2019 21:23:00 GMT"", ""kWhRequested"": 20.0}], ""user",success
2026-08-17T00:50:43.602084+00:00,jpl:2019-06-04:2019-06-11:page4,1,"https://ev.caltech.edu/api/v1/sessions/jpl?where=connectionTime%3E=%22Tue,%2004%20Jun%202019%2000:00:00%20GMT%22%20and%20connectionTime%3C%22Tue,%2011%20Jun%202019%2000:00:00%20GMT%22%20and%20kWhDelivered%3E=0.0&sort=-connectionTime&page=4",200,application/json,17847,0.46688534499935486,"{""_items"": [{""_id"": ""5d12bc92f9af8b6deebfed06"", ""userInputs"": [{""userID"": 2447, ""milesRequested"": 40, ""WhPerMile"": 400, ""minutesAvailable"": 634, ""modifiedAt"": ""Sun, 09 Jun 2019 21:06:56 GMT"", ""paymentRequired"": true, ""requestedDeparture"": ""Mon, 10 Jun 2019 07:40:57 GMT"", ""kWhRequested"": 16.0}], ""use",success
2026-08-17T00:50:44.263385+00:00,jpl:2019-06-04:2019-06-11:page5,1,"https://ev.caltech.edu/api/v1/sessions/jpl?where=connectionTime%3E=%22Tue,%2004%20Jun%202019%2000:00:00%20GMT%22%20and%20connectionTime%3C%22Tue,%2011%20Jun%202019%2000:00:00%20GMT%22%20and%20kWhDelivered%3E=0.0&sort=-connectionTime&page=5",200,application/json,19237,0.40626505199998064,"{""_items"": [{""_id"": ""5d1019bcf9af8b6656246718"", ""userInputs"": [{""userID"": 576, ""milesRequested"": 100, ""WhPerMile"": 325, ""minutesAvailable"": 330, ""modifiedAt"": ""Fri, 07 Jun 2019 13:56:25 GMT"", ""paymentRequired"": true, ""requestedDeparture"": ""Fri, 07 Jun 2019 19:25:59 GMT"", ""kWhRequested"": 32.5}], ""use",success
2026-08-17T00:50:44.929642+00:00,jpl:2019-06-04:2019-06-11:page6,1,"https://ev.caltech.edu/api/v1/sessions/jpl?where=connectionTime%3E=%22Tue,%2004%20Jun%202019%2000:00:00%20GMT%22%20and%20connectionTime%3C%22Tue,%2011%20Jun%202019%2000:00:00%20GMT%22%20and%20kWhDelivered%3E=0.0&sort=-connectionTime&page=6",200,application/json,20640,0.4104006910001772,"{""_items"": [{""_id"": ""5d0ec854f9af8b624cec5074"", ""userInputs"": [{""userID"": 355, ""milesRequested"": 70, ""WhPerMile"": 400, ""minutesAvailable"": 301, ""modifiedAt"": ""Thu, 06 Jun 2019 18:59:51 GMT"", ""paymentRequired"": true, ""requestedDeparture"": ""Fri, 07 Jun 2019 00:00:26 GMT"", ""kWhRequested"": 28.0}], ""user",success
2026-08-17T00:50:45.428348+00:00,jpl:2019-06-04:2019-06-11:page7,1,"https://ev.caltech.edu/api/v1/sessions/jpl?where=connectionTime%3E=%22Tue,%2004%20Jun%202019%2000:00:00%20GMT%22%20and%20connectionTime%3C%22Tue,%2011%20Jun%202019%2000:00:00%20GMT%22%20and%20kWhDelivered%3E=0.0&sort=-connectionTime&page=7",200,application/json,17855,0.24275614599991968,"{""_items"": [{""_id"": ""5d0ec854f9af8b624cec505b"", ""userInputs"": [{""userID"": 1971, ""milesRequested"": 40, ""WhPerMile"": 400, ""minutesAvailable"": 467, ""modifiedAt"": ""Thu, 06 Jun 2019 14:11:22 GMT"", ""paymentRequired"": true, ""requestedDeparture"": ""Thu, 06 Jun 2019 21:57:54 GMT"", ""kWhRequested"": 16.0}], ""use",success
2026-08-17T00:50:45.924735+00:00,jpl:2019-06-04:2019-06-11:page8,1,"https://ev.caltech.edu/api/v1/sessions/jpl?where=connectionTime%3E=%22Tue,%2004%20Jun%202019%2000:00:00%20GMT%22%20and%20connectionTime%3C%22Tue,%2011%20Jun%202019%2000:00:00%20GMT%22%20and%20kWhDelivered%3E=0.0&sort=-connectionTime&page=8",200,application/json,17378,0.23928788500052178,"{""_items"": [{""_id"": ""5d0ec854f9af8b624cec5042"", ""userInputs"": [{""userID"": 651, ""milesRequested"": 50, ""WhPerMile"": 400, ""minutesAvailable"": 210, ""modifiedAt"": ""Thu, 06 Jun 2019 12:48:36 GMT"", ""paymentRequired"": true, ""requestedDeparture"": ""Thu, 06 Jun 2019 16:18:31 GMT"", ""kWhRequested"": 20.0}], ""user",success
2026-08-17T00:50:46.591629+00:00,jpl:2019-06-04:2019-06-11:page9,1,"https://ev.caltech.edu/api/v1/sessions/jpl?where=connectionTime%3E=%22Tue,%2004%20Jun%202019%2000:00:00%20GMT%22%20and%20connectionTime%3C%22Tue,%2011%20Jun%202019%2000:00:00%20GMT%22%20and%20kWhDelivered%3E=0.0&sort=-connectionTime&page=9",200,application/json,17853,0.40748864600027446,"{""_items"": [{""_id"": ""5d0d76d7f9af8b5e7728d3e7"", ""userInputs"": [{""userID"": 428, ""milesRequested"": 50, ""WhPerMile"": 333, ""minutesAvailable"": 125, ""modifiedAt"": ""Wed, 05 Jun 2019 14:39:13 GMT"", ""paymentRequired"": true, ""requestedDeparture"": ""Wed, 05 Jun 2019 16:44:03 GMT"", ""kWhRequested"": 16.65}], ""use",success
2026-08-17T00:50:47.255725+00:00,jpl:2019-06-04:2019-06-11:page10,1,"https://ev.caltech.edu/api/v1/sessions/jpl?where=connectionTime%3E=%22Tue,%2004%20Jun%202019%2000:00:00%20GMT%22%20and%20connectionTime%3C%22Tue,%2011%20Jun%202019%2000:00:00%20GMT%22%20and%20kWhDelivered%3E=0.0&sort=-connectionTime&page=10",200,application/json,19467,0.40813403299944184,"{""_items"": [{""_id"": ""5d0d76d7f9af8b5e7728d3ce"", ""userInputs"": [{""userID"": 462, ""milesRequested"": 25, ""WhPerMile"": 400, ""minutesAvailable"": 322, ""modifiedAt"": ""Wed, 05 Jun 2019 13:45:00 GMT"", ""paymentRequired"": true, ""requestedDeparture"": ""Wed, 05 Jun 2019 19:06:38 GMT"", ""kWhRequested"": 10.0}], ""user",success
2026-08-17T00:50:47.753662+00:00,jpl:2019-06-04:2019-06-11:page11,1,"https://ev.caltech.edu/api/v1/sessions/jpl?where=connectionTime%3E=%22Tue,%2004%20Jun%202019%2000:00:00%20GMT%22%20and%20connectionTime%3C%22Tue,%2011%20Jun%202019%2000:00:00%20GMT%22%20and%20kWhDelivered%3E=0.0&sort=-connectionTime&page=11",200,application/json,18546,0.2397662550001769,"{""_items"": [{""_id"": ""5d0c2557f9af8b5a6c4191f7"", ""userInputs"": [{""userID"": 1117, ""milesRequested"": 20, ""WhPerMile"": 400, ""minutesAvailable"": 291, ""modifiedAt"": ""Wed, 05 Jun 2019 00:10:35 GMT"", ""paymentRequired"": true, ""requestedDeparture"": ""Wed, 05 Jun 2019 05:01:29 GMT"", ""kWhRequested"": 8.0}], ""user",success
2026-08-17T00:50:48.476534+00:00,jpl:2019-06-04:2019-06-11:page12,1,"https://ev.caltech.edu/api/v1/sessions/jpl?where=connectionTime%3E=%22Tue,%2004%20Jun%202019%2000:00:00%20GMT%22%20and%20connectionTime%3C%22Tue,%2011%20Jun%202019%2000:00:00%20GMT%22%20and%20kWhDelivered%3E=0.0&sort=-connectionTime&page=12",200,application/json,19016,0.4639517289997457,"{""_items"": [{""_id"": ""5d0c2557f9af8b5a6c4191de"", ""userInputs"": [{""userID"": 1528, ""milesRequested"": 20, ""WhPerMile"": 400, ""minutesAvailable"": 274, ""modifiedAt"": ""Tue, 04 Jun 2019 14:29:59 GMT"", ""paymentRequired"": true, ""requestedDeparture"": ""Tue, 04 Jun 2019 19:03:51 GMT"", ""kWhRequested"": 8.0}], ""user",success
2026-08-17T00:50:48.966289+00:00,jpl:2019-06-04:2019-06-11:page13,1,"https://ev.caltech.edu/api/v1/sessions/jpl?where=connectionTime%3E=%22Tue,%2004%20Jun%202019%2000:00:00%20GMT%22%20and%20connectionTime%3C%22Tue,%2011%20Jun%202019%2000:00:00%20GMT%22%20and%20kWhDelivered%3E=0.0&sort=-connectionTime&page=13",200,application/json,15648,0.23293972200008284,"{""_items"": [{""_id"": ""5d0c2557f9af8b5a6c4191c5"", ""userInputs"": [{""userID"": 409, ""milesRequested"": 20, ""WhPerMile"": 400, ""minutesAvailable"": 60, ""modifiedAt"": ""Tue, 04 Jun 2019 13:53:01 GMT"", ""paymentRequired"": true, ""requestedDeparture"": ""Tue, 04 Jun 2019 14:52:33 GMT"", ""kWhRequested"": 8.0}, {""userID",success
2026-08-17T00:50:50.909741+00:00,jpl:2019-06-11:2019-06-18:page1,1,https://ev.caltech.edu/api/v1/sessions/jpl?where=connectionTime%3E%3D%22Tue%2C+11+Jun+2019+00%3A00%3A00+GMT%22+and+connectionTime%3C%22Tue%2C+18+Jun+2019+00%3A00%3A00+GMT%22+and+kWhDelivered%3E%3D0.0&sort=-connectionTime,200,application/json,18312,0.9377815469997586,"{""_items"": [{""_id"": ""5d213d4df9af8b1dcfe54e19"", ""userInputs"": [{""userID"": 2050, ""milesRequested"": 60, ""WhPerMile"": 333, ""minutesAvailable"": 150, ""modifiedAt"": ""Mon, 17 Jun 2019 23:21:28 GMT"", ""paymentRequired"": true, ""requestedDeparture"": ""Tue, 18 Jun 2019 01:51:05 GMT"", ""kWhRequested"": 19.98}], ""us",success
2026-08-17T00:50:51.783231+00:00,jpl:2019-06-11:2019-06-18:page2,1,"https://ev.caltech.edu/api/v1/sessions/jpl?where=connectionTime%3E=%22Tue,%2011%20Jun%202019%2000:00:00%20GMT%22%20and%20connectionTime%3C%22Tue,%2018%20Jun%202019%2000:00:00%20GMT%22%20and%20kWhDelivered%3E=0.0&sort=-connectionTime&page=2",200,application/json,21319,0.6151127569992241,"{""_items"": [{""_id"": ""5d213d4df9af8b1dcfe54e00"", ""userInputs"": [{""userID"": 1239, ""milesRequested"": 60, ""WhPerMile"": 400, ""minutesAvailable"": 472, ""modifiedAt"": ""Mon, 17 Jun 2019 14:34:26 GMT"", ""paymentRequired"": true, ""requestedDeparture"": ""Mon, 17 Jun 2019 22:26:26 GMT"", ""kWhRequested"": 24.0}, {""use",success
2026-08-17T00:50:52.435598+00:00,jpl:2019-06-11:2019-06-18:page3,1,"https://ev.caltech.edu/api/v1/sessions/jpl?where=connectionTime%3E=%22Tue,%2011%20Jun%202019%2000:00:00%20GMT%22%20and%20connectionTime%3C%22Tue,%2018%20Jun%202019%2000:00:00%20GMT%22%20and%20kWhDelivered%3E=0.0&sort=-connectionTime&page=3",200,application/json,17847,0.3962930419993427,"{""_items"": [{""_id"": ""5d213d4df9af8b1dcfe54de7"", ""userInputs"": [{""userID"": 169, ""milesRequested"": 40, ""WhPerMile"": 400, ""minutesAvailable"": 488, ""modifiedAt"": ""Mon, 17 Jun 2019 13:19:59 GMT"", ""paymentRequired"": true, ""requestedDeparture"": ""Mon, 17 Jun 2019 21:27:53 GMT"", ""kWhRequested"": 16.0}], ""user",success
2026-08-17T00:50:53.149719+00:00,jpl:2019-06-11:2019-06-18:page4,1,"https://ev.caltech.edu/api/v1/sessions/jpl?where=connectionTime%3E=%22Tue,%2011%20Jun%202019%2000:00:00%20GMT%22%20and%20connectionTime%3C%22Tue,%2018%20Jun%202019%2000:00:00%20GMT%22%20and%20kWhDelivered%3E=0.0&sort=-connectionTime&page=4",200,application/json,18768,0.45725748099994235,"{""_items"": [{""_id"": ""5d19545ff9af8b054f904ea4"", ""userInputs"": [{""userID"": 2050, ""milesRequested"": 60, ""WhPerMile"": 333, ""minutesAvailable"": 150, ""modifiedAt"": ""Fri, 14 Jun 2019 21:49:30 GMT"", ""paymentRequired"": true, ""requestedDeparture"": ""Sat, 15 Jun 2019 00:19:14 GMT"", ""kWhRequested"": 19.98}], ""us",success
2026-08-17T00:50:53.840132+00:00,jpl:2019-06-11:2019-06-18:page5,1,"https://ev.caltech.edu/api/v1/sessions/jpl?where=connectionTime%3E=%22Tue,%2011%20Jun%202019%2000:00:00%20GMT%22%20and%20connectionTime%3C%22Tue,%2018%20Jun%202019%2000:00:00%20GMT%22%20and%20kWhDelivered%3E=0.0&sort=-connectionTime&page=5",200,application/json,19706,0.43140608300018357,"{""_items"": [{""_id"": ""5d19545ff9af8b054f904e8b"", ""userInputs"": [{""userID"": 440, ""milesRequested"": 20, ""WhPerMile"": 500, ""minutesAvailable"": 565, ""modifiedAt"": ""Fri, 14 Jun 2019 14:23:27 GMT"", ""paymentRequired"": true, ""requestedDeparture"": ""Fri, 14 Jun 2019 23:48:11 GMT"", ""kWhRequested"": 10.0}], ""user",success
2026-08-17T00:50:54.591847+00:00,jpl:2019-06-11:2019-06-18:page6,1,"https://ev.caltech.edu/api/v1/sessions/jpl?where=connectionTime%3E=%22Tue,%2011%20Jun%202019%2000:00:00%20GMT%22%20and%20connectionTime%3C%22Tue,%2018%20Jun%202019%2000:00:00%20GMT%22%20and%20kWhDelivered%3E=0.0&sort=-connectionTime&page=6",200,application/json,19237,0.4920448539996869,"{""_items"": [{""_id"": ""5d19545ff9af8b054f904e72"", ""userInputs"": [{""userID"": 2500, ""milesRequested"": 70, ""WhPerMile"": 250, ""minutesAvailable"": 462, ""modifiedAt"": ""Fri, 14 Jun 2019 13:15:26 GMT"", ""paymentRequired"": true, ""requestedDeparture"": ""Fri, 14 Jun 2019 20:57:27 GMT"", ""kWhRequested"": 17.5}], ""use",success
2026-08-17T00:50:55.093914+00:00,jpl:2019-06-11:2019-06-18:page7,1,"https://ev.caltech.edu/api/v1/sessions/jpl?where=connectionTime%3E=%22Tue,%2011%20Jun%202019%2000:00:00%20GMT%22%20and%20connectionTime%3C%22Tue,%2018%20Jun%202019%2000:00:00%20GMT%22%20and%20kWhDelivered%3E=0.0&sort=-connectionTime&page=7",200,application/json,17604,0.2463633839997783,"{""_items"": [{""_id"": ""5d1802d5f9af8b7fe5078472"", ""userInputs"": [{""userID"": 1648, ""milesRequested"": 10, ""WhPerMile"": 500, ""minutesAvailable"": 637, ""modifiedAt"": ""Thu, 13 Jun 2019 19:54:37 GMT"", ""paymentRequired"": true, ""requestedDeparture"": ""Fri, 14 Jun 2019 06:30:26 GMT"", ""kWhRequested"": 5.0}], ""user",success
2026-08-17T00:50:55.590374+00:00,jpl:2019-06-11:2019-06-18:page8,1,"https://ev.caltech.edu/api/v1/sessions/jpl?where=connectionTime%3E=%22Tue,%2011%20Jun%202019%2000:00:00%20GMT%22%20and%20connectionTime%3C%22Tue,%2018%20Jun%202019%2000:00:00%20GMT%22%20and%20kWhDelivered%3E=0.0&sort=-connectionTime&page=8",200,application/json,17846,0.23717224799929681,"{""_items"": [{""_id"": ""5d1802d5f9af8b7fe5078459"", ""userInputs"": [{""userID"": 943, ""milesRequested"": 60, ""WhPerMile"": 250, ""minutesAvailable"": 417, ""modifiedAt"": ""Thu, 13 Jun 2019 14:19:10 GMT"", ""paymentRequired"": true, ""requestedDeparture"": ""Thu, 13 Jun 2019 21:15:45 GMT"", ""kWhRequested"": 15.0}], ""user",success
2026-08-17T00:50:56.256209+00:00,jpl:2019-06-11:2019-06-18:page9,1,"https://ev.caltech.edu/api/v1/sessions/jpl?where=connectionTime%3E=%22Tue,%2011%20Jun%202019%2000:00:00%20GMT%22%20and%20connectionTime%3C%22Tue,%2018%20Jun%202019%2000:00:00%20GMT%22%20and%20kWhDelivered%3E=0.0&sort=-connectionTime&page=9",200,application/json,20417,0.4113096620003489,"{""_items"": [{""_id"": ""5d1802d5f9af8b7fe5078440"", ""userInputs"": [{""userID"": 1733, ""milesRequested"": 250, ""WhPerMile"": 600, ""minutesAvailable"": 720, ""modifiedAt"": ""Thu, 13 Jun 2019 13:08:01 GMT"", ""paymentRequired"": true, ""requestedDeparture"": ""Fri, 14 Jun 2019 01:07:52 GMT"", ""kWhRequested"": 150.0}], ""u",success
2026-08-17T00:50:56.918427+00:00,jpl:2019-06-11:2019-06-18:page10,1,"https://ev.caltech.edu/api/v1/sessions/jpl?where=connectionTime%3E=%22Tue,%2011%20Jun%202019%2000:00:00%20GMT%22%20and%20connectionTime%3C%22Tue,%2018%20Jun%202019%2000:00:00%20GMT%22%20and%20kWhDelivered%3E=0.0&sort=-connectionTime&page=10",200,application/json,20867,0.40723810700001195,"{""_items"": [{""_id"": ""5d16b161f9af8b7bdb8babea"", ""userInputs"": [{""userID"": 1974, ""milesRequested"": 60, ""WhPerMile"": 333, ""minutesAvailable"": 184, ""modifiedAt"": ""Wed, 12 Jun 2019 18:58:52 GMT"", ""paymentRequired"": true, ""requestedDeparture"": ""Wed, 12 Jun 2019 22:02:52 GMT"", ""kWhRequested"": 19.98}], ""us",success
2026-08-17T00:50:57.424059+00:00,jpl:2019-06-11:2019-06-18:page11,1,"https://ev.caltech.edu/api/v1/sessions/jpl?where=connectionTime%3E=%22Tue,%2011%20Jun%202019%2000:00:00%20GMT%22%20and%20connectionTime%3C%22Tue,%2018%20Jun%202019%2000:00:00%20GMT%22%20and%20kWhDelivered%3E=0.0&sort=-connectionTime&page=11",200,application/json,17855,0.24500941499991313,"{""_items"": [{""_id"": ""5d16b161f9af8b7bdb8babd1"", ""userInputs"": [{""userID"": 462, ""milesRequested"": 20, ""WhPerMile"": 400, ""minutesAvailable"": 322, ""modifiedAt"": ""Wed, 12 Jun 2019 14:09:31 GMT"", ""paymentRequired"": true, ""requestedDeparture"": ""Wed, 12 Jun 2019 19:31:14 GMT"", ""kWhRequested"": 8.0}], ""userI",success
2026-08-17T00:50:57.921792+00:00,jpl:2019-06-11:2019-06-18:page12,1,"https://ev.caltech.edu/api/v1/sessions/jpl?where=connectionTime%3E=%22Tue,%2011%20Jun%202019%2000:00:00%20GMT%22%20and%20connectionTime%3C%22Tue,%2018%20Jun%202019%2000:00:00%20GMT%22%20and%20kWhDelivered%3E=0.0&sort=-connectionTime&page=12",200,application/json,18525,0.2388466900001731,"{""_items"": [{""_id"": ""5d16b161f9af8b7bdb8babb8"", ""userInputs"": [{""userID"": 406, ""milesRequested"": 40, ""WhPerMile"": 600, ""minutesAvailable"": 495, ""modifiedAt"": ""Wed, 12 Jun 2019 12:45:15 GMT"", ""paymentRequired"": true, ""requestedDeparture"": ""Wed, 12 Jun 2019 20:59:53 GMT"", ""kWhRequested"": 24.0}], ""user",success
2026-08-17T00:50:58.590345+00:00,jpl:2019-06-11:2019-06-18:page13,1,"https://ev.caltech.edu/api/v1/sessions/jpl?where=connectionTime%3E=%22Tue,%2011%20Jun%202019%2000:00:00%20GMT%22%20and%20connectionTime%3C%22Tue,%2018%20Jun%202019%2000:00:00%20GMT%22%20and%20kWhDelivered%3E=0.0&sort=-connectionTime&page=13",200,application/json,21334,0.41006995499992627,"{""_items"": [{""_id"": ""5d155fdbf9af8b768b06a5d0"", ""userInputs"": [{""userID"": 1239, ""milesRequested"": 50, ""WhPerMile"": 400, ""minutesAvailable"": 540, ""modifiedAt"": ""Tue, 11 Jun 2019 16:09:58 GMT"", ""paymentRequired"": true, ""requestedDeparture"": ""Wed, 12 Jun 2019 01:09:56 GMT"", ""kWhRequested"": 20.0}, {""use",success
2026-08-17T00:50:59.086902+00:00,jpl:2019-06-11:2019-06-18:page14,1,"https://ev.caltech.edu/api/v1/sessions/jpl?where=connectionTime%3E=%22Tue,%2011%20Jun%202019%2000:00:00%20GMT%22%20and%20connectionTime%3C%22Tue,%2018%20Jun%202019%2000:00:00%20GMT%22%20and%20kWhDelivered%3E=0.0&sort=-connectionTime&page=14",200,application/json,19243,0.23556137000014132,"{""_items"": [{""_id"": ""5d155fdbf9af8b768b06a5b7"", ""userInputs"": [{""userID"": 365, ""milesRequested"": 30, ""WhPerMile"": 333, ""minutesAvailable"": 165, ""modifiedAt"": ""Tue, 11 Jun 2019 13:59:05 GMT"", ""paymentRequired"": true, ""requestedDeparture"": ""Tue, 11 Jun 2019 16:43:35 GMT"", ""kWhRequested"": 9.99}], ""user",success
2026-08-17T00:50:59.561830+00:00,jpl:2019-06-11:2019-06-18:page15,1,"https://ev.caltech.edu/api/v1/sessions/jpl?where=connectionTime%3E=%22Tue,%2011%20Jun%202019%2000:00:00%20GMT%22%20and%20connectionTime%3C%22Tue,%2018%20Jun%202019%2000:00:00%20GMT%22%20and%20kWhDelivered%3E=0.0&sort=-connectionTime&page=15",200,application/json,5675,0.2164141169996583,"{""_items"": [{""_id"": ""5d155fdbf9af8b768b06a59e"", ""userInputs"": [{""userID"": 486, ""milesRequested"": 40, ""WhPerMile"": 400, ""minutesAvailable"": 541, ""modifiedAt"": ""Tue, 11 Jun 2019 12:43:34 GMT"", ""paymentRequired"": true, ""requestedDeparture"": ""Tue, 11 Jun 2019 21:44:26 GMT"", ""kWhRequested"": 16.0}], ""user",success
2026-08-17T00:51:01.511501+00:00,jpl:2019-06-18:2019-06-25:page1,1,https://ev.caltech.edu/api/v1/sessions/jpl?where=connectionTime%3E%3D%22Tue%2C+18+Jun+2019+00%3A00%3A00+GMT%22+and+connectionTime%3C%22Tue%2C+25+Jun+2019+00%3A00%3A00+GMT%22+and+kWhDelivered%3E%3D0.0&sort=-connectionTime,200,application/json,18079,0.9426033489999099,"{""_items"": [{""_id"": ""5d29263cf9af8b379ee92107"", ""userInputs"": [{""userID"": 362, ""milesRequested"": 100, ""WhPerMile"": 286, ""minutesAvailable"": 88, ""modifiedAt"": ""Mon, 24 Jun 2019 23:29:00 GMT"", ""paymentRequired"": true, ""requestedDeparture"": ""Tue, 25 Jun 2019 00:56:37 GMT"", ""kWhRequested"": 28.6}], ""user",success
2026-08-17T00:51:02.636252+00:00,jpl:2019-06-18:2019-06-25:page2,1,"https://ev.caltech.edu/api/v1/sessions/jpl?where=connectionTime%3E=%22Tue,%2018%20Jun%202019%2000:00:00%20GMT%22%20and%20connectionTime%3C%22Tue,%2025%20Jun%202019%2000:00:00%20GMT%22%20and%20kWhDelivered%3E=0.0&sort=-connectionTime&page=2",200,application/json,18537,0.870683922000353,"{""_items"": [{""_id"": ""5d29263cf9af8b379ee920ee"", ""userInputs"": [{""userID"": 597, ""milesRequested"": 30, ""WhPerMile"": 550, ""minutesAvailable"": 108, ""modifiedAt"": ""Mon, 24 Jun 2019 14:31:16 GMT"", ""paymentRequired"": true, ""requestedDeparture"": ""Mon, 24 Jun 2019 16:18:58 GMT"", ""kWhRequested"": 16.5}], ""user",success
2026-08-17T00:51:03.559135+00:00,jpl:2019-06-18:2019-06-25:page3,1,"https://ev.caltech.edu/api/v1/sessions/jpl?where=connectionTime%3E=%22Tue,%2018%20Jun%202019%2000:00:00%20GMT%22%20and%20connectionTime%3C%22Tue,%2025%20Jun%202019%2000:00:00%20GMT%22%20and%20kWhDelivered%3E=0.0&sort=-connectionTime&page=3",200,application/json,18780,0.6673609290000968,"{""_items"": [{""_id"": ""5d29263cf9af8b379ee920d5"", ""userInputs"": [{""userID"": 425, ""milesRequested"": 40, ""WhPerMile"": 350, ""minutesAvailable"": 387, ""modifiedAt"": ""Mon, 24 Jun 2019 13:46:21 GMT"", ""paymentRequired"": true, ""requestedDeparture"": ""Mon, 24 Jun 2019 20:10:56 GMT"", ""kWhRequested"": 14.0}], ""user",success
2026-08-17T00:51:04.315024+00:00,jpl:2019-06-18:2019-06-25:page4,1,"https://ev.caltech.edu/api/v1/sessions/jpl?where=connectionTime%3E=%22Tue,%2018%20Jun%202019%2000:00:00%20GMT%22%20and%20connectionTime%3C%22Tue,%2025%20Jun%202019%2000:00:00%20GMT%22%20and%20kWhDelivered%3E=0.0&sort=-connectionTime&page=4",200,application/json,19242,0.4976403400005438,"{""_items"": [{""_id"": ""5d25318ef9af8b29ccbdee93"", ""userInputs"": [{""userID"": 2447, ""milesRequested"": 40, ""WhPerMile"": 571, ""minutesAvailable"": 293, ""modifiedAt"": ""Sun, 23 Jun 2019 13:37:59 GMT"", ""paymentRequired"": true, ""requestedDeparture"": ""Sun, 23 Jun 2019 18:28:48 GMT"", ""kWhRequested"": 22.84}], ""us",success
2026-08-17T00:51:04.990801+00:00,jpl:2019-06-18:2019-06-25:page5,1,"https://ev.caltech.edu/api/v1/sessions/jpl?where=connectionTime%3E=%22Tue,%2018%20Jun%202019%2000:00:00%20GMT%22%20and%20connectionTime%3C%22Tue,%2025%20Jun%202019%2000:00:00%20GMT%22%20and%20kWhDelivered%3E=0.0&sort=-connectionTime&page=5",200,application/json,20625,0.4156126679999943,"{""_items"": [{""_id"": ""5d23e063f9af8b25bf84eaf0"", ""userInputs"": [{""userID"": 345, ""milesRequested"": 30, ""WhPerMile"": 400, ""minutesAvailable"": 424, ""modifiedAt"": ""Fri, 21 Jun 2019 14:54:32 GMT"", ""paymentRequired"": true, ""requestedDeparture"": ""Fri, 21 Jun 2019 21:58:21 GMT"", ""kWhRequested"": 12.0}], ""user",success
2026-08-17T00:51:05.486781+00:00,jpl:2019-06-18:2019-06-25:page6,1,"https://ev.caltech.edu/api/v1/sessions/jpl?where=connectionTime%3E=%22Tue,%2018%20Jun%202019%2000:00:00%20GMT%22%20and%20connectionTime%3C%22Tue,%2025%20Jun%202019%2000:00:00%20GMT%22%20and%20kWhDelivered%3E=0.0&sort=-connectionTime&page=6",200,application/json,19698,0.23660957500032964,"{""_items"": [{""_id"": ""5d23e039f9af8b25bf84ead7"", ""userInputs"": [{""userID"": 428, ""milesRequested"": 50, ""WhPerMile"": 333, ""minutesAvailable"": 108, ""modifiedAt"": ""Thu, 20 Jun 2019 19:17:57 GMT"", ""paymentRequired"": true, ""requestedDeparture"": ""Thu, 20 Jun 2019 21:05:42 GMT"", ""kWhRequested"": 16.65}], ""use",success
2026-08-17T00:51:06.001573+00:00,jpl:2019-06-18:2019-06-25:page7,1,"https://ev.caltech.edu/api/v1/sessions/jpl?where=connectionTime%3E=%22Tue,%2018%20Jun%202019%2000:00:00%20GMT%22%20and%20connectionTime%3C%22Tue,%2025%20Jun%202019%2000:00:00%20GMT%22%20and%20kWhDelivered%3E=0.0&sort=-connectionTime&page=7",200,application/json,18319,0.25597237500005576,"{""_items"": [{""_id"": ""5d23e039f9af8b25bf84eabe"", ""userInputs"": [{""userID"": 576, ""milesRequested"": 170, ""WhPerMile"": 235, ""minutesAvailable"": 515, ""modifiedAt"": ""Thu, 20 Jun 2019 14:03:45 GMT"", ""paymentRequired"": true, ""requestedDeparture"": ""Thu, 20 Jun 2019 22:37:56 GMT"", ""kWhRequested"": 39.95}], ""us",success
2026-08-17T00:51:06.502425+00:00,jpl:2019-06-18:2019-06-25:page8,1,"https://ev.caltech.edu/api/v1/sessions/jpl?where=connectionTime%3E=%22Tue,%2018%20Jun%202019%2000:00:00%20GMT%22%20and%20connectionTime%3C%22Tue,%2025%20Jun%202019%2000:00:00%20GMT%22%20and%20kWhDelivered%3E=0.0&sort=-connectionTime&page=8",200,application/json,18780,0.24060602600002312,"{""_items"": [{""_id"": ""5d23e039f9af8b25bf84eaa5"", ""userInputs"": [{""userID"": 1733, ""milesRequested"": 250, ""WhPerMile"": 600, ""minutesAvailable"": 720, ""modifiedAt"": ""Thu, 20 Jun 2019 12:53:18 GMT"", ""paymentRequired"": true, ""requestedDeparture"": ""Fri, 21 Jun 2019 00:53:04 GMT"", ""kWhRequested"": 150.0}], ""u",success
2026-08-17T00:51:06.993170+00:00,jpl:2019-06-18:2019-06-25:page9,1,"https://ev.caltech.edu/api/v1/sessions/jpl?where=connectionTime%3E=%22Tue,%2018%20Jun%202019%2000:00:00%20GMT%22%20and%20connectionTime%3C%22Tue,%2025%20Jun%202019%2000:00:00%20GMT%22%20and%20kWhDelivered%3E=0.0&sort=-connectionTime&page=9",200,application/json,18548,0.23323454499950458,"{""_items"": [{""_id"": ""5d213ddbf9af8b1dcfe54e92"", ""userInputs"": [{""userID"": 537, ""milesRequested"": 100, ""WhPerMile"": 250, ""minutesAvailable"": 451, ""modifiedAt"": ""Wed, 19 Jun 2019 14:41:11 GMT"", ""paymentRequired"": true, ""requestedDeparture"": ""Wed, 19 Jun 2019 22:09:25 GMT"", ""kWhRequested"": 25.0}], ""use",success
2026-08-17T00:51:07.492930+00:00,jpl:2019-06-18:2019-06-25:page10,1,"https://ev.caltech.edu/api/v1/sessions/jpl?where=connectionTime%3E=%22Tue,%2018%20Jun%202019%2000:00:00%20GMT%22%20and%20connectionTime%3C%22Tue,%2025%20Jun%202019%2000:00:00%20GMT%22%20and%20kWhDelivered%3E=0.0&sort=-connectionTime&page=10",200,application/json,18764,0.24030891199981852,"{""_items"": [{""_id"": ""5d213ddbf9af8b1dcfe54e79"", ""userInputs"": [{""userID"": 1627, ""milesRequested"": 20, ""WhPerMile"": 400, ""minutesAvailable"": 646, ""modifiedAt"": ""Wed, 19 Jun 2019 13:48:02 GMT"", ""paymentRequired"": true, ""requestedDeparture"": ""Thu, 20 Jun 2019 00:33:47 GMT"", ""kWhRequested"": 8.0}], ""user",success
2026-08-17T00:51:08.011030+00:00,jpl:2019-06-18:2019-06-25:page11,1,"https://ev.caltech.edu/api/v1/sessions/jpl?where=connectionTime%3E=%22Tue,%2018%20Jun%202019%2000:00:00%20GMT%22%20and%20connectionTime%3C%22Tue,%2025%20Jun%202019%2000:00:00%20GMT%22%20and%20kWhDelivered%3E=0.0&sort=-connectionTime&page=11",200,application/json,18324,0.2581141460004801,"{""_items"": [{""_id"": ""5d213d93f9af8b1dcfe54e60"", ""userInputs"": [{""userID"": 2050, ""milesRequested"": 60, ""WhPerMile"": 333, ""minutesAvailable"": 150, ""modifiedAt"": ""Tue, 18 Jun 2019 22:52:13 GMT"", ""paymentRequired"": true, ""requestedDeparture"": ""Wed, 19 Jun 2019 01:21:56 GMT"", ""kWhRequested"": 19.98}], ""us",success
2026-08-17T00:51:08.682549+00:00,jpl:2019-06-18:2019-06-25:page12,1,"https://ev.caltech.edu/api/v1/sessions/jpl?where=connectionTime%3E=%22Tue,%2018%20Jun%202019%2000:00:00%20GMT%22%20and%20connectionTime%3C%22Tue,%2025%20Jun%202019%2000:00:00%20GMT%22%20and%20kWhDelivered%3E=0.0&sort=-connectionTime&page=12",200,application/json,19698,0.4152440239995485,"{""_items"": [{""_id"": ""5d213d93f9af8b1dcfe54e47"", ""userInputs"": [{""userID"": 943, ""milesRequested"": 90, ""WhPerMile"": 250, ""minutesAvailable"": 261, ""modifiedAt"": ""Tue, 18 Jun 2019 14:15:56 GMT"", ""paymentRequired"": true, ""requestedDeparture"": ""Tue, 18 Jun 2019 18:35:11 GMT"", ""kWhRequested"": 22.5}], ""user",success
2026-08-17T00:51:09.194897+00:00,jpl:2019-06-18:2019-06-25:page13,1,"https://ev.caltech.edu/api/v1/sessions/jpl?where=connectionTime%3E=%22Tue,%2018%20Jun%202019%2000:00:00%20GMT%22%20and%20connectionTime%3C%22Tue,%2025%20Jun%202019%2000:00:00%20GMT%22%20and%20kWhDelivered%3E=0.0&sort=-connectionTime&page=13",200,application/json,13815,0.2523948609996296,"{""_items"": [{""_id"": ""5d213d93f9af8b1dcfe54e2e"", ""userInputs"": [{""userID"": 529, ""milesRequested"": 70, ""WhPerMile"": 300, ""minutesAvailable"": 626, ""modifiedAt"": ""Tue, 18 Jun 2019 13:24:09 GMT"", ""paymentRequired"": true, ""requestedDeparture"": ""Tue, 18 Jun 2019 23:49:57 GMT"", ""kWhRequested"": 21.0}], ""user",success
2026-08-17T00:51:11.142135+00:00,jpl:2019-06-25:2019-07-02:page1,1,https://ev.caltech.edu/api/v1/sessions/jpl?where=connectionTime%3E%3D%22Tue%2C+25+Jun+2019+00%3A00%3A00+GMT%22+and+connectionTime%3C%22Tue%2C+02+Jul+2019+00%3A00%3A00+GMT%22+and+kWhDelivered%3E%3D0.0&sort=-connectionTime,200,application/json,19720,0.9409742269999697,"{""_items"": [{""_id"": ""5d2fbdd3f9af8b4d0dd0d54e"", ""userInputs"": [{""userID"": 2299, ""milesRequested"": 50, ""WhPerMile"": 333, ""minutesAvailable"": 191, ""modifiedAt"": ""Mon, 01 Jul 2019 22:36:08 GMT"", ""paymentRequired"": true, ""requestedDeparture"": ""Tue, 02 Jul 2019 01:47:08 GMT"", ""kWhRequested"": 16.65}], ""us",success
2026-08-17T00:51:12.057937+00:00,jpl:2019-06-25:2019-07-02:page2,1,"https://ev.caltech.edu/api/v1/sessions/jpl?where=connectionTime%3E=%22Tue,%2025%20Jun%202019%2000:00:00%20GMT%22%20and%20connectionTime%3C%22Tue,%2002%20Jul%202019%2000:00:00%20GMT%22%20and%20kWhDelivered%3E=0.0&sort=-connectionTime&page=2",200,application/json,20179,0.6564174389995969,"{""_items"": [{""_id"": ""5d2fbdd3f9af8b4d0dd0d535"", ""userInputs"": [{""userID"": 2276, ""milesRequested"": 60, ""WhPerMile"": 400, ""minutesAvailable"": 430, ""modifiedAt"": ""Mon, 01 Jul 2019 15:07:36 GMT"", ""paymentRequired"": true, ""requestedDeparture"": ""Mon, 01 Jul 2019 22:17:09 GMT"", ""kWhRequested"": 24.0}, {""use",success
2026-08-17T00:51:12.819396+00:00,jpl:2019-06-25:2019-07-02:page3,1,"https://ev.caltech.edu/api/v1/sessions/jpl?where=connectionTime%3E=%22Tue,%2025%20Jun%202019%2000:00:00%20GMT%22%20and%20connectionTime%3C%22Tue,%2002%20Jul%202019%2000:00:00%20GMT%22%20and%20kWhDelivered%3E=0.0&sort=-connectionTime&page=3",200,application/json,18113,0.5020054739998159,"{""_items"": [{""_id"": ""5d2fbdd3f9af8b4d0dd0d51c"", ""userInputs"": [{""userID"": 1733, ""milesRequested"": 210, ""WhPerMile"": 600, ""minutesAvailable"": 706, ""modifiedAt"": ""Mon, 01 Jul 2019 13:46:21 GMT"", ""paymentRequired"": true, ""requestedDeparture"": ""Tue, 02 Jul 2019 01:32:09 GMT"", ""kWhRequested"": 126.0}], ""u",success
2026-08-17T00:51:13.559345+00:00,jpl:2019-06-25:2019-07-02:page4,1,"https://ev.caltech.edu/api/v1/sessions/jpl?where=connectionTime%3E=%22Tue,%2025%20Jun%202019%2000:00:00%20GMT%22%20and%20connectionTime%3C%22Tue,%2002%20Jul%202019%2000:00:00%20GMT%22%20and%20kWhDelivered%3E=0.0&sort=-connectionTime&page=4",200,application/json,20642,0.4796280709997518,"{""_items"": [{""_id"": ""5d2bc939f9af8b3f552441b6"", ""userInputs"": [{""userID"": 420, ""milesRequested"": 40, ""WhPerMile"": 400, ""minutesAvailable"": 171, ""modifiedAt"": ""Fri, 28 Jun 2019 22:18:40 GMT"", ""paymentRequired"": true, ""requestedDeparture"": ""Sat, 29 Jun 2019 01:08:40 GMT"", ""kWhRequested"": 16.0}], ""user",success
2026-08-17T00:51:14.064196+00:00,jpl:2019-06-25:2019-07-02:page5,1,"https://ev.caltech.edu/api/v1/sessions/jpl?where=connectionTime%3E=%22Tue,%2025%20Jun%202019%2000:00:00%20GMT%22%20and%20connectionTime%3C%22Tue,%2002%20Jul%202019%2000:00:00%20GMT%22%20and%20kWhDelivered%3E=0.0&sort=-connectionTime&page=5",200,application/json,18554,0.24472525300006964,"{""_items"": [{""_id"": ""5d2bc939f9af8b3f5524419d"", ""userInputs"": [{""userID"": 2299, ""milesRequested"": 50, ""WhPerMile"": 333, ""minutesAvailable"": 191, ""modifiedAt"": ""Fri, 28 Jun 2019 14:27:19 GMT"", ""paymentRequired"": true, ""requestedDeparture"": ""Fri, 28 Jun 2019 17:38:19 GMT"", ""kWhRequested"": 16.65}], ""us",success
2026-08-17T00:51:14.748758+00:00,jpl:2019-06-25:2019-07-02:page6,1,"https://ev.caltech.edu/api/v1/sessions/jpl?where=connectionTime%3E=%22Tue,%2025%20Jun%202019%2000:00:00%20GMT%22%20and%20connectionTime%3C%22Tue,%2002%20Jul%202019%2000:00:00%20GMT%22%20and%20kWhDelivered%3E=0.0&sort=-connectionTime&page=6",200,application/json,19012,0.4243140130001848,"{""_items"": [{""_id"": ""5d2bc939f9af8b3f55244184"", ""userInputs"": [{""userID"": 2966, ""milesRequested"": 30, ""WhPerMile"": 400, ""minutesAvailable"": 434, ""modifiedAt"": ""Fri, 28 Jun 2019 13:50:14 GMT"", ""paymentRequired"": true, ""requestedDeparture"": ""Fri, 28 Jun 2019 21:02:30 GMT"", ""kWhRequested"": 12.0}, {""use",success
2026-08-17T00:51:15.410830+00:00,jpl:2019-06-25:2019-07-02:page7,1,"https://ev.caltech.edu/api/v1/sessions/jpl?where=connectionTime%3E=%22Tue,%2025%20Jun%202019%2000:00:00%20GMT%22%20and%20connectionTime%3C%22Tue,%2002%20Jul%202019%2000:00:00%20GMT%22%20and%20kWhDelivered%3E=0.0&sort=-connectionTime&page=7",200,application/json,19255,0.40310369899998477,"{""_items"": [{""_id"": ""5d2bc939f9af8b3f5524416b"", ""userInputs"": [{""userID"": 2362, ""milesRequested"": 60, ""WhPerMile"": 400, ""minutesAvailable"": 639, ""modifiedAt"": ""Fri, 28 Jun 2019 12:33:04 GMT"", ""paymentRequired"": true, ""requestedDeparture"": ""Fri, 28 Jun 2019 23:11:47 GMT"", ""kWhRequested"": 24.0}], ""use",success
2026-08-17T00:51:15.906310+00:00,jpl:2019-06-25:2019-07-02:page8,1,"https://ev.caltech.edu/api/v1/sessions/jpl?where=connectionTime%3E=%22Tue,%2025%20Jun%202019%2000:00:00%20GMT%22%20and%20connectionTime%3C%22Tue,%2002%20Jul%202019%2000:00:00%20GMT%22%20and%20kWhDelivered%3E=0.0&sort=-connectionTime&page=8",200,application/json,18314,0.24001795999993192,"{""_items"": [{""_id"": ""5d2a77bbf9af8b3b7a370345"", ""userInputs"": [{""userID"": 2921, ""milesRequested"": 80, ""WhPerMile"": 250, ""minutesAvailable"": 303, ""modifiedAt"": ""Thu, 27 Jun 2019 14:44:15 GMT"", ""paymentRequired"": true, ""requestedDeparture"": ""Thu, 27 Jun 2019 19:47:16 GMT"", ""kWhRequested"": 20.0}, {""use",success
2026-08-17T00:51:16.576375+00:00,jpl:2019-06-25:2019-07-02:page9,1,"https://ev.caltech.edu/api/v1/sessions/jpl?where=connectionTime%3E=%22Tue,%2025%20Jun%202019%2000:00:00%20GMT%22%20and%20connectionTime%3C%22Tue,%2002%20Jul%202019%2000:00:00%20GMT%22%20and%20kWhDelivered%3E=0.0&sort=-connectionTime&page=9",200,application/json,19010,0.4106737720003366,"{""_items"": [{""_id"": ""5d2a77bbf9af8b3b7a37032c"", ""userInputs"": [{""userID"": 365, ""milesRequested"": 30, ""WhPerMile"": 333, ""minutesAvailable"": 165, ""modifiedAt"": ""Thu, 27 Jun 2019 13:53:23 GMT"", ""paymentRequired"": true, ""requestedDeparture"": ""Thu, 27 Jun 2019 16:37:47 GMT"", ""kWhRequested"": 9.99}], ""user",success
2026-08-17T00:51:17.241030+00:00,jpl:2019-06-25:2019-07-02:page10,1,"https://ev.caltech.edu/api/v1/sessions/jpl?where=connectionTime%3E=%22Tue,%2025%20Jun%202019%2000:00:00%20GMT%22%20and%20connectionTime%3C%22Tue,%2002%20Jul%202019%2000:00:00%20GMT%22%20and%20kWhDelivered%3E=0.0&sort=-connectionTime&page=10",200,application/json,20179,0.41061229900060425,"{""_items"": [{""_id"": ""5d2a77bbf9af8b3b7a370313"", ""userInputs"": [{""userID"": 2362, ""milesRequested"": 60, ""WhPerMile"": 400, ""minutesAvailable"": 639, ""modifiedAt"": ""Thu, 27 Jun 2019 12:25:28 GMT"", ""paymentRequired"": true, ""requestedDeparture"": ""Thu, 27 Jun 2019 23:03:54 GMT"", ""kWhRequested"": 24.0}, {""use",success
2026-08-17T00:51:17.737904+00:00,jpl:2019-06-25:2019-07-02:page11,1,"https://ev.caltech.edu/api/v1/sessions/jpl?where=connectionTime%3E=%22Tue,%2025%20Jun%202019%2000:00:00%20GMT%22%20and%20connectionTime%3C%22Tue,%2002%20Jul%202019%2000:00:00%20GMT%22%20and%20kWhDelivered%3E=0.0&sort=-connectionTime&page=11",200,application/json,18100,0.24127219000001787,"{""_items"": [{""_id"": ""5d2926c7f9af8b379ee9217e"", ""userInputs"": [{""userID"": 336, ""milesRequested"": 60, ""WhPerMile"": 292, ""minutesAvailable"": 575, ""modifiedAt"": ""Wed, 26 Jun 2019 14:28:25 GMT"", ""paymentRequired"": true, ""requestedDeparture"": ""Thu, 27 Jun 2019 00:00:13 GMT"", ""kWhRequested"": 17.52}], ""use",success
2026-08-17T00:51:18.219046+00:00,jpl:2019-06-25:2019-07-02:page12,1,"https://ev.caltech.edu/api/v1/sessions/jpl?where=connectionTime%3E=%22Tue,%2025%20Jun%202019%2000:00:00%20GMT%22%20and%20connectionTime%3C%22Tue,%2002%20Jul%202019%2000:00:00%20GMT%22%20and%20kWhDelivered%3E=0.0&sort=-connectionTime&page=12",200,application/json,18527,0.22316719700029353,"{""_items"": [{""_id"": ""5d2926c7f9af8b379ee92165"", ""userInputs"": [{""userID"": 385, ""milesRequested"": 30, ""WhPerMile"": 400, ""minutesAvailable"": 550, ""modifiedAt"": ""Wed, 26 Jun 2019 13:37:15 GMT"", ""paymentRequired"": true, ""requestedDeparture"": ""Wed, 26 Jun 2019 22:46:29 GMT"", ""kWhRequested"": 12.0}], ""user",success
2026-08-17T00:51:18.864191+00:00,jpl:2019-06-25:2019-07-02:page13,1,"https://ev.caltech.edu/api/v1/sessions/jpl?where=connectionTime%3E=%22Tue,%2025%20Jun%202019%2000:00:00%20GMT%22%20and%20connectionTime%3C%22Tue,%2002%20Jul%202019%2000:00:00%20GMT%22%20and%20kWhDelivered%3E=0.0&sort=-connectionTime&page=13",200,application/json,19009,0.387540073999844,"{""_items"": [{""_id"": ""5d292680f9af8b379ee9214c"", ""userInputs"": [{""userID"": 220, ""milesRequested"": 10, ""WhPerMile"": 333, ""minutesAvailable"": 180, ""modifiedAt"": ""Tue, 25 Jun 2019 23:59:08 GMT"", ""paymentRequired"": true, ""requestedDeparture"": ""Wed, 26 Jun 2019 02:58:46 GMT"", ""kWhRequested"": 3.33}, {""user",success
2026-08-17T00:51:19.371226+00:00,jpl:2019-06-25:2019-07-02:page14,1,"https://ev.caltech.edu/api/v1/sessions/jpl?where=connectionTime%3E=%22Tue,%2025%20Jun%202019%2000:00:00%20GMT%22%20and%20connectionTime%3C%22Tue,%2002%20Jul%202019%2000:00:00%20GMT%22%20and%20kWhDelivered%3E=0.0&sort=-connectionTime&page=14",200,application/json,18085,0.24634004499966977,"{""_items"": [{""_id"": ""5d292680f9af8b379ee92133"", ""userInputs"": [{""userID"": 2281, ""milesRequested"": 240, ""WhPerMile"": 250, ""minutesAvailable"": 606, ""modifiedAt"": ""Tue, 25 Jun 2019 14:33:04 GMT"", ""paymentRequired"": true, ""requestedDeparture"": ""Wed, 26 Jun 2019 00:38:53 GMT"", ""kWhRequested"": 60.0}], ""us",success
2026-08-17T00:51:19.864124+00:00,jpl:2019-06-25:2019-07-02:page15,1,"https://ev.caltech.edu/api/v1/sessions/jpl?where=connectionTime%3E=%22Tue,%2025%20Jun%202019%2000:00:00%20GMT%22%20and%20connectionTime%3C%22Tue,%2002%20Jul%202019%2000:00:00%20GMT%22%20and%20kWhDelivered%3E=0.0&sort=-connectionTime&page=15",200,application/json,13184,0.23560273700059042,"{""_items"": [{""_id"": ""5d292680f9af8b379ee9211a"", ""userInputs"": [{""userID"": 2500, ""milesRequested"": 60, ""WhPerMile"": 250, ""minutesAvailable"": 453, ""modifiedAt"": ""Tue, 25 Jun 2019 13:28:44 GMT"", ""paymentRequired"": true, ""requestedDeparture"": ""Tue, 25 Jun 2019 21:01:45 GMT"", ""kWhRequested"": 15.0}], ""use",success
2026-08-17T00:51:21.584246+00:00,jpl:2019-07-02:2019-07-09:page1,1,https://ev.caltech.edu/api/v1/sessions/jpl?where=connectionTime%3E%3D%22Tue%2C+02+Jul+2019+00%3A00%3A00+GMT%22+and+connectionTime%3C%22Tue%2C+09+Jul+2019+00%3A00%3A00+GMT%22+and+kWhDelivered%3E%3D0.0&sort=-connectionTime,200,application/json,19944,0.710749443000168,"{""_items"": [{""_id"": ""5d38f852f9af8b69fe354a40"", ""userInputs"": [{""userID"": 362, ""milesRequested"": 60, ""WhPerMile"": 286, ""minutesAvailable"": 99, ""modifiedAt"": ""Mon, 08 Jul 2019 23:23:11 GMT"", ""paymentRequired"": true, ""requestedDeparture"": ""Tue, 09 Jul 2019 01:01:43 GMT"", ""kWhRequested"": 17.16}], ""user",success
2026-08-17T00:51:22.299849+00:00,jpl:2019-07-02:2019-07-09:page2,1,"https://ev.caltech.edu/api/v1/sessions/jpl?where=connectionTime%3E=%22Tue,%2002%20Jul%202019%2000:00:00%20GMT%22%20and%20connectionTime%3C%22Tue,%2009%20Jul%202019%2000:00:00%20GMT%22%20and%20kWhDelivered%3E=0.0&sort=-connectionTime&page=2",200,application/json,18542,0.455397947000165,"{""_items"": [{""_id"": ""5d38f852f9af8b69fe354a27"", ""userInputs"": [{""userID"": 345, ""milesRequested"": 40, ""WhPerMile"": 400, ""minutesAvailable"": 60, ""modifiedAt"": ""Mon, 08 Jul 2019 14:46:17 GMT"", ""paymentRequired"": true, ""requestedDeparture"": ""Mon, 08 Jul 2019 15:46:17 GMT"", ""kWhRequested"": 16.0}, {""userI",success
2026-08-17T00:51:22.985383+00:00,jpl:2019-07-02:2019-07-09:page3,1,"https://ev.caltech.edu/api/v1/sessions/jpl?where=connectionTime%3E=%22Tue,%2002%20Jul%202019%2000:00:00%20GMT%22%20and%20connectionTime%3C%22Tue,%2009%20Jul%202019%2000:00:00%20GMT%22%20and%20kWhDelivered%3E=0.0&sort=-connectionTime&page=3",200,application/json,19484,0.4319060380003066,"{""_items"": [{""_id"": ""5d38f852f9af8b69fe354a0e"", ""userInputs"": [{""userID"": 463, ""milesRequested"": 20, ""WhPerMile"": 400, ""minutesAvailable"": 234, ""modifiedAt"": ""Mon, 08 Jul 2019 13:57:24 GMT"", ""paymentRequired"": true, ""requestedDeparture"": ""Mon, 08 Jul 2019 17:51:13 GMT"", ""kWhRequested"": 8.0}], ""userI",success
2026-08-17T00:51:23.651505+00:00,jpl:2019-07-02:2019-07-09:page4,1,"https://ev.caltech.edu/api/v1/sessions/jpl?where=connectionTime%3E=%22Tue,%2002%20Jul%202019%2000:00:00%20GMT%22%20and%20connectionTime%3C%22Tue,%2009%20Jul%202019%2000:00:00%20GMT%22%20and%20kWhDelivered%3E=0.0&sort=-connectionTime&page=4",200,application/json,19236,0.40656403599950863,"{""_items"": [{""_id"": ""5d37a699f9af8b64a8ebe2a7"", ""userInputs"": [{""userID"": 448, ""milesRequested"": 100, ""WhPerMile"": 400, ""minutesAvailable"": 572, ""modifiedAt"": ""Sun, 07 Jul 2019 23:08:16 GMT"", ""paymentRequired"": true, ""requestedDeparture"": ""Mon, 08 Jul 2019 08:39:57 GMT"", ""kWhRequested"": 40.0}, {""use",success
2026-08-17T00:51:24.319336+00:00,jpl:2019-07-02:2019-07-09:page5,1,"https://ev.caltech.edu/api/v1/sessions/jpl?where=connectionTime%3E=%22Tue,%2002%20Jul%202019%2000:00:00%20GMT%22%20and%20connectionTime%3C%22Tue,%2009%20Jul%202019%2000:00:00%20GMT%22%20and%20kWhDelivered%3E=0.0&sort=-connectionTime&page=5",200,application/json,20390,0.41033935399991606,"{""_items"": [{""_id"": ""5d3260aff9af8b56e4697231"", ""userInputs"": null, ""userID"": null, ""sessionID"": ""1_1_178_828_2019-07-03 16:20:51.807233"", ""stationID"": ""1-1-178-828"", ""spaceID"": ""AG-1F10"", ""siteID"": ""0001"", ""clusterID"": ""0001"", ""connectionTime"": ""Wed, 03 Jul 2019 16:20:52 GMT"", ""disconnectTime"": ""Th",success
2026-08-17T00:51:24.816444+00:00,jpl:2019-07-02:2019-07-09:page6,1,"https://ev.caltech.edu/api/v1/sessions/jpl?where=connectionTime%3E=%22Tue,%2002%20Jul%202019%2000:00:00%20GMT%22%20and%20connectionTime%3C%22Tue,%2009%20Jul%202019%2000:00:00%20GMT%22%20and%20kWhDelivered%3E=0.0&sort=-connectionTime&page=6",200,application/json,19930,0.24118082799941476,"{""_items"": [{""_id"": ""5d310f54f9af8b52adda3e5e"", ""userInputs"": [{""userID"": 1191, ""milesRequested"": 20, ""WhPerMile"": 444, ""minutesAvailable"": 162, ""modifiedAt"": ""Tue, 02 Jul 2019 19:24:07 GMT"", ""paymentRequired"": true, ""requestedDeparture"": ""Tue, 02 Jul 2019 22:05:20 GMT"", ""kWhRequested"": 8.88}], ""use",success
2026-08-17T00:51:25.317597+00:00,jpl:2019-07-02:2019-07-09:page7,1,"https://ev.caltech.edu/api/v1/sessions/jpl?where=connectionTime%3E=%22Tue,%2002%20Jul%202019%2000:00:00%20GMT%22%20and%20connectionTime%3C%22Tue,%2009%20Jul%202019%2000:00:00%20GMT%22%20and%20kWhDelivered%3E=0.0&sort=-connectionTime&page=7",200,application/json,18795,0.24405926200051908,"{""_items"": [{""_id"": ""5d310f54f9af8b52adda3e45"", ""userInputs"": [{""userID"": 551, ""milesRequested"": 40, ""WhPerMile"": 400, ""minutesAvailable"": 152, ""modifiedAt"": ""Tue, 02 Jul 2019 14:43:58 GMT"", ""paymentRequired"": true, ""requestedDeparture"": ""Tue, 02 Jul 2019 17:13:21 GMT"", ""kWhRequested"": 16.0}, {""user",success
2026-08-17T00:51:25.801660+00:00,jpl:2019-07-02:2019-07-09:page8,1,"https://ev.caltech.edu/api/v1/sessions/jpl?where=connectionTime%3E=%22Tue,%2002%20Jul%202019%2000:00:00%20GMT%22%20and%20connectionTime%3C%22Tue,%2009%20Jul%202019%2000:00:00%20GMT%22%20and%20kWhDelivered%3E=0.0&sort=-connectionTime&page=8",200,application/json,10319,0.22792775800007803,"{""_items"": [{""_id"": ""5d310f54f9af8b52adda3e2c"", ""userInputs"": [{""userID"": 726, ""milesRequested"": 80, ""WhPerMile"": 275, ""minutesAvailable"": 556, ""modifiedAt"": ""Tue, 02 Jul 2019 13:34:14 GMT"", ""paymentRequired"": true, ""requestedDeparture"": ""Tue, 02 Jul 2019 22:49:41 GMT"", ""kWhRequested"": 22.0}], ""user",success
2026-08-17T00:51:27.828946+00:00,jpl:2019-07-09:2019-07-16:page1,1,https://ev.caltech.edu/api/v1/sessions/jpl?where=connectionTime%3E%3D%22Tue%2C+09+Jul+2019+00%3A00%3A00+GMT%22+and+connectionTime%3C%22Tue%2C+16+Jul+2019+00%3A00%3A00+GMT%22+and+kWhDelivered%3E%3D0.0&sort=-connectionTime,200,application/json,18091,1.0214749879996816,"{""_items"": [{""_id"": ""5d4232ddf9af8b089ecf80a2"", ""userInputs"": [{""userID"": 607, ""milesRequested"": 90, ""WhPerMile"": 364, ""minutesAvailable"": 553, ""modifiedAt"": ""Mon, 15 Jul 2019 23:53:31 GMT"", ""paymentRequired"": true, ""requestedDeparture"": ""Tue, 16 Jul 2019 09:06:23 GMT"", ""kWhRequested"": 32.76}], ""use",success
2026-08-17T00:51:28.852376+00:00,jpl:2019-07-09:2019-07-16:page2,1,"https://ev.caltech.edu/api/v1/sessions/jpl?where=connectionTime%3E=%22Tue,%2009%20Jul%202019%2000:00:00%20GMT%22%20and%20connectionTime%3C%22Tue,%2016%20Jul%202019%2000:00:00%20GMT%22%20and%20kWhDelivered%3E=0.0&sort=-connectionTime&page=2",200,application/json,18771,0.7659394259999317,"{""_items"": [{""_id"": ""5d4232ddf9af8b089ecf8089"", ""userInputs"": [{""userID"": 1370, ""milesRequested"": 150, ""WhPerMile"": 467, ""minutesAvailable"": 469, ""modifiedAt"": ""Mon, 15 Jul 2019 14:34:18 GMT"", ""paymentRequired"": true, ""requestedDeparture"": ""Mon, 15 Jul 2019 22:22:27 GMT"", ""kWhRequested"": 70.05}], ""u",success
2026-08-17T00:51:29.774830+00:00,jpl:2019-07-09:2019-07-16:page3,1,"https://ev.caltech.edu/api/v1/sessions/jpl?where=connectionTime%3E=%22Tue,%2009%20Jul%202019%2000:00:00%20GMT%22%20and%20connectionTime%3C%22Tue,%2016%20Jul%202019%2000:00:00%20GMT%22%20and%20kWhDelivered%3E=0.0&sort=-connectionTime&page=3",200,application/json,18489,0.663030431000152,"{""_items"": [{""_id"": ""5d4232ddf9af8b089ecf8070"", ""userInputs"": [{""userID"": 1648, ""milesRequested"": 20, ""WhPerMile"": 375, ""minutesAvailable"": 561, ""modifiedAt"": ""Mon, 15 Jul 2019 13:42:40 GMT"", ""paymentRequired"": true, ""requestedDeparture"": ""Mon, 15 Jul 2019 23:03:17 GMT"", ""kWhRequested"": 7.5}, {""user",success
2026-08-17T00:51:30.560189+00:00,jpl:2019-07-09:2019-07-16:page4,1,"https://ev.caltech.edu/api/v1/sessions/jpl?where=connectionTime%3E=%22Tue,%2009%20Jul%202019%2000:00:00%20GMT%22%20and%20connectionTime%3C%22Tue,%2016%20Jul%202019%2000:00:00%20GMT%22%20and%20kWhDelivered%3E=0.0&sort=-connectionTime&page=4",200,application/json,18377,0.5244972689997667,"{""_items"": [{""_id"": ""5d3f8f96f9af8b7f97666a52"", ""userInputs"": [{""userID"": 438, ""milesRequested"": 150, ""WhPerMile"": 267, ""minutesAvailable"": 477, ""modifiedAt"": ""Sat, 13 Jul 2019 19:07:37 GMT"", ""paymentRequired"": true, ""requestedDeparture"": ""Sun, 14 Jul 2019 03:04:38 GMT"", ""kWhRequested"": 40.05}], ""us",success
2026-08-17T00:51:31.360937+00:00,jpl:2019-07-09:2019-07-16:page5,1,"https://ev.caltech.edu/api/v1/sessions/jpl?where=connectionTime%3E=%22Tue,%2009%20Jul%202019%2000:00:00%20GMT%22%20and%20connectionTime%3C%22Tue,%2016%20Jul%202019%2000:00:00%20GMT%22%20and%20kWhDelivered%3E=0.0&sort=-connectionTime&page=5",200,application/json,18088,0.5433950920005373,"{""_items"": [{""_id"": ""5d3e3e4df9af8b7bb3f1481d"", ""userInputs"": [{""userID"": 420, ""milesRequested"": 60, ""WhPerMile"": 400, ""minutesAvailable"": 286, ""modifiedAt"": ""Fri, 12 Jul 2019 18:43:08 GMT"", ""paymentRequired"": true, ""requestedDeparture"": ""Fri, 12 Jul 2019 23:28:53 GMT"", ""kWhRequested"": 24.0}], ""user",success
2026-08-17T00:51:32.083427+00:00,jpl:2019-07-09:2019-07-16:page6,1,"https://ev.caltech.edu/api/v1/sessions/jpl?where=connectionTime%3E=%22Tue,%2009%20Jul%202019%2000:00:00%20GMT%22%20and%20connectionTime%3C%22Tue,%2016%20Jul%202019%2000:00:00%20GMT%22%20and%20kWhDelivered%3E=0.0&sort=-connectionTime&page=6",200,application/json,18079,0.46270958699915354,"{""_items"": [{""_id"": ""5d3e3e4df9af8b7bb3f14804"", ""userInputs"": [{""userID"": 2129, ""milesRequested"": 40, ""WhPerMile"": 400, ""minutesAvailable"": 60, ""modifiedAt"": ""Fri, 12 Jul 2019 14:10:24 GMT"", ""paymentRequired"": true, ""requestedDeparture"": ""Fri, 12 Jul 2019 15:09:09 GMT"", ""kWhRequested"": 16.0}], ""user",success
2026-08-17T00:51:32.739526+00:00,jpl:2019-07-09:2019-07-16:page7,1,"https://ev.caltech.edu/api/v1/sessions/jpl?where=connectionTime%3E=%22Tue,%2009%20Jul%202019%2000:00:00%20GMT%22%20and%20connectionTime%3C%22Tue,%2016%20Jul%202019%2000:00:00%20GMT%22%20and%20kWhDelivered%3E=0.0&sort=-connectionTime&page=7",200,application/json,19483,0.3955006930000309,"{""_items"": [{""_id"": ""5d3e3e4df9af8b7bb3f147eb"", ""userInputs"": [{""userID"": 406, ""milesRequested"": 40, ""WhPerMile"": 600, ""minutesAvailable"": 581, ""modifiedAt"": ""Fri, 12 Jul 2019 12:44:20 GMT"", ""paymentRequired"": true, ""requestedDeparture"": ""Fri, 12 Jul 2019 22:24:57 GMT"", ""kWhRequested"": 24.0}], ""user",success
2026-08-17T00:51:33.393981+00:00,jpl:2019-07-09:2019-07-16:page8,1,"https://ev.caltech.edu/api/v1/sessions/jpl?where=connectionTime%3E=%22Tue,%2009%20Jul%202019%2000:00:00%20GMT%22%20and%20connectionTime%3C%22Tue,%2016%20Jul%202019%2000:00:00%20GMT%22%20and%20kWhDelivered%3E=0.0&sort=-connectionTime&page=8",200,application/json,19000,0.3930299149997154,"{""_items"": [{""_id"": ""5d3ceccef9af8b77d5556b38"", ""userInputs"": [{""userID"": 2883, ""milesRequested"": 20, ""WhPerMile"": 375, ""minutesAvailable"": 163, ""modifiedAt"": ""Thu, 11 Jul 2019 14:56:26 GMT"", ""paymentRequired"": true, ""requestedDeparture"": ""Thu, 11 Jul 2019 17:39:15 GMT"", ""kWhRequested"": 7.5}], ""user",success
2026-08-17T00:51:33.949396+00:00,jpl:2019-07-09:2019-07-16:page9,1,"https://ev.caltech.edu/api/v1/sessions/jpl?where=connectionTime%3E=%22Tue,%2009%20Jul%202019%2000:00:00%20GMT%22%20and%20connectionTime%3C%22Tue,%2016%20Jul%202019%2000:00:00%20GMT%22%20and%20kWhDelivered%3E=0.0&sort=-connectionTime&page=9",200,application/json,17609,0.2978104889998576,"{""_items"": [{""_id"": ""5d3ceccef9af8b77d5556b1f"", ""userInputs"": [{""userID"": 576, ""milesRequested"": 170, ""WhPerMile"": 235, ""minutesAvailable"": 519, ""modifiedAt"": ""Thu, 11 Jul 2019 13:57:22 GMT"", ""paymentRequired"": true, ""requestedDeparture"": ""Thu, 11 Jul 2019 22:36:02 GMT"", ""kWhRequested"": 39.95}], ""us",success
2026-08-17T00:51:34.432565+00:00,jpl:2019-07-09:2019-07-16:page10,1,"https://ev.caltech.edu/api/v1/sessions/jpl?where=connectionTime%3E=%22Tue,%2009%20Jul%202019%2000:00:00%20GMT%22%20and%20connectionTime%3C%22Tue,%2016%20Jul%202019%2000:00:00%20GMT%22%20and%20kWhDelivered%3E=0.0&sort=-connectionTime&page=10",200,application/json,18769,0.22677267100061727,"{""_items"": [{""_id"": ""5d3ceccef9af8b77d5556b06"", ""userInputs"": [{""userID"": 933, ""milesRequested"": 140, ""WhPerMile"": 345, ""minutesAvailable"": 454, ""modifiedAt"": ""Thu, 11 Jul 2019 11:54:19 GMT"", ""paymentRequired"": true, ""requestedDeparture"": ""Thu, 11 Jul 2019 19:28:04 GMT"", ""kWhRequested"": 48.3}], ""use",success
2026-08-17T00:51:35.098768+00:00,jpl:2019-07-09:2019-07-16:page11,1,"https://ev.caltech.edu/api/v1/sessions/jpl?where=connectionTime%3E=%22Tue,%2009%20Jul%202019%2000:00:00%20GMT%22%20and%20connectionTime%3C%22Tue,%2016%20Jul%202019%2000:00:00%20GMT%22%20and%20kWhDelivered%3E=0.0&sort=-connectionTime&page=11",200,application/json,19024,0.4071724599998561,"{""_items"": [{""_id"": ""5d3b9b4ff9af8b739231833c"", ""userInputs"": [{""userID"": 607, ""milesRequested"": 90, ""WhPerMile"": 364, ""minutesAvailable"": 574, ""modifiedAt"": ""Wed, 10 Jul 2019 14:54:00 GMT"", ""paymentRequired"": true, ""requestedDeparture"": ""Thu, 11 Jul 2019 00:27:45 GMT"", ""kWhRequested"": 32.76}, {""use",success
2026-08-17T00:51:35.584307+00:00,jpl:2019-07-09:2019-07-16:page12,1,"https://ev.caltech.edu/api/v1/sessions/jpl?where=connectionTime%3E=%22Tue,%2009%20Jul%202019%2000:00:00%20GMT%22%20and%20connectionTime%3C%22Tue,%2016%20Jul%202019%2000:00:00%20GMT%22%20and%20kWhDelivered%3E=0.0&sort=-connectionTime&page=12",200,application/json,18304,0.23001372100043227,"{""_items"": [{""_id"": ""5d3b9b4ff9af8b7392318323"", ""userInputs"": [{""userID"": 382, ""milesRequested"": 50, ""WhPerMile"": 400, ""minutesAvailable"": 557, ""modifiedAt"": ""Wed, 10 Jul 2019 13:58:05 GMT"", ""paymentRequired"": true, ""requestedDeparture"": ""Wed, 10 Jul 2019 23:14:37 GMT"", ""kWhRequested"": 20.0}], ""user",success
2026-08-17T00:51:36.245870+00:00,jpl:2019-07-09:2019-07-16:page13,1,"https://ev.caltech.edu/api/v1/sessions/jpl?where=connectionTime%3E=%22Tue,%2009%20Jul%202019%2000:00:00%20GMT%22%20and%20connectionTime%3C%22Tue,%2016%20Jul%202019%2000:00:00%20GMT%22%20and%20kWhDelivered%3E=0.0&sort=-connectionTime&page=13",200,application/json,19233,0.40373888199974317,"{""_items"": [{""_id"": ""5d3b9b4ff9af8b739231830a"", ""userInputs"": [{""userID"": 933, ""milesRequested"": 140, ""WhPerMile"": 345, ""minutesAvailable"": 454, ""modifiedAt"": ""Wed, 10 Jul 2019 12:24:40 GMT"", ""paymentRequired"": true, ""requestedDeparture"": ""Wed, 10 Jul 2019 19:58:18 GMT"", ""kWhRequested"": 48.3}, {""use",success
2026-08-17T00:51:36.748211+00:00,jpl:2019-07-09:2019-07-16:page14,1,"https://ev.caltech.edu/api/v1/sessions/jpl?where=connectionTime%3E=%22Tue,%2009%20Jul%202019%2000:00:00%20GMT%22%20and%20connectionTime%3C%22Tue,%2016%20Jul%202019%2000:00:00%20GMT%22%20and%20kWhDelivered%3E=0.0&sort=-connectionTime&page=14",200,application/json,18081,0.24233624700082146,"{""_items"": [{""_id"": ""5d3a49d1f9af8b6e7766a662"", ""userInputs"": [{""userID"": 756, ""milesRequested"": 50, ""WhPerMile"": 400, ""minutesAvailable"": 272, ""modifiedAt"": ""Tue, 09 Jul 2019 14:40:53 GMT"", ""paymentRequired"": true, ""requestedDeparture"": ""Tue, 09 Jul 2019 19:11:54 GMT"", ""kWhRequested"": 20.0}], ""user",success
2026-08-17T00:51:37.253815+00:00,jpl:2019-07-09:2019-07-16:page15,1,"https://ev.caltech.edu/api/v1/sessions/jpl?where=connectionTime%3E=%22Tue,%2009%20Jul%202019%2000:00:00%20GMT%22%20and%20connectionTime%3C%22Tue,%2016%20Jul%202019%2000:00:00%20GMT%22%20and%20kWhDelivered%3E=0.0&sort=-connectionTime&page=15",200,application/json,18541,0.24788846299998113,"{""_items"": [{""_id"": ""5d3a49d1f9af8b6e7766a649"", ""userInputs"": [{""userID"": 551, ""milesRequested"": 20, ""WhPerMile"": 250, ""minutesAvailable"": 153, ""modifiedAt"": ""Tue, 09 Jul 2019 13:47:10 GMT"", ""paymentRequired"": true, ""requestedDeparture"": ""Tue, 09 Jul 2019 16:19:50 GMT"", ""kWhRequested"": 5.0}], ""userI",success
2026-08-17T00:51:37.728638+00:00,jpl:2019-07-09:2019-07-16:page16,1,"https://ev.caltech.edu/api/v1/sessions/jpl?where=connectionTime%3E=%22Tue,%2009%20Jul%202019%2000:00:00%20GMT%22%20and%20connectionTime%3C%22Tue,%2016%20Jul%202019%2000:00:00%20GMT%22%20and%20kWhDelivered%3E=0.0&sort=-connectionTime&page=16",200,application/json,1894,0.21414598100000148,"{""_items"": [{""_id"": ""5d3a49d1f9af8b6e7766a630"", ""userInputs"": [{""userID"": 2362, ""milesRequested"": 60, ""WhPerMile"": 400, ""minutesAvailable"": 639, ""modifiedAt"": ""Tue, 09 Jul 2019 12:38:46 GMT"", ""paymentRequired"": true, ""requestedDeparture"": ""Tue, 09 Jul 2019 23:16:55 GMT"", ""kWhRequested"": 24.0}], ""use",success
2026-08-17T00:51:39.606379+00:00,jpl:2019-07-16:2019-07-23:page1,1,https://ev.caltech.edu/api/v1/sessions/jpl?where=connectionTime%3E%3D%22Tue%2C+16+Jul+2019+00%3A00%3A00+GMT%22+and+connectionTime%3C%22Tue%2C+23+Jul+2019+00%3A00%3A00+GMT%22+and+kWhDelivered%3E%3D0.0&sort=-connectionTime,200,application/json,20175,0.8694822530005695,"{""_items"": [{""_id"": ""5d4b6d54f9af8b256a1e0d49"", ""userInputs"": [{""userID"": 2834, ""milesRequested"": 20, ""WhPerMile"": 468, ""minutesAvailable"": 720, ""modifiedAt"": ""Tue, 23 Jul 2019 00:22:08 GMT"", ""paymentRequired"": true, ""requestedDeparture"": ""Tue, 23 Jul 2019 11:59:14 GMT"", ""kWhRequested"": 9.36}, {""use",success
2026-08-17T00:51:40.370898+00:00,jpl:2019-07-16:2019-07-23:page2,1,"https://ev.caltech.edu/api/v1/sessions/jpl?where=connectionTime%3E=%22Tue,%2016%20Jul%202019%2000:00:00%20GMT%22%20and%20connectionTime%3C%22Tue,%2023%20Jul%202019%2000:00:00%20GMT%22%20and%20kWhDelivered%3E=0.0&sort=-connectionTime&page=2",200,application/json,18325,0.5059534989995882,"{""_items"": [{""_id"": ""5d4b6d54f9af8b256a1e0d30"", ""userInputs"": [{""userID"": 2050, ""milesRequested"": 120, ""WhPerMile"": 333, ""minutesAvailable"": 339, ""modifiedAt"": ""Mon, 22 Jul 2019 14:30:48 GMT"", ""paymentRequired"": true, ""requestedDeparture"": ""Mon, 22 Jul 2019 20:09:23 GMT"", ""kWhRequested"": 39.96}, {""u",success
2026-08-17T00:51:41.245518+00:00,jpl:2019-07-16:2019-07-23:page3,1,"https://ev.caltech.edu/api/v1/sessions/jpl?where=connectionTime%3E=%22Tue,%2016%20Jul%202019%2000:00:00%20GMT%22%20and%20connectionTime%3C%22Tue,%2023%20Jul%202019%2000:00:00%20GMT%22%20and%20kWhDelivered%3E=0.0&sort=-connectionTime&page=3",200,application/json,19697,0.6164704789998723,"{""_items"": [{""_id"": ""5d4b6d54f9af8b256a1e0d17"", ""userInputs"": [{""userID"": 462, ""milesRequested"": 20, ""WhPerMile"": 400, ""minutesAvailable"": 64, ""modifiedAt"": ""Mon, 22 Jul 2019 13:39:27 GMT"", ""paymentRequired"": true, ""requestedDeparture"": ""Mon, 22 Jul 2019 14:43:02 GMT"", ""kWhRequested"": 8.0}], ""userID",success
2026-08-17T00:51:41.875500+00:00,jpl:2019-07-16:2019-07-23:page4,1,"https://ev.caltech.edu/api/v1/sessions/jpl?where=connectionTime%3E=%22Tue,%2016%20Jul%202019%2000:00:00%20GMT%22%20and%20connectionTime%3C%22Tue,%2023%20Jul%202019%2000:00:00%20GMT%22%20and%20kWhDelivered%3E=0.0&sort=-connectionTime&page=4",200,application/json,17370,0.3719902530001491,"{""_items"": [{""_id"": ""5d48ca11f9af8b1cecee1de3"", ""userInputs"": [{""userID"": 2301, ""milesRequested"": 160, ""WhPerMile"": 275, ""minutesAvailable"": 620, ""modifiedAt"": ""Sat, 20 Jul 2019 15:18:21 GMT"", ""paymentRequired"": true, ""requestedDeparture"": ""Sun, 21 Jul 2019 01:38:22 GMT"", ""kWhRequested"": 44.0}], ""us",success
2026-08-17T00:51:42.558392+00:00,jpl:2019-07-16:2019-07-23:page5,1,"https://ev.caltech.edu/api/v1/sessions/jpl?where=connectionTime%3E=%22Tue,%2016%20Jul%202019%2000:00:00%20GMT%22%20and%20connectionTime%3C%22Tue,%2023%20Jul%202019%2000:00:00%20GMT%22%20and%20kWhDelivered%3E=0.0&sort=-connectionTime&page=5",200,application/json,20162,0.42370555300021806,"{""_items"": [{""_id"": ""5d4778b3f9af8b18e4162fd0"", ""userInputs"": [{""userID"": 2447, ""milesRequested"": 40, ""WhPerMile"": 571, ""minutesAvailable"": 277, ""modifiedAt"": ""Fri, 19 Jul 2019 13:22:28 GMT"", ""paymentRequired"": true, ""requestedDeparture"": ""Fri, 19 Jul 2019 17:58:59 GMT"", ""kWhRequested"": 22.84}], ""us",success
2026-08-17T00:51:43.204382+00:00,jpl:2019-07-16:2019-07-23:page6,1,"https://ev.caltech.edu/api/v1/sessions/jpl?where=connectionTime%3E=%22Tue,%2016%20Jul%202019%2000:00:00%20GMT%22%20and%20connectionTime%3C%22Tue,%2023%20Jul%202019%2000:00:00%20GMT%22%20and%20kWhDelivered%3E=0.0&sort=-connectionTime&page=6",200,application/json,17855,0.3867327309999382,"{""_items"": [{""_id"": ""5d462759f9af8b14e0f22583"", ""userInputs"": [{""userID"": 355, ""milesRequested"": 60, ""WhPerMile"": 400, ""minutesAvailable"": 263, ""modifiedAt"": ""Thu, 18 Jul 2019 19:38:55 GMT"", ""paymentRequired"": true, ""requestedDeparture"": ""Fri, 19 Jul 2019 00:01:38 GMT"", ""kWhRequested"": 24.0}], ""user",success
2026-08-17T00:51:43.800657+00:00,jpl:2019-07-16:2019-07-23:page7,1,"https://ev.caltech.edu/api/v1/sessions/jpl?where=connectionTime%3E=%22Tue,%2016%20Jul%202019%2000:00:00%20GMT%22%20and%20connectionTime%3C%22Tue,%2023%20Jul%202019%2000:00:00%20GMT%22%20and%20kWhDelivered%3E=0.0&sort=-connectionTime&page=7",200,application/json,18548,0.33544680300019536,"{""_items"": [{""_id"": ""5d462759f9af8b14e0f2256a"", ""userInputs"": [{""userID"": 1157, ""milesRequested"": 100, ""WhPerMile"": 400, ""minutesAvailable"": 568, ""modifiedAt"": ""Thu, 18 Jul 2019 14:06:16 GMT"", ""paymentRequired"": true, ""requestedDeparture"": ""Thu, 18 Jul 2019 23:34:06 GMT"", ""kWhRequested"": 40.0}], ""us",success
2026-08-17T00:51:44.474539+00:00,jpl:2019-07-16:2019-07-23:page8,1,"https://ev.caltech.edu/api/v1/sessions/jpl?where=connectionTime%3E=%22Tue,%2016%20Jul%202019%2000:00:00%20GMT%22%20and%20connectionTime%3C%22Tue,%2023%20Jul%202019%2000:00:00%20GMT%22%20and%20kWhDelivered%3E=0.0&sort=-connectionTime&page=8",200,application/json,20400,0.41584067700023297,"{""_items"": [{""_id"": ""5d462759f9af8b14e0f22551"", ""userInputs"": [{""userID"": 378, ""milesRequested"": 90, ""WhPerMile"": 250, ""minutesAvailable"": 596, ""modifiedAt"": ""Thu, 18 Jul 2019 13:13:26 GMT"", ""paymentRequired"": true, ""requestedDeparture"": ""Thu, 18 Jul 2019 23:09:03 GMT"", ""kWhRequested"": 22.5}], ""user",success
2026-08-17T00:51:44.982197+00:00,jpl:2019-07-16:2019-07-23:page9,1,"https://ev.caltech.edu/api/v1/sessions/jpl?where=connectionTime%3E=%22Tue,%2016%20Jul%202019%2000:00:00%20GMT%22%20and%20connectionTime%3C%22Tue,%2023%20Jul%202019%2000:00:00%20GMT%22%20and%20kWhDelivered%3E=0.0&sort=-connectionTime&page=9",200,application/json,17625,0.24683994600036385,"{""_items"": [{""_id"": ""5d44d5d6f9af8b10f4049bef"", ""userInputs"": null, ""userID"": null, ""sessionID"": ""1_1_191_806_2019-07-17 18:32:52.790025"", ""stationID"": ""1-1-191-806"", ""spaceID"": ""AG-4F41"", ""siteID"": ""0001"", ""clusterID"": ""0001"", ""connectionTime"": ""Wed, 17 Jul 2019 18:32:53 GMT"", ""disconnectTime"": ""We",success
2026-08-17T00:51:45.485822+00:00,jpl:2019-07-16:2019-07-23:page10,1,"https://ev.caltech.edu/api/v1/sessions/jpl?where=connectionTime%3E=%22Tue,%2016%20Jul%202019%2000:00:00%20GMT%22%20and%20connectionTime%3C%22Tue,%2023%20Jul%202019%2000:00:00%20GMT%22%20and%20kWhDelivered%3E=0.0&sort=-connectionTime&page=10",200,application/json,18313,0.2437071369995465,"{""_items"": [{""_id"": ""5d44d5d6f9af8b10f4049bd6"", ""userInputs"": [{""userID"": 2500, ""milesRequested"": 80, ""WhPerMile"": 250, ""minutesAvailable"": 410, ""modifiedAt"": ""Wed, 17 Jul 2019 13:59:24 GMT"", ""paymentRequired"": true, ""requestedDeparture"": ""Wed, 17 Jul 2019 20:49:25 GMT"", ""kWhRequested"": 20.0}], ""use",success
2026-08-17T00:51:45.980330+00:00,jpl:2019-07-16:2019-07-23:page11,1,"https://ev.caltech.edu/api/v1/sessions/jpl?where=connectionTime%3E=%22Tue,%2016%20Jul%202019%2000:00:00%20GMT%22%20and%20connectionTime%3C%22Tue,%2023%20Jul%202019%2000:00:00%20GMT%22%20and%20kWhDelivered%3E=0.0&sort=-connectionTime&page=11",200,application/json,18063,0.2355247759996928,"{""_items"": [{""_id"": ""5d44d5d6f9af8b10f4049bbd"", ""userInputs"": [{""userID"": 483, ""milesRequested"": 20, ""WhPerMile"": 350, ""minutesAvailable"": 574, ""modifiedAt"": ""Wed, 17 Jul 2019 12:50:34 GMT"", ""paymentRequired"": true, ""requestedDeparture"": ""Wed, 17 Jul 2019 22:24:25 GMT"", ""kWhRequested"": 7.0}], ""userI",success
2026-08-17T00:51:46.473301+00:00,jpl:2019-07-16:2019-07-23:page12,1,"https://ev.caltech.edu/api/v1/sessions/jpl?where=connectionTime%3E=%22Tue,%2016%20Jul%202019%2000:00:00%20GMT%22%20and%20connectionTime%3C%22Tue,%2023%20Jul%202019%2000:00:00%20GMT%22%20and%20kWhDelivered%3E=0.0&sort=-connectionTime&page=12",200,application/json,18329,0.2376811229996747,"{""_items"": [{""_id"": ""5d438459f9af8b0cf4b9f337"", ""userInputs"": [{""userID"": 1971, ""milesRequested"": 50, ""WhPerMile"": 400, ""minutesAvailable"": 550, ""modifiedAt"": ""Tue, 16 Jul 2019 14:40:54 GMT"", ""paymentRequired"": true, ""requestedDeparture"": ""Tue, 16 Jul 2019 23:50:55 GMT"", ""kWhRequested"": 20.0}], ""use",success
2026-08-17T00:51:46.966022+00:00,jpl:2019-07-16:2019-07-23:page13,1,"https://ev.caltech.edu/api/v1/sessions/jpl?where=connectionTime%3E=%22Tue,%2016%20Jul%202019%2000:00:00%20GMT%22%20and%20connectionTime%3C%22Tue,%2023%20Jul%202019%2000:00:00%20GMT%22%20and%20kWhDelivered%3E=0.0&sort=-connectionTime&page=13",200,application/json,18308,0.23859567299950868,"{""_items"": [{""_id"": ""5d438459f9af8b0cf4b9f31e"", ""userInputs"": [{""userID"": 576, ""milesRequested"": 170, ""WhPerMile"": 235, ""minutesAvailable"": 519, ""modifiedAt"": ""Tue, 16 Jul 2019 14:00:09 GMT"", ""paymentRequired"": true, ""requestedDeparture"": ""Tue, 16 Jul 2019 22:38:50 GMT"", ""kWhRequested"": 39.95}], ""us",success
2026-08-17T00:51:47.448271+00:00,jpl:2019-07-16:2019-07-23:page14,1,"https://ev.caltech.edu/api/v1/sessions/jpl?where=connectionTime%3E=%22Tue,%2016%20Jul%202019%2000:00:00%20GMT%22%20and%20connectionTime%3C%22Tue,%2023%20Jul%202019%2000:00:00%20GMT%22%20and%20kWhDelivered%3E=0.0&sort=-connectionTime&page=14",200,application/json,5205,0.22578981300011947,"{""_items"": [{""_id"": ""5d438459f9af8b0cf4b9f305"", ""userInputs"": [{""userID"": 933, ""milesRequested"": 200, ""WhPerMile"": 345, ""minutesAvailable"": 624, ""modifiedAt"": ""Tue, 16 Jul 2019 11:46:28 GMT"", ""paymentRequired"": true, ""requestedDeparture"": ""Tue, 16 Jul 2019 22:09:50 GMT"", ""kWhRequested"": 69.0}, {""use",success
2026-08-17T00:51:49.436576+00:00,jpl:2019-07-23:2019-07-30:page1,1,https://ev.caltech.edu/api/v1/sessions/jpl?where=connectionTime%3E%3D%22Tue%2C+23+Jul+2019+00%3A00%3A00+GMT%22+and+connectionTime%3C%22Tue%2C+30+Jul+2019+00%3A00%3A00+GMT%22+and+kWhDelivered%3E%3D0.0&sort=-connectionTime,200,application/json,17632,0.9813033700002052,"{""_items"": [{""_id"": ""5d54a7cff9af8b413ec70580"", ""userInputs"": [{""userID"": 386, ""milesRequested"": 20, ""WhPerMile"": 500, ""minutesAvailable"": 106, ""modifiedAt"": ""Mon, 29 Jul 2019 23:16:11 GMT"", ""paymentRequired"": true, ""requestedDeparture"": ""Tue, 30 Jul 2019 01:01:53 GMT"", ""kWhRequested"": 10.0}], ""user",success
2026-08-17T00:51:50.425020+00:00,jpl:2019-07-23:2019-07-30:page2,1,"https://ev.caltech.edu/api/v1/sessions/jpl?where=connectionTime%3E=%22Tue,%2023%20Jul%202019%2000:00:00%20GMT%22%20and%20connectionTime%3C%22Tue,%2030%20Jul%202019%2000:00:00%20GMT%22%20and%20kWhDelivered%3E=0.0&sort=-connectionTime&page=2",200,application/json,20153,0.7325801410006534,"{""_items"": [{""_id"": ""5d54a7cff9af8b413ec70567"", ""userInputs"": [{""userID"": 943, ""milesRequested"": 60, ""WhPerMile"": 250, ""minutesAvailable"": 236, ""modifiedAt"": ""Mon, 29 Jul 2019 14:30:32 GMT"", ""paymentRequired"": true, ""requestedDeparture"": ""Mon, 29 Jul 2019 18:26:06 GMT"", ""kWhRequested"": 15.0}], ""user",success
2026-08-17T00:51:51.199010+00:00,jpl:2019-07-23:2019-07-30:page3,1,"https://ev.caltech.edu/api/v1/sessions/jpl?where=connectionTime%3E=%22Tue,%2023%20Jul%202019%2000:00:00%20GMT%22%20and%20connectionTime%3C%22Tue,%2030%20Jul%202019%2000:00:00%20GMT%22%20and%20kWhDelivered%3E=0.0&sort=-connectionTime&page=3",200,application/json,19004,0.5165050989999145,"{""_items"": [{""_id"": ""5d54a7cff9af8b413ec7054e"", ""userInputs"": [{""userID"": 385, ""milesRequested"": 30, ""WhPerMile"": 400, ""minutesAvailable"": 575, ""modifiedAt"": ""Mon, 29 Jul 2019 13:27:07 GMT"", ""paymentRequired"": true, ""requestedDeparture"": ""Mon, 29 Jul 2019 23:01:41 GMT"", ""kWhRequested"": 12.0}], ""user",success
2026-08-17T00:51:51.958432+00:00,jpl:2019-07-23:2019-07-30:page4,1,"https://ev.caltech.edu/api/v1/sessions/jpl?where=connectionTime%3E=%22Tue,%2023%20Jul%202019%2000:00:00%20GMT%22%20and%20connectionTime%3C%22Tue,%2030%20Jul%202019%2000:00:00%20GMT%22%20and%20kWhDelivered%3E=0.0&sort=-connectionTime&page=4",200,application/json,17623,0.5033079719996749,"{""_items"": [{""_id"": ""5d50b34ff9af8b34f280b3e8"", ""userInputs"": [{""userID"": 2103, ""milesRequested"": 70, ""WhPerMile"": 250, ""minutesAvailable"": 183, ""modifiedAt"": ""Fri, 26 Jul 2019 22:15:27 GMT"", ""paymentRequired"": true, ""requestedDeparture"": ""Sat, 27 Jul 2019 01:17:16 GMT"", ""kWhRequested"": 17.5}], ""use",success
2026-08-17T00:51:52.610637+00:00,jpl:2019-07-23:2019-07-30:page5,1,"https://ev.caltech.edu/api/v1/sessions/jpl?where=connectionTime%3E=%22Tue,%2023%20Jul%202019%2000:00:00%20GMT%22%20and%20connectionTime%3C%22Tue,%2030%20Jul%202019%2000:00:00%20GMT%22%20and%20kWhDelivered%3E=0.0&sort=-connectionTime&page=5",200,application/json,18314,0.39204793400040217,"{""_items"": [{""_id"": ""5d50b34ff9af8b34f280b3cf"", ""userInputs"": [{""userID"": 1627, ""milesRequested"": 20, ""WhPerMile"": 400, ""minutesAvailable"": 599, ""modifiedAt"": ""Fri, 26 Jul 2019 14:41:58 GMT"", ""paymentRequired"": true, ""requestedDeparture"": ""Sat, 27 Jul 2019 00:40:49 GMT"", ""kWhRequested"": 8.0}], ""user",success
2026-08-17T00:51:53.276903+00:00,jpl:2019-07-23:2019-07-30:page6,1,"https://ev.caltech.edu/api/v1/sessions/jpl?where=connectionTime%3E=%22Tue,%2023%20Jul%202019%2000:00:00%20GMT%22%20and%20connectionTime%3C%22Tue,%2030%20Jul%202019%2000:00:00%20GMT%22%20and%20kWhDelivered%3E=0.0&sort=-connectionTime&page=6",200,application/json,20617,0.4050803549998818,"{""_items"": [{""_id"": ""5d50b34ff9af8b34f280b3b6"", ""userInputs"": [{""userID"": 481, ""milesRequested"": 150, ""WhPerMile"": 400, ""minutesAvailable"": 649, ""modifiedAt"": ""Fri, 26 Jul 2019 13:54:18 GMT"", ""paymentRequired"": true, ""requestedDeparture"": ""Sat, 27 Jul 2019 00:42:58 GMT"", ""kWhRequested"": 60.0}], ""use",success
2026-08-17T00:51:53.950735+00:00,jpl:2019-07-23:2019-07-30:page7,1,"https://ev.caltech.edu/api/v1/sessions/jpl?where=connectionTime%3E=%22Tue,%2023%20Jul%202019%2000:00:00%20GMT%22%20and%20connectionTime%3C%22Tue,%2030%20Jul%202019%2000:00:00%20GMT%22%20and%20kWhDelivered%3E=0.0&sort=-connectionTime&page=7",200,application/json,19011,0.41286966600000596,"{""_items"": [{""_id"": ""5d4f61d6f9af8b30fe7ecfed"", ""userInputs"": [{""userID"": 2103, ""milesRequested"": 60, ""WhPerMile"": 250, ""minutesAvailable"": 198, ""modifiedAt"": ""Thu, 25 Jul 2019 23:05:28 GMT"", ""paymentRequired"": true, ""requestedDeparture"": ""Fri, 26 Jul 2019 02:22:55 GMT"", ""kWhRequested"": 15.0}], ""use",success
2026-08-17T00:51:54.441234+00:00,jpl:2019-07-23:2019-07-30:page8,1,"https://ev.caltech.edu/api/v1/sessions/jpl?where=connectionTime%3E=%22Tue,%2023%20Jul%202019%2000:00:00%20GMT%22%20and%20connectionTime%3C%22Tue,%2030%20Jul%202019%2000:00:00%20GMT%22%20and%20kWhDelivered%3E=0.0&sort=-connectionTime&page=8",200,application/json,18087,0.23506161699970107,"{""_items"": [{""_id"": ""5d4f61d6f9af8b30fe7ecfd4"", ""userInputs"": [{""userID"": 576, ""milesRequested"": 170, ""WhPerMile"": 235, ""minutesAvailable"": 457, ""modifiedAt"": ""Thu, 25 Jul 2019 14:26:02 GMT"", ""paymentRequired"": true, ""requestedDeparture"": ""Thu, 25 Jul 2019 22:02:48 GMT"", ""kWhRequested"": 39.95}], ""us",success
2026-08-17T00:51:54.930990+00:00,jpl:2019-07-23:2019-07-30:page9,1,"https://ev.caltech.edu/api/v1/sessions/jpl?where=connectionTime%3E=%22Tue,%2023%20Jul%202019%2000:00:00%20GMT%22%20and%20connectionTime%3C%22Tue,%2030%20Jul%202019%2000:00:00%20GMT%22%20and%20kWhDelivered%3E=0.0&sort=-connectionTime&page=9",200,application/json,18776,0.23278171599940833,"{""_items"": [{""_id"": ""5d4f61d6f9af8b30fe7ecfbb"", ""userInputs"": [{""userID"": 414, ""milesRequested"": 40, ""WhPerMile"": 375, ""minutesAvailable"": 529, ""modifiedAt"": ""Thu, 25 Jul 2019 13:38:16 GMT"", ""paymentRequired"": true, ""requestedDeparture"": ""Thu, 25 Jul 2019 22:26:43 GMT"", ""kWhRequested"": 15.0}], ""user",success
2026-08-17T00:51:55.588082+00:00,jpl:2019-07-23:2019-07-30:page10,1,"https://ev.caltech.edu/api/v1/sessions/jpl?where=connectionTime%3E=%22Tue,%2023%20Jul%202019%2000:00:00%20GMT%22%20and%20connectionTime%3C%22Tue,%2030%20Jul%202019%2000:00:00%20GMT%22%20and%20kWhDelivered%3E=0.0&sort=-connectionTime&page=10",200,application/json,20627,0.404470465000486,"{""_items"": [{""_id"": ""5d4e105bf9af8b2d1d790072"", ""userInputs"": [{""userID"": 347, ""milesRequested"": 20, ""WhPerMile"": 450, ""minutesAvailable"": 93, ""modifiedAt"": ""Wed, 24 Jul 2019 22:59:29 GMT"", ""paymentRequired"": true, ""requestedDeparture"": ""Thu, 25 Jul 2019 00:32:17 GMT"", ""kWhRequested"": 9.0}], ""userID",success
2026-08-17T00:51:56.072456+00:00,jpl:2019-07-23:2019-07-30:page11,1,"https://ev.caltech.edu/api/v1/sessions/jpl?where=connectionTime%3E=%22Tue,%2023%20Jul%202019%2000:00:00%20GMT%22%20and%20connectionTime%3C%22Tue,%2030%20Jul%202019%2000:00:00%20GMT%22%20and%20kWhDelivered%3E=0.0&sort=-connectionTime&page=11",200,application/json,17864,0.23131830600050307,"{""_items"": [{""_id"": ""5d4e105bf9af8b2d1d790059"", ""userInputs"": [{""userID"": 481, ""milesRequested"": 150, ""WhPerMile"": 400, ""minutesAvailable"": 649, ""modifiedAt"": ""Wed, 24 Jul 2019 14:34:32 GMT"", ""paymentRequired"": true, ""requestedDeparture"": ""Thu, 25 Jul 2019 01:22:55 GMT"", ""kWhRequested"": 60.0}], ""use",success
2026-08-17T00:51:56.566249+00:00,jpl:2019-07-23:2019-07-30:page12,1,"https://ev.caltech.edu/api/v1/sessions/jpl?where=connectionTime%3E=%22Tue,%2023%20Jul%202019%2000:00:00%20GMT%22%20and%20connectionTime%3C%22Tue,%2030%20Jul%202019%2000:00:00%20GMT%22%20and%20kWhDelivered%3E=0.0&sort=-connectionTime&page=12",200,application/json,17847,0.24046996899960504,"{""_items"": [{""_id"": ""5d4e105bf9af8b2d1d790040"", ""userInputs"": [{""userID"": 726, ""milesRequested"": 80, ""WhPerMile"": 275, ""minutesAvailable"": 556, ""modifiedAt"": ""Wed, 24 Jul 2019 13:45:37 GMT"", ""paymentRequired"": true, ""requestedDeparture"": ""Wed, 24 Jul 2019 23:01:33 GMT"", ""kWhRequested"": 22.0}], ""user",success
2026-08-17T00:51:57.253549+00:00,jpl:2019-07-23:2019-07-30:page13,1,"https://ev.caltech.edu/api/v1/sessions/jpl?where=connectionTime%3E=%22Tue,%2023%20Jul%202019%2000:00:00%20GMT%22%20and%20connectionTime%3C%22Tue,%2030%20Jul%202019%2000:00:00%20GMT%22%20and%20kWhDelivered%3E=0.0&sort=-connectionTime&page=13",200,application/json,19715,0.43067978199997015,"{""_items"": [{""_id"": ""5d4cbed5f9af8b294f0092fd"", ""userInputs"": [{""userID"": 3012, ""milesRequested"": 20, ""WhPerMile"": 350, ""minutesAvailable"": 156, ""modifiedAt"": ""Wed, 24 Jul 2019 03:08:02 GMT"", ""paymentRequired"": true, ""requestedDeparture"": ""Wed, 24 Jul 2019 05:43:46 GMT"", ""kWhRequested"": 7.0}, {""user",success
2026-08-17T00:51:57.931303+00:00,jpl:2019-07-23:2019-07-30:page14,1,"https://ev.caltech.edu/api/v1/sessions/jpl?where=connectionTime%3E=%22Tue,%2023%20Jul%202019%2000:00:00%20GMT%22%20and%20connectionTime%3C%22Tue,%2030%20Jul%202019%2000:00:00%20GMT%22%20and%20kWhDelivered%3E=0.0&sort=-connectionTime&page=14",200,application/json,19028,0.4219286369998372,"{""_items"": [{""_id"": ""5d4cbed5f9af8b294f0092e4"", ""userInputs"": [{""userID"": 1528, ""milesRequested"": 90, ""WhPerMile"": 400, ""minutesAvailable"": 484, ""modifiedAt"": ""Tue, 23 Jul 2019 14:36:36 GMT"", ""paymentRequired"": true, ""requestedDeparture"": ""Tue, 23 Jul 2019 22:40:27 GMT"", ""kWhRequested"": 36.0}], ""use",success
2026-08-17T00:51:58.425492+00:00,jpl:2019-07-23:2019-07-30:page15,1,"https://ev.caltech.edu/api/v1/sessions/jpl?where=connectionTime%3E=%22Tue,%2023%20Jul%202019%2000:00:00%20GMT%22%20and%20connectionTime%3C%22Tue,%2030%20Jul%202019%2000:00:00%20GMT%22%20and%20kWhDelivered%3E=0.0&sort=-connectionTime&page=15",200,application/json,17837,0.23901602400019328,"{""_items"": [{""_id"": ""5d4cbed5f9af8b294f0092cb"", ""userInputs"": [{""userID"": 2314, ""milesRequested"": 160, ""WhPerMile"": 200, ""minutesAvailable"": 573, ""modifiedAt"": ""Tue, 23 Jul 2019 13:48:15 GMT"", ""paymentRequired"": true, ""requestedDeparture"": ""Tue, 23 Jul 2019 23:20:33 GMT"", ""kWhRequested"": 32.0}], ""us",success
2026-08-17T00:51:58.889942+00:00,jpl:2019-07-23:2019-07-30:page16,1,"https://ev.caltech.edu/api/v1/sessions/jpl?where=connectionTime%3E=%22Tue,%2023%20Jul%202019%2000:00:00%20GMT%22%20and%20connectionTime%3C%22Tue,%2030%20Jul%202019%2000:00:00%20GMT%22%20and%20kWhDelivered%3E=0.0&sort=-connectionTime&page=16",200,application/json,3442,0.20892694000031042,"{""_items"": [{""_id"": ""5d4b6d54f9af8b256a1e0d4d"", ""userInputs"": [{""userID"": 405, ""milesRequested"": 20, ""WhPerMile"": 500, ""minutesAvailable"": 132, ""modifiedAt"": ""Tue, 23 Jul 2019 01:35:59 GMT"", ""paymentRequired"": true, ""requestedDeparture"": ""Tue, 23 Jul 2019 03:47:41 GMT"", ""kWhRequested"": 10.0}], ""user",success
2026-08-17T00:52:00.802565+00:00,jpl:2019-07-30:2019-08-06:page1,1,https://ev.caltech.edu/api/v1/sessions/jpl?where=connectionTime%3E%3D%22Tue%2C+30+Jul+2019+00%3A00%3A00+GMT%22+and+connectionTime%3C%22Tue%2C+06+Aug+2019+00%3A00%3A00+GMT%22+and+kWhDelivered%3E%3D0.0&sort=-connectionTime,200,application/json,20396,0.9072778259996994,"{""_items"": [{""_id"": ""5d5de252f9af8b5fc88c8649"", ""userInputs"": [{""userID"": 347, ""milesRequested"": 20, ""WhPerMile"": 450, ""minutesAvailable"": 93, ""modifiedAt"": ""Mon, 05 Aug 2019 23:56:14 GMT"", ""paymentRequired"": true, ""requestedDeparture"": ""Tue, 06 Aug 2019 01:28:53 GMT"", ""kWhRequested"": 9.0}, {""userID",success
2026-08-17T00:52:01.555118+00:00,jpl:2019-07-30:2019-08-06:page2,1,"https://ev.caltech.edu/api/v1/sessions/jpl?where=connectionTime%3E=%22Tue,%2030%20Jul%202019%2000:00:00%20GMT%22%20and%20connectionTime%3C%22Tue,%2006%20Aug%202019%2000:00:00%20GMT%22%20and%20kWhDelivered%3E=0.0&sort=-connectionTime&page=2",200,application/json,17380,0.49593849000029877,"{""_items"": [{""_id"": ""5d5de252f9af8b5fc88c8630"", ""userInputs"": [{""userID"": 724, ""milesRequested"": 70, ""WhPerMile"": 288, ""minutesAvailable"": 532, ""modifiedAt"": ""Mon, 05 Aug 2019 14:30:32 GMT"", ""paymentRequired"": true, ""requestedDeparture"": ""Mon, 05 Aug 2019 23:21:59 GMT"", ""kWhRequested"": 20.16}], ""use",success
2026-08-17T00:52:02.541223+00:00,jpl:2019-07-30:2019-08-06:page3,1,"https://ev.caltech.edu/api/v1/sessions/jpl?where=connectionTime%3E=%22Tue,%2030%20Jul%202019%2000:00:00%20GMT%22%20and%20connectionTime%3C%22Tue,%2006%20Aug%202019%2000:00:00%20GMT%22%20and%20kWhDelivered%3E=0.0&sort=-connectionTime&page=3",200,application/json,18556,0.7277906869994695,"{""_items"": [{""_id"": ""5d5de252f9af8b5fc88c8617"", ""userInputs"": [{""userID"": 416, ""milesRequested"": 60, ""WhPerMile"": 300, ""minutesAvailable"": 529, ""modifiedAt"": ""Mon, 05 Aug 2019 13:42:40 GMT"", ""paymentRequired"": true, ""requestedDeparture"": ""Mon, 05 Aug 2019 22:31:25 GMT"", ""kWhRequested"": 18.0}], ""user",success
2026-08-17T00:52:03.568786+00:00,jpl:2019-07-30:2019-08-06:page4,1,"https://ev.caltech.edu/api/v1/sessions/jpl?where=connectionTime%3E=%22Tue,%2030%20Jul%202019%2000:00:00%20GMT%22%20and%20connectionTime%3C%22Tue,%2006%20Aug%202019%2000:00:00%20GMT%22%20and%20kWhDelivered%3E=0.0&sort=-connectionTime&page=4",200,application/json,18312,0.7699176509995596,"{""_items"": [{""_id"": ""5d5b3f13f9af8b5842ac9364"", ""userInputs"": [{""userID"": 933, ""milesRequested"": 130, ""WhPerMile"": 345, ""minutesAvailable"": 624, ""modifiedAt"": ""Sat, 03 Aug 2019 17:13:06 GMT"", ""paymentRequired"": true, ""requestedDeparture"": ""Sun, 04 Aug 2019 03:36:41 GMT"", ""kWhRequested"": 44.85}], ""us",success
2026-08-17T00:52:04.295652+00:00,jpl:2019-07-30:2019-08-06:page5,1,"https://ev.caltech.edu/api/v1/sessions/jpl?where=connectionTime%3E=%22Tue,%2030%20Jul%202019%2000:00:00%20GMT%22%20and%20connectionTime%3C%22Tue,%2006%20Aug%202019%2000:00:00%20GMT%22%20and%20kWhDelivered%3E=0.0&sort=-connectionTime&page=5",200,application/json,23452,0.469736125000054,"{""_items"": [{""_id"": ""5d59edc3f9af8b5476889b39"", ""userInputs"": [{""userID"": 2834, ""milesRequested"": 60, ""WhPerMile"": 468, ""minutesAvailable"": 215, ""modifiedAt"": ""Fri, 02 Aug 2019 12:59:51 GMT"", ""paymentRequired"": true, ""requestedDeparture"": ""Fri, 02 Aug 2019 16:34:11 GMT"", ""kWhRequested"": 28.08}], ""us",success
2026-08-17T00:52:04.797128+00:00,jpl:2019-07-30:2019-08-06:page6,1,"https://ev.caltech.edu/api/v1/sessions/jpl?where=connectionTime%3E=%22Tue,%2030%20Jul%202019%2000:00:00%20GMT%22%20and%20connectionTime%3C%22Tue,%2006%20Aug%202019%2000:00:00%20GMT%22%20and%20kWhDelivered%3E=0.0&sort=-connectionTime&page=6",200,application/json,18555,0.2435989960004008,"{""_items"": [{""_id"": ""5d589c52f9af8b5068b46d70"", ""userInputs"": [{""userID"": 480, ""milesRequested"": 40, ""WhPerMile"": 600, ""minutesAvailable"": 550, ""modifiedAt"": ""Thu, 01 Aug 2019 14:35:17 GMT"", ""paymentRequired"": true, ""requestedDeparture"": ""Thu, 01 Aug 2019 23:45:11 GMT"", ""kWhRequested"": 24.0}, {""user",success
2026-08-17T00:52:05.453657+00:00,jpl:2019-07-30:2019-08-06:page7,1,"https://ev.caltech.edu/api/v1/sessions/jpl?where=connectionTime%3E=%22Tue,%2030%20Jul%202019%2000:00:00%20GMT%22%20and%20connectionTime%3C%22Tue,%2006%20Aug%202019%2000:00:00%20GMT%22%20and%20kWhDelivered%3E=0.0&sort=-connectionTime&page=7",200,application/json,20150,0.3983217369996055,"{""_items"": [{""_id"": ""5d589c52f9af8b5068b46d57"", ""userInputs"": [{""userID"": 2187, ""milesRequested"": 60, ""WhPerMile"": 333, ""minutesAvailable"": 212, ""modifiedAt"": ""Thu, 01 Aug 2019 13:47:35 GMT"", ""paymentRequired"": true, ""requestedDeparture"": ""Thu, 01 Aug 2019 17:18:29 GMT"", ""kWhRequested"": 19.98}], ""us",success
2026-08-17T00:52:05.949977+00:00,jpl:2019-07-30:2019-08-06:page8,1,"https://ev.caltech.edu/api/v1/sessions/jpl?where=connectionTime%3E=%22Tue,%2030%20Jul%202019%2000:00:00%20GMT%22%20and%20connectionTime%3C%22Tue,%2006%20Aug%202019%2000:00:00%20GMT%22%20and%20kWhDelivered%3E=0.0&sort=-connectionTime&page=8",200,application/json,18304,0.23839063399918814,"{""_items"": [{""_id"": ""5d574ad2f9af8b4c10c0365f"", ""userInputs"": [{""userID"": 1078, ""milesRequested"": 50, ""WhPerMile"": 400, ""minutesAvailable"": 205, ""modifiedAt"": ""Wed, 31 Jul 2019 23:34:14 GMT"", ""paymentRequired"": true, ""requestedDeparture"": ""Thu, 01 Aug 2019 02:59:00 GMT"", ""kWhRequested"": 20.0}], ""use",success
2026-08-17T00:52:06.452790+00:00,jpl:2019-07-30:2019-08-06:page9,1,"https://ev.caltech.edu/api/v1/sessions/jpl?where=connectionTime%3E=%22Tue,%2030%20Jul%202019%2000:00:00%20GMT%22%20and%20connectionTime%3C%22Tue,%2006%20Aug%202019%2000:00:00%20GMT%22%20and%20kWhDelivered%3E=0.0&sort=-connectionTime&page=9",200,application/json,18542,0.24377147399991372,"{""_items"": [{""_id"": ""5d574ad2f9af8b4c10c03646"", ""userInputs"": [{""userID"": 423, ""milesRequested"": 20, ""WhPerMile"": 600, ""minutesAvailable"": 522, ""modifiedAt"": ""Wed, 31 Jul 2019 14:38:40 GMT"", ""paymentRequired"": true, ""requestedDeparture"": ""Wed, 31 Jul 2019 23:20:24 GMT"", ""kWhRequested"": 12.0}, {""user",success
2026-08-17T00:52:07.117927+00:00,jpl:2019-07-30:2019-08-06:page10,1,"https://ev.caltech.edu/api/v1/sessions/jpl?where=connectionTime%3E=%22Tue,%2030%20Jul%202019%2000:00:00%20GMT%22%20and%20connectionTime%3C%22Tue,%2006%20Aug%202019%2000:00:00%20GMT%22%20and%20kWhDelivered%3E=0.0&sort=-connectionTime&page=10",200,application/json,19926,0.4060034430003725,"{""_items"": [{""_id"": ""5d574ad2f9af8b4c10c0362d"", ""userInputs"": [{""userID"": 1701, ""milesRequested"": 100, ""WhPerMile"": 368, ""minutesAvailable"": 519, ""modifiedAt"": ""Wed, 31 Jul 2019 13:40:47 GMT"", ""paymentRequired"": true, ""requestedDeparture"": ""Wed, 31 Jul 2019 22:19:22 GMT"", ""kWhRequested"": 36.8}], ""us",success
2026-08-17T00:52:07.611952+00:00,jpl:2019-07-30:2019-08-06:page11,1,"https://ev.caltech.edu/api/v1/sessions/jpl?where=connectionTime%3E=%22Tue,%2030%20Jul%202019%2000:00:00%20GMT%22%20and%20connectionTime%3C%22Tue,%2006%20Aug%202019%2000:00:00%20GMT%22%20and%20kWhDelivered%3E=0.0&sort=-connectionTime&page=11",200,application/json,18546,0.23634891899928334,"{""_items"": [{""_id"": ""5d55f950f9af8b45dfb3d8b4"", ""userInputs"": [{""userID"": 1754, ""milesRequested"": 220, ""WhPerMile"": 233, ""minutesAvailable"": 585, ""modifiedAt"": ""Tue, 30 Jul 2019 22:31:30 GMT"", ""paymentRequired"": true, ""requestedDeparture"": ""Wed, 31 Jul 2019 08:16:16 GMT"", ""kWhRequested"": 51.26}], ""u",success
2026-08-17T00:52:08.260387+00:00,jpl:2019-07-30:2019-08-06:page12,1,"https://ev.caltech.edu/api/v1/sessions/jpl?where=connectionTime%3E=%22Tue,%2030%20Jul%202019%2000:00:00%20GMT%22%20and%20connectionTime%3C%22Tue,%2006%20Aug%202019%2000:00:00%20GMT%22%20and%20kWhDelivered%3E=0.0&sort=-connectionTime&page=12",200,application/json,20177,0.3909492520006097,"{""_items"": [{""_id"": ""5d55f950f9af8b45dfb3d89b"", ""userInputs"": [{""userID"": 577, ""milesRequested"": 20, ""WhPerMile"": 333, ""minutesAvailable"": 493, ""modifiedAt"": ""Tue, 30 Jul 2019 14:32:51 GMT"", ""paymentRequired"": true, ""requestedDeparture"": ""Tue, 30 Jul 2019 22:45:36 GMT"", ""kWhRequested"": 6.66}], ""user",success
2026-08-17T00:52:08.759563+00:00,jpl:2019-07-30:2019-08-06:page13,1,"https://ev.caltech.edu/api/v1/sessions/jpl?where=connectionTime%3E=%22Tue,%2030%20Jul%202019%2000:00:00%20GMT%22%20and%20connectionTime%3C%22Tue,%2006%20Aug%202019%2000:00:00%20GMT%22%20and%20kWhDelivered%3E=0.0&sort=-connectionTime&page=13",200,application/json,16645,0.24000513299961312,"{""_items"": [{""_id"": ""5d55f950f9af8b45dfb3d882"", ""userInputs"": [{""userID"": 322, ""milesRequested"": 60, ""WhPerMile"": 313, ""minutesAvailable"": 360, ""modifiedAt"": ""Tue, 30 Jul 2019 13:25:15 GMT"", ""paymentRequired"": true, ""requestedDeparture"": ""Tue, 30 Jul 2019 19:24:49 GMT"", ""kWhRequested"": 18.78}], ""use",success
2026-08-17T00:52:10.737742+00:00,jpl:2019-08-06:2019-08-13:page1,1,https://ev.caltech.edu/api/v1/sessions/jpl?where=connectionTime%3E%3D%22Tue%2C+06+Aug+2019+00%3A00%3A00+GMT%22+and+connectionTime%3C%22Tue%2C+13+Aug+2019+00%3A00%3A00+GMT%22+and+kWhDelivered%3E%3D0.0&sort=-connectionTime,200,application/json,37644,0.9704748900003324,"{""_items"": [{""_id"": ""5d671cd1f9af8b7d8cbc7507"", ""userInputs"": [{""userID"": 372, ""milesRequested"": 70, ""WhPerMile"": 250, ""minutesAvailable"": 195, ""modifiedAt"": ""Mon, 12 Aug 2019 23:50:01 GMT"", ""paymentRequired"": true, ""requestedDeparture"": ""Tue, 13 Aug 2019 03:04:34 GMT"", ""kWhRequested"": 17.5}, {""user",success
2026-08-17T00:52:11.593036+00:00,jpl:2019-08-06:2019-08-13:page2,1,"https://ev.caltech.edu/api/v1/sessions/jpl?where=connectionTime%3E=%22Tue,%2006%20Aug%202019%2000:00:00%20GMT%22%20and%20connectionTime%3C%22Tue,%2013%20Aug%202019%2000:00:00%20GMT%22%20and%20kWhDelivered%3E=0.0&sort=-connectionTime&page=2",200,application/json,18553,0.5981187199995475,"{""_items"": [{""_id"": ""5d671cd1f9af8b7d8cbc74ee"", ""userInputs"": [{""userID"": 1528, ""milesRequested"": 70, ""WhPerMile"": 400, ""minutesAvailable"": 529, ""modifiedAt"": ""Mon, 12 Aug 2019 14:26:26 GMT"", ""paymentRequired"": true, ""requestedDeparture"": ""Mon, 12 Aug 2019 23:15:18 GMT"", ""kWhRequested"": 28.0}], ""use",success
2026-08-17T00:52:12.221616+00:00,jpl:2019-08-06:2019-08-13:page3,1,"https://ev.caltech.edu/api/v1/sessions/jpl?where=connectionTime%3E=%22Tue,%2006%20Aug%202019%2000:00:00%20GMT%22%20and%20connectionTime%3C%22Tue,%2013%20Aug%202019%2000:00:00%20GMT%22%20and%20kWhDelivered%3E=0.0&sort=-connectionTime&page=3",200,application/json,19000,0.3684426749996419,"{""_items"": [{""_id"": ""5d671cd1f9af8b7d8cbc74d5"", ""userInputs"": [{""userID"": 2057, ""milesRequested"": 20, ""WhPerMile"": 600, ""minutesAvailable"": 561, ""modifiedAt"": ""Mon, 12 Aug 2019 13:43:55 GMT"", ""paymentRequired"": true, ""requestedDeparture"": ""Mon, 12 Aug 2019 23:04:49 GMT"", ""kWhRequested"": 12.0}], ""use",success
2026-08-17T00:52:12.901035+00:00,jpl:2019-08-06:2019-08-13:page4,1,"https://ev.caltech.edu/api/v1/sessions/jpl?where=connectionTime%3E=%22Tue,%2006%20Aug%202019%2000:00:00%20GMT%22%20and%20connectionTime%3C%22Tue,%2013%20Aug%202019%2000:00:00%20GMT%22%20and%20kWhDelivered%3E=0.0&sort=-connectionTime&page=4",200,application/json,22971,0.4216098389997569,"{""_items"": [{""_id"": ""5d647997f9af8b75993d837a"", ""userInputs"": [{""userID"": 651, ""milesRequested"": 50, ""WhPerMile"": 400, ""minutesAvailable"": 196, ""modifiedAt"": ""Sat, 10 Aug 2019 14:35:47 GMT"", ""paymentRequired"": true, ""requestedDeparture"": ""Sat, 10 Aug 2019 17:51:40 GMT"", ""kWhRequested"": 20.0}, {""user",success
2026-08-17T00:52:13.395465+00:00,jpl:2019-08-06:2019-08-13:page5,1,"https://ev.caltech.edu/api/v1/sessions/jpl?where=connectionTime%3E=%22Tue,%2006%20Aug%202019%2000:00:00%20GMT%22%20and%20connectionTime%3C%22Tue,%2013%20Aug%202019%2000:00:00%20GMT%22%20and%20kWhDelivered%3E=0.0&sort=-connectionTime&page=5",200,application/json,18088,0.23345807799978502,"{""_items"": [{""_id"": ""5d632853f9af8b7163578b14"", ""userInputs"": [{""userID"": 2054, ""milesRequested"": 180, ""WhPerMile"": 250, ""minutesAvailable"": 501, ""modifiedAt"": ""Fri, 09 Aug 2019 14:45:11 GMT"", ""paymentRequired"": true, ""requestedDeparture"": ""Fri, 09 Aug 2019 23:05:25 GMT"", ""kWhRequested"": 45.0}], ""us",success
2026-08-17T00:52:13.900576+00:00,jpl:2019-08-06:2019-08-13:page6,1,"https://ev.caltech.edu/api/v1/sessions/jpl?where=connectionTime%3E=%22Tue,%2006%20Aug%202019%2000:00:00%20GMT%22%20and%20connectionTime%3C%22Tue,%2013%20Aug%202019%2000:00:00%20GMT%22%20and%20kWhDelivered%3E=0.0&sort=-connectionTime&page=6",200,application/json,18765,0.24701602200002526,"{""_items"": [{""_id"": ""5d632853f9af8b7163578afb"", ""userInputs"": [{""userID"": 2678, ""milesRequested"": 200, ""WhPerMile"": 250, ""minutesAvailable"": 525, ""modifiedAt"": ""Fri, 09 Aug 2019 14:15:43 GMT"", ""paymentRequired"": true, ""requestedDeparture"": ""Fri, 09 Aug 2019 22:59:50 GMT"", ""kWhRequested"": 50.0}], ""us",success
2026-08-17T00:52:14.561441+00:00,jpl:2019-08-06:2019-08-13:page7,1,"https://ev.caltech.edu/api/v1/sessions/jpl?where=connectionTime%3E=%22Tue,%2006%20Aug%202019%2000:00:00%20GMT%22%20and%20connectionTime%3C%22Tue,%2013%20Aug%202019%2000:00:00%20GMT%22%20and%20kWhDelivered%3E=0.0&sort=-connectionTime&page=7",200,application/json,19005,0.40298536000045715,"{""_items"": [{""_id"": ""5d632853f9af8b7163578ae2"", ""userInputs"": [{""userID"": 2183, ""milesRequested"": 50, ""WhPerMile"": 400, ""minutesAvailable"": 60, ""modifiedAt"": ""Fri, 09 Aug 2019 12:14:35 GMT"", ""paymentRequired"": true, ""requestedDeparture"": ""Fri, 09 Aug 2019 13:14:20 GMT"", ""kWhRequested"": 20.0}], ""user",success
2026-08-17T00:52:15.066326+00:00,jpl:2019-08-06:2019-08-13:page8,1,"https://ev.caltech.edu/api/v1/sessions/jpl?where=connectionTime%3E=%22Tue,%2006%20Aug%202019%2000:00:00%20GMT%22%20and%20connectionTime%3C%22Tue,%2013%20Aug%202019%2000:00:00%20GMT%22%20and%20kWhDelivered%3E=0.0&sort=-connectionTime&page=8",200,application/json,18338,0.2477691699996285,"{""_items"": [{""_id"": ""5d61d6d9f9af8b6d6dd29cf4"", ""userInputs"": [{""userID"": 3222, ""milesRequested"": 100, ""WhPerMile"": 400, ""minutesAvailable"": 388, ""modifiedAt"": ""Thu, 08 Aug 2019 17:43:58 GMT"", ""paymentRequired"": true, ""requestedDeparture"": ""Fri, 09 Aug 2019 00:11:06 GMT"", ""kWhRequested"": 40.0}], ""us",success
2026-08-17T00:52:15.723691+00:00,jpl:2019-08-06:2019-08-13:page9,1,"https://ev.caltech.edu/api/v1/sessions/jpl?where=connectionTime%3E=%22Tue,%2006%20Aug%202019%2000:00:00%20GMT%22%20and%20connectionTime%3C%22Tue,%2013%20Aug%202019%2000:00:00%20GMT%22%20and%20kWhDelivered%3E=0.0&sort=-connectionTime&page=9",200,application/json,19016,0.40285089799999696,"{""_items"": [{""_id"": ""5d61d6d9f9af8b6d6dd29cdb"", ""userInputs"": [{""userID"": 3201, ""milesRequested"": 50, ""WhPerMile"": 333, ""minutesAvailable"": 570, ""modifiedAt"": ""Thu, 08 Aug 2019 14:08:12 GMT"", ""paymentRequired"": true, ""requestedDeparture"": ""Thu, 08 Aug 2019 23:36:54 GMT"", ""kWhRequested"": 16.65}], ""us",success
2026-08-17T00:52:16.235459+00:00,jpl:2019-08-06:2019-08-13:page10,1,"https://ev.caltech.edu/api/v1/sessions/jpl?where=connectionTime%3E=%22Tue,%2006%20Aug%202019%2000:00:00%20GMT%22%20and%20connectionTime%3C%22Tue,%2013%20Aug%202019%2000:00:00%20GMT%22%20and%20kWhDelivered%3E=0.0&sort=-connectionTime&page=10",200,application/json,18317,0.2545214269994176,"{""_items"": [{""_id"": ""5d61d6d9f9af8b6d6dd29cc2"", ""userInputs"": [{""userID"": 2183, ""milesRequested"": 50, ""WhPerMile"": 400, ""minutesAvailable"": 244, ""modifiedAt"": ""Thu, 08 Aug 2019 12:50:09 GMT"", ""paymentRequired"": true, ""requestedDeparture"": ""Thu, 08 Aug 2019 16:53:48 GMT"", ""kWhRequested"": 20.0}], ""use",success
2026-08-17T00:52:16.893846+00:00,jpl:2019-08-06:2019-08-13:page11,1,"https://ev.caltech.edu/api/v1/sessions/jpl?where=connectionTime%3E=%22Tue,%2006%20Aug%202019%2000:00:00%20GMT%22%20and%20connectionTime%3C%22Tue,%2013%20Aug%202019%2000:00:00%20GMT%22%20and%20kWhDelivered%3E=0.0&sort=-connectionTime&page=11",200,application/json,20192,0.39857283099991037,"{""_items"": [{""_id"": ""5d608551f9af8b6927632ecd"", ""userInputs"": [{""userID"": 1564, ""milesRequested"": 40, ""WhPerMile"": 300, ""minutesAvailable"": 230, ""modifiedAt"": ""Wed, 07 Aug 2019 14:33:10 GMT"", ""paymentRequired"": true, ""requestedDeparture"": ""Wed, 07 Aug 2019 18:22:56 GMT"", ""kWhRequested"": 12.0}], ""use",success
2026-08-17T00:52:17.402653+00:00,jpl:2019-08-06:2019-08-13:page12,1,"https://ev.caltech.edu/api/v1/sessions/jpl?where=connectionTime%3E=%22Tue,%2006%20Aug%202019%2000:00:00%20GMT%22%20and%20connectionTime%3C%22Tue,%2013%20Aug%202019%2000:00:00%20GMT%22%20and%20kWhDelivered%3E=0.0&sort=-connectionTime&page=12",200,application/json,17605,0.2507335990003412,"{""_items"": [{""_id"": ""5d608551f9af8b6927632eb4"", ""userInputs"": [{""userID"": 726, ""milesRequested"": 80, ""WhPerMile"": 275, ""minutesAvailable"": 556, ""modifiedAt"": ""Wed, 07 Aug 2019 13:41:23 GMT"", ""paymentRequired"": true, ""requestedDeparture"": ""Wed, 07 Aug 2019 22:57:24 GMT"", ""kWhRequested"": 22.0}], ""user",success
2026-08-17T00:52:18.074176+00:00,jpl:2019-08-06:2019-08-13:page13,1,"https://ev.caltech.edu/api/v1/sessions/jpl?where=connectionTime%3E=%22Tue,%2006%20Aug%202019%2000:00:00%20GMT%22%20and%20connectionTime%3C%22Tue,%2013%20Aug%202019%2000:00:00%20GMT%22%20and%20kWhDelivered%3E=0.0&sort=-connectionTime&page=13",200,application/json,19712,0.4109540059998835,"{""_items"": [{""_id"": ""5d5f33d2f9af8b650c8bfe54"", ""userInputs"": [{""userID"": 379, ""milesRequested"": 10, ""WhPerMile"": 400, ""minutesAvailable"": 152, ""modifiedAt"": ""Tue, 06 Aug 2019 23:48:39 GMT"", ""paymentRequired"": true, ""requestedDeparture"": ""Wed, 07 Aug 2019 02:17:05 GMT"", ""kWhRequested"": 4.0}, {""userI",success
2026-08-17T00:52:18.568194+00:00,jpl:2019-08-06:2019-08-13:page14,1,"https://ev.caltech.edu/api/v1/sessions/jpl?where=connectionTime%3E=%22Tue,%2006%20Aug%202019%2000:00:00%20GMT%22%20and%20connectionTime%3C%22Tue,%2013%20Aug%202019%2000:00:00%20GMT%22%20and%20kWhDelivered%3E=0.0&sort=-connectionTime&page=14",200,application/json,18778,0.23345498500020767,"{""_items"": [{""_id"": ""5d5f33d2f9af8b650c8bfe3b"", ""userInputs"": [{""userID"": 1626, ""milesRequested"": 210, ""WhPerMile"": 200, ""minutesAvailable"": 209, ""modifiedAt"": ""Tue, 06 Aug 2019 14:39:12 GMT"", ""paymentRequired"": true, ""requestedDeparture"": ""Tue, 06 Aug 2019 18:08:12 GMT"", ""kWhRequested"": 42.0}, {""us",success
2026-08-17T00:52:19.073313+00:00,jpl:2019-08-06:2019-08-13:page15,1,"https://ev.caltech.edu/api/v1/sessions/jpl?where=connectionTime%3E=%22Tue,%2006%20Aug%202019%2000:00:00%20GMT%22%20and%20connectionTime%3C%22Tue,%2013%20Aug%202019%2000:00:00%20GMT%22%20and%20kWhDelivered%3E=0.0&sort=-connectionTime&page=15",200,application/json,18110,0.24535102499976347,"{""_items"": [{""_id"": ""5d5f33d2f9af8b650c8bfe22"", ""userInputs"": [{""userID"": 1627, ""milesRequested"": 20, ""WhPerMile"": 400, ""minutesAvailable"": 593, ""modifiedAt"": ""Tue, 06 Aug 2019 13:50:47 GMT"", ""paymentRequired"": true, ""requestedDeparture"": ""Tue, 06 Aug 2019 23:43:44 GMT"", ""kWhRequested"": 8.0}, {""user",success
2026-08-17T00:52:21.079037+00:00,jpl:2019-08-13:2019-08-20:page1,1,https://ev.caltech.edu/api/v1/sessions/jpl?where=connectionTime%3E%3D%22Tue%2C+13+Aug+2019+00%3A00%3A00+GMT%22+and+connectionTime%3C%22Tue%2C+20+Aug+2019+00%3A00%3A00+GMT%22+and+kWhDelivered%3E%3D0.0&sort=-connectionTime,200,application/json,19715,0.9966068579997227,"{""_items"": [{""_id"": ""5d70575ff9af8b3deeb17b20"", ""userInputs"": [{""userID"": 362, ""milesRequested"": 50, ""WhPerMile"": 286, ""minutesAvailable"": 99, ""modifiedAt"": ""Mon, 19 Aug 2019 23:24:10 GMT"", ""paymentRequired"": true, ""requestedDeparture"": ""Tue, 20 Aug 2019 01:02:46 GMT"", ""kWhRequested"": 14.3}], ""userI",success
2026-08-17T00:52:22.023714+00:00,jpl:2019-08-13:2019-08-20:page2,1,"https://ev.caltech.edu/api/v1/sessions/jpl?where=connectionTime%3E=%22Tue,%2013%20Aug%202019%2000:00:00%20GMT%22%20and%20connectionTime%3C%22Tue,%2020%20Aug%202019%2000:00:00%20GMT%22%20and%20kWhDelivered%3E=0.0&sort=-connectionTime&page=2",200,application/json,18073,0.6869446809996589,"{""_items"": [{""_id"": ""5d70575ff9af8b3deeb17b07"", ""userInputs"": [{""userID"": 2500, ""milesRequested"": 70, ""WhPerMile"": 250, ""minutesAvailable"": 470, ""modifiedAt"": ""Mon, 19 Aug 2019 14:16:48 GMT"", ""paymentRequired"": true, ""requestedDeparture"": ""Mon, 19 Aug 2019 22:06:48 GMT"", ""kWhRequested"": 17.5}], ""use",success
2026-08-17T00:52:22.680676+00:00,jpl:2019-08-13:2019-08-20:page3,1,"https://ev.caltech.edu/api/v1/sessions/jpl?where=connectionTime%3E=%22Tue,%2013%20Aug%202019%2000:00:00%20GMT%22%20and%20connectionTime%3C%22Tue,%2020%20Aug%202019%2000:00:00%20GMT%22%20and%20kWhDelivered%3E=0.0&sort=-connectionTime&page=3",200,application/json,18073,0.40145379600016895,"{""_items"": [{""_id"": ""5d70575ff9af8b3deeb17aee"", ""userInputs"": [{""userID"": 3163, ""milesRequested"": 100, ""WhPerMile"": 268, ""minutesAvailable"": 515, ""modifiedAt"": ""Mon, 19 Aug 2019 13:24:18 GMT"", ""paymentRequired"": true, ""requestedDeparture"": ""Mon, 19 Aug 2019 21:59:19 GMT"", ""kWhRequested"": 26.8}], ""us",success
2026-08-17T00:52:23.354937+00:00,jpl:2019-08-13:2019-08-20:page4,1,"https://ev.caltech.edu/api/v1/sessions/jpl?where=connectionTime%3E=%22Tue,%2013%20Aug%202019%2000:00:00%20GMT%22%20and%20connectionTime%3C%22Tue,%2020%20Aug%202019%2000:00:00%20GMT%22%20and%20kWhDelivered%3E=0.0&sort=-connectionTime&page=4",200,application/json,18548,0.4161144859999695,"{""_items"": [{""_id"": ""5d6c62c1f9af8b1082162bfd"", ""userInputs"": [{""userID"": 631, ""milesRequested"": 240, ""WhPerMile"": 250, ""minutesAvailable"": 608, ""modifiedAt"": ""Fri, 16 Aug 2019 19:04:25 GMT"", ""paymentRequired"": true, ""requestedDeparture"": ""Sat, 17 Aug 2019 05:12:04 GMT"", ""kWhRequested"": 60.0}], ""use",success
2026-08-17T00:52:24.003334+00:00,jpl:2019-08-13:2019-08-20:page5,1,"https://ev.caltech.edu/api/v1/sessions/jpl?where=connectionTime%3E=%22Tue,%2013%20Aug%202019%2000:00:00%20GMT%22%20and%20connectionTime%3C%22Tue,%2020%20Aug%202019%2000:00:00%20GMT%22%20and%20kWhDelivered%3E=0.0&sort=-connectionTime&page=5",200,application/json,18547,0.39239793799970357,"{""_items"": [{""_id"": ""5d6b115cf9af8b08bb74a8ff"", ""userInputs"": [{""userID"": 379, ""milesRequested"": 50, ""WhPerMile"": 400, ""minutesAvailable"": 125, ""modifiedAt"": ""Thu, 15 Aug 2019 23:30:57 GMT"", ""paymentRequired"": true, ""requestedDeparture"": ""Fri, 16 Aug 2019 01:35:30 GMT"", ""kWhRequested"": 20.0}], ""user",success
2026-08-17T00:52:24.671004+00:00,jpl:2019-08-13:2019-08-20:page6,1,"https://ev.caltech.edu/api/v1/sessions/jpl?where=connectionTime%3E=%22Tue,%2013%20Aug%202019%2000:00:00%20GMT%22%20and%20connectionTime%3C%22Tue,%2020%20Aug%202019%2000:00:00%20GMT%22%20and%20kWhDelivered%3E=0.0&sort=-connectionTime&page=6",200,application/json,17628,0.4072747680002067,"{""_items"": [{""_id"": ""5d6b115cf9af8b08bb74a8e6"", ""userInputs"": [{""userID"": 1528, ""milesRequested"": 70, ""WhPerMile"": 400, ""minutesAvailable"": 529, ""modifiedAt"": ""Thu, 15 Aug 2019 14:36:54 GMT"", ""paymentRequired"": true, ""requestedDeparture"": ""Thu, 15 Aug 2019 23:25:41 GMT"", ""kWhRequested"": 28.0}], ""use",success
2026-08-17T00:52:25.346893+00:00,jpl:2019-08-13:2019-08-20:page7,1,"https://ev.caltech.edu/api/v1/sessions/jpl?where=connectionTime%3E=%22Tue,%2013%20Aug%202019%2000:00:00%20GMT%22%20and%20connectionTime%3C%22Tue,%2020%20Aug%202019%2000:00:00%20GMT%22%20and%20kWhDelivered%3E=0.0&sort=-connectionTime&page=7",200,application/json,17594,0.42049584400047024,"{""_items"": [{""_id"": ""5d6b115cf9af8b08bb74a8cd"", ""userInputs"": [{""userID"": 416, ""milesRequested"": 60, ""WhPerMile"": 300, ""minutesAvailable"": 445, ""modifiedAt"": ""Thu, 15 Aug 2019 13:48:36 GMT"", ""paymentRequired"": true, ""requestedDeparture"": ""Thu, 15 Aug 2019 21:13:07 GMT"", ""kWhRequested"": 18.0}], ""user",success
2026-08-17T00:52:26.005881+00:00,jpl:2019-08-13:2019-08-20:page8,1,"https://ev.caltech.edu/api/v1/sessions/jpl?where=connectionTime%3E=%22Tue,%2013%20Aug%202019%2000:00:00%20GMT%22%20and%20connectionTime%3C%22Tue,%2020%20Aug%202019%2000:00:00%20GMT%22%20and%20kWhDelivered%3E=0.0&sort=-connectionTime&page=8",200,application/json,21568,0.40035186299974157,"{""_items"": [{""_id"": ""5d69bfebf9af8b0682723f3c"", ""userInputs"": [{""userID"": 171, ""milesRequested"": 30, ""WhPerMile"": 300, ""minutesAvailable"": 45, ""modifiedAt"": ""Thu, 15 Aug 2019 00:44:51 GMT"", ""paymentRequired"": true, ""requestedDeparture"": ""Thu, 15 Aug 2019 01:29:11 GMT"", ""kWhRequested"": 9.0}, {""userID",success
2026-08-17T00:52:26.505428+00:00,jpl:2019-08-13:2019-08-20:page9,1,"https://ev.caltech.edu/api/v1/sessions/jpl?where=connectionTime%3E=%22Tue,%2013%20Aug%202019%2000:00:00%20GMT%22%20and%20connectionTime%3C%22Tue,%2020%20Aug%202019%2000:00:00%20GMT%22%20and%20kWhDelivered%3E=0.0&sort=-connectionTime&page=9",200,application/json,18776,0.23924641699977656,"{""_items"": [{""_id"": ""5d69bfebf9af8b0682723f23"", ""userInputs"": [{""userID"": 425, ""milesRequested"": 23, ""WhPerMile"": 350, ""minutesAvailable"": 504, ""modifiedAt"": ""Wed, 14 Aug 2019 14:35:12 GMT"", ""paymentRequired"": true, ""requestedDeparture"": ""Wed, 14 Aug 2019 22:57:59 GMT"", ""kWhRequested"": 8.05}], ""user",success
2026-08-17T00:52:27.002103+00:00,jpl:2019-08-13:2019-08-20:page10,1,"https://ev.caltech.edu/api/v1/sessions/jpl?where=connectionTime%3E=%22Tue,%2013%20Aug%202019%2000:00:00%20GMT%22%20and%20connectionTime%3C%22Tue,%2020%20Aug%202019%2000:00:00%20GMT%22%20and%20kWhDelivered%3E=0.0&sort=-connectionTime&page=10",200,application/json,18309,0.23637581599996338,"{""_items"": [{""_id"": ""5d69bfebf9af8b0682723f0a"", ""userInputs"": [{""userID"": 726, ""milesRequested"": 20, ""WhPerMile"": 275, ""minutesAvailable"": 556, ""modifiedAt"": ""Wed, 14 Aug 2019 14:02:19 GMT"", ""paymentRequired"": true, ""requestedDeparture"": ""Wed, 14 Aug 2019 23:18:11 GMT"", ""kWhRequested"": 5.5}], ""userI",success
2026-08-17T00:52:27.687788+00:00,jpl:2019-08-13:2019-08-20:page11,1,"https://ev.caltech.edu/api/v1/sessions/jpl?where=connectionTime%3E=%22Tue,%2013%20Aug%202019%2000:00:00%20GMT%22%20and%20connectionTime%3C%22Tue,%2020%20Aug%202019%2000:00:00%20GMT%22%20and%20kWhDelivered%3E=0.0&sort=-connectionTime&page=11",200,application/json,33661,0.4305682069998511,"{""_items"": [{""_id"": ""5d686e3bf9af8b028d78893d"", ""userInputs"": [{""userID"": 400, ""milesRequested"": 30, ""WhPerMile"": 400, ""minutesAvailable"": 65, ""modifiedAt"": ""Wed, 14 Aug 2019 02:02:49 GMT"", ""paymentRequired"": true, ""requestedDeparture"": ""Wed, 14 Aug 2019 03:07:44 GMT"", ""kWhRequested"": 12.0}], ""userI",success
2026-08-17T00:52:28.178022+00:00,jpl:2019-08-13:2019-08-20:page12,1,"https://ev.caltech.edu/api/v1/sessions/jpl?where=connectionTime%3E=%22Tue,%2013%20Aug%202019%2000:00:00%20GMT%22%20and%20connectionTime%3C%22Tue,%2020%20Aug%202019%2000:00:00%20GMT%22%20and%20kWhDelivered%3E=0.0&sort=-connectionTime&page=12",200,application/json,17385,0.23176597400015453,"{""_items"": [{""_id"": ""5d686e3bf9af8b028d788924"", ""userInputs"": [{""userID"": 383, ""milesRequested"": 30, ""WhPerMile"": 400, ""minutesAvailable"": 290, ""modifiedAt"": ""Tue, 13 Aug 2019 14:40:18 GMT"", ""paymentRequired"": true, ""requestedDeparture"": ""Tue, 13 Aug 2019 19:29:32 GMT"", ""kWhRequested"": 12.0}], ""user",success
2026-08-17T00:52:28.841396+00:00,jpl:2019-08-13:2019-08-20:page13,1,"https://ev.caltech.edu/api/v1/sessions/jpl?where=connectionTime%3E=%22Tue,%2013%20Aug%202019%2000:00:00%20GMT%22%20and%20connectionTime%3C%22Tue,%2020%20Aug%202019%2000:00:00%20GMT%22%20and%20kWhDelivered%3E=0.0&sort=-connectionTime&page=13",200,application/json,18305,0.4055078119999962,"{""_items"": [{""_id"": ""5d686e3bf9af8b028d78890b"", ""userInputs"": null, ""userID"": null, ""sessionID"": ""1_1_179_777_2019-08-13 14:05:08.037515"", ""stationID"": ""1-1-179-777"", ""spaceID"": ""AG-3F28"", ""siteID"": ""0001"", ""clusterID"": ""0001"", ""connectionTime"": ""Tue, 13 Aug 2019 14:05:08 GMT"", ""disconnectTime"": ""We",success
2026-08-17T00:52:29.316420+00:00,jpl:2019-08-13:2019-08-20:page14,1,"https://ev.caltech.edu/api/v1/sessions/jpl?where=connectionTime%3E=%22Tue,%2013%20Aug%202019%2000:00:00%20GMT%22%20and%20connectionTime%3C%22Tue,%2020%20Aug%202019%2000:00:00%20GMT%22%20and%20kWhDelivered%3E=0.0&sort=-connectionTime&page=14",200,application/json,2126,0.21941831599997386,"{""_items"": [{""_id"": ""5d686e3bf9af8b028d7888f2"", ""userInputs"": [{""userID"": 933, ""milesRequested"": 190, ""WhPerMile"": 345, ""minutesAvailable"": 635, ""modifiedAt"": ""Tue, 13 Aug 2019 11:37:40 GMT"", ""paymentRequired"": true, ""requestedDeparture"": ""Tue, 13 Aug 2019 22:12:16 GMT"", ""kWhRequested"": 65.55}, {""us",success
2026-08-17T00:52:31.320536+00:00,jpl:2019-08-20:2019-08-27:page1,1,https://ev.caltech.edu/api/v1/sessions/jpl?where=connectionTime%3E%3D%22Tue%2C+20+Aug+2019+00%3A00%3A00+GMT%22+and+connectionTime%3C%22Tue%2C+27+Aug+2019+00%3A00%3A00+GMT%22+and+kWhDelivered%3E%3D0.0&sort=-connectionTime,200,application/json,19717,1.0002912379995905,"{""_items"": [{""_id"": ""5d7991d1f9af8b5d28137447"", ""userInputs"": [{""userID"": 2050, ""milesRequested"": 50, ""WhPerMile"": 333, ""minutesAvailable"": 189, ""modifiedAt"": ""Mon, 26 Aug 2019 23:45:05 GMT"", ""paymentRequired"": true, ""requestedDeparture"": ""Tue, 27 Aug 2019 02:53:52 GMT"", ""kWhRequested"": 16.65}], ""us",success
2026-08-17T00:52:32.342988+00:00,jpl:2019-08-20:2019-08-27:page2,1,"https://ev.caltech.edu/api/v1/sessions/jpl?where=connectionTime%3E=%22Tue,%2020%20Aug%202019%2000:00:00%20GMT%22%20and%20connectionTime%3C%22Tue,%2027%20Aug%202019%2000:00:00%20GMT%22%20and%20kWhDelivered%3E=0.0&sort=-connectionTime&page=2",200,application/json,18546,0.7630221500003245,"{""_items"": [{""_id"": ""5d7991d1f9af8b5d2813742e"", ""userInputs"": [{""userID"": 410, ""milesRequested"": 20, ""WhPerMile"": 250, ""minutesAvailable"": 590, ""modifiedAt"": ""Mon, 26 Aug 2019 14:37:47 GMT"", ""paymentRequired"": true, ""requestedDeparture"": ""Tue, 27 Aug 2019 00:19:30 GMT"", ""kWhRequested"": 5.0}], ""userI",success
2026-08-17T00:52:33.079427+00:00,jpl:2019-08-20:2019-08-27:page3,1,"https://ev.caltech.edu/api/v1/sessions/jpl?where=connectionTime%3E=%22Tue,%2020%20Aug%202019%2000:00:00%20GMT%22%20and%20connectionTime%3C%22Tue,%2027%20Aug%202019%2000:00:00%20GMT%22%20and%20kWhDelivered%3E=0.0&sort=-connectionTime&page=3",200,application/json,19000,0.4811317109997617,"{""_items"": [{""_id"": ""5d7991d1f9af8b5d28137415"", ""userInputs"": [{""userID"": 385, ""milesRequested"": 30, ""WhPerMile"": 400, ""minutesAvailable"": 577, ""modifiedAt"": ""Mon, 26 Aug 2019 13:33:58 GMT"", ""paymentRequired"": true, ""requestedDeparture"": ""Mon, 26 Aug 2019 23:10:44 GMT"", ""kWhRequested"": 12.0}], ""user",success
2026-08-17T00:52:33.872818+00:00,jpl:2019-08-20:2019-08-27:page4,1,"https://ev.caltech.edu/api/v1/sessions/jpl?where=connectionTime%3E=%22Tue,%2020%20Aug%202019%2000:00:00%20GMT%22%20and%20connectionTime%3C%22Tue,%2027%20Aug%202019%2000:00:00%20GMT%22%20and%20kWhDelivered%3E=0.0&sort=-connectionTime&page=4",200,application/json,18538,0.5380798260002848,"{""_items"": [{""_id"": ""5d759d56f9af8b4f43352516"", ""userInputs"": [{""userID"": 448, ""milesRequested"": 50, ""WhPerMile"": 200, ""minutesAvailable"": 439, ""modifiedAt"": ""Sat, 24 Aug 2019 01:19:36 GMT"", ""paymentRequired"": true, ""requestedDeparture"": ""Sat, 24 Aug 2019 08:37:30 GMT"", ""kWhRequested"": 10.0}], ""user",success
2026-08-17T00:52:34.540657+00:00,jpl:2019-08-20:2019-08-27:page5,1,"https://ev.caltech.edu/api/v1/sessions/jpl?where=connectionTime%3E=%22Tue,%2020%20Aug%202019%2000:00:00%20GMT%22%20and%20connectionTime%3C%22Tue,%2027%20Aug%202019%2000:00:00%20GMT%22%20and%20kWhDelivered%3E=0.0&sort=-connectionTime&page=5",200,application/json,18309,0.4073884370000087,"{""_items"": [{""_id"": ""5d759d56f9af8b4f433524fd"", ""userInputs"": [{""userID"": 448, ""milesRequested"": 140, ""WhPerMile"": 200, ""minutesAvailable"": 75, ""modifiedAt"": ""Fri, 23 Aug 2019 18:44:25 GMT"", ""paymentRequired"": true, ""requestedDeparture"": ""Fri, 23 Aug 2019 19:58:45 GMT"", ""kWhRequested"": 28.0}, {""user",success
2026-08-17T00:52:35.204825+00:00,jpl:2019-08-20:2019-08-27:page6,1,"https://ev.caltech.edu/api/v1/sessions/jpl?where=connectionTime%3E=%22Tue,%2020%20Aug%202019%2000:00:00%20GMT%22%20and%20connectionTime%3C%22Tue,%2027%20Aug%202019%2000:00:00%20GMT%22%20and%20kWhDelivered%3E=0.0&sort=-connectionTime&page=6",200,application/json,17613,0.4044437780003136,"{""_items"": [{""_id"": ""5d759d56f9af8b4f433524e4"", ""userInputs"": [{""userID"": 368, ""milesRequested"": 30, ""WhPerMile"": 400, ""minutesAvailable"": 539, ""modifiedAt"": ""Fri, 23 Aug 2019 14:04:32 GMT"", ""paymentRequired"": true, ""requestedDeparture"": ""Fri, 23 Aug 2019 23:03:21 GMT"", ""kWhRequested"": 12.0}], ""user",success
2026-08-17T00:52:35.874636+00:00,jpl:2019-08-20:2019-08-27:page7,1,"https://ev.caltech.edu/api/v1/sessions/jpl?where=connectionTime%3E=%22Tue,%2020%20Aug%202019%2000:00:00%20GMT%22%20and%20connectionTime%3C%22Tue,%2027%20Aug%202019%2000:00:00%20GMT%22%20and%20kWhDelivered%3E=0.0&sort=-connectionTime&page=7",200,application/json,18993,0.41063197499988746,"{""_items"": [{""_id"": ""5d759d56f9af8b4f433524cb"", ""userInputs"": [{""userID"": 651, ""milesRequested"": 50, ""WhPerMile"": 400, ""minutesAvailable"": 181, ""modifiedAt"": ""Fri, 23 Aug 2019 12:45:09 GMT"", ""paymentRequired"": true, ""requestedDeparture"": ""Fri, 23 Aug 2019 15:45:56 GMT"", ""kWhRequested"": 20.0}], ""user",success
2026-08-17T00:52:36.537461+00:00,jpl:2019-08-20:2019-08-27:page8,1,"https://ev.caltech.edu/api/v1/sessions/jpl?where=connectionTime%3E=%22Tue,%2020%20Aug%202019%2000:00:00%20GMT%22%20and%20connectionTime%3C%22Tue,%2027%20Aug%202019%2000:00:00%20GMT%22%20and%20kWhDelivered%3E=0.0&sort=-connectionTime&page=8",200,application/json,19257,0.4055630709999605,"{""_items"": [{""_id"": ""5d744bebf9af8b4ae9964738"", ""userInputs"": [{""userID"": 467, ""milesRequested"": 40, ""WhPerMile"": 400, ""minutesAvailable"": 138, ""modifiedAt"": ""Thu, 22 Aug 2019 18:59:13 GMT"", ""paymentRequired"": true, ""requestedDeparture"": ""Thu, 22 Aug 2019 21:16:48 GMT"", ""kWhRequested"": 16.0}], ""user",success
2026-08-17T00:52:37.036757+00:00,jpl:2019-08-20:2019-08-27:page9,1,"https://ev.caltech.edu/api/v1/sessions/jpl?where=connectionTime%3E=%22Tue,%2020%20Aug%202019%2000:00:00%20GMT%22%20and%20connectionTime%3C%22Tue,%2027%20Aug%202019%2000:00:00%20GMT%22%20and%20kWhDelivered%3E=0.0&sort=-connectionTime&page=9",200,application/json,17850,0.2389805869997872,"{""_items"": [{""_id"": ""5d744bebf9af8b4ae996471f"", ""userInputs"": null, ""userID"": null, ""sessionID"": ""1_1_191_795_2019-08-22 14:05:44.802192"", ""stationID"": ""1-1-191-795"", ""spaceID"": ""AG-4F51"", ""siteID"": ""0001"", ""clusterID"": ""0001"", ""connectionTime"": ""Thu, 22 Aug 2019 14:05:45 GMT"", ""disconnectTime"": ""Th",success
2026-08-17T00:52:37.718733+00:00,jpl:2019-08-20:2019-08-27:page10,1,"https://ev.caltech.edu/api/v1/sessions/jpl?where=connectionTime%3E=%22Tue,%2020%20Aug%202019%2000:00:00%20GMT%22%20and%20connectionTime%3C%22Tue,%2027%20Aug%202019%2000:00:00%20GMT%22%20and%20kWhDelivered%3E=0.0&sort=-connectionTime&page=10",200,application/json,19479,0.422261816000173,"{""_items"": [{""_id"": ""5d744bebf9af8b4ae9964706"", ""userInputs"": [{""userID"": 483, ""milesRequested"": 20, ""WhPerMile"": 350, ""minutesAvailable"": 574, ""modifiedAt"": ""Thu, 22 Aug 2019 12:40:36 GMT"", ""paymentRequired"": true, ""requestedDeparture"": ""Thu, 22 Aug 2019 22:14:15 GMT"", ""kWhRequested"": 7.0}], ""userI",success
2026-08-17T00:52:38.389359+00:00,jpl:2019-08-20:2019-08-27:page11,1,"https://ev.caltech.edu/api/v1/sessions/jpl?where=connectionTime%3E=%22Tue,%2020%20Aug%202019%2000:00:00%20GMT%22%20and%20connectionTime%3C%22Tue,%2027%20Aug%202019%2000:00:00%20GMT%22%20and%20kWhDelivered%3E=0.0&sort=-connectionTime&page=11",200,application/json,20646,0.411028602999977,"{""_items"": [{""_id"": ""5d72fa61f9af8b4735c9e2d2"", ""userInputs"": [{""userID"": 2129, ""milesRequested"": 20, ""WhPerMile"": 400, ""minutesAvailable"": 350, ""modifiedAt"": ""Wed, 21 Aug 2019 19:06:40 GMT"", ""paymentRequired"": true, ""requestedDeparture"": ""Thu, 22 Aug 2019 00:56:30 GMT"", ""kWhRequested"": 8.0}, {""user",success
2026-08-17T00:52:38.889177+00:00,jpl:2019-08-20:2019-08-27:page12,1,"https://ev.caltech.edu/api/v1/sessions/jpl?where=connectionTime%3E=%22Tue,%2020%20Aug%202019%2000:00:00%20GMT%22%20and%20connectionTime%3C%22Tue,%2027%20Aug%202019%2000:00:00%20GMT%22%20and%20kWhDelivered%3E=0.0&sort=-connectionTime&page=12",200,application/json,19481,0.2426864220005882,"{""_items"": [{""_id"": ""5d72fa61f9af8b4735c9e2b9"", ""userInputs"": [{""userID"": 414, ""milesRequested"": 40, ""WhPerMile"": 375, ""minutesAvailable"": 529, ""modifiedAt"": ""Wed, 21 Aug 2019 13:58:48 GMT"", ""paymentRequired"": true, ""requestedDeparture"": ""Wed, 21 Aug 2019 22:47:14 GMT"", ""kWhRequested"": 15.0}], ""user",success
2026-08-17T00:52:39.568470+00:00,jpl:2019-08-20:2019-08-27:page13,1,"https://ev.caltech.edu/api/v1/sessions/jpl?where=connectionTime%3E=%22Tue,%2020%20Aug%202019%2000:00:00%20GMT%22%20and%20connectionTime%3C%22Tue,%2027%20Aug%202019%2000:00:00%20GMT%22%20and%20kWhDelivered%3E=0.0&sort=-connectionTime&page=13",200,application/json,21120,0.4205565780002871,"{""_items"": [{""_id"": ""5d72fa61f9af8b4735c9e2a0"", ""userInputs"": [{""userID"": 933, ""milesRequested"": 110, ""WhPerMile"": 345, ""minutesAvailable"": 373, ""modifiedAt"": ""Wed, 21 Aug 2019 12:45:57 GMT"", ""paymentRequired"": true, ""requestedDeparture"": ""Wed, 21 Aug 2019 18:58:24 GMT"", ""kWhRequested"": 37.95}], ""us",success
2026-08-17T00:52:40.071830+00:00,jpl:2019-08-20:2019-08-27:page14,1,"https://ev.caltech.edu/api/v1/sessions/jpl?where=connectionTime%3E=%22Tue,%2020%20Aug%202019%2000:00:00%20GMT%22%20and%20connectionTime%3C%22Tue,%2027%20Aug%202019%2000:00:00%20GMT%22%20and%20kWhDelivered%3E=0.0&sort=-connectionTime&page=14",200,application/json,18088,0.2455606670000634,"{""_items"": [{""_id"": ""5d71a8d8f9af8b435820d062"", ""userInputs"": [{""userID"": 436, ""milesRequested"": 160, ""WhPerMile"": 350, ""minutesAvailable"": 438, ""modifiedAt"": ""Tue, 20 Aug 2019 14:43:43 GMT"", ""paymentRequired"": true, ""requestedDeparture"": ""Tue, 20 Aug 2019 22:01:28 GMT"", ""kWhRequested"": 56.0}], ""use",success
2026-08-17T00:52:40.571290+00:00,jpl:2019-08-20:2019-08-27:page15,1,"https://ev.caltech.edu/api/v1/sessions/jpl?where=connectionTime%3E=%22Tue,%2020%20Aug%202019%2000:00:00%20GMT%22%20and%20connectionTime%3C%22Tue,%2027%20Aug%202019%2000:00:00%20GMT%22%20and%20kWhDelivered%3E=0.0&sort=-connectionTime&page=15",200,application/json,18526,0.24494185100047616,"{""_items"": [{""_id"": ""5d71a8d8f9af8b435820d049"", ""userInputs"": [{""userID"": 1118, ""milesRequested"": 90, ""WhPerMile"": 389, ""minutesAvailable"": 285, ""modifiedAt"": ""Tue, 20 Aug 2019 14:00:12 GMT"", ""paymentRequired"": true, ""requestedDeparture"": ""Tue, 20 Aug 2019 18:44:49 GMT"", ""kWhRequested"": 35.01}], ""us",success
2026-08-17T00:52:41.049442+00:00,jpl:2019-08-20:2019-08-27:page16,1,"https://ev.caltech.edu/api/v1/sessions/jpl?where=connectionTime%3E=%22Tue,%2020%20Aug%202019%2000:00:00%20GMT%22%20and%20connectionTime%3C%22Tue,%2027%20Aug%202019%2000:00:00%20GMT%22%20and%20kWhDelivered%3E=0.0&sort=-connectionTime&page=16",200,application/json,2551,0.22070441500000015,"{""_items"": [{""_id"": ""5d70575ff9af8b3deeb17b23"", ""userInputs"": [{""userID"": 405, ""milesRequested"": 20, ""WhPerMile"": 500, ""minutesAvailable"": 202, ""modifiedAt"": ""Tue, 20 Aug 2019 04:15:10 GMT"", ""paymentRequired"": true, ""requestedDeparture"": ""Tue, 20 Aug 2019 07:36:30 GMT"", ""kWhRequested"": 10.0}], ""user",success
2026-08-17T00:52:42.785953+00:00,jpl:2019-08-27:2019-09-03:page1,1,https://ev.caltech.edu/api/v1/sessions/jpl?where=connectionTime%3E%3D%22Tue%2C+27+Aug+2019+00%3A00%3A00+GMT%22+and+connectionTime%3C%22Tue%2C+03+Sep+2019+00%3A00%3A00+GMT%22+and+kWhDelivered%3E%3D0.0&sort=-connectionTime,200,application/json,18537,0.7271637270005158,"{""_items"": [{""_id"": ""5d82cc14f9af8b7bfe1b9604"", ""userInputs"": [{""userID"": 551, ""milesRequested"": 40, ""WhPerMile"": 563, ""minutesAvailable"": 198, ""modifiedAt"": ""Mon, 02 Sep 2019 23:54:34 GMT"", ""paymentRequired"": true, ""requestedDeparture"": ""Tue, 03 Sep 2019 03:11:56 GMT"", ""kWhRequested"": 22.52}], ""use",success
2026-08-17T00:52:43.423736+00:00,jpl:2019-08-27:2019-09-03:page2,1,"https://ev.caltech.edu/api/v1/sessions/jpl?where=connectionTime%3E=%22Tue,%2027%20Aug%202019%2000:00:00%20GMT%22%20and%20connectionTime%3C%22Tue,%2003%20Sep%202019%2000:00:00%20GMT%22%20and%20kWhDelivered%3E=0.0&sort=-connectionTime&page=2",200,application/json,20156,0.378739816000234,"{""_items"": [{""_id"": ""5d7ed7bbf9af8b6fd458a0aa"", ""userInputs"": [{""userID"": 171, ""milesRequested"": 50, ""WhPerMile"": 300, ""minutesAvailable"": 236, ""modifiedAt"": ""Fri, 30 Aug 2019 15:18:34 GMT"", ""paymentRequired"": true, ""requestedDeparture"": ""Fri, 30 Aug 2019 19:14:14 GMT"", ""kWhRequested"": 15.0}], ""user",success
2026-08-17T00:52:44.056838+00:00,jpl:2019-08-27:2019-09-03:page3,1,"https://ev.caltech.edu/api/v1/sessions/jpl?where=connectionTime%3E=%22Tue,%2027%20Aug%202019%2000:00:00%20GMT%22%20and%20connectionTime%3C%22Tue,%2003%20Sep%202019%2000:00:00%20GMT%22%20and%20kWhDelivered%3E=0.0&sort=-connectionTime&page=3",200,application/json,18538,0.37746593700012454,"{""_items"": [{""_id"": ""5d7d865ef9af8b6bcd4d6a3a"", ""userInputs"": [{""userID"": 1281, ""milesRequested"": 210, ""WhPerMile"": 300, ""minutesAvailable"": 228, ""modifiedAt"": ""Thu, 29 Aug 2019 19:35:08 GMT"", ""paymentRequired"": true, ""requestedDeparture"": ""Thu, 29 Aug 2019 23:21:53 GMT"", ""kWhRequested"": 63.0}], ""us",success
2026-08-17T00:52:44.732353+00:00,jpl:2019-08-27:2019-09-03:page4,1,"https://ev.caltech.edu/api/v1/sessions/jpl?where=connectionTime%3E=%22Tue,%2027%20Aug%202019%2000:00:00%20GMT%22%20and%20connectionTime%3C%22Tue,%2003%20Sep%202019%2000:00:00%20GMT%22%20and%20kWhDelivered%3E=0.0&sort=-connectionTime&page=4",200,application/json,18079,0.41991026000050624,"{""_items"": [{""_id"": ""5d7d865ef9af8b6bcd4d6a21"", ""userInputs"": [{""userID"": 383, ""milesRequested"": 30, ""WhPerMile"": 400, ""minutesAvailable"": 420, ""modifiedAt"": ""Thu, 29 Aug 2019 14:10:28 GMT"", ""paymentRequired"": true, ""requestedDeparture"": ""Thu, 29 Aug 2019 21:10:10 GMT"", ""kWhRequested"": 12.0}], ""user",success
2026-08-17T00:52:45.398560+00:00,jpl:2019-08-27:2019-09-03:page5,1,"https://ev.caltech.edu/api/v1/sessions/jpl?where=connectionTime%3E=%22Tue,%2027%20Aug%202019%2000:00:00%20GMT%22%20and%20connectionTime%3C%22Tue,%2003%20Sep%202019%2000:00:00%20GMT%22%20and%20kWhDelivered%3E=0.0&sort=-connectionTime&page=5",200,application/json,19241,0.4055007630004184,"{""_items"": [{""_id"": ""5d7d865ef9af8b6bcd4d6a08"", ""userInputs"": [{""userID"": 3163, ""milesRequested"": 180, ""WhPerMile"": 268, ""minutesAvailable"": 530, ""modifiedAt"": ""Thu, 29 Aug 2019 13:14:05 GMT"", ""paymentRequired"": true, ""requestedDeparture"": ""Thu, 29 Aug 2019 22:04:05 GMT"", ""kWhRequested"": 48.24}], ""u",success
2026-08-17T00:52:46.072232+00:00,jpl:2019-08-27:2019-09-03:page6,1,"https://ev.caltech.edu/api/v1/sessions/jpl?where=connectionTime%3E=%22Tue,%2027%20Aug%202019%2000:00:00%20GMT%22%20and%20connectionTime%3C%22Tue,%2003%20Sep%202019%2000:00:00%20GMT%22%20and%20kWhDelivered%3E=0.0&sort=-connectionTime&page=6",200,application/json,20859,0.41342935400007264,"{""_items"": [{""_id"": ""5d7c34e4f9af8b66e7719ce8"", ""userInputs"": [{""userID"": 2067, ""milesRequested"": 30, ""WhPerMile"": 200, ""minutesAvailable"": 182, ""modifiedAt"": ""Wed, 28 Aug 2019 17:27:42 GMT"", ""paymentRequired"": true, ""requestedDeparture"": ""Wed, 28 Aug 2019 20:29:42 GMT"", ""kWhRequested"": 6.0}, {""user",success
2026-08-17T00:52:46.563229+00:00,jpl:2019-08-27:2019-09-03:page7,1,"https://ev.caltech.edu/api/v1/sessions/jpl?where=connectionTime%3E=%22Tue,%2027%20Aug%202019%2000:00:00%20GMT%22%20and%20connectionTime%3C%22Tue,%2003%20Sep%202019%2000:00:00%20GMT%22%20and%20kWhDelivered%3E=0.0&sort=-connectionTime&page=7",200,application/json,18312,0.23511233299996093,"{""_items"": [{""_id"": ""5d7c34e4f9af8b66e7719ccf"", ""userInputs"": [{""userID"": 1461, ""milesRequested"": 60, ""WhPerMile"": 600, ""minutesAvailable"": 419, ""modifiedAt"": ""Wed, 28 Aug 2019 14:27:35 GMT"", ""paymentRequired"": true, ""requestedDeparture"": ""Wed, 28 Aug 2019 21:07:05 GMT"", ""kWhRequested"": 36.0}, {""use",success
2026-08-17T00:52:47.230793+00:00,jpl:2019-08-27:2019-09-03:page8,1,"https://ev.caltech.edu/api/v1/sessions/jpl?where=connectionTime%3E=%22Tue,%2027%20Aug%202019%2000:00:00%20GMT%22%20and%20connectionTime%3C%22Tue,%2003%20Sep%202019%2000:00:00%20GMT%22%20and%20kWhDelivered%3E=0.0&sort=-connectionTime&page=8",200,application/json,19929,0.4126362369997878,"{""_items"": [{""_id"": ""5d7c34e4f9af8b66e7719cb6"", ""userInputs"": [{""userID"": 406, ""milesRequested"": 40, ""WhPerMile"": 600, ""minutesAvailable"": 598, ""modifiedAt"": ""Wed, 28 Aug 2019 12:48:10 GMT"", ""paymentRequired"": true, ""requestedDeparture"": ""Wed, 28 Aug 2019 22:45:42 GMT"", ""kWhRequested"": 24.0}], ""user",success
2026-08-17T00:52:47.890839+00:00,jpl:2019-08-27:2019-09-03:page9,1,"https://ev.caltech.edu/api/v1/sessions/jpl?where=connectionTime%3E=%22Tue,%2027%20Aug%202019%2000:00:00%20GMT%22%20and%20connectionTime%3C%22Tue,%2003%20Sep%202019%2000:00:00%20GMT%22%20and%20kWhDelivered%3E=0.0&sort=-connectionTime&page=9",200,application/json,19708,0.404375328000242,"{""_items"": [{""_id"": ""5d7ae35ef9af8b6208581869"", ""userInputs"": [{""userID"": 220, ""milesRequested"": 40, ""WhPerMile"": 333, ""minutesAvailable"": 448, ""modifiedAt"": ""Tue, 27 Aug 2019 18:53:50 GMT"", ""paymentRequired"": true, ""requestedDeparture"": ""Wed, 28 Aug 2019 02:21:34 GMT"", ""kWhRequested"": 13.32}], ""use",success
2026-08-17T00:52:48.572191+00:00,jpl:2019-08-27:2019-09-03:page10,1,"https://ev.caltech.edu/api/v1/sessions/jpl?where=connectionTime%3E=%22Tue,%2027%20Aug%202019%2000:00:00%20GMT%22%20and%20connectionTime%3C%22Tue,%2003%20Sep%202019%2000:00:00%20GMT%22%20and%20kWhDelivered%3E=0.0&sort=-connectionTime&page=10",200,application/json,18995,0.42418265200012684,"{""_items"": [{""_id"": ""5d7ae35ef9af8b6208581850"", ""userInputs"": [{""userID"": 1971, ""milesRequested"": 50, ""WhPerMile"": 400, ""minutesAvailable"": 197, ""modifiedAt"": ""Tue, 27 Aug 2019 14:15:26 GMT"", ""paymentRequired"": true, ""requestedDeparture"": ""Tue, 27 Aug 2019 17:32:27 GMT"", ""kWhRequested"": 20.0}], ""use",success
2026-08-17T00:52:49.056526+00:00,jpl:2019-08-27:2019-09-03:page11,1,"https://ev.caltech.edu/api/v1/sessions/jpl?where=connectionTime%3E=%22Tue,%2027%20Aug%202019%2000:00:00%20GMT%22%20and%20connectionTime%3C%22Tue,%2003%20Sep%202019%2000:00:00%20GMT%22%20and%20kWhDelivered%3E=0.0&sort=-connectionTime&page=11",200,application/json,10831,0.22438859900012176,"{""_items"": [{""_id"": ""5d7ae35ef9af8b6208581837"", ""userInputs"": [{""userID"": 334, ""milesRequested"": 30, ""WhPerMile"": 600, ""minutesAvailable"": 459, ""modifiedAt"": ""Tue, 27 Aug 2019 13:02:46 GMT"", ""paymentRequired"": true, ""requestedDeparture"": ""Tue, 27 Aug 2019 20:41:32 GMT"", ""kWhRequested"": 18.0}], ""user",success
2026-08-17T00:52:51.081129+00:00,jpl:2019-09-03:2019-09-10:page1,1,https://ev.caltech.edu/api/v1/sessions/jpl?where=connectionTime%3E%3D%22Tue%2C+03+Sep+2019+00%3A00%3A00+GMT%22+and+connectionTime%3C%22Tue%2C+10+Sep+2019+00%3A00%3A00+GMT%22+and+kWhDelivered%3E%3D0.0&sort=-connectionTime,200,application/json,18807,1.0146048690003227,"{""_items"": [{""_id"": ""5d8c06e1f9af8b2132410920"", ""userInputs"": [{""userID"": 362, ""milesRequested"": 50, ""WhPerMile"": 286, ""minutesAvailable"": 98, ""modifiedAt"": ""Mon, 09 Sep 2019 23:23:21 GMT"", ""paymentRequired"": true, ""requestedDeparture"": ""Tue, 10 Sep 2019 01:01:03 GMT"", ""kWhRequested"": 14.3}], ""userI",success
2026-08-17T00:52:51.886394+00:00,jpl:2019-09-03:2019-09-10:page2,1,"https://ev.caltech.edu/api/v1/sessions/jpl?where=connectionTime%3E=%22Tue,%2003%20Sep%202019%2000:00:00%20GMT%22%20and%20connectionTime%3C%22Tue,%2010%20Sep%202019%2000:00:00%20GMT%22%20and%20kWhDelivered%3E=0.0&sort=-connectionTime&page=2",200,application/json,17845,0.5474513070003013,"{""_items"": [{""_id"": ""5d8c06e1f9af8b2132410907"", ""userInputs"": [{""userID"": 537, ""milesRequested"": 80, ""WhPerMile"": 250, ""minutesAvailable"": 438, ""modifiedAt"": ""Mon, 09 Sep 2019 14:39:14 GMT"", ""paymentRequired"": true, ""requestedDeparture"": ""Mon, 09 Sep 2019 21:56:26 GMT"", ""kWhRequested"": 20.0}], ""user",success
2026-08-17T00:52:52.638967+00:00,jpl:2019-09-03:2019-09-10:page3,1,"https://ev.caltech.edu/api/v1/sessions/jpl?where=connectionTime%3E=%22Tue,%2003%20Sep%202019%2000:00:00%20GMT%22%20and%20connectionTime%3C%22Tue,%2010%20Sep%202019%2000:00:00%20GMT%22%20and%20kWhDelivered%3E=0.0&sort=-connectionTime&page=3",200,application/json,18779,0.4958763349995934,"{""_items"": [{""_id"": ""5d8c06e1f9af8b21324108ee"", ""userInputs"": [{""userID"": 726, ""milesRequested"": 70, ""WhPerMile"": 275, ""minutesAvailable"": 556, ""modifiedAt"": ""Mon, 09 Sep 2019 13:36:41 GMT"", ""paymentRequired"": true, ""requestedDeparture"": ""Mon, 09 Sep 2019 22:52:18 GMT"", ""kWhRequested"": 19.25}], ""use",success
2026-08-17T00:52:53.320770+00:00,jpl:2019-09-03:2019-09-10:page4,1,"https://ev.caltech.edu/api/v1/sessions/jpl?where=connectionTime%3E=%22Tue,%2003%20Sep%202019%2000:00:00%20GMT%22%20and%20connectionTime%3C%22Tue,%2010%20Sep%202019%2000:00:00%20GMT%22%20and%20kWhDelivered%3E=0.0&sort=-connectionTime&page=4",200,application/json,19472,0.42147394499988877,"{""_items"": [{""_id"": ""5d881265f9af8b15294a178f"", ""userInputs"": [{""userID"": 1196, ""milesRequested"": 100, ""WhPerMile"": 240, ""minutesAvailable"": 217, ""modifiedAt"": ""Sat, 07 Sep 2019 00:10:45 GMT"", ""paymentRequired"": true, ""requestedDeparture"": ""Sat, 07 Sep 2019 03:47:13 GMT"", ""kWhRequested"": 24.0}], ""us",success
2026-08-17T00:52:53.990482+00:00,jpl:2019-09-03:2019-09-10:page5,1,"https://ev.caltech.edu/api/v1/sessions/jpl?where=connectionTime%3E=%22Tue,%2003%20Sep%202019%2000:00:00%20GMT%22%20and%20connectionTime%3C%22Tue,%2010%20Sep%202019%2000:00:00%20GMT%22%20and%20kWhDelivered%3E=0.0&sort=-connectionTime&page=5",200,application/json,19920,0.4088405809998221,"{""_items"": [{""_id"": ""5d881265f9af8b15294a1776"", ""userInputs"": [{""userID"": 1652, ""milesRequested"": 20, ""WhPerMile"": 250, ""minutesAvailable"": 432, ""modifiedAt"": ""Fri, 06 Sep 2019 16:31:06 GMT"", ""paymentRequired"": true, ""requestedDeparture"": ""Fri, 06 Sep 2019 23:43:07 GMT"", ""kWhRequested"": 5.0}, {""user",success
2026-08-17T00:52:54.666813+00:00,jpl:2019-09-03:2019-09-10:page6,1,"https://ev.caltech.edu/api/v1/sessions/jpl?where=connectionTime%3E=%22Tue,%2003%20Sep%202019%2000:00:00%20GMT%22%20and%20connectionTime%3C%22Tue,%2010%20Sep%202019%2000:00:00%20GMT%22%20and%20kWhDelivered%3E=0.0&sort=-connectionTime&page=6",200,application/json,19710,0.42044104500018875,"{""_items"": [{""_id"": ""5d881265f9af8b15294a175d"", ""userInputs"": [{""userID"": 176, ""milesRequested"": 70, ""WhPerMile"": 286, ""minutesAvailable"": 511, ""modifiedAt"": ""Fri, 06 Sep 2019 14:03:55 GMT"", ""paymentRequired"": true, ""requestedDeparture"": ""Fri, 06 Sep 2019 22:33:48 GMT"", ""kWhRequested"": 20.02}], ""use",success
2026-08-17T00:52:55.336471+00:00,jpl:2019-09-03:2019-09-10:page7,1,"https://ev.caltech.edu/api/v1/sessions/jpl?where=connectionTime%3E=%22Tue,%2003%20Sep%202019%2000:00:00%20GMT%22%20and%20connectionTime%3C%22Tue,%2010%20Sep%202019%2000:00:00%20GMT%22%20and%20kWhDelivered%3E=0.0&sort=-connectionTime&page=7",200,application/json,19918,0.41002109900000505,"{""_items"": [{""_id"": ""5d881265f9af8b15294a1744"", ""userInputs"": [{""userID"": 483, ""milesRequested"": 20, ""WhPerMile"": 350, ""minutesAvailable"": 574, ""modifiedAt"": ""Fri, 06 Sep 2019 12:38:57 GMT"", ""paymentRequired"": true, ""requestedDeparture"": ""Fri, 06 Sep 2019 22:12:37 GMT"", ""kWhRequested"": 7.0}], ""userI",success
2026-08-17T00:52:56.008038+00:00,jpl:2019-09-03:2019-09-10:page8,1,"https://ev.caltech.edu/api/v1/sessions/jpl?where=connectionTime%3E=%22Tue,%2003%20Sep%202019%2000:00:00%20GMT%22%20and%20connectionTime%3C%22Tue,%2010%20Sep%202019%2000:00:00%20GMT%22%20and%20kWhDelivered%3E=0.0&sort=-connectionTime&page=8",200,application/json,19249,0.413739564000025,"{""_items"": [{""_id"": ""5d86c0e3f9af8b1022a818b0"", ""userInputs"": [{""userID"": 2115, ""milesRequested"": 70, ""WhPerMile"": 400, ""minutesAvailable"": 322, ""modifiedAt"": ""Thu, 05 Sep 2019 18:16:49 GMT"", ""paymentRequired"": true, ""requestedDeparture"": ""Thu, 05 Sep 2019 23:38:30 GMT"", ""kWhRequested"": 28.0}], ""use",success
2026-08-17T00:52:56.511103+00:00,jpl:2019-09-03:2019-09-10:page9,1,"https://ev.caltech.edu/api/v1/sessions/jpl?where=connectionTime%3E=%22Tue,%2003%20Sep%202019%2000:00:00%20GMT%22%20and%20connectionTime%3C%22Tue,%2010%20Sep%202019%2000:00:00%20GMT%22%20and%20kWhDelivered%3E=0.0&sort=-connectionTime&page=9",200,application/json,18321,0.2432912549993489,"{""_items"": [{""_id"": ""5d86c0e3f9af8b1022a81897"", ""userInputs"": [{""userID"": 414, ""milesRequested"": 40, ""WhPerMile"": 375, ""minutesAvailable"": 529, ""modifiedAt"": ""Thu, 05 Sep 2019 13:55:27 GMT"", ""paymentRequired"": true, ""requestedDeparture"": ""Thu, 05 Sep 2019 22:43:36 GMT"", ""kWhRequested"": 15.0}], ""user",success
2026-08-17T00:52:57.180239+00:00,jpl:2019-09-03:2019-09-10:page10,1,"https://ev.caltech.edu/api/v1/sessions/jpl?where=connectionTime%3E=%22Tue,%2003%20Sep%202019%2000:00:00%20GMT%22%20and%20connectionTime%3C%22Tue,%2010%20Sep%202019%2000:00:00%20GMT%22%20and%20kWhDelivered%3E=0.0&sort=-connectionTime&page=10",200,application/json,20626,0.410996308999529,"{""_items"": [{""_id"": ""5d86c0e3f9af8b1022a8187e"", ""userInputs"": [{""userID"": 406, ""milesRequested"": 40, ""WhPerMile"": 600, ""minutesAvailable"": 598, ""modifiedAt"": ""Thu, 05 Sep 2019 12:44:15 GMT"", ""paymentRequired"": true, ""requestedDeparture"": ""Thu, 05 Sep 2019 22:41:54 GMT"", ""kWhRequested"": 24.0}], ""user",success
2026-08-17T00:52:57.701108+00:00,jpl:2019-09-03:2019-09-10:page11,1,"https://ev.caltech.edu/api/v1/sessions/jpl?where=connectionTime%3E=%22Tue,%2003%20Sep%202019%2000:00:00%20GMT%22%20and%20connectionTime%3C%22Tue,%2010%20Sep%202019%2000:00:00%20GMT%22%20and%20kWhDelivered%3E=0.0&sort=-connectionTime&page=11",200,application/json,18094,0.26249844300036784,"{""_items"": [{""_id"": ""5d856f5bf9af8b0c7bdf24a7"", ""userInputs"": [{""userID"": 480, ""milesRequested"": 20, ""WhPerMile"": 600, ""minutesAvailable"": 162, ""modifiedAt"": ""Wed, 04 Sep 2019 14:32:02 GMT"", ""paymentRequired"": true, ""requestedDeparture"": ""Wed, 04 Sep 2019 17:13:57 GMT"", ""kWhRequested"": 12.0}, {""user",success
2026-08-17T00:52:58.202827+00:00,jpl:2019-09-03:2019-09-10:page12,1,"https://ev.caltech.edu/api/v1/sessions/jpl?where=connectionTime%3E=%22Tue,%2003%20Sep%202019%2000:00:00%20GMT%22%20and%20connectionTime%3C%22Tue,%2010%20Sep%202019%2000:00:00%20GMT%22%20and%20kWhDelivered%3E=0.0&sort=-connectionTime&page=12",200,application/json,18532,0.24605515100029152,"{""_items"": [{""_id"": ""5d856f5bf9af8b0c7bdf248e"", ""userInputs"": [{""userID"": 414, ""milesRequested"": 40, ""WhPerMile"": 375, ""minutesAvailable"": 529, ""modifiedAt"": ""Wed, 04 Sep 2019 13:53:51 GMT"", ""paymentRequired"": true, ""requestedDeparture"": ""Wed, 04 Sep 2019 22:41:46 GMT"", ""kWhRequested"": 15.0}], ""user",success
2026-08-17T00:52:58.877536+00:00,jpl:2019-09-03:2019-09-10:page13,1,"https://ev.caltech.edu/api/v1/sessions/jpl?where=connectionTime%3E=%22Tue,%2003%20Sep%202019%2000:00:00%20GMT%22%20and%20connectionTime%3C%22Tue,%2010%20Sep%202019%2000:00:00%20GMT%22%20and%20kWhDelivered%3E=0.0&sort=-connectionTime&page=13",200,application/json,19712,0.41484072399998695,"{""_items"": [{""_id"": ""5d856f5bf9af8b0c7bdf2475"", ""userInputs"": [{""userID"": 933, ""milesRequested"": 130, ""WhPerMile"": 333, ""minutesAvailable"": 720, ""modifiedAt"": ""Wed, 04 Sep 2019 11:56:46 GMT"", ""paymentRequired"": true, ""requestedDeparture"": ""Wed, 04 Sep 2019 23:56:14 GMT"", ""kWhRequested"": 43.29}], ""us",success
2026-08-17T00:52:59.376641+00:00,jpl:2019-09-03:2019-09-10:page14,1,"https://ev.caltech.edu/api/v1/sessions/jpl?where=connectionTime%3E=%22Tue,%2003%20Sep%202019%2000:00:00%20GMT%22%20and%20connectionTime%3C%22Tue,%2010%20Sep%202019%2000:00:00%20GMT%22%20and%20kWhDelivered%3E=0.0&sort=-connectionTime&page=14",200,application/json,18089,0.24327797299974918,"{""_items"": [{""_id"": ""5d841de0f9af8b08a9439bbd"", ""userInputs"": [{""userID"": 2129, ""milesRequested"": 40, ""WhPerMile"": 400, ""minutesAvailable"": 434, ""modifiedAt"": ""Tue, 03 Sep 2019 18:37:58 GMT"", ""paymentRequired"": true, ""requestedDeparture"": ""Wed, 04 Sep 2019 01:51:32 GMT"", ""kWhRequested"": 16.0}], ""use",success
2026-08-17T00:52:59.858072+00:00,jpl:2019-09-03:2019-09-10:page15,1,"https://ev.caltech.edu/api/v1/sessions/jpl?where=connectionTime%3E=%22Tue,%2003%20Sep%202019%2000:00:00%20GMT%22%20and%20connectionTime%3C%22Tue,%2010%20Sep%202019%2000:00:00%20GMT%22%20and%20kWhDelivered%3E=0.0&sort=-connectionTime&page=15",200,application/json,18307,0.22324243399998522,"{""_items"": [{""_id"": ""5d841de0f9af8b08a9439ba4"", ""userInputs"": [{""userID"": 576, ""milesRequested"": 170, ""WhPerMile"": 235, ""minutesAvailable"": 511, ""modifiedAt"": ""Tue, 03 Sep 2019 13:59:24 GMT"", ""paymentRequired"": true, ""requestedDeparture"": ""Tue, 03 Sep 2019 22:30:04 GMT"", ""kWhRequested"": 39.95}], ""us",success
2026-08-17T00:53:00.327794+00:00,jpl:2019-09-03:2019-09-10:page16,1,"https://ev.caltech.edu/api/v1/sessions/jpl?where=connectionTime%3E=%22Tue,%2003%20Sep%202019%2000:00:00%20GMT%22%20and%20connectionTime%3C%22Tue,%2010%20Sep%202019%2000:00:00%20GMT%22%20and%20kWhDelivered%3E=0.0&sort=-connectionTime&page=16",200,application/json,3220,0.21124746700024843,"{""_items"": [{""_id"": ""5d841de0f9af8b08a9439b8b"", ""userInputs"": [{""userID"": 483, ""milesRequested"": 20, ""WhPerMile"": 350, ""minutesAvailable"": 574, ""modifiedAt"": ""Tue, 03 Sep 2019 12:41:57 GMT"", ""paymentRequired"": true, ""requestedDeparture"": ""Tue, 03 Sep 2019 22:15:44 GMT"", ""kWhRequested"": 7.0}], ""userI",success
2026-08-17T00:53:02.246438+00:00,jpl:2019-09-10:2019-09-17:page1,1,https://ev.caltech.edu/api/v1/sessions/jpl?where=connectionTime%3E%3D%22Tue%2C+10+Sep+2019+00%3A00%3A00+GMT%22+and+connectionTime%3C%22Tue%2C+17+Sep+2019+00%3A00%3A00+GMT%22+and+kWhDelivered%3E%3D0.0&sort=-connectionTime,200,application/json,17636,0.9088286559999688,"{""_items"": [{""_id"": ""5d954164f9af8b4500d3bcc4"", ""userInputs"": [{""userID"": 484, ""milesRequested"": 100, ""WhPerMile"": 600, ""minutesAvailable"": 61, ""modifiedAt"": ""Mon, 16 Sep 2019 23:43:21 GMT"", ""paymentRequired"": true, ""requestedDeparture"": ""Tue, 17 Sep 2019 00:44:03 GMT"", ""kWhRequested"": 60.0}], ""user",success
2026-08-17T00:53:02.903916+00:00,jpl:2019-09-10:2019-09-17:page2,1,"https://ev.caltech.edu/api/v1/sessions/jpl?where=connectionTime%3E=%22Tue,%2010%20Sep%202019%2000:00:00%20GMT%22%20and%20connectionTime%3C%22Tue,%2017%20Sep%202019%2000:00:00%20GMT%22%20and%20kWhDelivered%3E=0.0&sort=-connectionTime&page=2",200,application/json,17368,0.3984807049992014,"{""_items"": [{""_id"": ""5d954164f9af8b4500d3bcab"", ""userInputs"": [{""userID"": 537, ""milesRequested"": 100, ""WhPerMile"": 250, ""minutesAvailable"": 438, ""modifiedAt"": ""Mon, 16 Sep 2019 14:25:12 GMT"", ""paymentRequired"": true, ""requestedDeparture"": ""Mon, 16 Sep 2019 21:42:56 GMT"", ""kWhRequested"": 25.0}], ""use",success
2026-08-17T00:53:03.686335+00:00,jpl:2019-09-10:2019-09-17:page3,1,"https://ev.caltech.edu/api/v1/sessions/jpl?where=connectionTime%3E=%22Tue,%2010%20Sep%202019%2000:00:00%20GMT%22%20and%20connectionTime%3C%22Tue,%2017%20Sep%202019%2000:00:00%20GMT%22%20and%20kWhDelivered%3E=0.0&sort=-connectionTime&page=3",200,application/json,18767,0.5261377049992007,"{""_items"": [{""_id"": ""5d954164f9af8b4500d3bc92"", ""userInputs"": [{""userID"": 368, ""milesRequested"": 30, ""WhPerMile"": 400, ""minutesAvailable"": 604, ""modifiedAt"": ""Mon, 16 Sep 2019 13:32:00 GMT"", ""paymentRequired"": true, ""requestedDeparture"": ""Mon, 16 Sep 2019 23:35:52 GMT"", ""kWhRequested"": 12.0}, {""user",success
2026-08-17T00:53:04.197073+00:00,jpl:2019-09-10:2019-09-17:page4,1,"https://ev.caltech.edu/api/v1/sessions/jpl?where=connectionTime%3E=%22Tue,%2010%20Sep%202019%2000:00:00%20GMT%22%20and%20connectionTime%3C%22Tue,%2017%20Sep%202019%2000:00:00%20GMT%22%20and%20kWhDelivered%3E=0.0&sort=-connectionTime&page=4",200,application/json,17581,0.25167357999998785,"{""_items"": [{""_id"": ""5d914cbdf9af8b368992b7eb"", ""userInputs"": null, ""userID"": null, ""sessionID"": ""1_1_194_826_2019-09-13 20:51:41.304705"", ""stationID"": ""1-1-194-826"", ""spaceID"": ""AG-1F11"", ""siteID"": ""0001"", ""clusterID"": ""0001"", ""connectionTime"": ""Fri, 13 Sep 2019 20:51:41 GMT"", ""disconnectTime"": ""Fr",success
2026-08-17T00:53:04.869653+00:00,jpl:2019-09-10:2019-09-17:page5,1,"https://ev.caltech.edu/api/v1/sessions/jpl?where=connectionTime%3E=%22Tue,%2010%20Sep%202019%2000:00:00%20GMT%22%20and%20connectionTime%3C%22Tue,%2017%20Sep%202019%2000:00:00%20GMT%22%20and%20kWhDelivered%3E=0.0&sort=-connectionTime&page=5",200,application/json,18538,0.4170785819997036,"{""_items"": [{""_id"": ""5d914cbdf9af8b368992b7d2"", ""userInputs"": [{""userID"": 2500, ""milesRequested"": 60, ""WhPerMile"": 250, ""minutesAvailable"": 477, ""modifiedAt"": ""Fri, 13 Sep 2019 14:10:07 GMT"", ""paymentRequired"": true, ""requestedDeparture"": ""Fri, 13 Sep 2019 22:07:07 GMT"", ""kWhRequested"": 15.0}], ""use",success
2026-08-17T00:53:05.653179+00:00,jpl:2019-09-10:2019-09-17:page6,1,"https://ev.caltech.edu/api/v1/sessions/jpl?where=connectionTime%3E=%22Tue,%2010%20Sep%202019%2000:00:00%20GMT%22%20and%20connectionTime%3C%22Tue,%2017%20Sep%202019%2000:00:00%20GMT%22%20and%20kWhDelivered%3E=0.0&sort=-connectionTime&page=6",200,application/json,18565,0.5267600749994017,"{""_items"": [{""_id"": ""5d8ffb5af9af8b327ec6daa1"", ""userInputs"": [{""userID"": 526, ""milesRequested"": 40, ""WhPerMile"": 600, ""minutesAvailable"": 342, ""modifiedAt"": ""Thu, 12 Sep 2019 19:14:02 GMT"", ""paymentRequired"": true, ""requestedDeparture"": ""Fri, 13 Sep 2019 00:55:35 GMT"", ""kWhRequested"": 24.0}], ""user",success
2026-08-17T00:53:06.356174+00:00,jpl:2019-09-10:2019-09-17:page7,1,"https://ev.caltech.edu/api/v1/sessions/jpl?where=connectionTime%3E=%22Tue,%2010%20Sep%202019%2000:00:00%20GMT%22%20and%20connectionTime%3C%22Tue,%2017%20Sep%202019%2000:00:00%20GMT%22%20and%20kWhDelivered%3E=0.0&sort=-connectionTime&page=7",200,application/json,17609,0.44485944400003063,"{""_items"": [{""_id"": ""5d8ffb5af9af8b327ec6da88"", ""userInputs"": [{""userID"": 416, ""milesRequested"": 60, ""WhPerMile"": 300, ""minutesAvailable"": 453, ""modifiedAt"": ""Thu, 12 Sep 2019 14:08:01 GMT"", ""paymentRequired"": true, ""requestedDeparture"": ""Thu, 12 Sep 2019 21:40:33 GMT"", ""kWhRequested"": 18.0}], ""user",success
2026-08-17T00:53:07.024164+00:00,jpl:2019-09-10:2019-09-17:page8,1,"https://ev.caltech.edu/api/v1/sessions/jpl?where=connectionTime%3E=%22Tue,%2010%20Sep%202019%2000:00:00%20GMT%22%20and%20connectionTime%3C%22Tue,%2017%20Sep%202019%2000:00:00%20GMT%22%20and%20kWhDelivered%3E=0.0&sort=-connectionTime&page=8",200,application/json,19461,0.40874503099985304,"{""_items"": [{""_id"": ""5d8ffb5af9af8b327ec6da6f"", ""userInputs"": [{""userID"": 334, ""milesRequested"": 30, ""WhPerMile"": 600, ""minutesAvailable"": 361, ""modifiedAt"": ""Thu, 12 Sep 2019 13:03:13 GMT"", ""paymentRequired"": true, ""requestedDeparture"": ""Thu, 12 Sep 2019 19:04:05 GMT"", ""kWhRequested"": 18.0}], ""user",success
2026-08-17T00:53:07.690490+00:00,jpl:2019-09-10:2019-09-17:page9,1,"https://ev.caltech.edu/api/v1/sessions/jpl?where=connectionTime%3E=%22Tue,%2010%20Sep%202019%2000:00:00%20GMT%22%20and%20connectionTime%3C%22Tue,%2017%20Sep%202019%2000:00:00%20GMT%22%20and%20kWhDelivered%3E=0.0&sort=-connectionTime&page=9",200,application/json,19724,0.4069682869994722,"{""_items"": [{""_id"": ""5d8ea9e0f9af8b2ead96d74a"", ""userInputs"": [{""userID"": 374, ""milesRequested"": 90, ""WhPerMile"": 300, ""minutesAvailable"": 240, ""modifiedAt"": ""Wed, 11 Sep 2019 18:54:15 GMT"", ""paymentRequired"": true, ""requestedDeparture"": ""Wed, 11 Sep 2019 22:53:51 GMT"", ""kWhRequested"": 27.0}], ""user",success
2026-08-17T00:53:08.165366+00:00,jpl:2019-09-10:2019-09-17:page10,1,"https://ev.caltech.edu/api/v1/sessions/jpl?where=connectionTime%3E=%22Tue,%2010%20Sep%202019%2000:00:00%20GMT%22%20and%20connectionTime%3C%22Tue,%2017%20Sep%202019%2000:00:00%20GMT%22%20and%20kWhDelivered%3E=0.0&sort=-connectionTime&page=10",200,application/json,18319,0.21893914599968411,"{""_items"": [{""_id"": ""5d8ea9e0f9af8b2ead96d731"", ""userInputs"": [{""userID"": 387, ""milesRequested"": 200, ""WhPerMile"": 326, ""minutesAvailable"": 548, ""modifiedAt"": ""Wed, 11 Sep 2019 13:52:54 GMT"", ""paymentRequired"": true, ""requestedDeparture"": ""Wed, 11 Sep 2019 23:00:40 GMT"", ""kWhRequested"": 65.2}, {""use",success
2026-08-17T00:53:08.816223+00:00,jpl:2019-09-10:2019-09-17:page11,1,"https://ev.caltech.edu/api/v1/sessions/jpl?where=connectionTime%3E=%22Tue,%2010%20Sep%202019%2000:00:00%20GMT%22%20and%20connectionTime%3C%22Tue,%2017%20Sep%202019%2000:00:00%20GMT%22%20and%20kWhDelivered%3E=0.0&sort=-connectionTime&page=11",200,application/json,22023,0.3958412709998811,"{""_items"": [{""_id"": ""5d8ea9e0f9af8b2ead96d718"", ""userInputs"": [{""userID"": 933, ""milesRequested"": 130, ""WhPerMile"": 333, ""minutesAvailable"": 720, ""modifiedAt"": ""Wed, 11 Sep 2019 12:12:40 GMT"", ""paymentRequired"": true, ""requestedDeparture"": ""Thu, 12 Sep 2019 00:11:41 GMT"", ""kWhRequested"": 43.29}], ""us",success
2026-08-17T00:53:09.300879+00:00,jpl:2019-09-10:2019-09-17:page12,1,"https://ev.caltech.edu/api/v1/sessions/jpl?where=connectionTime%3E=%22Tue,%2010%20Sep%202019%2000:00:00%20GMT%22%20and%20connectionTime%3C%22Tue,%2017%20Sep%202019%2000:00:00%20GMT%22%20and%20kWhDelivered%3E=0.0&sort=-connectionTime&page=12",200,application/json,18330,0.225965990000077,"{""_items"": [{""_id"": ""5d8d585ff9af8b2ac272ab72"", ""userInputs"": [{""userID"": 526, ""milesRequested"": 40, ""WhPerMile"": 600, ""minutesAvailable"": 342, ""modifiedAt"": ""Tue, 10 Sep 2019 14:34:34 GMT"", ""paymentRequired"": true, ""requestedDeparture"": ""Tue, 10 Sep 2019 20:16:03 GMT"", ""kWhRequested"": 24.0}], ""user",success
2026-08-17T00:53:09.783416+00:00,jpl:2019-09-10:2019-09-17:page13,1,"https://ev.caltech.edu/api/v1/sessions/jpl?where=connectionTime%3E=%22Tue,%2010%20Sep%202019%2000:00:00%20GMT%22%20and%20connectionTime%3C%22Tue,%2017%20Sep%202019%2000:00:00%20GMT%22%20and%20kWhDelivered%3E=0.0&sort=-connectionTime&page=13",200,application/json,17426,0.22269306300040626,"{""_items"": [{""_id"": ""5d8d585ff9af8b2ac272ab59"", ""userInputs"": [{""userID"": 462, ""milesRequested"": 20, ""WhPerMile"": 400, ""minutesAvailable"": 448, ""modifiedAt"": ""Tue, 10 Sep 2019 13:47:14 GMT"", ""paymentRequired"": true, ""requestedDeparture"": ""Tue, 10 Sep 2019 21:15:13 GMT"", ""kWhRequested"": 8.0}], ""userI",success
2026-08-17T00:53:11.871524+00:00,jpl:2019-09-17:2019-09-24:page1,1,https://ev.caltech.edu/api/v1/sessions/jpl?where=connectionTime%3E%3D%22Tue%2C+17+Sep+2019+00%3A00%3A00+GMT%22+and+connectionTime%3C%22Tue%2C+24+Sep+2019+00%3A00%3A00+GMT%22+and+kWhDelivered%3E%3D0.0&sort=-connectionTime,200,application/json,18091,1.0771803029992952,"{""_items"": [{""_id"": ""5d9e7be4f9af8b6114d7fa54"", ""userInputs"": [{""userID"": 448, ""milesRequested"": 100, ""WhPerMile"": 200, ""minutesAvailable"": 173, ""modifiedAt"": ""Mon, 23 Sep 2019 23:51:43 GMT"", ""paymentRequired"": true, ""requestedDeparture"": ""Tue, 24 Sep 2019 02:44:06 GMT"", ""kWhRequested"": 20.0}], ""use",success
2026-08-17T00:53:12.792178+00:00,jpl:2019-09-17:2019-09-24:page2,1,"https://ev.caltech.edu/api/v1/sessions/jpl?where=connectionTime%3E=%22Tue,%2017%20Sep%202019%2000:00:00%20GMT%22%20and%20connectionTime%3C%22Tue,%2024%20Sep%202019%2000:00:00%20GMT%22%20and%20kWhDelivered%3E=0.0&sort=-connectionTime&page=2",200,application/json,18300,0.6653853909992904,"{""_items"": [{""_id"": ""5d9e7be4f9af8b6114d7fa3b"", ""userInputs"": [{""userID"": 410, ""milesRequested"": 20, ""WhPerMile"": 250, ""minutesAvailable"": 72, ""modifiedAt"": ""Mon, 23 Sep 2019 14:39:55 GMT"", ""paymentRequired"": true, ""requestedDeparture"": ""Mon, 23 Sep 2019 15:51:20 GMT"", ""kWhRequested"": 5.0}], ""userID",success
2026-08-17T00:53:13.714031+00:00,jpl:2019-09-17:2019-09-24:page3,1,"https://ev.caltech.edu/api/v1/sessions/jpl?where=connectionTime%3E=%22Tue,%2017%20Sep%202019%2000:00:00%20GMT%22%20and%20connectionTime%3C%22Tue,%2024%20Sep%202019%2000:00:00%20GMT%22%20and%20kWhDelivered%3E=0.0&sort=-connectionTime&page=3",200,application/json,18778,0.6642568399993252,"{""_items"": [{""_id"": ""5d9e7be4f9af8b6114d7fa22"", ""userInputs"": [{""userID"": 1283, ""milesRequested"": 160, ""WhPerMile"": 350, ""minutesAvailable"": 185, ""modifiedAt"": ""Mon, 23 Sep 2019 13:56:59 GMT"", ""paymentRequired"": true, ""requestedDeparture"": ""Mon, 23 Sep 2019 16:59:44 GMT"", ""kWhRequested"": 56.0}], ""us",success
2026-08-17T00:53:14.466072+00:00,jpl:2019-09-17:2019-09-24:page4,1,"https://ev.caltech.edu/api/v1/sessions/jpl?where=connectionTime%3E=%22Tue,%2017%20Sep%202019%2000:00:00%20GMT%22%20and%20connectionTime%3C%22Tue,%2024%20Sep%202019%2000:00:00%20GMT%22%20and%20kWhDelivered%3E=0.0&sort=-connectionTime&page=4",200,application/json,18775,0.49654419400030747,"{""_items"": [{""_id"": ""5d9e7be4f9af8b6114d7fa09"", ""userInputs"": [{""userID"": 933, ""milesRequested"": 180, ""WhPerMile"": 333, ""minutesAvailable"": 599, ""modifiedAt"": ""Mon, 23 Sep 2019 11:32:29 GMT"", ""paymentRequired"": true, ""requestedDeparture"": ""Mon, 23 Sep 2019 21:30:40 GMT"", ""kWhRequested"": 59.94}], ""us",success
2026-08-17T00:53:15.136307+00:00,jpl:2019-09-17:2019-09-24:page5,1,"https://ev.caltech.edu/api/v1/sessions/jpl?where=connectionTime%3E=%22Tue,%2017%20Sep%202019%2000:00:00%20GMT%22%20and%20connectionTime%3C%22Tue,%2024%20Sep%202019%2000:00:00%20GMT%22%20and%20kWhDelivered%3E=0.0&sort=-connectionTime&page=5",200,application/json,22253,0.41071515299972816,"{""_items"": [{""_id"": ""5d9a875ef9af8b557c6d512a"", ""userInputs"": [{""userID"": 372, ""milesRequested"": 250, ""WhPerMile"": 250, ""minutesAvailable"": 574, ""modifiedAt"": ""Fri, 20 Sep 2019 21:15:42 GMT"", ""paymentRequired"": true, ""requestedDeparture"": ""Sat, 21 Sep 2019 06:49:23 GMT"", ""kWhRequested"": 62.5}], ""use",success
2026-08-17T00:53:15.637037+00:00,jpl:2019-09-17:2019-09-24:page6,1,"https://ev.caltech.edu/api/v1/sessions/jpl?where=connectionTime%3E=%22Tue,%2017%20Sep%202019%2000:00:00%20GMT%22%20and%20connectionTime%3C%22Tue,%2024%20Sep%202019%2000:00:00%20GMT%22%20and%20kWhDelivered%3E=0.0&sort=-connectionTime&page=6",200,application/json,18555,0.24301294799988682,"{""_items"": [{""_id"": ""5d9a875ef9af8b557c6d5111"", ""userInputs"": [{""userID"": 386, ""milesRequested"": 20, ""WhPerMile"": 500, ""minutesAvailable"": 601, ""modifiedAt"": ""Fri, 20 Sep 2019 14:28:28 GMT"", ""paymentRequired"": true, ""requestedDeparture"": ""Sat, 21 Sep 2019 00:29:09 GMT"", ""kWhRequested"": 10.0}], ""user",success
2026-08-17T00:53:16.311553+00:00,jpl:2019-09-17:2019-09-24:page7,1,"https://ev.caltech.edu/api/v1/sessions/jpl?where=connectionTime%3E=%22Tue,%2017%20Sep%202019%2000:00:00%20GMT%22%20and%20connectionTime%3C%22Tue,%2024%20Sep%202019%2000:00:00%20GMT%22%20and%20kWhDelivered%3E=0.0&sort=-connectionTime&page=7",200,application/json,19927,0.41722737300005974,"{""_items"": [{""_id"": ""5d9a875ef9af8b557c6d50f8"", ""userInputs"": [{""userID"": 1461, ""milesRequested"": 180, ""WhPerMile"": 360, ""minutesAvailable"": 261, ""modifiedAt"": ""Fri, 20 Sep 2019 13:29:47 GMT"", ""paymentRequired"": true, ""requestedDeparture"": ""Fri, 20 Sep 2019 17:50:47 GMT"", ""kWhRequested"": 64.8}, {""us",success
2026-08-17T00:53:16.995335+00:00,jpl:2019-09-17:2019-09-24:page8,1,"https://ev.caltech.edu/api/v1/sessions/jpl?where=connectionTime%3E=%22Tue,%2017%20Sep%202019%2000:00:00%20GMT%22%20and%20connectionTime%3C%22Tue,%2024%20Sep%202019%2000:00:00%20GMT%22%20and%20kWhDelivered%3E=0.0&sort=-connectionTime&page=8",200,application/json,19007,0.4278908570004205,"{""_items"": [{""_id"": ""5d9935ebf9af8b5188e13012"", ""userInputs"": [{""userID"": 358, ""milesRequested"": 20, ""WhPerMile"": 400, ""minutesAvailable"": 246, ""modifiedAt"": ""Thu, 19 Sep 2019 22:57:38 GMT"", ""paymentRequired"": true, ""requestedDeparture"": ""Fri, 20 Sep 2019 03:01:46 GMT"", ""kWhRequested"": 8.0}], ""userI",success
2026-08-17T00:53:17.663909+00:00,jpl:2019-09-17:2019-09-24:page9,1,"https://ev.caltech.edu/api/v1/sessions/jpl?where=connectionTime%3E=%22Tue,%2017%20Sep%202019%2000:00:00%20GMT%22%20and%20connectionTime%3C%22Tue,%2024%20Sep%202019%2000:00:00%20GMT%22%20and%20kWhDelivered%3E=0.0&sort=-connectionTime&page=9",200,application/json,19257,0.41146358700007113,"{""_items"": [{""_id"": ""5d9935ebf9af8b5188e12ff9"", ""userInputs"": [{""userID"": 528, ""milesRequested"": 250, ""WhPerMile"": 250, ""minutesAvailable"": 518, ""modifiedAt"": ""Thu, 19 Sep 2019 14:25:16 GMT"", ""paymentRequired"": true, ""requestedDeparture"": ""Thu, 19 Sep 2019 23:02:39 GMT"", ""kWhRequested"": 62.5}], ""use",success
2026-08-17T00:53:18.335076+00:00,jpl:2019-09-17:2019-09-24:page10,1,"https://ev.caltech.edu/api/v1/sessions/jpl?where=connectionTime%3E=%22Tue,%2017%20Sep%202019%2000:00:00%20GMT%22%20and%20connectionTime%3C%22Tue,%2024%20Sep%202019%2000:00:00%20GMT%22%20and%20kWhDelivered%3E=0.0&sort=-connectionTime&page=10",200,application/json,19245,0.4113329760002671,"{""_items"": [{""_id"": ""5d9935ebf9af8b5188e12fe0"", ""userInputs"": [{""userID"": 169, ""milesRequested"": 40, ""WhPerMile"": 400, ""minutesAvailable"": 533, ""modifiedAt"": ""Thu, 19 Sep 2019 13:29:08 GMT"", ""paymentRequired"": true, ""requestedDeparture"": ""Thu, 19 Sep 2019 22:21:55 GMT"", ""kWhRequested"": 16.0}], ""user",success
2026-08-17T00:53:18.833364+00:00,jpl:2019-09-17:2019-09-24:page11,1,"https://ev.caltech.edu/api/v1/sessions/jpl?where=connectionTime%3E=%22Tue,%2017%20Sep%202019%2000:00:00%20GMT%22%20and%20connectionTime%3C%22Tue,%2024%20Sep%202019%2000:00:00%20GMT%22%20and%20kWhDelivered%3E=0.0&sort=-connectionTime&page=11",200,application/json,17859,0.23975030800011154,"{""_items"": [{""_id"": ""5d97e45bf9af8b4d3988f0c0"", ""userInputs"": [{""userID"": 2299, ""milesRequested"": 50, ""WhPerMile"": 333, ""minutesAvailable"": 171, ""modifiedAt"": ""Wed, 18 Sep 2019 22:46:45 GMT"", ""paymentRequired"": true, ""requestedDeparture"": ""Thu, 19 Sep 2019 01:37:45 GMT"", ""kWhRequested"": 16.65}], ""us",success
2026-08-17T00:53:19.333842+00:00,jpl:2019-09-17:2019-09-24:page12,1,"https://ev.caltech.edu/api/v1/sessions/jpl?where=connectionTime%3E=%22Tue,%2017%20Sep%202019%2000:00:00%20GMT%22%20and%20connectionTime%3C%22Tue,%2024%20Sep%202019%2000:00:00%20GMT%22%20and%20kWhDelivered%3E=0.0&sort=-connectionTime&page=12",200,application/json,17620,0.2407430450002721,"{""_items"": [{""_id"": ""5d97e45bf9af8b4d3988f0a7"", ""userInputs"": [{""userID"": 581, ""milesRequested"": 130, ""WhPerMile"": 259, ""minutesAvailable"": 445, ""modifiedAt"": ""Wed, 18 Sep 2019 14:25:17 GMT"", ""paymentRequired"": true, ""requestedDeparture"": ""Wed, 18 Sep 2019 21:49:54 GMT"", ""kWhRequested"": 33.67}], ""us",success
2026-08-17T00:53:19.836458+00:00,jpl:2019-09-17:2019-09-24:page13,1,"https://ev.caltech.edu/api/v1/sessions/jpl?where=connectionTime%3E=%22Tue,%2017%20Sep%202019%2000:00:00%20GMT%22%20and%20connectionTime%3C%22Tue,%2024%20Sep%202019%2000:00:00%20GMT%22%20and%20kWhDelivered%3E=0.0&sort=-connectionTime&page=13",200,application/json,18308,0.24329516000034346,"{""_items"": [{""_id"": ""5d97e45bf9af8b4d3988f08e"", ""userInputs"": [{""userID"": 356, ""milesRequested"": 60, ""WhPerMile"": 200, ""minutesAvailable"": 386, ""modifiedAt"": ""Wed, 18 Sep 2019 13:29:00 GMT"", ""paymentRequired"": true, ""requestedDeparture"": ""Wed, 18 Sep 2019 19:54:04 GMT"", ""kWhRequested"": 12.0}], ""user",success
2026-08-17T00:53:20.336169+00:00,jpl:2019-09-17:2019-09-24:page14,1,"https://ev.caltech.edu/api/v1/sessions/jpl?where=connectionTime%3E=%22Tue,%2017%20Sep%202019%2000:00:00%20GMT%22%20and%20connectionTime%3C%22Tue,%2024%20Sep%202019%2000:00:00%20GMT%22%20and%20kWhDelivered%3E=0.0&sort=-connectionTime&page=14",200,application/json,18562,0.2413646670001981,"{""_items"": [{""_id"": ""5d9692e3f9af8b492abf4980"", ""userInputs"": [{""userID"": 1805, ""milesRequested"": 50, ""WhPerMile"": 325, ""minutesAvailable"": 208, ""modifiedAt"": ""Tue, 17 Sep 2019 22:35:19 GMT"", ""paymentRequired"": true, ""requestedDeparture"": ""Wed, 18 Sep 2019 02:03:08 GMT"", ""kWhRequested"": 16.25}], ""us",success
2026-08-17T00:53:20.832578+00:00,jpl:2019-09-17:2019-09-24:page15,1,"https://ev.caltech.edu/api/v1/sessions/jpl?where=connectionTime%3E=%22Tue,%2017%20Sep%202019%2000:00:00%20GMT%22%20and%20connectionTime%3C%22Tue,%2024%20Sep%202019%2000:00:00%20GMT%22%20and%20kWhDelivered%3E=0.0&sort=-connectionTime&page=15",200,application/json,17386,0.23666738199972315,"{""_items"": [{""_id"": ""5d9692e3f9af8b492abf4967"", ""userInputs"": [{""userID"": 1277, ""milesRequested"": 50, ""WhPerMile"": 400, ""minutesAvailable"": 531, ""modifiedAt"": ""Tue, 17 Sep 2019 14:22:42 GMT"", ""paymentRequired"": true, ""requestedDeparture"": ""Tue, 17 Sep 2019 23:13:25 GMT"", ""kWhRequested"": 20.0}], ""use",success
2026-08-17T00:53:21.318538+00:00,jpl:2019-09-17:2019-09-24:page16,1,"https://ev.caltech.edu/api/v1/sessions/jpl?where=connectionTime%3E=%22Tue,%2017%20Sep%202019%2000:00:00%20GMT%22%20and%20connectionTime%3C%22Tue,%2024%20Sep%202019%2000:00:00%20GMT%22%20and%20kWhDelivered%3E=0.0&sort=-connectionTime&page=16",200,application/json,8767,0.22864233600012085,"{""_items"": [{""_id"": ""5d9692e3f9af8b492abf494e"", ""userInputs"": [{""userID"": 416, ""milesRequested"": 50, ""WhPerMile"": 300, ""minutesAvailable"": 484, ""modifiedAt"": ""Tue, 17 Sep 2019 13:11:33 GMT"", ""paymentRequired"": true, ""requestedDeparture"": ""Tue, 17 Sep 2019 21:15:10 GMT"", ""kWhRequested"": 15.0}], ""user",success
2026-08-17T00:53:23.238049+00:00,jpl:2019-09-24:2019-10-01:page1,1,https://ev.caltech.edu/api/v1/sessions/jpl?where=connectionTime%3E%3D%22Tue%2C+24+Sep+2019+00%3A00%3A00+GMT%22+and+connectionTime%3C%22Tue%2C+01+Oct+2019+00%3A00%3A00+GMT%22+and+kWhDelivered%3E%3D0.0&sort=-connectionTime,200,application/json,18321,0.9100240540001323,"{""_items"": [{""_id"": ""5da7b655f9af8b0462eadce4"", ""userInputs"": [{""userID"": 405, ""milesRequested"": 20, ""WhPerMile"": 500, ""minutesAvailable"": 157, ""modifiedAt"": ""Mon, 30 Sep 2019 23:33:50 GMT"", ""paymentRequired"": true, ""requestedDeparture"": ""Tue, 01 Oct 2019 02:10:29 GMT"", ""kWhRequested"": 10.0}], ""user",success
2026-08-17T00:53:23.993292+00:00,jpl:2019-09-24:2019-10-01:page2,1,"https://ev.caltech.edu/api/v1/sessions/jpl?where=connectionTime%3E=%22Tue,%2024%20Sep%202019%2000:00:00%20GMT%22%20and%20connectionTime%3C%22Tue,%2001%20Oct%202019%2000:00:00%20GMT%22%20and%20kWhDelivered%3E=0.0&sort=-connectionTime&page=2",200,application/json,22716,0.49529865800013795,"{""_items"": [{""_id"": ""5da7b655f9af8b0462eadccb"", ""userInputs"": [{""userID"": 462, ""milesRequested"": 20, ""WhPerMile"": 400, ""minutesAvailable"": 448, ""modifiedAt"": ""Mon, 30 Sep 2019 14:20:20 GMT"", ""paymentRequired"": true, ""requestedDeparture"": ""Mon, 30 Sep 2019 21:48:20 GMT"", ""kWhRequested"": 8.0}], ""userI",success
2026-08-17T00:53:24.674980+00:00,jpl:2019-09-24:2019-10-01:page3,1,"https://ev.caltech.edu/api/v1/sessions/jpl?where=connectionTime%3E=%22Tue,%2024%20Sep%202019%2000:00:00%20GMT%22%20and%20connectionTime%3C%22Tue,%2001%20Oct%202019%2000:00:00%20GMT%22%20and%20kWhDelivered%3E=0.0&sort=-connectionTime&page=3",200,application/json,19238,0.42177762300070754,"{""_items"": [{""_id"": ""5da7b655f9af8b0462eadcb2"", ""userInputs"": null, ""userID"": null, ""sessionID"": ""1_1_178_824_2019-09-30 13:23:58.953472"", ""stationID"": ""1-1-178-824"", ""spaceID"": ""AG-1F07"", ""siteID"": ""0001"", ""clusterID"": ""0001"", ""connectionTime"": ""Mon, 30 Sep 2019 13:23:59 GMT"", ""disconnectTime"": ""Mo",success
2026-08-17T00:53:25.222001+00:00,jpl:2019-09-24:2019-10-01:page4,1,"https://ev.caltech.edu/api/v1/sessions/jpl?where=connectionTime%3E=%22Tue,%2024%20Sep%202019%2000:00:00%20GMT%22%20and%20connectionTime%3C%22Tue,%2001%20Oct%202019%2000:00:00%20GMT%22%20and%20kWhDelivered%3E=0.0&sort=-connectionTime&page=4",200,application/json,18781,0.28843333900022117,"{""_items"": [{""_id"": ""5da3c1baf9af8b75a2759f6d"", ""userInputs"": [{""userID"": 1564, ""milesRequested"": 40, ""WhPerMile"": 300, ""minutesAvailable"": 134, ""modifiedAt"": ""Fri, 27 Sep 2019 20:04:52 GMT"", ""paymentRequired"": true, ""requestedDeparture"": ""Fri, 27 Sep 2019 22:18:33 GMT"", ""kWhRequested"": 12.0}], ""use",success
2026-08-17T00:53:25.939131+00:00,jpl:2019-09-24:2019-10-01:page5,1,"https://ev.caltech.edu/api/v1/sessions/jpl?where=connectionTime%3E=%22Tue,%2024%20Sep%202019%2000:00:00%20GMT%22%20and%20connectionTime%3C%22Tue,%2001%20Oct%202019%2000:00:00%20GMT%22%20and%20kWhDelivered%3E=0.0&sort=-connectionTime&page=5",200,application/json,20170,0.45753293600046163,"{""_items"": [{""_id"": ""5da3c1baf9af8b75a2759f54"", ""userInputs"": [{""userID"": 3512, ""milesRequested"": 50, ""WhPerMile"": 200, ""minutesAvailable"": 30, ""modifiedAt"": ""Fri, 27 Sep 2019 12:05:32 GMT"", ""paymentRequired"": true, ""requestedDeparture"": ""Fri, 27 Sep 2019 12:35:06 GMT"", ""kWhRequested"": 10.0}, {""user",success
2026-08-17T00:53:26.439358+00:00,jpl:2019-09-24:2019-10-01:page6,1,"https://ev.caltech.edu/api/v1/sessions/jpl?where=connectionTime%3E=%22Tue,%2024%20Sep%202019%2000:00:00%20GMT%22%20and%20connectionTime%3C%22Tue,%2001%20Oct%202019%2000:00:00%20GMT%22%20and%20kWhDelivered%3E=0.0&sort=-connectionTime&page=6",200,application/json,18328,0.24478467700009787,"{""_items"": [{""_id"": ""5da27060f9af8b7195641dc1"", ""userInputs"": [{""userID"": 410, ""milesRequested"": 60, ""WhPerMile"": 250, ""minutesAvailable"": 73, ""modifiedAt"": ""Thu, 26 Sep 2019 14:34:10 GMT"", ""paymentRequired"": true, ""requestedDeparture"": ""Thu, 26 Sep 2019 15:44:40 GMT"", ""kWhRequested"": 15.0}, {""userI",success
2026-08-17T00:53:26.927010+00:00,jpl:2019-09-24:2019-10-01:page7,1,"https://ev.caltech.edu/api/v1/sessions/jpl?where=connectionTime%3E=%22Tue,%2024%20Sep%202019%2000:00:00%20GMT%22%20and%20connectionTime%3C%22Tue,%2001%20Oct%202019%2000:00:00%20GMT%22%20and%20kWhDelivered%3E=0.0&sort=-connectionTime&page=7",200,application/json,18542,0.23052335800002766,"{""_items"": [{""_id"": ""5da27060f9af8b7195641da8"", ""userInputs"": [{""userID"": 2115, ""milesRequested"": 60, ""WhPerMile"": 450, ""minutesAvailable"": 286, ""modifiedAt"": ""Thu, 26 Sep 2019 13:54:05 GMT"", ""paymentRequired"": true, ""requestedDeparture"": ""Thu, 26 Sep 2019 18:39:53 GMT"", ""kWhRequested"": 27.0}, {""use",success
2026-08-17T00:53:27.589770+00:00,jpl:2019-09-24:2019-10-01:page8,1,"https://ev.caltech.edu/api/v1/sessions/jpl?where=connectionTime%3E=%22Tue,%2024%20Sep%202019%2000:00:00%20GMT%22%20and%20connectionTime%3C%22Tue,%2001%20Oct%202019%2000:00:00%20GMT%22%20and%20kWhDelivered%3E=0.0&sort=-connectionTime&page=8",200,application/json,23202,0.4031960120000804,"{""_items"": [{""_id"": ""5da11ed1f9af8b6dc9d282b8"", ""userInputs"": [{""userID"": 405, ""milesRequested"": 20, ""WhPerMile"": 500, ""minutesAvailable"": 157, ""modifiedAt"": ""Thu, 26 Sep 2019 05:22:36 GMT"", ""paymentRequired"": true, ""requestedDeparture"": ""Thu, 26 Sep 2019 07:59:26 GMT"", ""kWhRequested"": 10.0}], ""user",success
2026-08-17T00:53:28.086525+00:00,jpl:2019-09-24:2019-10-01:page9,1,"https://ev.caltech.edu/api/v1/sessions/jpl?where=connectionTime%3E=%22Tue,%2024%20Sep%202019%2000:00:00%20GMT%22%20and%20connectionTime%3C%22Tue,%2001%20Oct%202019%2000:00:00%20GMT%22%20and%20kWhDelivered%3E=0.0&sort=-connectionTime&page=9",200,application/json,19494,0.23982286699992983,"{""_items"": [{""_id"": ""5da11ed1f9af8b6dc9d2829f"", ""userInputs"": [{""userID"": 2129, ""milesRequested"": 40, ""WhPerMile"": 400, ""minutesAvailable"": 438, ""modifiedAt"": ""Wed, 25 Sep 2019 20:16:10 GMT"", ""paymentRequired"": true, ""requestedDeparture"": ""Wed, 25 Sep 2019 21:48:37 GMT"", ""kWhRequested"": 16.0}, {""use",success
2026-08-17T00:53:28.577201+00:00,jpl:2019-09-24:2019-10-01:page10,1,"https://ev.caltech.edu/api/v1/sessions/jpl?where=connectionTime%3E=%22Tue,%2024%20Sep%202019%2000:00:00%20GMT%22%20and%20connectionTime%3C%22Tue,%2001%20Oct%202019%2000:00:00%20GMT%22%20and%20kWhDelivered%3E=0.0&sort=-connectionTime&page=10",200,application/json,18308,0.23087439800019638,"{""_items"": [{""_id"": ""5da11ed1f9af8b6dc9d28286"", ""userInputs"": [{""userID"": 726, ""milesRequested"": 90, ""WhPerMile"": 275, ""minutesAvailable"": 556, ""modifiedAt"": ""Wed, 25 Sep 2019 13:39:15 GMT"", ""paymentRequired"": true, ""requestedDeparture"": ""Wed, 25 Sep 2019 22:55:08 GMT"", ""kWhRequested"": 24.75}], ""use",success
2026-08-17T00:53:29.245545+00:00,jpl:2019-09-24:2019-10-01:page11,1,"https://ev.caltech.edu/api/v1/sessions/jpl?where=connectionTime%3E=%22Tue,%2024%20Sep%202019%2000:00:00%20GMT%22%20and%20connectionTime%3C%22Tue,%2001%20Oct%202019%2000:00:00%20GMT%22%20and%20kWhDelivered%3E=0.0&sort=-connectionTime&page=11",200,application/json,20879,0.40846614700058126,"{""_items"": [{""_id"": ""5d9fcd55f9af8b68338a5a11"", ""userInputs"": [{""userID"": 1805, ""milesRequested"": 50, ""WhPerMile"": 325, ""minutesAvailable"": 236, ""modifiedAt"": ""Tue, 24 Sep 2019 22:15:18 GMT"", ""paymentRequired"": true, ""requestedDeparture"": ""Wed, 25 Sep 2019 02:11:02 GMT"", ""kWhRequested"": 16.25}], ""us",success
2026-08-17T00:53:29.746245+00:00,jpl:2019-09-24:2019-10-01:page12,1,"https://ev.caltech.edu/api/v1/sessions/jpl?where=connectionTime%3E=%22Tue,%2024%20Sep%202019%2000:00:00%20GMT%22%20and%20connectionTime%3C%22Tue,%2001%20Oct%202019%2000:00:00%20GMT%22%20and%20kWhDelivered%3E=0.0&sort=-connectionTime&page=12",200,application/json,18560,0.23950916600006167,"{""_items"": [{""_id"": ""5d9fcd55f9af8b68338a59f8"", ""userInputs"": [{""userID"": 1239, ""milesRequested"": 80, ""WhPerMile"": 417, ""minutesAvailable"": 553, ""modifiedAt"": ""Tue, 24 Sep 2019 14:20:32 GMT"", ""paymentRequired"": true, ""requestedDeparture"": ""Tue, 24 Sep 2019 23:33:20 GMT"", ""kWhRequested"": 33.36}], ""us",success
2026-08-17T00:53:30.229932+00:00,jpl:2019-09-24:2019-10-01:page13,1,"https://ev.caltech.edu/api/v1/sessions/jpl?where=connectionTime%3E=%22Tue,%2024%20Sep%202019%2000:00:00%20GMT%22%20and%20connectionTime%3C%22Tue,%2001%20Oct%202019%2000:00:00%20GMT%22%20and%20kWhDelivered%3E=0.0&sort=-connectionTime&page=13",200,application/json,15181,0.22470987999986392,"{""_items"": [{""_id"": ""5d9fcd55f9af8b68338a59df"", ""userInputs"": [{""userID"": 385, ""milesRequested"": 50, ""WhPerMile"": 400, ""minutesAvailable"": 575, ""modifiedAt"": ""Tue, 24 Sep 2019 13:30:44 GMT"", ""paymentRequired"": true, ""requestedDeparture"": ""Tue, 24 Sep 2019 23:05:23 GMT"", ""kWhRequested"": 20.0}], ""user",success
2026-08-17T00:53:32.235444+00:00,jpl:2019-10-01:2019-10-08:page1,1,https://ev.caltech.edu/api/v1/sessions/jpl?where=connectionTime%3E%3D%22Tue%2C+01+Oct+2019+00%3A00%3A00+GMT%22+and+connectionTime%3C%22Tue%2C+08+Oct+2019+00%3A00%3A00+GMT%22+and+kWhDelivered%3E%3D0.0&sort=-connectionTime,200,application/json,19718,0.9962044639996748,"{""_items"": [{""_id"": ""5db0f0d9f9af8b20d14008eb"", ""userInputs"": [{""userID"": 1191, ""milesRequested"": 40, ""WhPerMile"": 300, ""minutesAvailable"": 130, ""modifiedAt"": ""Mon, 07 Oct 2019 23:29:02 GMT"", ""paymentRequired"": true, ""requestedDeparture"": ""Tue, 08 Oct 2019 01:38:12 GMT"", ""kWhRequested"": 12.0}], ""use",success
2026-08-17T00:53:33.169560+00:00,jpl:2019-10-01:2019-10-08:page2,1,"https://ev.caltech.edu/api/v1/sessions/jpl?where=connectionTime%3E=%22Tue,%2001%20Oct%202019%2000:00:00%20GMT%22%20and%20connectionTime%3C%22Tue,%2008%20Oct%202019%2000:00:00%20GMT%22%20and%20kWhDelivered%3E=0.0&sort=-connectionTime&page=2",200,application/json,18080,0.6788547409996681,"{""_items"": [{""_id"": ""5db0f0d9f9af8b20d14008d2"", ""userInputs"": [{""userID"": 2129, ""milesRequested"": 40, ""WhPerMile"": 400, ""minutesAvailable"": 438, ""modifiedAt"": ""Mon, 07 Oct 2019 14:40:10 GMT"", ""paymentRequired"": true, ""requestedDeparture"": ""Mon, 07 Oct 2019 21:57:08 GMT"", ""kWhRequested"": 16.0}], ""use",success
2026-08-17T00:53:33.911453+00:00,jpl:2019-10-01:2019-10-08:page3,1,"https://ev.caltech.edu/api/v1/sessions/jpl?where=connectionTime%3E=%22Tue,%2001%20Oct%202019%2000:00:00%20GMT%22%20and%20connectionTime%3C%22Tue,%2008%20Oct%202019%2000:00:00%20GMT%22%20and%20kWhDelivered%3E=0.0&sort=-connectionTime&page=3",200,application/json,19937,0.48570403099984105,"{""_items"": [{""_id"": ""5db0f0d9f9af8b20d14008b9"", ""userInputs"": [{""userID"": 385, ""milesRequested"": 50, ""WhPerMile"": 400, ""minutesAvailable"": 565, ""modifiedAt"": ""Mon, 07 Oct 2019 13:39:49 GMT"", ""paymentRequired"": true, ""requestedDeparture"": ""Mon, 07 Oct 2019 23:03:42 GMT"", ""kWhRequested"": 20.0}], ""user",success
2026-08-17T00:53:34.481298+00:00,jpl:2019-10-01:2019-10-08:page4,1,"https://ev.caltech.edu/api/v1/sessions/jpl?where=connectionTime%3E=%22Tue,%2001%20Oct%202019%2000:00:00%20GMT%22%20and%20connectionTime%3C%22Tue,%2008%20Oct%202019%2000:00:00%20GMT%22%20and%20kWhDelivered%3E=0.0&sort=-connectionTime&page=4",200,application/json,18542,0.3121113810002498,"{""_items"": [{""_id"": ""5dae4d90f9af8b190f2b6ec9"", ""userInputs"": [{""userID"": 438, ""milesRequested"": 150, ""WhPerMile"": 267, ""minutesAvailable"": 426, ""modifiedAt"": ""Sun, 06 Oct 2019 03:54:48 GMT"", ""paymentRequired"": true, ""requestedDeparture"": ""Sun, 06 Oct 2019 11:00:36 GMT"", ""kWhRequested"": 40.05}], ""us",success
2026-08-17T00:53:35.156122+00:00,jpl:2019-10-01:2019-10-08:page5,1,"https://ev.caltech.edu/api/v1/sessions/jpl?where=connectionTime%3E=%22Tue,%2001%20Oct%202019%2000:00:00%20GMT%22%20and%20connectionTime%3C%22Tue,%2008%20Oct%202019%2000:00:00%20GMT%22%20and%20kWhDelivered%3E=0.0&sort=-connectionTime&page=5",200,application/json,19021,0.41609914600030606,"{""_items"": [{""_id"": ""5dacfc55f9af8b14cf641f6f"", ""userInputs"": [{""userID"": 2834, ""milesRequested"": 30, ""WhPerMile"": 250, ""minutesAvailable"": 331, ""modifiedAt"": ""Fri, 04 Oct 2019 20:06:32 GMT"", ""paymentRequired"": true, ""requestedDeparture"": ""Sat, 05 Oct 2019 01:37:14 GMT"", ""kWhRequested"": 7.5}], ""user",success
2026-08-17T00:53:35.835515+00:00,jpl:2019-10-01:2019-10-08:page6,1,"https://ev.caltech.edu/api/v1/sessions/jpl?where=connectionTime%3E=%22Tue,%2001%20Oct%202019%2000:00:00%20GMT%22%20and%20connectionTime%3C%22Tue,%2008%20Oct%202019%2000:00:00%20GMT%22%20and%20kWhDelivered%3E=0.0&sort=-connectionTime&page=6",200,application/json,19938,0.4190787799998361,"{""_items"": [{""_id"": ""5dacfc55f9af8b14cf641f56"", ""userInputs"": [{""userID"": 521, ""milesRequested"": 30, ""WhPerMile"": 400, ""minutesAvailable"": 73, ""modifiedAt"": ""Fri, 04 Oct 2019 14:07:10 GMT"", ""paymentRequired"": true, ""requestedDeparture"": ""Fri, 04 Oct 2019 15:19:53 GMT"", ""kWhRequested"": 12.0}], ""userI",success
2026-08-17T00:53:36.338283+00:00,jpl:2019-10-01:2019-10-08:page7,1,"https://ev.caltech.edu/api/v1/sessions/jpl?where=connectionTime%3E=%22Tue,%2001%20Oct%202019%2000:00:00%20GMT%22%20and%20connectionTime%3C%22Tue,%2008%20Oct%202019%2000:00:00%20GMT%22%20and%20kWhDelivered%3E=0.0&sort=-connectionTime&page=7",200,application/json,18781,0.24433050000061485,"{""_items"": [{""_id"": ""5dacfc55f9af8b14cf641f3d"", ""userInputs"": [{""userID"": 344, ""milesRequested"": 30, ""WhPerMile"": 400, ""minutesAvailable"": 242, ""modifiedAt"": ""Fri, 04 Oct 2019 13:05:39 GMT"", ""paymentRequired"": true, ""requestedDeparture"": ""Fri, 04 Oct 2019 17:07:26 GMT"", ""kWhRequested"": 12.0}], ""user",success
2026-08-17T00:53:36.831381+00:00,jpl:2019-10-01:2019-10-08:page8,1,"https://ev.caltech.edu/api/v1/sessions/jpl?where=connectionTime%3E=%22Tue,%2001%20Oct%202019%2000:00:00%20GMT%22%20and%20connectionTime%3C%22Tue,%2008%20Oct%202019%2000:00:00%20GMT%22%20and%20kWhDelivered%3E=0.0&sort=-connectionTime&page=8",200,application/json,17400,0.23799433000021963,"{""_items"": [{""_id"": ""5dabab2df9af8b10bee0b37c"", ""userInputs"": [{""userID"": 374, ""milesRequested"": 170, ""WhPerMile"": 300, ""minutesAvailable"": 622, ""modifiedAt"": ""Thu, 03 Oct 2019 18:51:04 GMT"", ""paymentRequired"": true, ""requestedDeparture"": ""Fri, 04 Oct 2019 05:12:56 GMT"", ""kWhRequested"": 51.0}], ""use",success
2026-08-17T00:53:37.502488+00:00,jpl:2019-10-01:2019-10-08:page9,1,"https://ev.caltech.edu/api/v1/sessions/jpl?where=connectionTime%3E=%22Tue,%2001%20Oct%202019%2000:00:00%20GMT%22%20and%20connectionTime%3C%22Tue,%2008%20Oct%202019%2000:00:00%20GMT%22%20and%20kWhDelivered%3E=0.0&sort=-connectionTime&page=9",200,application/json,18773,0.4141280829999232,"{""_items"": [{""_id"": ""5dabab2df9af8b10bee0b363"", ""userInputs"": null, ""userID"": null, ""sessionID"": ""1_1_179_783_2019-10-03 14:15:46.732319"", ""stationID"": ""1-1-179-783"", ""spaceID"": ""AG-3F29"", ""siteID"": ""0001"", ""clusterID"": ""0001"", ""connectionTime"": ""Thu, 03 Oct 2019 14:15:47 GMT"", ""disconnectTime"": ""Th",success
2026-08-17T00:53:38.193992+00:00,jpl:2019-10-01:2019-10-08:page10,1,"https://ev.caltech.edu/api/v1/sessions/jpl?where=connectionTime%3E=%22Tue,%2001%20Oct%202019%2000:00:00%20GMT%22%20and%20connectionTime%3C%22Tue,%2008%20Oct%202019%2000:00:00%20GMT%22%20and%20kWhDelivered%3E=0.0&sort=-connectionTime&page=10",200,application/json,19694,0.4308865289995083,"{""_items"": [{""_id"": ""5dabab2df9af8b10bee0b34a"", ""userInputs"": [{""userID"": 651, ""milesRequested"": 50, ""WhPerMile"": 400, ""minutesAvailable"": 181, ""modifiedAt"": ""Thu, 03 Oct 2019 13:06:50 GMT"", ""paymentRequired"": true, ""requestedDeparture"": ""Thu, 03 Oct 2019 16:07:04 GMT"", ""kWhRequested"": 20.0}], ""user",success
2026-08-17T00:53:39.222469+00:00,jpl:2019-10-01:2019-10-08:page11,1,"https://ev.caltech.edu/api/v1/sessions/jpl?where=connectionTime%3E=%22Tue,%2001%20Oct%202019%2000:00:00%20GMT%22%20and%20connectionTime%3C%22Tue,%2008%20Oct%202019%2000:00:00%20GMT%22%20and%20kWhDelivered%3E=0.0&sort=-connectionTime&page=11",200,application/json,18784,0.768570916000499,"{""_items"": [{""_id"": ""5dabaae1f9af8b10bee0b330"", ""userInputs"": [{""userID"": 484, ""milesRequested"": 110, ""WhPerMile"": 600, ""minutesAvailable"": 355, ""modifiedAt"": ""Wed, 02 Oct 2019 21:52:22 GMT"", ""paymentRequired"": true, ""requestedDeparture"": ""Thu, 03 Oct 2019 03:47:00 GMT"", ""kWhRequested"": 66.0}, {""use",success
2026-08-17T00:53:39.880682+00:00,jpl:2019-10-01:2019-10-08:page12,1,"https://ev.caltech.edu/api/v1/sessions/jpl?where=connectionTime%3E=%22Tue,%2001%20Oct%202019%2000:00:00%20GMT%22%20and%20connectionTime%3C%22Tue,%2008%20Oct%202019%2000:00:00%20GMT%22%20and%20kWhDelivered%3E=0.0&sort=-connectionTime&page=12",200,application/json,18555,0.400299675999122,"{""_items"": [{""_id"": ""5dabaae1f9af8b10bee0b317"", ""userInputs"": [{""userID"": 410, ""milesRequested"": 60, ""WhPerMile"": 250, ""minutesAvailable"": 252, ""modifiedAt"": ""Wed, 02 Oct 2019 14:35:41 GMT"", ""paymentRequired"": true, ""requestedDeparture"": ""Wed, 02 Oct 2019 18:46:36 GMT"", ""kWhRequested"": 15.0}], ""user",success
2026-08-17T00:53:40.539303+00:00,jpl:2019-10-01:2019-10-08:page13,1,"https://ev.caltech.edu/api/v1/sessions/jpl?where=connectionTime%3E=%22Tue,%2001%20Oct%202019%2000:00:00%20GMT%22%20and%20connectionTime%3C%22Tue,%2008%20Oct%202019%2000:00:00%20GMT%22%20and%20kWhDelivered%3E=0.0&sort=-connectionTime&page=13",200,application/json,20181,0.3979887380000946,"{""_items"": [{""_id"": ""5dabaae1f9af8b10bee0b2fe"", ""userInputs"": [{""userID"": 3737, ""milesRequested"": 140, ""WhPerMile"": 250, ""minutesAvailable"": 421, ""modifiedAt"": ""Wed, 02 Oct 2019 13:40:06 GMT"", ""paymentRequired"": true, ""requestedDeparture"": ""Wed, 02 Oct 2019 20:41:07 GMT"", ""kWhRequested"": 35.0}], ""us",success
2026-08-17T00:53:41.041230+00:00,jpl:2019-10-01:2019-10-08:page14,1,"https://ev.caltech.edu/api/v1/sessions/jpl?where=connectionTime%3E=%22Tue,%2001%20Oct%202019%2000:00:00%20GMT%22%20and%20connectionTime%3C%22Tue,%2008%20Oct%202019%2000:00:00%20GMT%22%20and%20kWhDelivered%3E=0.0&sort=-connectionTime&page=14",200,application/json,18102,0.2412568049994661,"{""_items"": [{""_id"": ""5da907e5f9af8b086195c3e0"", ""userInputs"": [{""userID"": 2103, ""milesRequested"": 110, ""WhPerMile"": 250, ""minutesAvailable"": 261, ""modifiedAt"": ""Tue, 01 Oct 2019 22:44:04 GMT"", ""paymentRequired"": true, ""requestedDeparture"": ""Wed, 02 Oct 2019 03:04:31 GMT"", ""kWhRequested"": 27.5}], ""us",success
2026-08-17T00:53:41.531508+00:00,jpl:2019-10-01:2019-10-08:page15,1,"https://ev.caltech.edu/api/v1/sessions/jpl?where=connectionTime%3E=%22Tue,%2001%20Oct%202019%2000:00:00%20GMT%22%20and%20connectionTime%3C%22Tue,%2008%20Oct%202019%2000:00:00%20GMT%22%20and%20kWhDelivered%3E=0.0&sort=-connectionTime&page=15",200,application/json,18785,0.23114802700001746,"{""_items"": [{""_id"": ""5da907e5f9af8b086195c3c7"", ""userInputs"": [{""userID"": 1239, ""milesRequested"": 80, ""WhPerMile"": 417, ""minutesAvailable"": 553, ""modifiedAt"": ""Tue, 01 Oct 2019 14:23:19 GMT"", ""paymentRequired"": true, ""requestedDeparture"": ""Tue, 01 Oct 2019 23:35:42 GMT"", ""kWhRequested"": 33.36}], ""us",success
2026-08-17T00:53:42.002935+00:00,jpl:2019-10-01:2019-10-08:page16,1,"https://ev.caltech.edu/api/v1/sessions/jpl?where=connectionTime%3E=%22Tue,%2001%20Oct%202019%2000:00:00%20GMT%22%20and%20connectionTime%3C%22Tue,%2008%20Oct%202019%2000:00:00%20GMT%22%20and%20kWhDelivered%3E=0.0&sort=-connectionTime&page=16",200,application/json,8537,0.21484929200050829,"{""_items"": [{""_id"": ""5da907e5f9af8b086195c3ae"", ""userInputs"": [{""userID"": 416, ""milesRequested"": 70, ""WhPerMile"": 300, ""minutesAvailable"": 485, ""modifiedAt"": ""Tue, 01 Oct 2019 13:13:21 GMT"", ""paymentRequired"": true, ""requestedDeparture"": ""Tue, 01 Oct 2019 21:17:59 GMT"", ""kWhRequested"": 21.0}], ""user",success
2026-08-17T00:53:43.918485+00:00,jpl:2019-10-08:2019-10-15:page1,1,https://ev.caltech.edu/api/v1/sessions/jpl?where=connectionTime%3E%3D%22Tue%2C+08+Oct+2019+00%3A00%3A00+GMT%22+and+connectionTime%3C%22Tue%2C+15+Oct+2019+00%3A00%3A00+GMT%22+and+kWhDelivered%3E%3D0.0&sort=-connectionTime,200,application/json,18061,0.909974535999936,"{""_items"": [{""_id"": ""5dba2b57f9af8b58a41a5fd3"", ""userInputs"": [{""userID"": 405, ""milesRequested"": 20, ""WhPerMile"": 400, ""minutesAvailable"": 157, ""modifiedAt"": ""Mon, 14 Oct 2019 23:44:23 GMT"", ""paymentRequired"": true, ""requestedDeparture"": ""Tue, 15 Oct 2019 02:21:10 GMT"", ""kWhRequested"": 8.0}], ""userI",success
2026-08-17T00:53:44.838265+00:00,jpl:2019-10-08:2019-10-15:page2,1,"https://ev.caltech.edu/api/v1/sessions/jpl?where=connectionTime%3E=%22Tue,%2008%20Oct%202019%2000:00:00%20GMT%22%20and%20connectionTime%3C%22Tue,%2015%20Oct%202019%2000:00:00%20GMT%22%20and%20kWhDelivered%3E=0.0&sort=-connectionTime&page=2",200,application/json,18778,0.6626310230003583,"{""_items"": [{""_id"": ""5dba2b57f9af8b58a41a5fba"", ""userInputs"": [{""userID"": 531, ""milesRequested"": 150, ""WhPerMile"": 400, ""minutesAvailable"": 461, ""modifiedAt"": ""Mon, 14 Oct 2019 14:23:03 GMT"", ""paymentRequired"": true, ""requestedDeparture"": ""Mon, 14 Oct 2019 22:01:02 GMT"", ""kWhRequested"": 60.0}], ""use",success
2026-08-17T00:53:45.652525+00:00,jpl:2019-10-08:2019-10-15:page3,1,"https://ev.caltech.edu/api/v1/sessions/jpl?where=connectionTime%3E=%22Tue,%2008%20Oct%202019%2000:00:00%20GMT%22%20and%20connectionTime%3C%22Tue,%2015%20Oct%202019%2000:00:00%20GMT%22%20and%20kWhDelivered%3E=0.0&sort=-connectionTime&page=3",200,application/json,18998,0.5546939369996835,"{""_items"": [{""_id"": ""5dba2b57f9af8b58a41a5fa1"", ""userInputs"": [{""userID"": 462, ""milesRequested"": 20, ""WhPerMile"": 400, ""minutesAvailable"": 60, ""modifiedAt"": ""Mon, 14 Oct 2019 13:20:02 GMT"", ""paymentRequired"": true, ""requestedDeparture"": ""Mon, 14 Oct 2019 14:19:50 GMT"", ""kWhRequested"": 8.0}], ""userID",success
2026-08-17T00:53:46.273820+00:00,jpl:2019-10-08:2019-10-15:page4,1,"https://ev.caltech.edu/api/v1/sessions/jpl?where=connectionTime%3E=%22Tue,%2008%20Oct%202019%2000:00:00%20GMT%22%20and%20connectionTime%3C%22Tue,%2015%20Oct%202019%2000:00:00%20GMT%22%20and%20kWhDelivered%3E=0.0&sort=-connectionTime&page=4",200,application/json,18065,0.36654617200019857,"{""_items"": [{""_id"": ""5db78817f9af8b4eed23b2ea"", ""userInputs"": [{""userID"": 406, ""milesRequested"": 20, ""WhPerMile"": 600, ""minutesAvailable"": 398, ""modifiedAt"": ""Sat, 12 Oct 2019 12:42:44 GMT"", ""paymentRequired"": true, ""requestedDeparture"": ""Sat, 12 Oct 2019 19:20:25 GMT"", ""kWhRequested"": 12.0}], ""user",success
2026-08-17T00:53:46.982762+00:00,jpl:2019-10-08:2019-10-15:page5,1,"https://ev.caltech.edu/api/v1/sessions/jpl?where=connectionTime%3E=%22Tue,%2008%20Oct%202019%2000:00:00%20GMT%22%20and%20connectionTime%3C%22Tue,%2015%20Oct%202019%2000:00:00%20GMT%22%20and%20kWhDelivered%3E=0.0&sort=-connectionTime&page=5",200,application/json,18989,0.45270713599984447,"{""_items"": [{""_id"": ""5db636b7f9af8b4b0292e270"", ""userInputs"": null, ""userID"": null, ""sessionID"": ""1_1_178_823_2019-10-11 14:01:29.648175"", ""stationID"": ""1-1-178-823"", ""spaceID"": ""AG-1F08"", ""siteID"": ""0001"", ""clusterID"": ""0001"", ""connectionTime"": ""Fri, 11 Oct 2019 14:01:30 GMT"", ""disconnectTime"": ""Fr",success
2026-08-17T00:53:47.474976+00:00,jpl:2019-10-08:2019-10-15:page6,1,"https://ev.caltech.edu/api/v1/sessions/jpl?where=connectionTime%3E=%22Tue,%2008%20Oct%202019%2000:00:00%20GMT%22%20and%20connectionTime%3C%22Tue,%2015%20Oct%202019%2000:00:00%20GMT%22%20and%20kWhDelivered%3E=0.0&sort=-connectionTime&page=6",200,application/json,18097,0.23719630999949004,"{""_items"": [{""_id"": ""5db4e55af9af8b470bd88413"", ""userInputs"": null, ""userID"": null, ""sessionID"": ""1_1_194_821_2019-10-10 18:50:37.792351"", ""stationID"": ""1-1-194-821"", ""spaceID"": ""AG-1F13"", ""siteID"": ""0001"", ""clusterID"": ""0001"", ""connectionTime"": ""Thu, 10 Oct 2019 18:50:38 GMT"", ""disconnectTime"": ""Fr",success
2026-08-17T00:53:47.964459+00:00,jpl:2019-10-08:2019-10-15:page7,1,"https://ev.caltech.edu/api/v1/sessions/jpl?where=connectionTime%3E=%22Tue,%2008%20Oct%202019%2000:00:00%20GMT%22%20and%20connectionTime%3C%22Tue,%2015%20Oct%202019%2000:00:00%20GMT%22%20and%20kWhDelivered%3E=0.0&sort=-connectionTime&page=7",200,application/json,17869,0.23008690599999682,"{""_items"": [{""_id"": ""5db4e55af9af8b470bd883fa"", ""userInputs"": [{""userID"": 3687, ""milesRequested"": 200, ""WhPerMile"": 400, ""minutesAvailable"": 572, ""modifiedAt"": ""Thu, 10 Oct 2019 13:59:23 GMT"", ""paymentRequired"": true, ""requestedDeparture"": ""Thu, 10 Oct 2019 23:31:23 GMT"", ""kWhRequested"": 80.0}], ""us",success
2026-08-17T00:53:48.623128+00:00,jpl:2019-10-08:2019-10-15:page8,1,"https://ev.caltech.edu/api/v1/sessions/jpl?where=connectionTime%3E=%22Tue,%2008%20Oct%202019%2000:00:00%20GMT%22%20and%20connectionTime%3C%22Tue,%2015%20Oct%202019%2000:00:00%20GMT%22%20and%20kWhDelivered%3E=0.0&sort=-connectionTime&page=8",200,application/json,20392,0.4037466170002517,"{""_items"": [{""_id"": ""5db4e55af9af8b470bd883e1"", ""userInputs"": [{""userID"": 2183, ""milesRequested"": 50, ""WhPerMile"": 400, ""minutesAvailable"": 60, ""modifiedAt"": ""Thu, 10 Oct 2019 12:25:23 GMT"", ""paymentRequired"": true, ""requestedDeparture"": ""Thu, 10 Oct 2019 13:25:17 GMT"", ""kWhRequested"": 20.0}], ""user",success
2026-08-17T00:53:49.121767+00:00,jpl:2019-10-08:2019-10-15:page9,1,"https://ev.caltech.edu/api/v1/sessions/jpl?where=connectionTime%3E=%22Tue,%2008%20Oct%202019%2000:00:00%20GMT%22%20and%20connectionTime%3C%22Tue,%2015%20Oct%202019%2000:00:00%20GMT%22%20and%20kWhDelivered%3E=0.0&sort=-connectionTime&page=9",200,application/json,19703,0.23769539199929568,"{""_items"": [{""_id"": ""5db393dff9af8b42def498b6"", ""userInputs"": [{""userID"": 337, ""milesRequested"": 120, ""WhPerMile"": 400, ""minutesAvailable"": 318, ""modifiedAt"": ""Wed, 09 Oct 2019 19:07:09 GMT"", ""paymentRequired"": true, ""requestedDeparture"": ""Thu, 10 Oct 2019 00:25:01 GMT"", ""kWhRequested"": 48.0}, {""use",success
2026-08-17T00:53:49.785513+00:00,jpl:2019-10-08:2019-10-15:page10,1,"https://ev.caltech.edu/api/v1/sessions/jpl?where=connectionTime%3E=%22Tue,%2008%20Oct%202019%2000:00:00%20GMT%22%20and%20connectionTime%3C%22Tue,%2015%20Oct%202019%2000:00:00%20GMT%22%20and%20kWhDelivered%3E=0.0&sort=-connectionTime&page=10",200,application/json,21099,0.40394165799989423,"{""_items"": [{""_id"": ""5db393dff9af8b42def4989d"", ""userInputs"": [{""userID"": 3838, ""milesRequested"": 100, ""WhPerMile"": 400, ""minutesAvailable"": 544, ""modifiedAt"": ""Wed, 09 Oct 2019 14:01:36 GMT"", ""paymentRequired"": true, ""requestedDeparture"": ""Wed, 09 Oct 2019 23:05:13 GMT"", ""kWhRequested"": 40.0}, {""us",success
2026-08-17T00:53:50.295379+00:00,jpl:2019-10-08:2019-10-15:page11,1,"https://ev.caltech.edu/api/v1/sessions/jpl?where=connectionTime%3E=%22Tue,%2008%20Oct%202019%2000:00:00%20GMT%22%20and%20connectionTime%3C%22Tue,%2015%20Oct%202019%2000:00:00%20GMT%22%20and%20kWhDelivered%3E=0.0&sort=-connectionTime&page=11",200,application/json,19462,0.24850407400026597,"{""_items"": [{""_id"": ""5db393dff9af8b42def49884"", ""userInputs"": [{""userID"": 3152, ""milesRequested"": 60, ""WhPerMile"": 333, ""minutesAvailable"": 521, ""modifiedAt"": ""Wed, 09 Oct 2019 12:35:31 GMT"", ""paymentRequired"": true, ""requestedDeparture"": ""Wed, 09 Oct 2019 21:16:03 GMT"", ""kWhRequested"": 19.98}], ""us",success
2026-08-17T00:53:50.790823+00:00,jpl:2019-10-08:2019-10-15:page12,1,"https://ev.caltech.edu/api/v1/sessions/jpl?where=connectionTime%3E=%22Tue,%2008%20Oct%202019%2000:00:00%20GMT%22%20and%20connectionTime%3C%22Tue,%2015%20Oct%202019%2000:00:00%20GMT%22%20and%20kWhDelivered%3E=0.0&sort=-connectionTime&page=12",200,application/json,18781,0.23635860700051126,"{""_items"": [{""_id"": ""5db24258f9af8b252acc24c9"", ""userInputs"": [{""userID"": 443, ""milesRequested"": 20, ""WhPerMile"": 250, ""minutesAvailable"": 285, ""modifiedAt"": ""Tue, 08 Oct 2019 14:32:33 GMT"", ""paymentRequired"": true, ""requestedDeparture"": ""Tue, 08 Oct 2019 19:17:18 GMT"", ""kWhRequested"": 5.0}], ""userI",success
2026-08-17T00:53:51.298211+00:00,jpl:2019-10-08:2019-10-15:page13,1,"https://ev.caltech.edu/api/v1/sessions/jpl?where=connectionTime%3E=%22Tue,%2008%20Oct%202019%2000:00:00%20GMT%22%20and%20connectionTime%3C%22Tue,%2015%20Oct%202019%2000:00:00%20GMT%22%20and%20kWhDelivered%3E=0.0&sort=-connectionTime&page=13",200,application/json,18532,0.2513684010000361,"{""_items"": [{""_id"": ""5db24258f9af8b252acc24b0"", ""userInputs"": [{""userID"": 576, ""milesRequested"": 170, ""WhPerMile"": 235, ""minutesAvailable"": 586, ""modifiedAt"": ""Tue, 08 Oct 2019 13:37:43 GMT"", ""paymentRequired"": true, ""requestedDeparture"": ""Tue, 08 Oct 2019 23:23:30 GMT"", ""kWhRequested"": 39.95}], ""us",success
2026-08-17T00:53:51.757273+00:00,jpl:2019-10-08:2019-10-15:page14,1,"https://ev.caltech.edu/api/v1/sessions/jpl?where=connectionTime%3E=%22Tue,%2008%20Oct%202019%2000:00:00%20GMT%22%20and%20connectionTime%3C%22Tue,%2015%20Oct%202019%2000:00:00%20GMT%22%20and%20kWhDelivered%3E=0.0&sort=-connectionTime&page=14",200,application/json,2122,0.2027665400000842,"{""_items"": [{""_id"": ""5db0f0d9f9af8b20d14008ed"", ""userInputs"": [{""userID"": 1626, ""milesRequested"": 190, ""WhPerMile"": 304, ""minutesAvailable"": 351, ""modifiedAt"": ""Tue, 08 Oct 2019 00:59:38 GMT"", ""paymentRequired"": true, ""requestedDeparture"": ""Tue, 08 Oct 2019 06:50:11 GMT"", ""kWhRequested"": 57.76}], ""u",success
2026-08-17T00:53:53.645396+00:00,jpl:2019-10-15:2019-10-22:page1,1,https://ev.caltech.edu/api/v1/sessions/jpl?where=connectionTime%3E%3D%22Tue%2C+15+Oct+2019+00%3A00%3A00+GMT%22+and+connectionTime%3C%22Tue%2C+22+Oct+2019+00%3A00%3A00+GMT%22+and+kWhDelivered%3E%3D0.0&sort=-connectionTime,200,application/json,18563,0.878343133999806,"{""_items"": [{""_id"": ""5dc373e9f9af8b7afff50094"", ""userInputs"": [{""userID"": 405, ""milesRequested"": 20, ""WhPerMile"": 400, ""minutesAvailable"": 157, ""modifiedAt"": ""Mon, 21 Oct 2019 23:54:43 GMT"", ""paymentRequired"": true, ""requestedDeparture"": ""Tue, 22 Oct 2019 02:31:13 GMT"", ""kWhRequested"": 8.0}], ""userI",success
2026-08-17T00:53:54.393093+00:00,jpl:2019-10-15:2019-10-22:page2,1,"https://ev.caltech.edu/api/v1/sessions/jpl?where=connectionTime%3E=%22Tue,%2015%20Oct%202019%2000:00:00%20GMT%22%20and%20connectionTime%3C%22Tue,%2022%20Oct%202019%2000:00:00%20GMT%22%20and%20kWhDelivered%3E=0.0&sort=-connectionTime&page=2",200,application/json,18771,0.4881521070001327,"{""_items"": [{""_id"": ""5dc373e9f9af8b7afff5007b"", ""userInputs"": [{""userID"": 1157, ""milesRequested"": 150, ""WhPerMile"": 400, ""minutesAvailable"": 644, ""modifiedAt"": ""Mon, 21 Oct 2019 14:20:46 GMT"", ""paymentRequired"": true, ""requestedDeparture"": ""Tue, 22 Oct 2019 01:04:18 GMT"", ""kWhRequested"": 60.0}, {""us",success
2026-08-17T00:53:55.070580+00:00,jpl:2019-10-15:2019-10-22:page3,1,"https://ev.caltech.edu/api/v1/sessions/jpl?where=connectionTime%3E=%22Tue,%2015%20Oct%202019%2000:00:00%20GMT%22%20and%20connectionTime%3C%22Tue,%2022%20Oct%202019%2000:00:00%20GMT%22%20and%20kWhDelivered%3E=0.0&sort=-connectionTime&page=3",200,application/json,19696,0.41759777599963854,"{""_items"": [{""_id"": ""5dc373e9f9af8b7afff50062"", ""userInputs"": [{""userID"": 651, ""milesRequested"": 50, ""WhPerMile"": 400, ""minutesAvailable"": 181, ""modifiedAt"": ""Mon, 21 Oct 2019 13:27:45 GMT"", ""paymentRequired"": true, ""requestedDeparture"": ""Mon, 21 Oct 2019 16:28:36 GMT"", ""kWhRequested"": 20.0}], ""user",success
2026-08-17T00:53:55.820723+00:00,jpl:2019-10-15:2019-10-22:page4,1,"https://ev.caltech.edu/api/v1/sessions/jpl?where=connectionTime%3E=%22Tue,%2015%20Oct%202019%2000:00:00%20GMT%22%20and%20connectionTime%3C%22Tue,%2022%20Oct%202019%2000:00:00%20GMT%22%20and%20kWhDelivered%3E=0.0&sort=-connectionTime&page=4",200,application/json,20858,0.4936701329997959,"{""_items"": [{""_id"": ""5dc0d0a4f9af8b6e0e701443"", ""userInputs"": [{""userID"": 2052, ""milesRequested"": 140, ""WhPerMile"": 375, ""minutesAvailable"": 497, ""modifiedAt"": ""Sat, 19 Oct 2019 18:37:33 GMT"", ""paymentRequired"": true, ""requestedDeparture"": ""Sun, 20 Oct 2019 02:54:03 GMT"", ""kWhRequested"": 52.5}], ""us",success
2026-08-17T00:53:56.350092+00:00,jpl:2019-10-15:2019-10-22:page5,1,"https://ev.caltech.edu/api/v1/sessions/jpl?where=connectionTime%3E=%22Tue,%2015%20Oct%202019%2000:00:00%20GMT%22%20and%20connectionTime%3C%22Tue,%2022%20Oct%202019%2000:00:00%20GMT%22%20and%20kWhDelivered%3E=0.0&sort=-connectionTime&page=5",200,application/json,19719,0.2695739670007242,"{""_items"": [{""_id"": ""5dbf7f6cf9af8b69f563e94d"", ""userInputs"": [{""userID"": 3328, ""milesRequested"": 140, ""WhPerMile"": 286, ""minutesAvailable"": 570, ""modifiedAt"": ""Fri, 18 Oct 2019 18:14:11 GMT"", ""paymentRequired"": true, ""requestedDeparture"": ""Sat, 19 Oct 2019 03:43:55 GMT"", ""kWhRequested"": 40.04}], ""u",success
2026-08-17T00:53:56.833861+00:00,jpl:2019-10-15:2019-10-22:page6,1,"https://ev.caltech.edu/api/v1/sessions/jpl?where=connectionTime%3E=%22Tue,%2015%20Oct%202019%2000:00:00%20GMT%22%20and%20connectionTime%3C%22Tue,%2022%20Oct%202019%2000:00:00%20GMT%22%20and%20kWhDelivered%3E=0.0&sort=-connectionTime&page=6",200,application/json,18311,0.22644651199971122,"{""_items"": [{""_id"": ""5dbf7f6cf9af8b69f563e934"", ""userInputs"": [{""userID"": 414, ""milesRequested"": 40, ""WhPerMile"": 375, ""minutesAvailable"": 854, ""modifiedAt"": ""Fri, 18 Oct 2019 14:00:57 GMT"", ""paymentRequired"": true, ""requestedDeparture"": ""Sat, 19 Oct 2019 04:13:53 GMT"", ""kWhRequested"": 15.0}], ""user",success
2026-08-17T00:53:57.488808+00:00,jpl:2019-10-15:2019-10-22:page7,1,"https://ev.caltech.edu/api/v1/sessions/jpl?where=connectionTime%3E=%22Tue,%2015%20Oct%202019%2000:00:00%20GMT%22%20and%20connectionTime%3C%22Tue,%2022%20Oct%202019%2000:00:00%20GMT%22%20and%20kWhDelivered%3E=0.0&sort=-connectionTime&page=7",200,application/json,19227,0.3970752929999435,"{""_items"": [{""_id"": ""5dbf7f6cf9af8b69f563e91b"", ""userInputs"": [{""userID"": 3152, ""milesRequested"": 40, ""WhPerMile"": 333, ""minutesAvailable"": 521, ""modifiedAt"": ""Fri, 18 Oct 2019 12:36:11 GMT"", ""paymentRequired"": true, ""requestedDeparture"": ""Fri, 18 Oct 2019 21:16:49 GMT"", ""kWhRequested"": 13.32}], ""us",success
2026-08-17T00:53:57.976293+00:00,jpl:2019-10-15:2019-10-22:page8,1,"https://ev.caltech.edu/api/v1/sessions/jpl?where=connectionTime%3E=%22Tue,%2015%20Oct%202019%2000:00:00%20GMT%22%20and%20connectionTime%3C%22Tue,%2022%20Oct%202019%2000:00:00%20GMT%22%20and%20kWhDelivered%3E=0.0&sort=-connectionTime&page=8",200,application/json,18537,0.2294670760002191,"{""_items"": [{""_id"": ""5dbe1fdcf9af8b65e9aafeb9"", ""userInputs"": [{""userID"": 376, ""milesRequested"": 20, ""WhPerMile"": 400, ""minutesAvailable"": 391, ""modifiedAt"": ""Thu, 17 Oct 2019 19:14:24 GMT"", ""paymentRequired"": true, ""requestedDeparture"": ""Fri, 18 Oct 2019 01:45:12 GMT"", ""kWhRequested"": 8.0}], ""userI",success
2026-08-17T00:53:58.468301+00:00,jpl:2019-10-15:2019-10-22:page9,1,"https://ev.caltech.edu/api/v1/sessions/jpl?where=connectionTime%3E=%22Tue,%2015%20Oct%202019%2000:00:00%20GMT%22%20and%20connectionTime%3C%22Tue,%2022%20Oct%202019%2000:00:00%20GMT%22%20and%20kWhDelivered%3E=0.0&sort=-connectionTime&page=9",200,application/json,18317,0.23366536899993662,"{""_items"": [{""_id"": ""5dbe1fdcf9af8b65e9aafea0"", ""userInputs"": [{""userID"": 2115, ""milesRequested"": 50, ""WhPerMile"": 400, ""minutesAvailable"": 573, ""modifiedAt"": ""Thu, 17 Oct 2019 14:02:14 GMT"", ""paymentRequired"": true, ""requestedDeparture"": ""Thu, 17 Oct 2019 23:35:06 GMT"", ""kWhRequested"": 20.0}, {""use",success
2026-08-17T00:53:59.123726+00:00,jpl:2019-10-15:2019-10-22:page10,1,"https://ev.caltech.edu/api/v1/sessions/jpl?where=connectionTime%3E=%22Tue,%2015%20Oct%202019%2000:00:00%20GMT%22%20and%20connectionTime%3C%22Tue,%2022%20Oct%202019%2000:00:00%20GMT%22%20and%20kWhDelivered%3E=0.0&sort=-connectionTime&page=10",200,application/json,19935,0.396792187999381,"{""_items"": [{""_id"": ""5dbe1fdcf9af8b65e9aafe87"", ""userInputs"": [{""userID"": 2362, ""milesRequested"": 50, ""WhPerMile"": 400, ""minutesAvailable"": 652, ""modifiedAt"": ""Thu, 17 Oct 2019 12:22:24 GMT"", ""paymentRequired"": true, ""requestedDeparture"": ""Thu, 17 Oct 2019 23:13:49 GMT"", ""kWhRequested"": 20.0}, {""use",success
2026-08-17T00:53:59.613166+00:00,jpl:2019-10-15:2019-10-22:page11,1,"https://ev.caltech.edu/api/v1/sessions/jpl?where=connectionTime%3E=%22Tue,%2015%20Oct%202019%2000:00:00%20GMT%22%20and%20connectionTime%3C%22Tue,%2022%20Oct%202019%2000:00:00%20GMT%22%20and%20kWhDelivered%3E=0.0&sort=-connectionTime&page=11",200,application/json,17628,0.23035829499985994,"{""_items"": [{""_id"": ""5dbcce64f9af8b61e26b1f3e"", ""userInputs"": [{""userID"": 443, ""milesRequested"": 50, ""WhPerMile"": 400, ""minutesAvailable"": 650, ""modifiedAt"": ""Wed, 16 Oct 2019 14:37:06 GMT"", ""paymentRequired"": true, ""requestedDeparture"": ""Thu, 17 Oct 2019 01:26:38 GMT"", ""kWhRequested"": 20.0}], ""user",success
2026-08-17T00:54:00.267766+00:00,jpl:2019-10-15:2019-10-22:page12,1,"https://ev.caltech.edu/api/v1/sessions/jpl?where=connectionTime%3E=%22Tue,%2015%20Oct%202019%2000:00:00%20GMT%22%20and%20connectionTime%3C%22Tue,%2022%20Oct%202019%2000:00:00%20GMT%22%20and%20kWhDelivered%3E=0.0&sort=-connectionTime&page=12",200,application/json,20855,0.3991071609998471,"{""_items"": [{""_id"": ""5dbcce64f9af8b61e26b1f25"", ""userInputs"": [{""userID"": 3328, ""milesRequested"": 140, ""WhPerMile"": 286, ""minutesAvailable"": 720, ""modifiedAt"": ""Wed, 16 Oct 2019 14:00:05 GMT"", ""paymentRequired"": true, ""requestedDeparture"": ""Thu, 17 Oct 2019 01:57:42 GMT"", ""kWhRequested"": 40.04}], ""u",success
2026-08-17T00:54:00.760920+00:00,jpl:2019-10-15:2019-10-22:page13,1,"https://ev.caltech.edu/api/v1/sessions/jpl?where=connectionTime%3E=%22Tue,%2015%20Oct%202019%2000:00:00%20GMT%22%20and%20connectionTime%3C%22Tue,%2022%20Oct%202019%2000:00:00%20GMT%22%20and%20kWhDelivered%3E=0.0&sort=-connectionTime&page=13",200,application/json,19676,0.23415725300037593,"{""_items"": [{""_id"": ""5dbb7cd7f9af8b5cb6b75bac"", ""userInputs"": [{""userID"": 400, ""milesRequested"": 20, ""WhPerMile"": 400, ""minutesAvailable"": 53, ""modifiedAt"": ""Wed, 16 Oct 2019 01:33:37 GMT"", ""paymentRequired"": true, ""requestedDeparture"": ""Wed, 16 Oct 2019 02:25:58 GMT"", ""kWhRequested"": 8.0}, {""userID",success
2026-08-17T00:54:01.277766+00:00,jpl:2019-10-15:2019-10-22:page14,1,"https://ev.caltech.edu/api/v1/sessions/jpl?where=connectionTime%3E=%22Tue,%2015%20Oct%202019%2000:00:00%20GMT%22%20and%20connectionTime%3C%22Tue,%2022%20Oct%202019%2000:00:00%20GMT%22%20and%20kWhDelivered%3E=0.0&sort=-connectionTime&page=14",200,application/json,19007,0.2582885540005009,"{""_items"": [{""_id"": ""5dbb7cd7f9af8b5cb6b75b93"", ""userInputs"": [{""userID"": 826, ""milesRequested"": 200, ""WhPerMile"": 400, ""minutesAvailable"": 604, ""modifiedAt"": ""Tue, 15 Oct 2019 14:43:53 GMT"", ""paymentRequired"": true, ""requestedDeparture"": ""Wed, 16 Oct 2019 00:47:02 GMT"", ""kWhRequested"": 80.0}], ""use",success
2026-08-17T00:54:01.765596+00:00,jpl:2019-10-15:2019-10-22:page15,1,"https://ev.caltech.edu/api/v1/sessions/jpl?where=connectionTime%3E=%22Tue,%2015%20Oct%202019%2000:00:00%20GMT%22%20and%20connectionTime%3C%22Tue,%2022%20Oct%202019%2000:00:00%20GMT%22%20and%20kWhDelivered%3E=0.0&sort=-connectionTime&page=15",200,application/json,17678,0.22808814000018174,"{""_items"": [{""_id"": ""5dbb7cd7f9af8b5cb6b75b7a"", ""userInputs"": [{""userID"": 590, ""milesRequested"": 20, ""WhPerMile"": 400, ""minutesAvailable"": 503, ""modifiedAt"": ""Tue, 15 Oct 2019 13:42:18 GMT"", ""paymentRequired"": true, ""requestedDeparture"": ""Tue, 15 Oct 2019 22:03:37 GMT"", ""kWhRequested"": 8.0}, {""userI",success
2026-08-17T00:54:03.783952+00:00,jpl:2019-10-22:2019-10-29:page1,1,https://ev.caltech.edu/api/v1/sessions/jpl?where=connectionTime%3E%3D%22Tue%2C+22+Oct+2019+00%3A00%3A00+GMT%22+and+connectionTime%3C%22Tue%2C+29+Oct+2019+00%3A00%3A00+GMT%22+and+kWhDelivered%3E%3D0.0&sort=-connectionTime,200,application/json,20396,1.0075890069992965,"{""_items"": [{""_id"": ""5dccae6ff9af8b1ddbaade44"", ""userInputs"": [{""userID"": 1191, ""milesRequested"": 60, ""WhPerMile"": 250, ""minutesAvailable"": 185, ""modifiedAt"": ""Mon, 28 Oct 2019 23:42:20 GMT"", ""paymentRequired"": true, ""requestedDeparture"": ""Tue, 29 Oct 2019 02:46:43 GMT"", ""kWhRequested"": 15.0}, {""use",success
2026-08-17T00:54:04.807448+00:00,jpl:2019-10-22:2019-10-29:page2,1,"https://ev.caltech.edu/api/v1/sessions/jpl?where=connectionTime%3E=%22Tue,%2022%20Oct%202019%2000:00:00%20GMT%22%20and%20connectionTime%3C%22Tue,%2029%20Oct%202019%2000:00:00%20GMT%22%20and%20kWhDelivered%3E=0.0&sort=-connectionTime&page=2",200,application/json,17613,0.7686240279999765,"{""_items"": [{""_id"": ""5dccae6ff9af8b1ddbaade2b"", ""userInputs"": [{""userID"": 347, ""milesRequested"": 20, ""WhPerMile"": 400, ""minutesAvailable"": 60, ""modifiedAt"": ""Mon, 28 Oct 2019 14:41:12 GMT"", ""paymentRequired"": true, ""requestedDeparture"": ""Mon, 28 Oct 2019 15:40:43 GMT"", ""kWhRequested"": 8.0}], ""userID",success
2026-08-17T00:54:05.520451+00:00,jpl:2019-10-22:2019-10-29:page3,1,"https://ev.caltech.edu/api/v1/sessions/jpl?where=connectionTime%3E=%22Tue,%2022%20Oct%202019%2000:00:00%20GMT%22%20and%20connectionTime%3C%22Tue,%2029%20Oct%202019%2000:00:00%20GMT%22%20and%20kWhDelivered%3E=0.0&sort=-connectionTime&page=3",200,application/json,19929,0.4545789550002155,"{""_items"": [{""_id"": ""5dccae6ff9af8b1ddbaade12"", ""userInputs"": [{""userID"": 462, ""milesRequested"": 20, ""WhPerMile"": 400, ""minutesAvailable"": 60, ""modifiedAt"": ""Mon, 28 Oct 2019 13:42:01 GMT"", ""paymentRequired"": true, ""requestedDeparture"": ""Mon, 28 Oct 2019 14:41:19 GMT"", ""kWhRequested"": 8.0}], ""userID",success
2026-08-17T00:54:06.188371+00:00,jpl:2019-10-22:2019-10-29:page4,1,"https://ev.caltech.edu/api/v1/sessions/jpl?where=connectionTime%3E=%22Tue,%2022%20Oct%202019%2000:00:00%20GMT%22%20and%20connectionTime%3C%22Tue,%2029%20Oct%202019%2000:00:00%20GMT%22%20and%20kWhDelivered%3E=0.0&sort=-connectionTime&page=4",200,application/json,18531,0.40937693800060515,"{""_items"": [{""_id"": ""5dcb5ca7f9af8b18c7d93ffc"", ""userInputs"": [{""userID"": 3733, ""milesRequested"": 20, ""WhPerMile"": 400, ""minutesAvailable"": 86, ""modifiedAt"": ""Sun, 27 Oct 2019 21:39:40 GMT"", ""paymentRequired"": true, ""requestedDeparture"": ""Sun, 27 Oct 2019 23:05:20 GMT"", ""kWhRequested"": 8.0}, {""userI",success
2026-08-17T00:54:06.844666+00:00,jpl:2019-10-22:2019-10-29:page5,1,"https://ev.caltech.edu/api/v1/sessions/jpl?where=connectionTime%3E=%22Tue,%2022%20Oct%202019%2000:00:00%20GMT%22%20and%20connectionTime%3C%22Tue,%2029%20Oct%202019%2000:00:00%20GMT%22%20and%20kWhDelivered%3E=0.0&sort=-connectionTime&page=5",200,application/json,18301,0.3977019930007373,"{""_items"": [{""_id"": ""5dc8b9cdf9af8b0d67767b62"", ""userInputs"": [{""userID"": 413, ""milesRequested"": 40, ""WhPerMile"": 400, ""minutesAvailable"": 60, ""modifiedAt"": ""Fri, 25 Oct 2019 17:11:01 GMT"", ""paymentRequired"": true, ""requestedDeparture"": ""Fri, 25 Oct 2019 18:08:43 GMT"", ""kWhRequested"": 16.0}], ""userI",success
2026-08-17T00:54:07.510717+00:00,jpl:2019-10-22:2019-10-29:page6,1,"https://ev.caltech.edu/api/v1/sessions/jpl?where=connectionTime%3E=%22Tue,%2022%20Oct%202019%2000:00:00%20GMT%22%20and%20connectionTime%3C%22Tue,%2029%20Oct%202019%2000:00:00%20GMT%22%20and%20kWhDelivered%3E=0.0&sort=-connectionTime&page=6",200,application/json,20177,0.40611021400036407,"{""_items"": [{""_id"": ""5dc7686df9af8b0970cdde9f"", ""userInputs"": [{""userID"": 1707, ""milesRequested"": 40, ""WhPerMile"": 400, ""minutesAvailable"": 220, ""modifiedAt"": ""Thu, 24 Oct 2019 23:03:10 GMT"", ""paymentRequired"": true, ""requestedDeparture"": ""Fri, 25 Oct 2019 02:42:56 GMT"", ""kWhRequested"": 16.0}], ""use",success
2026-08-17T00:54:07.998120+00:00,jpl:2019-10-22:2019-10-29:page7,1,"https://ev.caltech.edu/api/v1/sessions/jpl?where=connectionTime%3E=%22Tue,%2022%20Oct%202019%2000:00:00%20GMT%22%20and%20connectionTime%3C%22Tue,%2029%20Oct%202019%2000:00:00%20GMT%22%20and%20kWhDelivered%3E=0.0&sort=-connectionTime&page=7",200,application/json,18547,0.23120327099968563,"{""_items"": [{""_id"": ""5dc7686df9af8b0970cdde86"", ""userInputs"": [{""userID"": 577, ""milesRequested"": 20, ""WhPerMile"": 333, ""minutesAvailable"": 493, ""modifiedAt"": ""Thu, 24 Oct 2019 14:24:00 GMT"", ""paymentRequired"": true, ""requestedDeparture"": ""Thu, 24 Oct 2019 22:36:54 GMT"", ""kWhRequested"": 6.66}], ""user",success
2026-08-17T00:54:08.504423+00:00,jpl:2019-10-22:2019-10-29:page8,1,"https://ev.caltech.edu/api/v1/sessions/jpl?where=connectionTime%3E=%22Tue,%2022%20Oct%202019%2000:00:00%20GMT%22%20and%20connectionTime%3C%22Tue,%2029%20Oct%202019%2000:00:00%20GMT%22%20and%20kWhDelivered%3E=0.0&sort=-connectionTime&page=8",200,application/json,18294,0.24781350499961263,"{""_items"": [{""_id"": ""5dc7686df9af8b0970cdde6d"", ""userInputs"": [{""userID"": 1461, ""milesRequested"": 120, ""WhPerMile"": 350, ""minutesAvailable"": 305, ""modifiedAt"": ""Thu, 24 Oct 2019 13:37:11 GMT"", ""paymentRequired"": true, ""requestedDeparture"": ""Thu, 24 Oct 2019 18:42:12 GMT"", ""kWhRequested"": 42.0}], ""us",success
2026-08-17T00:54:09.156987+00:00,jpl:2019-10-22:2019-10-29:page9,1,"https://ev.caltech.edu/api/v1/sessions/jpl?where=connectionTime%3E=%22Tue,%2022%20Oct%202019%2000:00:00%20GMT%22%20and%20connectionTime%3C%22Tue,%2029%20Oct%202019%2000:00:00%20GMT%22%20and%20kWhDelivered%3E=0.0&sort=-connectionTime&page=9",200,application/json,19933,0.39646911499949056,"{""_items"": [{""_id"": ""5dc616edf9af8b05a3aba3c2"", ""userInputs"": [{""userID"": 2067, ""milesRequested"": 20, ""WhPerMile"": 400, ""minutesAvailable"": 115, ""modifiedAt"": ""Wed, 23 Oct 2019 22:56:46 GMT"", ""paymentRequired"": true, ""requestedDeparture"": ""Thu, 24 Oct 2019 00:26:08 GMT"", ""kWhRequested"": 8.0}, {""user",success
2026-08-17T00:54:09.643894+00:00,jpl:2019-10-22:2019-10-29:page10,1,"https://ev.caltech.edu/api/v1/sessions/jpl?where=connectionTime%3E=%22Tue,%2022%20Oct%202019%2000:00:00%20GMT%22%20and%20connectionTime%3C%22Tue,%2029%20Oct%202019%2000:00:00%20GMT%22%20and%20kWhDelivered%3E=0.0&sort=-connectionTime&page=10",200,application/json,18322,0.23089999300009367,"{""_items"": [{""_id"": ""5dc616edf9af8b05a3aba3a9"", ""userInputs"": [{""userID"": 335, ""milesRequested"": 200, ""WhPerMile"": 400, ""minutesAvailable"": 632, ""modifiedAt"": ""Wed, 23 Oct 2019 14:35:09 GMT"", ""paymentRequired"": true, ""requestedDeparture"": ""Thu, 24 Oct 2019 01:06:18 GMT"", ""kWhRequested"": 80.0}], ""use",success
2026-08-17T00:54:10.302900+00:00,jpl:2019-10-22:2019-10-29:page11,1,"https://ev.caltech.edu/api/v1/sessions/jpl?where=connectionTime%3E=%22Tue,%2022%20Oct%202019%2000:00:00%20GMT%22%20and%20connectionTime%3C%22Tue,%2029%20Oct%202019%2000:00:00%20GMT%22%20and%20kWhDelivered%3E=0.0&sort=-connectionTime&page=11",200,application/json,19231,0.39967554599934374,"{""_items"": [{""_id"": ""5dc616edf9af8b05a3aba390"", ""userInputs"": null, ""userID"": null, ""sessionID"": ""1_1_179_787_2019-10-23 13:25:57.579190"", ""stationID"": ""1-1-179-787"", ""spaceID"": ""AG-3F16"", ""siteID"": ""0001"", ""clusterID"": ""0001"", ""connectionTime"": ""Wed, 23 Oct 2019 13:25:58 GMT"", ""disconnectTime"": ""We",success
2026-08-17T00:54:10.963980+00:00,jpl:2019-10-22:2019-10-29:page12,1,"https://ev.caltech.edu/api/v1/sessions/jpl?where=connectionTime%3E=%22Tue,%2022%20Oct%202019%2000:00:00%20GMT%22%20and%20connectionTime%3C%22Tue,%2029%20Oct%202019%2000:00:00%20GMT%22%20and%20kWhDelivered%3E=0.0&sort=-connectionTime&page=12",200,application/json,19936,0.40327049999996234,"{""_items"": [{""_id"": ""5dc4c574f9af8b0159f3183f"", ""userInputs"": [{""userID"": 335, ""milesRequested"": 60, ""WhPerMile"": 400, ""minutesAvailable"": 227, ""modifiedAt"": ""Tue, 22 Oct 2019 22:39:39 GMT"", ""paymentRequired"": true, ""requestedDeparture"": ""Wed, 23 Oct 2019 02:25:38 GMT"", ""kWhRequested"": 24.0}, {""user",success
2026-08-17T00:54:11.459671+00:00,jpl:2019-10-22:2019-10-29:page13,1,"https://ev.caltech.edu/api/v1/sessions/jpl?where=connectionTime%3E=%22Tue,%2022%20Oct%202019%2000:00:00%20GMT%22%20and%20connectionTime%3C%22Tue,%2029%20Oct%202019%2000:00:00%20GMT%22%20and%20kWhDelivered%3E=0.0&sort=-connectionTime&page=13",200,application/json,17849,0.23820996299946273,"{""_items"": [{""_id"": ""5dc4c574f9af8b0159f31826"", ""userInputs"": null, ""userID"": null, ""sessionID"": ""1_1_191_806_2019-10-22 14:24:37.248366"", ""stationID"": ""1-1-191-806"", ""spaceID"": ""AG-4F41"", ""siteID"": ""0001"", ""clusterID"": ""0001"", ""connectionTime"": ""Tue, 22 Oct 2019 14:24:37 GMT"", ""disconnectTime"": ""Tu",success
2026-08-17T00:54:11.938888+00:00,jpl:2019-10-22:2019-10-29:page14,1,"https://ev.caltech.edu/api/v1/sessions/jpl?where=connectionTime%3E=%22Tue,%2022%20Oct%202019%2000:00:00%20GMT%22%20and%20connectionTime%3C%22Tue,%2029%20Oct%202019%2000:00:00%20GMT%22%20and%20kWhDelivered%3E=0.0&sort=-connectionTime&page=14",200,application/json,17196,0.21941145500022685,"{""_items"": [{""_id"": ""5dc4c574f9af8b0159f3180d"", ""userInputs"": [{""userID"": 3737, ""milesRequested"": 180, ""WhPerMile"": 250, ""minutesAvailable"": 484, ""modifiedAt"": ""Tue, 22 Oct 2019 13:30:31 GMT"", ""paymentRequired"": true, ""requestedDeparture"": ""Tue, 22 Oct 2019 21:34:31 GMT"", ""kWhRequested"": 45.0}], ""us",success
2026-08-17T00:54:13.819924+00:00,jpl:2019-10-29:2019-11-05:page1,1,https://ev.caltech.edu/api/v1/sessions/jpl?where=connectionTime%3E%3D%22Tue%2C+29+Oct+2019+00%3A00%3A00+GMT%22+and+connectionTime%3C%22Tue%2C+05+Nov+2019+00%3A00%3A00+GMT%22+and+kWhDelivered%3E%3D0.0&sort=-connectionTime,200,application/json,19020,0.8748408940000445,"{""_items"": [{""_id"": ""5dd5e8eef9af8b39b0274a3c"", ""userInputs"": [{""userID"": 2103, ""milesRequested"": 60, ""WhPerMile"": 400, ""minutesAvailable"": 234, ""modifiedAt"": ""Mon, 04 Nov 2019 23:56:50 GMT"", ""paymentRequired"": true, ""requestedDeparture"": ""Tue, 05 Nov 2019 03:50:23 GMT"", ""kWhRequested"": 24.0}], ""use",success
2026-08-17T00:54:14.544076+00:00,jpl:2019-10-29:2019-11-05:page2,1,"https://ev.caltech.edu/api/v1/sessions/jpl?where=connectionTime%3E=%22Tue,%2029%20Oct%202019%2000:00:00%20GMT%22%20and%20connectionTime%3C%22Tue,%2005%20Nov%202019%2000:00:00%20GMT%22%20and%20kWhDelivered%3E=0.0&sort=-connectionTime&page=2",200,application/json,19242,0.46741046799979813,"{""_items"": [{""_id"": ""5dd5e8eef9af8b39b0274a23"", ""userInputs"": [{""userID"": 1180, ""milesRequested"": 60, ""WhPerMile"": 400, ""minutesAvailable"": 526, ""modifiedAt"": ""Mon, 04 Nov 2019 15:18:28 GMT"", ""paymentRequired"": true, ""requestedDeparture"": ""Tue, 05 Nov 2019 00:04:19 GMT"", ""kWhRequested"": 24.0}, {""use",success
2026-08-17T00:54:15.274651+00:00,jpl:2019-10-29:2019-11-05:page3,1,"https://ev.caltech.edu/api/v1/sessions/jpl?where=connectionTime%3E=%22Tue,%2029%20Oct%202019%2000:00:00%20GMT%22%20and%20connectionTime%3C%22Tue,%2005%20Nov%202019%2000:00:00%20GMT%22%20and%20kWhDelivered%3E=0.0&sort=-connectionTime&page=3",200,application/json,17836,0.4719943170002807,"{""_items"": [{""_id"": ""5dd5e8eef9af8b39b0274a0a"", ""userInputs"": [{""userID"": 416, ""milesRequested"": 50, ""WhPerMile"": 400, ""minutesAvailable"": 451, ""modifiedAt"": ""Mon, 04 Nov 2019 14:37:35 GMT"", ""paymentRequired"": true, ""requestedDeparture"": ""Mon, 04 Nov 2019 22:08:23 GMT"", ""kWhRequested"": 20.0}], ""user",success
2026-08-17T00:54:16.063815+00:00,jpl:2019-10-29:2019-11-05:page4,1,"https://ev.caltech.edu/api/v1/sessions/jpl?where=connectionTime%3E=%22Tue,%2029%20Oct%202019%2000:00:00%20GMT%22%20and%20connectionTime%3C%22Tue,%2005%20Nov%202019%2000:00:00%20GMT%22%20and%20kWhDelivered%3E=0.0&sort=-connectionTime&page=4",200,application/json,18528,0.5316610939999009,"{""_items"": [{""_id"": ""5dd345b2f9af8b31be64234c"", ""userInputs"": [{""userID"": 631, ""milesRequested"": 160, ""WhPerMile"": 250, ""minutesAvailable"": 444, ""modifiedAt"": ""Sun, 03 Nov 2019 13:55:34 GMT"", ""paymentRequired"": true, ""requestedDeparture"": ""Sun, 03 Nov 2019 21:19:25 GMT"", ""kWhRequested"": 40.0}], ""use",success
2026-08-17T00:54:16.729707+00:00,jpl:2019-10-29:2019-11-05:page5,1,"https://ev.caltech.edu/api/v1/sessions/jpl?where=connectionTime%3E=%22Tue,%2029%20Oct%202019%2000:00:00%20GMT%22%20and%20connectionTime%3C%22Tue,%2005%20Nov%202019%2000:00:00%20GMT%22%20and%20kWhDelivered%3E=0.0&sort=-connectionTime&page=5",200,application/json,19691,0.4071607010000662,"{""_items"": [{""_id"": ""5dd1f471f9af8b2dec1780c6"", ""userInputs"": [{""userID"": 220, ""milesRequested"": 30, ""WhPerMile"": 400, ""minutesAvailable"": 60, ""modifiedAt"": ""Fri, 01 Nov 2019 20:50:10 GMT"", ""paymentRequired"": true, ""requestedDeparture"": ""Fri, 01 Nov 2019 21:49:28 GMT"", ""kWhRequested"": 12.0}, {""userI",success
2026-08-17T00:54:17.387123+00:00,jpl:2019-10-29:2019-11-05:page6,1,"https://ev.caltech.edu/api/v1/sessions/jpl?where=connectionTime%3E=%22Tue,%2029%20Oct%202019%2000:00:00%20GMT%22%20and%20connectionTime%3C%22Tue,%2005%20Nov%202019%2000:00:00%20GMT%22%20and%20kWhDelivered%3E=0.0&sort=-connectionTime&page=6",200,application/json,19490,0.3985083770003257,"{""_items"": [{""_id"": ""5dd1f471f9af8b2dec1780ad"", ""userInputs"": [{""userID"": 724, ""milesRequested"": 30, ""WhPerMile"": 400, ""minutesAvailable"": 620, ""modifiedAt"": ""Fri, 01 Nov 2019 14:28:50 GMT"", ""paymentRequired"": true, ""requestedDeparture"": ""Sat, 02 Nov 2019 00:48:35 GMT"", ""kWhRequested"": 12.0}, {""user",success
2026-08-17T00:54:18.044135+00:00,jpl:2019-10-29:2019-11-05:page7,1,"https://ev.caltech.edu/api/v1/sessions/jpl?where=connectionTime%3E=%22Tue,%2029%20Oct%202019%2000:00:00%20GMT%22%20and%20connectionTime%3C%22Tue,%2005%20Nov%202019%2000:00:00%20GMT%22%20and%20kWhDelivered%3E=0.0&sort=-connectionTime&page=7",200,application/json,20389,0.40001254999970115,"{""_items"": [{""_id"": ""5dd1f471f9af8b2dec178094"", ""userInputs"": [{""userID"": 3687, ""milesRequested"": 270, ""WhPerMile"": 286, ""minutesAvailable"": 629, ""modifiedAt"": ""Fri, 01 Nov 2019 13:27:37 GMT"", ""paymentRequired"": true, ""requestedDeparture"": ""Fri, 01 Nov 2019 23:56:38 GMT"", ""kWhRequested"": 77.22}], ""u",success
2026-08-17T00:54:18.541201+00:00,jpl:2019-10-29:2019-11-05:page8,1,"https://ev.caltech.edu/api/v1/sessions/jpl?where=connectionTime%3E=%22Tue,%2029%20Oct%202019%2000:00:00%20GMT%22%20and%20connectionTime%3C%22Tue,%2005%20Nov%202019%2000:00:00%20GMT%22%20and%20kWhDelivered%3E=0.0&sort=-connectionTime&page=8",200,application/json,18546,0.2410743119999097,"{""_items"": [{""_id"": ""5dd0a2e1f9af8b29ea6a39cc"", ""userInputs"": [{""userID"": 4255, ""milesRequested"": 50, ""WhPerMile"": 200, ""minutesAvailable"": 64, ""modifiedAt"": ""Thu, 31 Oct 2019 22:02:50 GMT"", ""paymentRequired"": true, ""requestedDeparture"": ""Thu, 31 Oct 2019 23:06:51 GMT"", ""kWhRequested"": 10.0}], ""user",success
2026-08-17T00:54:19.192710+00:00,jpl:2019-10-29:2019-11-05:page9,1,"https://ev.caltech.edu/api/v1/sessions/jpl?where=connectionTime%3E=%22Tue,%2029%20Oct%202019%2000:00:00%20GMT%22%20and%20connectionTime%3C%22Tue,%2005%20Nov%202019%2000:00:00%20GMT%22%20and%20kWhDelivered%3E=0.0&sort=-connectionTime&page=9",200,application/json,19260,0.39582969099956244,"{""_items"": [{""_id"": ""5dd0a2e1f9af8b29ea6a39b3"", ""userInputs"": [{""userID"": 724, ""milesRequested"": 60, ""WhPerMile"": 400, ""minutesAvailable"": 620, ""modifiedAt"": ""Thu, 31 Oct 2019 14:26:01 GMT"", ""paymentRequired"": true, ""requestedDeparture"": ""Fri, 01 Nov 2019 00:44:27 GMT"", ""kWhRequested"": 24.0}], ""user",success
2026-08-17T00:54:19.683558+00:00,jpl:2019-10-29:2019-11-05:page10,1,"https://ev.caltech.edu/api/v1/sessions/jpl?where=connectionTime%3E=%22Tue,%2029%20Oct%202019%2000:00:00%20GMT%22%20and%20connectionTime%3C%22Tue,%2005%20Nov%202019%2000:00:00%20GMT%22%20and%20kWhDelivered%3E=0.0&sort=-connectionTime&page=10",200,application/json,18072,0.23376887799986434,"{""_items"": [{""_id"": ""5dd0a2e1f9af8b29ea6a399a"", ""userInputs"": null, ""userID"": null, ""sessionID"": ""1_1_178_828_2019-10-31 13:29:31.833135"", ""stationID"": ""1-1-178-828"", ""spaceID"": ""AG-1F10"", ""siteID"": ""0001"", ""clusterID"": ""0001"", ""connectionTime"": ""Thu, 31 Oct 2019 13:29:32 GMT"", ""disconnectTime"": ""Th",success
2026-08-17T00:54:20.382625+00:00,jpl:2019-10-29:2019-11-05:page11,1,"https://ev.caltech.edu/api/v1/sessions/jpl?where=connectionTime%3E=%22Tue,%2029%20Oct%202019%2000:00:00%20GMT%22%20and%20connectionTime%3C%22Tue,%2005%20Nov%202019%2000:00:00%20GMT%22%20and%20kWhDelivered%3E=0.0&sort=-connectionTime&page=11",200,application/json,19948,0.4388705620003748,"{""_items"": [{""_id"": ""5dcf5171f9af8b25f7b7cde4"", ""userInputs"": [{""userID"": 376, ""milesRequested"": 20, ""WhPerMile"": 400, ""minutesAvailable"": 142, ""modifiedAt"": ""Wed, 30 Oct 2019 23:05:35 GMT"", ""paymentRequired"": true, ""requestedDeparture"": ""Thu, 31 Oct 2019 01:27:16 GMT"", ""kWhRequested"": 8.0}], ""userI",success
2026-08-17T00:54:20.892674+00:00,jpl:2019-10-29:2019-11-05:page12,1,"https://ev.caltech.edu/api/v1/sessions/jpl?where=connectionTime%3E=%22Tue,%2029%20Oct%202019%2000:00:00%20GMT%22%20and%20connectionTime%3C%22Tue,%2005%20Nov%202019%2000:00:00%20GMT%22%20and%20kWhDelivered%3E=0.0&sort=-connectionTime&page=12",200,application/json,18328,0.25050081399967894,"{""_items"": [{""_id"": ""5dcf5171f9af8b25f7b7cdcb"", ""userInputs"": [{""userID"": 572, ""milesRequested"": 40, ""WhPerMile"": 400, ""minutesAvailable"": 425, ""modifiedAt"": ""Wed, 30 Oct 2019 14:21:21 GMT"", ""paymentRequired"": true, ""requestedDeparture"": ""Wed, 30 Oct 2019 21:25:50 GMT"", ""kWhRequested"": 16.0}], ""user",success
2026-08-17T00:54:21.379500+00:00,jpl:2019-10-29:2019-11-05:page13,1,"https://ev.caltech.edu/api/v1/sessions/jpl?where=connectionTime%3E=%22Tue,%2029%20Oct%202019%2000:00:00%20GMT%22%20and%20connectionTime%3C%22Tue,%2005%20Nov%202019%2000:00:00%20GMT%22%20and%20kWhDelivered%3E=0.0&sort=-connectionTime&page=13",200,application/json,18303,0.23085371399974974,"{""_items"": [{""_id"": ""5dcf5171f9af8b25f7b7cdb2"", ""userInputs"": [{""userID"": 169, ""milesRequested"": 40, ""WhPerMile"": 400, ""minutesAvailable"": 503, ""modifiedAt"": ""Wed, 30 Oct 2019 13:22:02 GMT"", ""paymentRequired"": true, ""requestedDeparture"": ""Wed, 30 Oct 2019 21:44:56 GMT"", ""kWhRequested"": 16.0}], ""user",success
2026-08-17T00:54:22.042507+00:00,jpl:2019-10-29:2019-11-05:page14,1,"https://ev.caltech.edu/api/v1/sessions/jpl?where=connectionTime%3E=%22Tue,%2029%20Oct%202019%2000:00:00%20GMT%22%20and%20connectionTime%3C%22Tue,%2005%20Nov%202019%2000:00:00%20GMT%22%20and%20kWhDelivered%3E=0.0&sort=-connectionTime&page=14",200,application/json,20169,0.40423271899999236,"{""_items"": [{""_id"": ""5dce0000f9af8b220a19beeb"", ""userInputs"": [{""userID"": 220, ""milesRequested"": 40, ""WhPerMile"": 400, ""minutesAvailable"": 60, ""modifiedAt"": ""Tue, 29 Oct 2019 22:53:02 GMT"", ""paymentRequired"": true, ""requestedDeparture"": ""Tue, 29 Oct 2019 23:52:50 GMT"", ""kWhRequested"": 16.0}], ""userI",success
2026-08-17T00:54:22.533734+00:00,jpl:2019-10-29:2019-11-05:page15,1,"https://ev.caltech.edu/api/v1/sessions/jpl?where=connectionTime%3E=%22Tue,%2029%20Oct%202019%2000:00:00%20GMT%22%20and%20connectionTime%3C%22Tue,%2005%20Nov%202019%2000:00:00%20GMT%22%20and%20kWhDelivered%3E=0.0&sort=-connectionTime&page=15",200,application/json,18091,0.2328015430002779,"{""_items"": [{""_id"": ""5dce0000f9af8b220a19bed2"", ""userInputs"": [{""userID"": 2054, ""milesRequested"": 170, ""WhPerMile"": 250, ""minutesAvailable"": 503, ""modifiedAt"": ""Tue, 29 Oct 2019 14:47:19 GMT"", ""paymentRequired"": true, ""requestedDeparture"": ""Tue, 29 Oct 2019 23:09:52 GMT"", ""kWhRequested"": 42.5}, {""us",success
2026-08-17T00:54:23.038129+00:00,jpl:2019-10-29:2019-11-05:page16,1,"https://ev.caltech.edu/api/v1/sessions/jpl?where=connectionTime%3E=%22Tue,%2029%20Oct%202019%2000:00:00%20GMT%22%20and%20connectionTime%3C%22Tue,%2005%20Nov%202019%2000:00:00%20GMT%22%20and%20kWhDelivered%3E=0.0&sort=-connectionTime&page=16",200,application/json,18768,0.24346292699920014,"{""_items"": [{""_id"": ""5dce0000f9af8b220a19beb9"", ""userInputs"": [{""userID"": 521, ""milesRequested"": 30, ""WhPerMile"": 400, ""minutesAvailable"": 60, ""modifiedAt"": ""Tue, 29 Oct 2019 13:40:47 GMT"", ""paymentRequired"": true, ""requestedDeparture"": ""Tue, 29 Oct 2019 14:40:48 GMT"", ""kWhRequested"": 12.0}], ""userI",success
2026-08-17T00:54:23.500873+00:00,jpl:2019-10-29:2019-11-05:page17,1,"https://ev.caltech.edu/api/v1/sessions/jpl?where=connectionTime%3E=%22Tue,%2029%20Oct%202019%2000:00:00%20GMT%22%20and%20connectionTime%3C%22Tue,%2005%20Nov%202019%2000:00:00%20GMT%22%20and%20kWhDelivered%3E=0.0&sort=-connectionTime&page=17",200,application/json,1224,0.20404175799922086,"{""_items"": [{""_id"": ""5dccae6ff9af8b1ddbaade45"", ""userInputs"": [{""userID"": 405, ""milesRequested"": 20, ""WhPerMile"": 400, ""minutesAvailable"": 157, ""modifiedAt"": ""Tue, 29 Oct 2019 00:06:11 GMT"", ""paymentRequired"": true, ""requestedDeparture"": ""Tue, 29 Oct 2019 02:43:07 GMT"", ""kWhRequested"": 8.0}], ""userI",success
2026-08-17T00:54:25.392132+00:00,jpl:2019-11-05:2019-11-12:page1,1,https://ev.caltech.edu/api/v1/sessions/jpl?where=connectionTime%3E%3D%22Tue%2C+05+Nov+2019+00%3A00%3A00+GMT%22+and+connectionTime%3C%22Tue%2C+12+Nov+2019+00%3A00%3A00+GMT%22+and+kWhDelivered%3E%3D0.0&sort=-connectionTime,200,application/json,19268,0.8836460479997186,"{""_items"": [{""_id"": ""5ddf236bf9af8b2af1244c7a"", ""userInputs"": [{""userID"": 608, ""milesRequested"": 90, ""WhPerMile"": 333, ""minutesAvailable"": 265, ""modifiedAt"": ""Mon, 11 Nov 2019 23:09:41 GMT"", ""paymentRequired"": true, ""requestedDeparture"": ""Tue, 12 Nov 2019 03:33:41 GMT"", ""kWhRequested"": 29.97}], ""use",success
2026-08-17T00:54:26.415425+00:00,jpl:2019-11-05:2019-11-12:page2,1,"https://ev.caltech.edu/api/v1/sessions/jpl?where=connectionTime%3E=%22Tue,%2005%20Nov%202019%2000:00:00%20GMT%22%20and%20connectionTime%3C%22Tue,%2012%20Nov%202019%2000:00:00%20GMT%22%20and%20kWhDelivered%3E=0.0&sort=-connectionTime&page=2",200,application/json,18999,0.7687083699993309,"{""_items"": [{""_id"": ""5ddf236bf9af8b2af1244c61"", ""userInputs"": [{""userID"": 2500, ""milesRequested"": 60, ""WhPerMile"": 250, ""minutesAvailable"": 488, ""modifiedAt"": ""Mon, 11 Nov 2019 15:10:58 GMT"", ""paymentRequired"": true, ""requestedDeparture"": ""Mon, 11 Nov 2019 23:18:58 GMT"", ""kWhRequested"": 15.0}], ""use",success
2026-08-17T00:54:27.336689+00:00,jpl:2019-11-05:2019-11-12:page3,1,"https://ev.caltech.edu/api/v1/sessions/jpl?where=connectionTime%3E=%22Tue,%2005%20Nov%202019%2000:00:00%20GMT%22%20and%20connectionTime%3C%22Tue,%2012%20Nov%202019%2000:00:00%20GMT%22%20and%20kWhDelivered%3E=0.0&sort=-connectionTime&page=3",200,application/json,18295,0.661688674999823,"{""_items"": [{""_id"": ""5ddf236bf9af8b2af1244c48"", ""userInputs"": [{""userID"": 529, ""milesRequested"": 80, ""WhPerMile"": 400, ""minutesAvailable"": 542, ""modifiedAt"": ""Mon, 11 Nov 2019 14:15:36 GMT"", ""paymentRequired"": true, ""requestedDeparture"": ""Mon, 11 Nov 2019 23:16:52 GMT"", ""kWhRequested"": 32.0}], ""user",success
2026-08-17T00:54:28.042741+00:00,jpl:2019-11-05:2019-11-12:page4,1,"https://ev.caltech.edu/api/v1/sessions/jpl?where=connectionTime%3E=%22Tue,%2005%20Nov%202019%2000:00:00%20GMT%22%20and%20connectionTime%3C%22Tue,%2012%20Nov%202019%2000:00:00%20GMT%22%20and%20kWhDelivered%3E=0.0&sort=-connectionTime&page=4",200,application/json,18760,0.4471467359999224,"{""_items"": [{""_id"": ""5ddb2ed1f9af8b03f1c6a510"", ""userInputs"": [{""userID"": 438, ""milesRequested"": 100, ""WhPerMile"": 400, ""minutesAvailable"": 474, ""modifiedAt"": ""Sat, 09 Nov 2019 03:29:00 GMT"", ""paymentRequired"": true, ""requestedDeparture"": ""Sat, 09 Nov 2019 11:22:12 GMT"", ""kWhRequested"": 40.0}], ""use",success
2026-08-17T00:54:28.741836+00:00,jpl:2019-11-05:2019-11-12:page5,1,"https://ev.caltech.edu/api/v1/sessions/jpl?where=connectionTime%3E=%22Tue,%2005%20Nov%202019%2000:00:00%20GMT%22%20and%20connectionTime%3C%22Tue,%2012%20Nov%202019%2000:00:00%20GMT%22%20and%20kWhDelivered%3E=0.0&sort=-connectionTime&page=5",200,application/json,20153,0.4426455650000207,"{""_items"": [{""_id"": ""5ddb2ed1f9af8b03f1c6a4f7"", ""userInputs"": [{""userID"": 2968, ""milesRequested"": 20, ""WhPerMile"": 400, ""minutesAvailable"": 79, ""modifiedAt"": ""Fri, 08 Nov 2019 16:15:54 GMT"", ""paymentRequired"": true, ""requestedDeparture"": ""Fri, 08 Nov 2019 17:32:35 GMT"", ""kWhRequested"": 8.0}, {""userI",success
2026-08-17T00:54:29.394244+00:00,jpl:2019-11-05:2019-11-12:page6,1,"https://ev.caltech.edu/api/v1/sessions/jpl?where=connectionTime%3E=%22Tue,%2005%20Nov%202019%2000:00:00%20GMT%22%20and%20connectionTime%3C%22Tue,%2012%20Nov%202019%2000:00:00%20GMT%22%20and%20kWhDelivered%3E=0.0&sort=-connectionTime&page=6",200,application/json,19235,0.39348010899993824,"{""_items"": [{""_id"": ""5dd9dd6ef9af8b7ec9508828"", ""userInputs"": [{""userID"": 572, ""milesRequested"": 30, ""WhPerMile"": 400, ""minutesAvailable"": 195, ""modifiedAt"": ""Thu, 07 Nov 2019 21:49:54 GMT"", ""paymentRequired"": true, ""requestedDeparture"": ""Thu, 07 Nov 2019 23:25:45 GMT"", ""kWhRequested"": 12.0}], ""user",success
2026-08-17T00:54:29.887160+00:00,jpl:2019-11-05:2019-11-12:page7,1,"https://ev.caltech.edu/api/v1/sessions/jpl?where=connectionTime%3E=%22Tue,%2005%20Nov%202019%2000:00:00%20GMT%22%20and%20connectionTime%3C%22Tue,%2012%20Nov%202019%2000:00:00%20GMT%22%20and%20kWhDelivered%3E=0.0&sort=-connectionTime&page=7",200,application/json,18556,0.23340196900062438,"{""_items"": [{""_id"": ""5dd9dd6ef9af8b7ec950880f"", ""userInputs"": [{""userID"": 4000, ""milesRequested"": 20, ""WhPerMile"": 400, ""minutesAvailable"": 200, ""modifiedAt"": ""Thu, 07 Nov 2019 15:03:29 GMT"", ""paymentRequired"": true, ""requestedDeparture"": ""Thu, 07 Nov 2019 18:23:21 GMT"", ""kWhRequested"": 8.0}, {""user",success
2026-08-17T00:54:30.371605+00:00,jpl:2019-11-05:2019-11-12:page8,1,"https://ev.caltech.edu/api/v1/sessions/jpl?where=connectionTime%3E=%22Tue,%2005%20Nov%202019%2000:00:00%20GMT%22%20and%20connectionTime%3C%22Tue,%2012%20Nov%202019%2000:00:00%20GMT%22%20and%20kWhDelivered%3E=0.0&sort=-connectionTime&page=8",200,application/json,18772,0.22697828600030334,"{""_items"": [{""_id"": ""5dd9dd6ef9af8b7ec95087f6"", ""userInputs"": [{""userID"": 401, ""milesRequested"": 120, ""WhPerMile"": 225, ""minutesAvailable"": 390, ""modifiedAt"": ""Thu, 07 Nov 2019 14:00:21 GMT"", ""paymentRequired"": true, ""requestedDeparture"": ""Thu, 07 Nov 2019 20:29:59 GMT"", ""kWhRequested"": 27.0}], ""use",success
2026-08-17T00:54:30.849312+00:00,jpl:2019-11-05:2019-11-12:page9,1,"https://ev.caltech.edu/api/v1/sessions/jpl?where=connectionTime%3E=%22Tue,%2005%20Nov%202019%2000:00:00%20GMT%22%20and%20connectionTime%3C%22Tue,%2012%20Nov%202019%2000:00:00%20GMT%22%20and%20kWhDelivered%3E=0.0&sort=-connectionTime&page=9",200,application/json,18322,0.2223626150007476,"{""_items"": [{""_id"": ""5dd88beff9af8b7afc4cf647"", ""userInputs"": [{""userID"": 1461, ""milesRequested"": 110, ""WhPerMile"": 350, ""minutesAvailable"": 377, ""modifiedAt"": ""Wed, 06 Nov 2019 19:12:54 GMT"", ""paymentRequired"": true, ""requestedDeparture"": ""Thu, 07 Nov 2019 01:29:55 GMT"", ""kWhRequested"": 38.5}, {""us",success
2026-08-17T00:54:31.358788+00:00,jpl:2019-11-05:2019-11-12:page10,1,"https://ev.caltech.edu/api/v1/sessions/jpl?where=connectionTime%3E=%22Tue,%2005%20Nov%202019%2000:00:00%20GMT%22%20and%20connectionTime%3C%22Tue,%2012%20Nov%202019%2000:00:00%20GMT%22%20and%20kWhDelivered%3E=0.0&sort=-connectionTime&page=10",200,application/json,18773,0.25023416099975293,"{""_items"": [{""_id"": ""5dd88beff9af8b7afc4cf62e"", ""userInputs"": [{""userID"": 933, ""milesRequested"": 110, ""WhPerMile"": 385, ""minutesAvailable"": 474, ""modifiedAt"": ""Wed, 06 Nov 2019 15:03:46 GMT"", ""paymentRequired"": true, ""requestedDeparture"": ""Wed, 06 Nov 2019 22:56:53 GMT"", ""kWhRequested"": 42.35}], ""us",success
2026-08-17T00:54:32.027190+00:00,jpl:2019-11-05:2019-11-12:page11,1,"https://ev.caltech.edu/api/v1/sessions/jpl?where=connectionTime%3E=%22Tue,%2005%20Nov%202019%2000:00:00%20GMT%22%20and%20connectionTime%3C%22Tue,%2012%20Nov%202019%2000:00:00%20GMT%22%20and%20kWhDelivered%3E=0.0&sort=-connectionTime&page=11",200,application/json,19236,0.41084304399919347,"{""_items"": [{""_id"": ""5dd88beff9af8b7afc4cf615"", ""userInputs"": [{""userID"": 483, ""milesRequested"": 20, ""WhPerMile"": 400, ""minutesAvailable"": 60, ""modifiedAt"": ""Wed, 06 Nov 2019 13:41:02 GMT"", ""paymentRequired"": true, ""requestedDeparture"": ""Wed, 06 Nov 2019 14:40:52 GMT"", ""kWhRequested"": 8.0}], ""userID",success
2026-08-17T00:54:32.495656+00:00,jpl:2019-11-05:2019-11-12:page12,1,"https://ev.caltech.edu/api/v1/sessions/jpl?where=connectionTime%3E=%22Tue,%2005%20Nov%202019%2000:00:00%20GMT%22%20and%20connectionTime%3C%22Tue,%2012%20Nov%202019%2000:00:00%20GMT%22%20and%20kWhDelivered%3E=0.0&sort=-connectionTime&page=12",200,application/json,18085,0.20860772900050506,"{""_items"": [{""_id"": ""5dd73a6ef9af8b76d1666b97"", ""userInputs"": [{""userID"": 3331, ""milesRequested"": 20, ""WhPerMile"": 229, ""minutesAvailable"": 191, ""modifiedAt"": ""Tue, 05 Nov 2019 15:39:49 GMT"", ""paymentRequired"": true, ""requestedDeparture"": ""Tue, 05 Nov 2019 18:50:38 GMT"", ""kWhRequested"": 4.58}, {""use",success
2026-08-17T00:54:32.963282+00:00,jpl:2019-11-05:2019-11-12:page13,1,"https://ev.caltech.edu/api/v1/sessions/jpl?where=connectionTime%3E=%22Tue,%2005%20Nov%202019%2000:00:00%20GMT%22%20and%20connectionTime%3C%22Tue,%2012%20Nov%202019%2000:00:00%20GMT%22%20and%20kWhDelivered%3E=0.0&sort=-connectionTime&page=13",200,application/json,17830,0.20684242100014671,"{""_items"": [{""_id"": ""5dd73a6ef9af8b76d1666b7e"", ""userInputs"": [{""userID"": 365, ""milesRequested"": 30, ""WhPerMile"": 333, ""minutesAvailable"": 304, ""modifiedAt"": ""Tue, 05 Nov 2019 14:31:40 GMT"", ""paymentRequired"": true, ""requestedDeparture"": ""Tue, 05 Nov 2019 19:35:20 GMT"", ""kWhRequested"": 9.99}], ""user",success
2026-08-17T00:54:33.422155+00:00,jpl:2019-11-05:2019-11-12:page14,1,"https://ev.caltech.edu/api/v1/sessions/jpl?where=connectionTime%3E=%22Tue,%2005%20Nov%202019%2000:00:00%20GMT%22%20and%20connectionTime%3C%22Tue,%2012%20Nov%202019%2000:00:00%20GMT%22%20and%20kWhDelivered%3E=0.0&sort=-connectionTime&page=14",200,application/json,5902,0.19895747400005348,"{""_items"": [{""_id"": ""5dd5e8eef9af8b39b0274a43"", ""userInputs"": [{""userID"": 1660, ""milesRequested"": 30, ""WhPerMile"": 500, ""minutesAvailable"": 145, ""modifiedAt"": ""Tue, 05 Nov 2019 01:28:45 GMT"", ""paymentRequired"": true, ""requestedDeparture"": ""Tue, 05 Nov 2019 03:53:30 GMT"", ""kWhRequested"": 15.0}], ""use",success
2026-08-17T00:54:35.222178+00:00,jpl:2019-11-12:2019-11-19:page1,1,https://ev.caltech.edu/api/v1/sessions/jpl?where=connectionTime%3E%3D%22Tue%2C+12+Nov+2019+00%3A00%3A00+GMT%22+and+connectionTime%3C%22Tue%2C+19+Nov+2019+00%3A00%3A00+GMT%22+and+kWhDelivered%3E%3D0.0&sort=-connectionTime,200,application/json,20405,0.7945501459998923,"{""_items"": [{""_id"": ""5de85df3f9af8b7fe19710a9"", ""userInputs"": [{""userID"": 2052, ""milesRequested"": 40, ""WhPerMile"": 375, ""minutesAvailable"": 147, ""modifiedAt"": ""Mon, 18 Nov 2019 23:56:12 GMT"", ""paymentRequired"": true, ""requestedDeparture"": ""Tue, 19 Nov 2019 02:22:24 GMT"", ""kWhRequested"": 15.0}, {""use",success
2026-08-17T00:54:36.245742+00:00,jpl:2019-11-12:2019-11-19:page2,1,"https://ev.caltech.edu/api/v1/sessions/jpl?where=connectionTime%3E=%22Tue,%2012%20Nov%202019%2000:00:00%20GMT%22%20and%20connectionTime%3C%22Tue,%2019%20Nov%202019%2000:00:00%20GMT%22%20and%20kWhDelivered%3E=0.0&sort=-connectionTime&page=2",200,application/json,18068,0.7681800039999871,"{""_items"": [{""_id"": ""5de85df3f9af8b7fe1971090"", ""userInputs"": [{""userID"": 1239, ""milesRequested"": 50, ""WhPerMile"": 600, ""minutesAvailable"": 375, ""modifiedAt"": ""Mon, 18 Nov 2019 15:26:28 GMT"", ""paymentRequired"": true, ""requestedDeparture"": ""Mon, 18 Nov 2019 21:40:13 GMT"", ""kWhRequested"": 30.0}], ""use",success
2026-08-17T00:54:37.167525+00:00,jpl:2019-11-12:2019-11-19:page3,1,"https://ev.caltech.edu/api/v1/sessions/jpl?where=connectionTime%3E=%22Tue,%2012%20Nov%202019%2000:00:00%20GMT%22%20and%20connectionTime%3C%22Tue,%2019%20Nov%202019%2000:00:00%20GMT%22%20and%20kWhDelivered%3E=0.0&sort=-connectionTime&page=3",200,application/json,18069,0.6627342880001379,"{""_items"": [{""_id"": ""5de85df3f9af8b7fe1971077"", ""userInputs"": [{""userID"": 3687, ""milesRequested"": 190, ""WhPerMile"": 364, ""minutesAvailable"": 720, ""modifiedAt"": ""Mon, 18 Nov 2019 14:32:44 GMT"", ""paymentRequired"": true, ""requestedDeparture"": ""Tue, 19 Nov 2019 02:32:30 GMT"", ""kWhRequested"": 69.16}], ""u",success
2026-08-17T00:54:37.921772+00:00,jpl:2019-11-12:2019-11-19:page4,1,"https://ev.caltech.edu/api/v1/sessions/jpl?where=connectionTime%3E=%22Tue,%2012%20Nov%202019%2000:00:00%20GMT%22%20and%20connectionTime%3C%22Tue,%2019%20Nov%202019%2000:00:00%20GMT%22%20and%20kWhDelivered%3E=0.0&sort=-connectionTime&page=4",200,application/json,19957,0.49455620600019756,"{""_items"": [{""_id"": ""5de70c22f9af8b42eff38eaf"", ""userInputs"": [{""userID"": 2299, ""milesRequested"": 50, ""WhPerMile"": 400, ""minutesAvailable"": 291, ""modifiedAt"": ""Sun, 17 Nov 2019 19:27:47 GMT"", ""paymentRequired"": true, ""requestedDeparture"": ""Sun, 17 Nov 2019 23:22:58 GMT"", ""kWhRequested"": 20.0}, {""use",success
2026-08-17T00:54:38.503309+00:00,jpl:2019-11-12:2019-11-19:page5,1,"https://ev.caltech.edu/api/v1/sessions/jpl?where=connectionTime%3E=%22Tue,%2012%20Nov%202019%2000:00:00%20GMT%22%20and%20connectionTime%3C%22Tue,%2019%20Nov%202019%2000:00:00%20GMT%22%20and%20kWhDelivered%3E=0.0&sort=-connectionTime&page=5",200,application/json,18783,0.3223368469998604,"{""_items"": [{""_id"": ""5de4696df9af8b3af4a864f9"", ""userInputs"": [{""userID"": 2054, ""milesRequested"": 80, ""WhPerMile"": 250, ""minutesAvailable"": 199, ""modifiedAt"": ""Fri, 15 Nov 2019 20:58:02 GMT"", ""paymentRequired"": true, ""requestedDeparture"": ""Sat, 16 Nov 2019 00:16:53 GMT"", ""kWhRequested"": 20.0}], ""use",success
2026-08-17T00:54:38.975718+00:00,jpl:2019-11-12:2019-11-19:page6,1,"https://ev.caltech.edu/api/v1/sessions/jpl?where=connectionTime%3E=%22Tue,%2012%20Nov%202019%2000:00:00%20GMT%22%20and%20connectionTime%3C%22Tue,%2019%20Nov%202019%2000:00:00%20GMT%22%20and%20kWhDelivered%3E=0.0&sort=-connectionTime&page=6",200,application/json,18319,0.2162416610008222,"{""_items"": [{""_id"": ""5de4696df9af8b3af4a864e0"", ""userInputs"": [{""userID"": 3271, ""milesRequested"": 60, ""WhPerMile"": 400, ""minutesAvailable"": 550, ""modifiedAt"": ""Fri, 15 Nov 2019 15:17:16 GMT"", ""paymentRequired"": true, ""requestedDeparture"": ""Sat, 16 Nov 2019 00:26:42 GMT"", ""kWhRequested"": 24.0}], ""use",success
2026-08-17T00:54:39.728438+00:00,jpl:2019-11-12:2019-11-19:page7,1,"https://ev.caltech.edu/api/v1/sessions/jpl?where=connectionTime%3E=%22Tue,%2012%20Nov%202019%2000:00:00%20GMT%22%20and%20connectionTime%3C%22Tue,%2019%20Nov%202019%2000:00:00%20GMT%22%20and%20kWhDelivered%3E=0.0&sort=-connectionTime&page=7",200,application/json,20168,0.49305613300020923,"{""_items"": [{""_id"": ""5de4696df9af8b3af4a864c7"", ""userInputs"": [{""userID"": 4147, ""milesRequested"": 40, ""WhPerMile"": 500, ""minutesAvailable"": 61, ""modifiedAt"": ""Fri, 15 Nov 2019 14:06:01 GMT"", ""paymentRequired"": true, ""requestedDeparture"": ""Fri, 15 Nov 2019 15:05:22 GMT"", ""kWhRequested"": 20.0}], ""user",success
2026-08-17T00:54:40.225049+00:00,jpl:2019-11-12:2019-11-19:page8,1,"https://ev.caltech.edu/api/v1/sessions/jpl?where=connectionTime%3E=%22Tue,%2012%20Nov%202019%2000:00:00%20GMT%22%20and%20connectionTime%3C%22Tue,%2019%20Nov%202019%2000:00:00%20GMT%22%20and%20kWhDelivered%3E=0.0&sort=-connectionTime&page=8",200,application/json,18800,0.23738591099936457,"{""_items"": [{""_id"": ""5de317e3f9af8b36cb9c02b3"", ""userInputs"": [{""userID"": 608, ""milesRequested"": 70, ""WhPerMile"": 333, ""minutesAvailable"": 265, ""modifiedAt"": ""Thu, 14 Nov 2019 22:58:58 GMT"", ""paymentRequired"": true, ""requestedDeparture"": ""Fri, 15 Nov 2019 03:22:56 GMT"", ""kWhRequested"": 23.31}, {""use",success
2026-08-17T00:54:40.721066+00:00,jpl:2019-11-12:2019-11-19:page9,1,"https://ev.caltech.edu/api/v1/sessions/jpl?where=connectionTime%3E=%22Tue,%2012%20Nov%202019%2000:00:00%20GMT%22%20and%20connectionTime%3C%22Tue,%2019%20Nov%202019%2000:00:00%20GMT%22%20and%20kWhDelivered%3E=0.0&sort=-connectionTime&page=9",200,application/json,18559,0.2397874270000102,"{""_items"": [{""_id"": ""5de317e3f9af8b36cb9c029a"", ""userInputs"": [{""userID"": 3328, ""milesRequested"": 140, ""WhPerMile"": 286, ""minutesAvailable"": 720, ""modifiedAt"": ""Thu, 14 Nov 2019 15:05:51 GMT"", ""paymentRequired"": true, ""requestedDeparture"": ""Fri, 15 Nov 2019 03:05:32 GMT"", ""kWhRequested"": 40.04}], ""u",success
2026-08-17T00:54:41.379058+00:00,jpl:2019-11-12:2019-11-19:page10,1,"https://ev.caltech.edu/api/v1/sessions/jpl?where=connectionTime%3E=%22Tue,%2012%20Nov%202019%2000:00:00%20GMT%22%20and%20connectionTime%3C%22Tue,%2019%20Nov%202019%2000:00:00%20GMT%22%20and%20kWhDelivered%3E=0.0&sort=-connectionTime&page=10",200,application/json,20861,0.3981776169994191,"{""_items"": [{""_id"": ""5de317e3f9af8b36cb9c0281"", ""userInputs"": [{""userID"": 334, ""milesRequested"": 40, ""WhPerMile"": 400, ""minutesAvailable"": 383, ""modifiedAt"": ""Thu, 14 Nov 2019 14:01:39 GMT"", ""paymentRequired"": true, ""requestedDeparture"": ""Thu, 14 Nov 2019 20:24:31 GMT"", ""kWhRequested"": 16.0}], ""user",success
2026-08-17T00:54:41.882119+00:00,jpl:2019-11-12:2019-11-19:page11,1,"https://ev.caltech.edu/api/v1/sessions/jpl?where=connectionTime%3E=%22Tue,%2012%20Nov%202019%2000:00:00%20GMT%22%20and%20connectionTime%3C%22Tue,%2019%20Nov%202019%2000:00:00%20GMT%22%20and%20kWhDelivered%3E=0.0&sort=-connectionTime&page=11",200,application/json,19498,0.24226887599979818,"{""_items"": [{""_id"": ""5de1c663f9af8b3309279235"", ""userInputs"": [{""userID"": 3773, ""milesRequested"": 150, ""WhPerMile"": 350, ""minutesAvailable"": 584, ""modifiedAt"": ""Wed, 13 Nov 2019 20:55:55 GMT"", ""paymentRequired"": true, ""requestedDeparture"": ""Thu, 14 Nov 2019 06:38:27 GMT"", ""kWhRequested"": 52.5}, {""us",success
2026-08-17T00:54:42.379380+00:00,jpl:2019-11-12:2019-11-19:page12,1,"https://ev.caltech.edu/api/v1/sessions/jpl?where=connectionTime%3E=%22Tue,%2012%20Nov%202019%2000:00:00%20GMT%22%20and%20connectionTime%3C%22Tue,%2019%20Nov%202019%2000:00:00%20GMT%22%20and%20kWhDelivered%3E=0.0&sort=-connectionTime&page=12",200,application/json,19224,0.24080348299958132,"{""_items"": [{""_id"": ""5de1c663f9af8b330927921c"", ""userInputs"": [{""userID"": 4475, ""milesRequested"": 20, ""WhPerMile"": 400, ""minutesAvailable"": 60, ""modifiedAt"": ""Wed, 13 Nov 2019 15:12:27 GMT"", ""paymentRequired"": true, ""requestedDeparture"": ""Wed, 13 Nov 2019 16:12:05 GMT"", ""kWhRequested"": 8.0}, {""userI",success
2026-08-17T00:54:42.870091+00:00,jpl:2019-11-12:2019-11-19:page13,1,"https://ev.caltech.edu/api/v1/sessions/jpl?where=connectionTime%3E=%22Tue,%2012%20Nov%202019%2000:00:00%20GMT%22%20and%20connectionTime%3C%22Tue,%2019%20Nov%202019%2000:00:00%20GMT%22%20and%20kWhDelivered%3E=0.0&sort=-connectionTime&page=13",200,application/json,19243,0.23593762400014384,"{""_items"": [{""_id"": ""5de1c663f9af8b3309279203"", ""userInputs"": [{""userID"": 2362, ""milesRequested"": 50, ""WhPerMile"": 400, ""minutesAvailable"": 583, ""modifiedAt"": ""Wed, 13 Nov 2019 13:52:52 GMT"", ""paymentRequired"": true, ""requestedDeparture"": ""Wed, 13 Nov 2019 23:35:34 GMT"", ""kWhRequested"": 20.0}, {""use",success
2026-08-17T00:54:43.518939+00:00,jpl:2019-11-12:2019-11-19:page14,1,"https://ev.caltech.edu/api/v1/sessions/jpl?where=connectionTime%3E=%22Tue,%2012%20Nov%202019%2000:00:00%20GMT%22%20and%20connectionTime%3C%22Tue,%2019%20Nov%202019%2000:00:00%20GMT%22%20and%20kWhDelivered%3E=0.0&sort=-connectionTime&page=14",200,application/json,20417,0.39187059699997917,"{""_items"": [{""_id"": ""5de074f2f9af8b2f030f5a23"", ""userInputs"": [{""userID"": 1297, ""milesRequested"": 60, ""WhPerMile"": 400, ""minutesAvailable"": 60, ""modifiedAt"": ""Tue, 12 Nov 2019 15:41:49 GMT"", ""paymentRequired"": true, ""requestedDeparture"": ""Tue, 12 Nov 2019 16:41:31 GMT"", ""kWhRequested"": 24.0}], ""user",success
2026-08-17T00:54:44.003098+00:00,jpl:2019-11-12:2019-11-19:page15,1,"https://ev.caltech.edu/api/v1/sessions/jpl?where=connectionTime%3E=%22Tue,%2012%20Nov%202019%2000:00:00%20GMT%22%20and%20connectionTime%3C%22Tue,%2019%20Nov%202019%2000:00:00%20GMT%22%20and%20kWhDelivered%3E=0.0&sort=-connectionTime&page=15",200,application/json,19007,0.2301546110002164,"{""_items"": [{""_id"": ""5de074f2f9af8b2f030f5a0a"", ""userInputs"": [{""userID"": 3519, ""milesRequested"": 20, ""WhPerMile"": 600, ""minutesAvailable"": 483, ""modifiedAt"": ""Tue, 12 Nov 2019 14:47:09 GMT"", ""paymentRequired"": true, ""requestedDeparture"": ""Tue, 12 Nov 2019 22:50:09 GMT"", ""kWhRequested"": 12.0}, {""use",success
2026-08-17T00:54:44.469857+00:00,jpl:2019-11-12:2019-11-19:page16,1,"https://ev.caltech.edu/api/v1/sessions/jpl?where=connectionTime%3E=%22Tue,%2012%20Nov%202019%2000:00:00%20GMT%22%20and%20connectionTime%3C%22Tue,%2019%20Nov%202019%2000:00:00%20GMT%22%20and%20kWhDelivered%3E=0.0&sort=-connectionTime&page=16",200,application/json,3917,0.20977044199935335,"{""_items"": [{""_id"": ""5ddf236bf9af8b2af1244c7e"", ""userInputs"": [{""userID"": 405, ""milesRequested"": 20, ""WhPerMile"": 400, ""minutesAvailable"": 157, ""modifiedAt"": ""Tue, 12 Nov 2019 05:14:14 GMT"", ""paymentRequired"": true, ""requestedDeparture"": ""Tue, 12 Nov 2019 07:50:55 GMT"", ""kWhRequested"": 8.0}], ""userI",success
2026-08-17T00:54:46.387702+00:00,jpl:2019-11-19:2019-11-26:page1,1,https://ev.caltech.edu/api/v1/sessions/jpl?where=connectionTime%3E%3D%22Tue%2C+19+Nov+2019+00%3A00%3A00+GMT%22+and+connectionTime%3C%22Tue%2C+26+Nov+2019+00%3A00%3A00+GMT%22+and+kWhDelivered%3E%3D0.0&sort=-connectionTime,200,application/json,18336,0.9079726399995707,"{""_items"": [{""_id"": ""5df19864f9af8b1d2dd9f881"", ""userInputs"": [{""userID"": 362, ""milesRequested"": 110, ""WhPerMile"": 400, ""minutesAvailable"": 144, ""modifiedAt"": ""Mon, 25 Nov 2019 23:39:05 GMT"", ""paymentRequired"": true, ""requestedDeparture"": ""Tue, 26 Nov 2019 02:01:50 GMT"", ""kWhRequested"": 44.0}], ""use",success
2026-08-17T00:54:47.305064+00:00,jpl:2019-11-19:2019-11-26:page2,1,"https://ev.caltech.edu/api/v1/sessions/jpl?where=connectionTime%3E=%22Tue,%2019%20Nov%202019%2000:00:00%20GMT%22%20and%20connectionTime%3C%22Tue,%2026%20Nov%202019%2000:00:00%20GMT%22%20and%20kWhDelivered%3E=0.0&sort=-connectionTime&page=2",200,application/json,18544,0.6578041210004812,"{""_items"": [{""_id"": ""5df19864f9af8b1d2dd9f868"", ""userInputs"": [{""userID"": 480, ""milesRequested"": 40, ""WhPerMile"": 400, ""minutesAvailable"": 482, ""modifiedAt"": ""Mon, 25 Nov 2019 15:35:36 GMT"", ""paymentRequired"": true, ""requestedDeparture"": ""Mon, 25 Nov 2019 23:37:30 GMT"", ""kWhRequested"": 16.0}, {""user",success
2026-08-17T00:54:47.967141+00:00,jpl:2019-11-19:2019-11-26:page3,1,"https://ev.caltech.edu/api/v1/sessions/jpl?where=connectionTime%3E=%22Tue,%2019%20Nov%202019%2000:00:00%20GMT%22%20and%20connectionTime%3C%22Tue,%2026%20Nov%202019%2000:00:00%20GMT%22%20and%20kWhDelivered%3E=0.0&sort=-connectionTime&page=3",200,application/json,17605,0.4028746649992172,"{""_items"": [{""_id"": ""5df19864f9af8b1d2dd9f84f"", ""userInputs"": [{""userID"": 385, ""milesRequested"": 40, ""WhPerMile"": 400, ""minutesAvailable"": 608, ""modifiedAt"": ""Mon, 25 Nov 2019 14:30:00 GMT"", ""paymentRequired"": true, ""requestedDeparture"": ""Tue, 26 Nov 2019 00:37:49 GMT"", ""kWhRequested"": 16.0}], ""user",success
2026-08-17T00:54:48.644898+00:00,jpl:2019-11-19:2019-11-26:page4,1,"https://ev.caltech.edu/api/v1/sessions/jpl?where=connectionTime%3E=%22Tue,%2019%20Nov%202019%2000:00:00%20GMT%22%20and%20connectionTime%3C%22Tue,%2026%20Nov%202019%2000:00:00%20GMT%22%20and%20kWhDelivered%3E=0.0&sort=-connectionTime&page=4",200,application/json,21801,0.41766903700045077,"{""_items"": [{""_id"": ""5deda3d8f9af8b114c201072"", ""userInputs"": [{""userID"": 1564, ""milesRequested"": 30, ""WhPerMile"": 300, ""minutesAvailable"": 103, ""modifiedAt"": ""Fri, 22 Nov 2019 22:07:19 GMT"", ""paymentRequired"": true, ""requestedDeparture"": ""Fri, 22 Nov 2019 23:50:10 GMT"", ""kWhRequested"": 9.0}], ""user",success
2026-08-17T00:54:49.151633+00:00,jpl:2019-11-19:2019-11-26:page5,1,"https://ev.caltech.edu/api/v1/sessions/jpl?where=connectionTime%3E=%22Tue,%2019%20Nov%202019%2000:00:00%20GMT%22%20and%20connectionTime%3C%22Tue,%2026%20Nov%202019%2000:00:00%20GMT%22%20and%20kWhDelivered%3E=0.0&sort=-connectionTime&page=5",200,application/json,19935,0.24870466700031102,"{""_items"": [{""_id"": ""5deda3d8f9af8b114c201059"", ""userInputs"": [{""userID"": 374, ""milesRequested"": 160, ""WhPerMile"": 333, ""minutesAvailable"": 60, ""modifiedAt"": ""Fri, 22 Nov 2019 15:45:10 GMT"", ""paymentRequired"": true, ""requestedDeparture"": ""Fri, 22 Nov 2019 16:45:07 GMT"", ""kWhRequested"": 53.28}], ""use",success
2026-08-17T00:54:49.649995+00:00,jpl:2019-11-19:2019-11-26:page6,1,"https://ev.caltech.edu/api/v1/sessions/jpl?where=connectionTime%3E=%22Tue,%2019%20Nov%202019%2000:00:00%20GMT%22%20and%20connectionTime%3C%22Tue,%2026%20Nov%202019%2000:00:00%20GMT%22%20and%20kWhDelivered%3E=0.0&sort=-connectionTime&page=6",200,application/json,19025,0.2427525049997712,"{""_items"": [{""_id"": ""5dec5277f9af8b0d4774c487"", ""userInputs"": [{""userID"": 1528, ""milesRequested"": 90, ""WhPerMile"": 400, ""minutesAvailable"": 506, ""modifiedAt"": ""Thu, 21 Nov 2019 21:03:56 GMT"", ""paymentRequired"": true, ""requestedDeparture"": ""Fri, 22 Nov 2019 05:29:48 GMT"", ""kWhRequested"": 36.0}], ""use",success
2026-08-17T00:54:50.137040+00:00,jpl:2019-11-19:2019-11-26:page7,1,"https://ev.caltech.edu/api/v1/sessions/jpl?where=connectionTime%3E=%22Tue,%2019%20Nov%202019%2000:00:00%20GMT%22%20and%20connectionTime%3C%22Tue,%2026%20Nov%202019%2000:00:00%20GMT%22%20and%20kWhDelivered%3E=0.0&sort=-connectionTime&page=7",200,application/json,17614,0.22911086000021896,"{""_items"": [{""_id"": ""5dec5277f9af8b0d4774c46e"", ""userInputs"": [{""userID"": 2115, ""milesRequested"": 30, ""WhPerMile"": 600, ""minutesAvailable"": 536, ""modifiedAt"": ""Thu, 21 Nov 2019 14:53:05 GMT"", ""paymentRequired"": true, ""requestedDeparture"": ""Thu, 21 Nov 2019 23:48:48 GMT"", ""kWhRequested"": 18.0}], ""use",success
2026-08-17T00:54:50.789208+00:00,jpl:2019-11-19:2019-11-26:page8,1,"https://ev.caltech.edu/api/v1/sessions/jpl?where=connectionTime%3E=%22Tue,%2019%20Nov%202019%2000:00:00%20GMT%22%20and%20connectionTime%3C%22Tue,%2026%20Nov%202019%2000:00:00%20GMT%22%20and%20kWhDelivered%3E=0.0&sort=-connectionTime&page=8",200,application/json,21311,0.39347217899921816,"{""_items"": [{""_id"": ""5dec5277f9af8b0d4774c455"", ""userInputs"": [{""userID"": 483, ""milesRequested"": 20, ""WhPerMile"": 400, ""minutesAvailable"": 60, ""modifiedAt"": ""Thu, 21 Nov 2019 13:35:14 GMT"", ""paymentRequired"": true, ""requestedDeparture"": ""Thu, 21 Nov 2019 14:35:04 GMT"", ""kWhRequested"": 8.0}], ""userID",success
2026-08-17T00:54:51.278668+00:00,jpl:2019-11-19:2019-11-26:page9,1,"https://ev.caltech.edu/api/v1/sessions/jpl?where=connectionTime%3E=%22Tue,%2019%20Nov%202019%2000:00:00%20GMT%22%20and%20connectionTime%3C%22Tue,%2026%20Nov%202019%2000:00:00%20GMT%22%20and%20kWhDelivered%3E=0.0&sort=-connectionTime&page=9",200,application/json,18319,0.23145050500079378,"{""_items"": [{""_id"": ""5deb00edf9af8b098c54c43d"", ""userInputs"": [{""userID"": 376, ""milesRequested"": 20, ""WhPerMile"": 400, ""minutesAvailable"": 372, ""modifiedAt"": ""Wed, 20 Nov 2019 20:35:20 GMT"", ""paymentRequired"": true, ""requestedDeparture"": ""Thu, 21 Nov 2019 02:47:06 GMT"", ""kWhRequested"": 8.0}], ""userI",success
2026-08-17T00:54:51.764235+00:00,jpl:2019-11-19:2019-11-26:page10,1,"https://ev.caltech.edu/api/v1/sessions/jpl?where=connectionTime%3E=%22Tue,%2019%20Nov%202019%2000:00:00%20GMT%22%20and%20connectionTime%3C%22Tue,%2026%20Nov%202019%2000:00:00%20GMT%22%20and%20kWhDelivered%3E=0.0&sort=-connectionTime&page=10",200,application/json,18092,0.22492616799991083,"{""_items"": [{""_id"": ""5deb00edf9af8b098c54c424"", ""userInputs"": [{""userID"": 462, ""milesRequested"": 20, ""WhPerMile"": 400, ""minutesAvailable"": 60, ""modifiedAt"": ""Wed, 20 Nov 2019 15:11:17 GMT"", ""paymentRequired"": true, ""requestedDeparture"": ""Wed, 20 Nov 2019 16:10:59 GMT"", ""kWhRequested"": 8.0}], ""userID",success
2026-08-17T00:54:52.250756+00:00,jpl:2019-11-19:2019-11-26:page11,1,"https://ev.caltech.edu/api/v1/sessions/jpl?where=connectionTime%3E=%22Tue,%2019%20Nov%202019%2000:00:00%20GMT%22%20and%20connectionTime%3C%22Tue,%2026%20Nov%202019%2000:00:00%20GMT%22%20and%20kWhDelivered%3E=0.0&sort=-connectionTime&page=11",200,application/json,18299,0.22963993299981666,"{""_items"": [{""_id"": ""5deb00edf9af8b098c54c40b"", ""userInputs"": [{""userID"": 4147, ""milesRequested"": 30, ""WhPerMile"": 500, ""minutesAvailable"": 61, ""modifiedAt"": ""Wed, 20 Nov 2019 13:57:45 GMT"", ""paymentRequired"": true, ""requestedDeparture"": ""Wed, 20 Nov 2019 14:58:14 GMT"", ""kWhRequested"": 15.0}], ""user",success
2026-08-17T00:54:52.724724+00:00,jpl:2019-11-19:2019-11-26:page12,1,"https://ev.caltech.edu/api/v1/sessions/jpl?where=connectionTime%3E=%22Tue,%2019%20Nov%202019%2000:00:00%20GMT%22%20and%20connectionTime%3C%22Tue,%2026%20Nov%202019%2000:00:00%20GMT%22%20and%20kWhDelivered%3E=0.0&sort=-connectionTime&page=12",200,application/json,18097,0.21572014600042166,"{""_items"": [{""_id"": ""5de9af6af9af8b0566612ca2"", ""userInputs"": [{""userID"": 2281, ""milesRequested"": 200, ""WhPerMile"": 229, ""minutesAvailable"": 439, ""modifiedAt"": ""Tue, 19 Nov 2019 20:40:28 GMT"", ""paymentRequired"": true, ""requestedDeparture"": ""Wed, 20 Nov 2019 03:58:38 GMT"", ""kWhRequested"": 45.8}], ""us",success
2026-08-17T00:54:53.361859+00:00,jpl:2019-11-19:2019-11-26:page13,1,"https://ev.caltech.edu/api/v1/sessions/jpl?where=connectionTime%3E=%22Tue,%2019%20Nov%202019%2000:00:00%20GMT%22%20and%20connectionTime%3C%22Tue,%2026%20Nov%202019%2000:00:00%20GMT%22%20and%20kWhDelivered%3E=0.0&sort=-connectionTime&page=13",200,application/json,19011,0.3809074979999423,"{""_items"": [{""_id"": ""5de9af6af9af8b0566612c89"", ""userInputs"": [{""userID"": 3271, ""milesRequested"": 50, ""WhPerMile"": 275, ""minutesAvailable"": 525, ""modifiedAt"": ""Tue, 19 Nov 2019 15:09:45 GMT"", ""paymentRequired"": true, ""requestedDeparture"": ""Tue, 19 Nov 2019 23:54:12 GMT"", ""kWhRequested"": 13.75}], ""us",success
2026-08-17T00:54:53.828797+00:00,jpl:2019-11-19:2019-11-26:page14,1,"https://ev.caltech.edu/api/v1/sessions/jpl?where=connectionTime%3E=%22Tue,%2019%20Nov%202019%2000:00:00%20GMT%22%20and%20connectionTime%3C%22Tue,%2026%20Nov%202019%2000:00:00%20GMT%22%20and%20kWhDelivered%3E=0.0&sort=-connectionTime&page=14",200,application/json,13443,0.20641808300024422,"{""_items"": [{""_id"": ""5de9af6af9af8b0566612c70"", ""userInputs"": [{""userID"": 483, ""milesRequested"": 20, ""WhPerMile"": 400, ""minutesAvailable"": 60, ""modifiedAt"": ""Tue, 19 Nov 2019 13:40:51 GMT"", ""paymentRequired"": true, ""requestedDeparture"": ""Tue, 19 Nov 2019 14:40:43 GMT"", ""kWhRequested"": 8.0}], ""userID",success
2026-08-17T00:54:55.450830+00:00,jpl:2019-11-26:2019-12-03:page1,1,https://ev.caltech.edu/api/v1/sessions/jpl?where=connectionTime%3E%3D%22Tue%2C+26+Nov+2019+00%3A00%3A00+GMT%22+and+connectionTime%3C%22Tue%2C+03+Dec+2019+00%3A00%3A00+GMT%22+and+kWhDelivered%3E%3D0.0&sort=-connectionTime,200,application/json,20883,0.6121352049995039,"{""_items"": [{""_id"": ""5dfad2eef9af8b417de1d613"", ""userInputs"": [{""userID"": 2299, ""milesRequested"": 50, ""WhPerMile"": 400, ""minutesAvailable"": 483, ""modifiedAt"": ""Mon, 02 Dec 2019 23:55:49 GMT"", ""paymentRequired"": true, ""requestedDeparture"": ""Tue, 03 Dec 2019 07:58:49 GMT"", ""kWhRequested"": 20.0}], ""use",success
2026-08-17T00:54:56.107946+00:00,jpl:2019-11-26:2019-12-03:page2,1,"https://ev.caltech.edu/api/v1/sessions/jpl?where=connectionTime%3E=%22Tue,%2026%20Nov%202019%2000:00:00%20GMT%22%20and%20connectionTime%3C%22Tue,%2003%20Dec%202019%2000:00:00%20GMT%22%20and%20kWhDelivered%3E=0.0&sort=-connectionTime&page=2",200,application/json,18780,0.4006517329999042,"{""_items"": [{""_id"": ""5dfad2eef9af8b417de1d5fa"", ""userInputs"": [{""userID"": 474, ""milesRequested"": 100, ""WhPerMile"": 400, ""minutesAvailable"": 564, ""modifiedAt"": ""Mon, 02 Dec 2019 15:24:07 GMT"", ""paymentRequired"": true, ""requestedDeparture"": ""Tue, 03 Dec 2019 00:47:51 GMT"", ""kWhRequested"": 40.0}], ""use",success
2026-08-17T00:54:56.797095+00:00,jpl:2019-11-26:2019-12-03:page3,1,"https://ev.caltech.edu/api/v1/sessions/jpl?where=connectionTime%3E=%22Tue,%2026%20Nov%202019%2000:00:00%20GMT%22%20and%20connectionTime%3C%22Tue,%2003%20Dec%202019%2000:00:00%20GMT%22%20and%20kWhDelivered%3E=0.0&sort=-connectionTime&page=3",200,application/json,19494,0.43074220299968147,"{""_items"": [{""_id"": ""5dfad2eef9af8b417de1d5e1"", ""userInputs"": null, ""userID"": null, ""sessionID"": ""1_1_178_817_2019-12-02 14:36:30.889842"", ""stationID"": ""1-1-178-817"", ""spaceID"": ""AG-1F09"", ""siteID"": ""0001"", ""clusterID"": ""0001"", ""connectionTime"": ""Mon, 02 Dec 2019 14:36:31 GMT"", ""disconnectTime"": ""Tu",success
2026-08-17T00:54:57.451892+00:00,jpl:2019-11-26:2019-12-03:page4,1,"https://ev.caltech.edu/api/v1/sessions/jpl?where=connectionTime%3E=%22Tue,%2026%20Nov%202019%2000:00:00%20GMT%22%20and%20connectionTime%3C%22Tue,%2003%20Dec%202019%2000:00:00%20GMT%22%20and%20kWhDelivered%3E=0.0&sort=-connectionTime&page=4",200,application/json,19870,0.39529176900032326,"{""_items"": [{""_id"": ""5df8302df9af8b399f100eff"", ""userInputs"": [{""userID"": 362, ""milesRequested"": 80, ""WhPerMile"": 400, ""minutesAvailable"": 139, ""modifiedAt"": ""Thu, 28 Nov 2019 18:56:29 GMT"", ""paymentRequired"": true, ""requestedDeparture"": ""Thu, 28 Nov 2019 21:14:49 GMT"", ""kWhRequested"": 32.0}], ""user",success
2026-08-17T00:54:58.106159+00:00,jpl:2019-11-26:2019-12-03:page5,1,"https://ev.caltech.edu/api/v1/sessions/jpl?where=connectionTime%3E=%22Tue,%2026%20Nov%202019%2000:00:00%20GMT%22%20and%20connectionTime%3C%22Tue,%2003%20Dec%202019%2000:00:00%20GMT%22%20and%20kWhDelivered%3E=0.0&sort=-connectionTime&page=5",200,application/json,20876,0.3934354639995945,"{""_items"": [{""_id"": ""5df83023f9af8b399f100ee6"", ""userInputs"": [{""userID"": 449, ""milesRequested"": 20, ""WhPerMile"": 267, ""minutesAvailable"": 161, ""modifiedAt"": ""Wed, 27 Nov 2019 15:51:06 GMT"", ""paymentRequired"": true, ""requestedDeparture"": ""Wed, 27 Nov 2019 18:30:52 GMT"", ""kWhRequested"": 5.34}, {""user",success
2026-08-17T00:54:58.609025+00:00,jpl:2019-11-26:2019-12-03:page6,1,"https://ev.caltech.edu/api/v1/sessions/jpl?where=connectionTime%3E=%22Tue,%2026%20Nov%202019%2000:00:00%20GMT%22%20and%20connectionTime%3C%22Tue,%2003%20Dec%202019%2000:00:00%20GMT%22%20and%20kWhDelivered%3E=0.0&sort=-connectionTime&page=6",200,application/json,18876,0.2420173460004662,"{""_items"": [{""_id"": ""5df83023f9af8b399f100ecd"", ""userInputs"": [{""userID"": 406, ""milesRequested"": 20, ""WhPerMile"": 600, ""minutesAvailable"": 546, ""modifiedAt"": ""Wed, 27 Nov 2019 13:39:07 GMT"", ""paymentRequired"": true, ""requestedDeparture"": ""Wed, 27 Nov 2019 22:44:54 GMT"", ""kWhRequested"": 12.0}], ""user",success
2026-08-17T00:54:59.095437+00:00,jpl:2019-11-26:2019-12-03:page7,1,"https://ev.caltech.edu/api/v1/sessions/jpl?where=connectionTime%3E=%22Tue,%2026%20Nov%202019%2000:00:00%20GMT%22%20and%20connectionTime%3C%22Tue,%2003%20Dec%202019%2000:00:00%20GMT%22%20and%20kWhDelivered%3E=0.0&sort=-connectionTime&page=7",200,application/json,18327,0.22929266200026177,"{""_items"": [{""_id"": ""5df82ffbf9af8b399f100eb4"", ""userInputs"": [{""userID"": 2052, ""milesRequested"": 130, ""WhPerMile"": 375, ""minutesAvailable"": 453, ""modifiedAt"": ""Tue, 26 Nov 2019 16:02:43 GMT"", ""paymentRequired"": true, ""requestedDeparture"": ""Tue, 26 Nov 2019 23:33:28 GMT"", ""kWhRequested"": 48.75}], ""u",success
2026-08-17T00:54:59.750656+00:00,jpl:2019-11-26:2019-12-03:page8,1,"https://ev.caltech.edu/api/v1/sessions/jpl?where=connectionTime%3E=%22Tue,%2026%20Nov%202019%2000:00:00%20GMT%22%20and%20connectionTime%3C%22Tue,%2003%20Dec%202019%2000:00:00%20GMT%22%20and%20kWhDelivered%3E=0.0&sort=-connectionTime&page=8",200,application/json,19224,0.39553295299992897,"{""_items"": [{""_id"": ""5df82ffbf9af8b399f100e9b"", ""userInputs"": [{""userID"": 2115, ""milesRequested"": 40, ""WhPerMile"": 600, ""minutesAvailable"": 536, ""modifiedAt"": ""Tue, 26 Nov 2019 14:58:28 GMT"", ""paymentRequired"": true, ""requestedDeparture"": ""Tue, 26 Nov 2019 23:54:21 GMT"", ""kWhRequested"": 24.0}], ""use",success
2026-08-17T00:55:00.199873+00:00,jpl:2019-11-26:2019-12-03:page9,1,"https://ev.caltech.edu/api/v1/sessions/jpl?where=connectionTime%3E=%22Tue,%2026%20Nov%202019%2000:00:00%20GMT%22%20and%20connectionTime%3C%22Tue,%2003%20Dec%202019%2000:00:00%20GMT%22%20and%20kWhDelivered%3E=0.0&sort=-connectionTime&page=9",200,application/json,4783,0.19230927899934613,"{""_items"": [{""_id"": ""5df19864f9af8b1d2dd9f887"", ""userInputs"": [{""userID"": 1626, ""milesRequested"": 140, ""WhPerMile"": 400, ""minutesAvailable"": 324, ""modifiedAt"": ""Tue, 26 Nov 2019 03:11:13 GMT"", ""paymentRequired"": true, ""requestedDeparture"": ""Tue, 26 Nov 2019 08:35:13 GMT"", ""kWhRequested"": 56.0}], ""us",success
2026-08-17T00:55:01.819528+00:00,jpl:2019-12-03:2019-12-10:page1,1,https://ev.caltech.edu/api/v1/sessions/jpl?where=connectionTime%3E%3D%22Tue%2C+03+Dec+2019+00%3A00%3A00+GMT%22+and+connectionTime%3C%22Tue%2C+10+Dec+2019+00%3A00%3A00+GMT%22+and+kWhDelivered%3E%3D0.0&sort=-connectionTime,200,application/json,22299,0.6114909480002098,"{""_items"": [{""_id"": ""5e040d3ff9af8b5c50054c39"", ""userInputs"": [{""userID"": 1078, ""milesRequested"": 50, ""WhPerMile"": 400, ""minutesAvailable"": 202, ""modifiedAt"": ""Mon, 09 Dec 2019 23:07:42 GMT"", ""paymentRequired"": true, ""requestedDeparture"": ""Tue, 10 Dec 2019 02:29:26 GMT"", ""kWhRequested"": 20.0}], ""use",success
2026-08-17T00:55:02.871796+00:00,jpl:2019-12-03:2019-12-10:page2,1,"https://ev.caltech.edu/api/v1/sessions/jpl?where=connectionTime%3E=%22Tue,%2003%20Dec%202019%2000:00:00%20GMT%22%20and%20connectionTime%3C%22Tue,%2010%20Dec%202019%2000:00:00%20GMT%22%20and%20kWhDelivered%3E=0.0&sort=-connectionTime&page=2",200,application/json,17398,0.7969699559998844,"{""_items"": [{""_id"": ""5e040d3ff9af8b5c50054c20"", ""userInputs"": [{""userID"": 1370, ""milesRequested"": 210, ""WhPerMile"": 467, ""minutesAvailable"": 627, ""modifiedAt"": ""Mon, 09 Dec 2019 15:26:46 GMT"", ""paymentRequired"": true, ""requestedDeparture"": ""Tue, 10 Dec 2019 01:53:47 GMT"", ""kWhRequested"": 98.07}, {""u",success
2026-08-17T00:55:03.798037+00:00,jpl:2019-12-03:2019-12-10:page3,1,"https://ev.caltech.edu/api/v1/sessions/jpl?where=connectionTime%3E=%22Tue,%2003%20Dec%202019%2000:00:00%20GMT%22%20and%20connectionTime%3C%22Tue,%2010%20Dec%202019%2000:00:00%20GMT%22%20and%20kWhDelivered%3E=0.0&sort=-connectionTime&page=3",200,application/json,20882,0.6707515589996547,"{""_items"": [{""_id"": ""5e040d3ff9af8b5c50054c07"", ""userInputs"": [{""userID"": 1733, ""milesRequested"": 100, ""WhPerMile"": 400, ""minutesAvailable"": 720, ""modifiedAt"": ""Mon, 09 Dec 2019 14:27:51 GMT"", ""paymentRequired"": true, ""requestedDeparture"": ""Tue, 10 Dec 2019 02:27:36 GMT"", ""kWhRequested"": 40.0}], ""us",success
2026-08-17T00:55:04.532029+00:00,jpl:2019-12-03:2019-12-10:page4,1,"https://ev.caltech.edu/api/v1/sessions/jpl?where=connectionTime%3E=%22Tue,%2003%20Dec%202019%2000:00:00%20GMT%22%20and%20connectionTime%3C%22Tue,%2010%20Dec%202019%2000:00:00%20GMT%22%20and%20kWhDelivered%3E=0.0&sort=-connectionTime&page=4",200,application/json,18796,0.474486390000493,"{""_items"": [{""_id"": ""5e0018bcf9af8b50f98b0220"", ""userInputs"": [{""userID"": 347, ""milesRequested"": 20, ""WhPerMile"": 400, ""minutesAvailable"": 60, ""modifiedAt"": ""Fri, 06 Dec 2019 23:36:11 GMT"", ""paymentRequired"": true, ""requestedDeparture"": ""Sat, 07 Dec 2019 00:35:59 GMT"", ""kWhRequested"": 8.0}], ""userID",success
2026-08-17T00:55:05.184895+00:00,jpl:2019-12-03:2019-12-10:page5,1,"https://ev.caltech.edu/api/v1/sessions/jpl?where=connectionTime%3E=%22Tue,%2003%20Dec%202019%2000:00:00%20GMT%22%20and%20connectionTime%3C%22Tue,%2010%20Dec%202019%2000:00:00%20GMT%22%20and%20kWhDelivered%3E=0.0&sort=-connectionTime&page=5",200,application/json,22732,0.3966420149999976,"{""_items"": [{""_id"": ""5e0018bcf9af8b50f98b0207"", ""userInputs"": [{""userID"": 3836, ""milesRequested"": 20, ""WhPerMile"": 400, ""minutesAvailable"": 720, ""modifiedAt"": ""Fri, 06 Dec 2019 13:01:54 GMT"", ""paymentRequired"": true, ""requestedDeparture"": ""Sat, 07 Dec 2019 01:01:23 GMT"", ""kWhRequested"": 8.0}, {""user",success
2026-08-17T00:55:05.699831+00:00,jpl:2019-12-03:2019-12-10:page6,1,"https://ev.caltech.edu/api/v1/sessions/jpl?where=connectionTime%3E=%22Tue,%2003%20Dec%202019%2000:00:00%20GMT%22%20and%20connectionTime%3C%22Tue,%2010%20Dec%202019%2000:00:00%20GMT%22%20and%20kWhDelivered%3E=0.0&sort=-connectionTime&page=6",200,application/json,19749,0.2557527710005161,"{""_items"": [{""_id"": ""5dfec743f9af8b4ccd166c0d"", ""userInputs"": [{""userID"": 2299, ""milesRequested"": 50, ""WhPerMile"": 400, ""minutesAvailable"": 442, ""modifiedAt"": ""Thu, 05 Dec 2019 19:41:50 GMT"", ""paymentRequired"": true, ""requestedDeparture"": ""Fri, 06 Dec 2019 03:03:50 GMT"", ""kWhRequested"": 20.0}], ""use",success
2026-08-17T00:55:06.364084+00:00,jpl:2019-12-03:2019-12-10:page7,1,"https://ev.caltech.edu/api/v1/sessions/jpl?where=connectionTime%3E=%22Tue,%2003%20Dec%202019%2000:00:00%20GMT%22%20and%20connectionTime%3C%22Tue,%2010%20Dec%202019%2000:00:00%20GMT%22%20and%20kWhDelivered%3E=0.0&sort=-connectionTime&page=7",200,application/json,21814,0.40492501500011713,"{""_items"": [{""_id"": ""5dfec743f9af8b4ccd166bf4"", ""userInputs"": [{""userID"": 382, ""milesRequested"": 50, ""WhPerMile"": 400, ""minutesAvailable"": 461, ""modifiedAt"": ""Thu, 05 Dec 2019 14:51:36 GMT"", ""paymentRequired"": true, ""requestedDeparture"": ""Thu, 05 Dec 2019 22:32:28 GMT"", ""kWhRequested"": 20.0}, {""user",success
2026-08-17T00:55:06.856756+00:00,jpl:2019-12-03:2019-12-10:page8,1,"https://ev.caltech.edu/api/v1/sessions/jpl?where=connectionTime%3E=%22Tue,%2003%20Dec%202019%2000:00:00%20GMT%22%20and%20connectionTime%3C%22Tue,%2010%20Dec%202019%2000:00:00%20GMT%22%20and%20kWhDelivered%3E=0.0&sort=-connectionTime&page=8",200,application/json,18466,0.23325821699927474,"{""_items"": [{""_id"": ""5dfec743f9af8b4ccd166bdb"", ""userInputs"": [{""userID"": 2183, ""milesRequested"": 50, ""WhPerMile"": 600, ""minutesAvailable"": 60, ""modifiedAt"": ""Thu, 05 Dec 2019 13:22:47 GMT"", ""paymentRequired"": true, ""requestedDeparture"": ""Thu, 05 Dec 2019 14:22:34 GMT"", ""kWhRequested"": 30.0}], ""user",success
2026-08-17T00:55:07.357462+00:00,jpl:2019-12-03:2019-12-10:page9,1,"https://ev.caltech.edu/api/v1/sessions/jpl?where=connectionTime%3E=%22Tue,%2003%20Dec%202019%2000:00:00%20GMT%22%20and%20connectionTime%3C%22Tue,%2010%20Dec%202019%2000:00:00%20GMT%22%20and%20kWhDelivered%3E=0.0&sort=-connectionTime&page=9",200,application/json,17390,0.2399917960001403,"{""_items"": [{""_id"": ""5dfd7624f9af8b48feaa194a"", ""userInputs"": [{""userID"": 335, ""milesRequested"": 160, ""WhPerMile"": 231, ""minutesAvailable"": 521, ""modifiedAt"": ""Wed, 04 Dec 2019 15:32:41 GMT"", ""paymentRequired"": true, ""requestedDeparture"": ""Thu, 05 Dec 2019 00:13:10 GMT"", ""kWhRequested"": 36.96}], ""us",success
2026-08-17T00:55:08.020196+00:00,jpl:2019-12-03:2019-12-10:page10,1,"https://ev.caltech.edu/api/v1/sessions/jpl?where=connectionTime%3E=%22Tue,%2003%20Dec%202019%2000:00:00%20GMT%22%20and%20connectionTime%3C%22Tue,%2010%20Dec%202019%2000:00:00%20GMT%22%20and%20kWhDelivered%3E=0.0&sort=-connectionTime&page=10",200,application/json,20165,0.4028731719999996,"{""_items"": [{""_id"": ""5dfd7624f9af8b48feaa1931"", ""userInputs"": [{""userID"": 481, ""milesRequested"": 158, ""WhPerMile"": 475, ""minutesAvailable"": 720, ""modifiedAt"": ""Wed, 04 Dec 2019 14:45:48 GMT"", ""paymentRequired"": true, ""requestedDeparture"": ""Thu, 05 Dec 2019 02:45:35 GMT"", ""kWhRequested"": 75.05}], ""us",success
2026-08-17T00:55:08.516656+00:00,jpl:2019-12-03:2019-12-10:page11,1,"https://ev.caltech.edu/api/v1/sessions/jpl?where=connectionTime%3E=%22Tue,%2003%20Dec%202019%2000:00:00%20GMT%22%20and%20connectionTime%3C%22Tue,%2010%20Dec%202019%2000:00:00%20GMT%22%20and%20kWhDelivered%3E=0.0&sort=-connectionTime&page=11",200,application/json,18785,0.23581699100031983,"{""_items"": [{""_id"": ""5dfc246df9af8b453a35eafa"", ""userInputs"": [{""userID"": 3251, ""milesRequested"": 30, ""WhPerMile"": 400, ""minutesAvailable"": 114, ""modifiedAt"": ""Wed, 04 Dec 2019 00:21:32 GMT"", ""paymentRequired"": true, ""requestedDeparture"": ""Wed, 04 Dec 2019 02:15:14 GMT"", ""kWhRequested"": 12.0}], ""use",success
2026-08-17T00:55:09.159255+00:00,jpl:2019-12-03:2019-12-10:page12,1,"https://ev.caltech.edu/api/v1/sessions/jpl?where=connectionTime%3E=%22Tue,%2003%20Dec%202019%2000:00:00%20GMT%22%20and%20connectionTime%3C%22Tue,%2010%20Dec%202019%2000:00:00%20GMT%22%20and%20kWhDelivered%3E=0.0&sort=-connectionTime&page=12",200,application/json,19265,0.3826859840000907,"{""_items"": [{""_id"": ""5dfc246df9af8b453a35eae1"", ""userInputs"": [{""userID"": 500, ""milesRequested"": 150, ""WhPerMile"": 400, ""minutesAvailable"": 560, ""modifiedAt"": ""Tue, 03 Dec 2019 15:25:24 GMT"", ""paymentRequired"": true, ""requestedDeparture"": ""Wed, 04 Dec 2019 00:44:53 GMT"", ""kWhRequested"": 60.0}], ""use",success
2026-08-17T00:55:09.649917+00:00,jpl:2019-12-03:2019-12-10:page13,1,"https://ev.caltech.edu/api/v1/sessions/jpl?where=connectionTime%3E=%22Tue,%2003%20Dec%202019%2000:00:00%20GMT%22%20and%20connectionTime%3C%22Tue,%2010%20Dec%202019%2000:00:00%20GMT%22%20and%20kWhDelivered%3E=0.0&sort=-connectionTime&page=13",200,application/json,18306,0.23041841199938062,"{""_items"": [{""_id"": ""5dfc246df9af8b453a35eac8"", ""userInputs"": [{""userID"": 3687, ""milesRequested"": 190, ""WhPerMile"": 364, ""minutesAvailable"": 720, ""modifiedAt"": ""Tue, 03 Dec 2019 14:38:38 GMT"", ""paymentRequired"": true, ""requestedDeparture"": ""Wed, 04 Dec 2019 02:38:03 GMT"", ""kWhRequested"": 69.16}], ""u",success
2026-08-17T00:55:10.109102+00:00,jpl:2019-12-03:2019-12-10:page14,1,"https://ev.caltech.edu/api/v1/sessions/jpl?where=connectionTime%3E=%22Tue,%2003%20Dec%202019%2000:00:00%20GMT%22%20and%20connectionTime%3C%22Tue,%2010%20Dec%202019%2000:00:00%20GMT%22%20and%20kWhDelivered%3E=0.0&sort=-connectionTime&page=14",200,application/json,2554,0.20173744800013083,"{""_items"": [{""_id"": ""5dfad2eef9af8b417de1d616"", ""userInputs"": [{""userID"": 1805, ""milesRequested"": 40, ""WhPerMile"": 400, ""minutesAvailable"": 135, ""modifiedAt"": ""Tue, 03 Dec 2019 00:42:10 GMT"", ""paymentRequired"": true, ""requestedDeparture"": ""Tue, 03 Dec 2019 02:57:00 GMT"", ""kWhRequested"": 16.0}], ""use",success
2026-08-17T00:55:11.986059+00:00,jpl:2019-12-10:2019-12-17:page1,1,https://ev.caltech.edu/api/v1/sessions/jpl?where=connectionTime%3E%3D%22Tue%2C+10+Dec+2019+00%3A00%3A00+GMT%22+and+connectionTime%3C%22Tue%2C+17+Dec+2019+00%3A00%3A00+GMT%22+and+kWhDelivered%3E%3D0.0&sort=-connectionTime,200,application/json,17624,0.8672330849994978,"{""_items"": [{""_id"": ""5e0d47edf9af8b76ee71476b"", ""userInputs"": [{""userID"": 341, ""milesRequested"": 40, ""WhPerMile"": 400, ""minutesAvailable"": 147, ""modifiedAt"": ""Mon, 16 Dec 2019 23:56:23 GMT"", ""paymentRequired"": true, ""requestedDeparture"": ""Tue, 17 Dec 2019 02:22:56 GMT"", ""kWhRequested"": 16.0}], ""user",success
2026-08-17T00:55:12.904947+00:00,jpl:2019-12-10:2019-12-17:page2,1,"https://ev.caltech.edu/api/v1/sessions/jpl?where=connectionTime%3E=%22Tue,%2010%20Dec%202019%2000:00:00%20GMT%22%20and%20connectionTime%3C%22Tue,%2017%20Dec%202019%2000:00:00%20GMT%22%20and%20kWhDelivered%3E=0.0&sort=-connectionTime&page=2",200,application/json,17619,0.6591689739998401,"{""_items"": [{""_id"": ""5e0d47edf9af8b76ee714752"", ""userInputs"": [{""userID"": 4475, ""milesRequested"": 163, ""WhPerMile"": 400, ""minutesAvailable"": 519, ""modifiedAt"": ""Mon, 16 Dec 2019 15:34:11 GMT"", ""paymentRequired"": true, ""requestedDeparture"": ""Tue, 17 Dec 2019 00:12:55 GMT"", ""kWhRequested"": 65.2}], ""us",success
2026-08-17T00:55:13.569531+00:00,jpl:2019-12-10:2019-12-17:page3,1,"https://ev.caltech.edu/api/v1/sessions/jpl?where=connectionTime%3E=%22Tue,%2010%20Dec%202019%2000:00:00%20GMT%22%20and%20connectionTime%3C%22Tue,%2017%20Dec%202019%2000:00:00%20GMT%22%20and%20kWhDelivered%3E=0.0&sort=-connectionTime&page=3",200,application/json,19710,0.40855028799978754,"{""_items"": [{""_id"": ""5e0d47edf9af8b76ee714739"", ""userInputs"": [{""userID"": 368, ""milesRequested"": 30, ""WhPerMile"": 400, ""minutesAvailable"": 592, ""modifiedAt"": ""Mon, 16 Dec 2019 14:57:04 GMT"", ""paymentRequired"": true, ""requestedDeparture"": ""Tue, 17 Dec 2019 00:48:59 GMT"", ""kWhRequested"": 12.0}], ""user",success
2026-08-17T00:55:14.210175+00:00,jpl:2019-12-10:2019-12-17:page4,1,"https://ev.caltech.edu/api/v1/sessions/jpl?where=connectionTime%3E=%22Tue,%2010%20Dec%202019%2000:00:00%20GMT%22%20and%20connectionTime%3C%22Tue,%2017%20Dec%202019%2000:00:00%20GMT%22%20and%20kWhDelivered%3E=0.0&sort=-connectionTime&page=4",200,application/json,19244,0.38372650900055305,"{""_items"": [{""_id"": ""5e0d47edf9af8b76ee714720"", ""userInputs"": [{""userID"": 467, ""milesRequested"": 30, ""WhPerMile"": 400, ""minutesAvailable"": 169, ""modifiedAt"": ""Mon, 16 Dec 2019 12:02:28 GMT"", ""paymentRequired"": true, ""requestedDeparture"": ""Mon, 16 Dec 2019 14:51:17 GMT"", ""kWhRequested"": 12.0}], ""user",success
2026-08-17T00:55:14.848163+00:00,jpl:2019-12-10:2019-12-17:page5,1,"https://ev.caltech.edu/api/v1/sessions/jpl?where=connectionTime%3E=%22Tue,%2010%20Dec%202019%2000:00:00%20GMT%22%20and%20connectionTime%3C%22Tue,%2017%20Dec%202019%2000:00:00%20GMT%22%20and%20kWhDelivered%3E=0.0&sort=-connectionTime&page=5",200,application/json,19269,0.3808234469997842,"{""_items"": [{""_id"": ""5e09536af9af8b6b70d5c507"", ""userInputs"": [{""userID"": 4422, ""milesRequested"": 50, ""WhPerMile"": 250, ""minutesAvailable"": 60, ""modifiedAt"": ""Fri, 13 Dec 2019 23:31:33 GMT"", ""paymentRequired"": true, ""requestedDeparture"": ""Sat, 14 Dec 2019 00:28:11 GMT"", ""kWhRequested"": 12.5}, {""user",success
2026-08-17T00:55:15.485554+00:00,jpl:2019-12-10:2019-12-17:page6,1,"https://ev.caltech.edu/api/v1/sessions/jpl?where=connectionTime%3E=%22Tue,%2010%20Dec%202019%2000:00:00%20GMT%22%20and%20connectionTime%3C%22Tue,%2017%20Dec%202019%2000:00:00%20GMT%22%20and%20kWhDelivered%3E=0.0&sort=-connectionTime&page=6",200,application/json,19954,0.379947154000547,"{""_items"": [{""_id"": ""5e09536af9af8b6b70d5c4ee"", ""userInputs"": [{""userID"": 365, ""milesRequested"": 30, ""WhPerMile"": 333, ""minutesAvailable"": 304, ""modifiedAt"": ""Fri, 13 Dec 2019 15:16:29 GMT"", ""paymentRequired"": true, ""requestedDeparture"": ""Fri, 13 Dec 2019 20:20:16 GMT"", ""kWhRequested"": 9.99}], ""user",success
2026-08-17T00:55:15.963815+00:00,jpl:2019-12-10:2019-12-17:page7,1,"https://ev.caltech.edu/api/v1/sessions/jpl?where=connectionTime%3E=%22Tue,%2010%20Dec%202019%2000:00:00%20GMT%22%20and%20connectionTime%3C%22Tue,%2017%20Dec%202019%2000:00:00%20GMT%22%20and%20kWhDelivered%3E=0.0&sort=-connectionTime&page=7",200,application/json,17866,0.21885097599988512,"{""_items"": [{""_id"": ""5e09536af9af8b6b70d5c4d5"", ""userInputs"": [{""userID"": 419, ""milesRequested"": 100, ""WhPerMile"": 400, ""minutesAvailable"": 541, ""modifiedAt"": ""Fri, 13 Dec 2019 14:23:38 GMT"", ""paymentRequired"": true, ""requestedDeparture"": ""Fri, 13 Dec 2019 23:24:09 GMT"", ""kWhRequested"": 40.0}], ""use",success
2026-08-17T00:55:16.444087+00:00,jpl:2019-12-10:2019-12-17:page8,1,"https://ev.caltech.edu/api/v1/sessions/jpl?where=connectionTime%3E=%22Tue,%2010%20Dec%202019%2000:00:00%20GMT%22%20and%20connectionTime%3C%22Tue,%2017%20Dec%202019%2000:00:00%20GMT%22%20and%20kWhDelivered%3E=0.0&sort=-connectionTime&page=8",200,application/json,18321,0.22181376200023806,"{""_items"": [{""_id"": ""5e0801eaf9af8b679852a8aa"", ""userInputs"": [{""userID"": 76, ""milesRequested"": 20, ""WhPerMile"": 400, ""minutesAvailable"": 168, ""modifiedAt"": ""Thu, 12 Dec 2019 21:42:24 GMT"", ""paymentRequired"": true, ""requestedDeparture"": ""Fri, 13 Dec 2019 00:27:07 GMT"", ""kWhRequested"": 8.0}], ""userID",success
2026-08-17T00:55:17.081505+00:00,jpl:2019-12-10:2019-12-17:page9,1,"https://ev.caltech.edu/api/v1/sessions/jpl?where=connectionTime%3E=%22Tue,%2010%20Dec%202019%2000:00:00%20GMT%22%20and%20connectionTime%3C%22Tue,%2017%20Dec%202019%2000:00:00%20GMT%22%20and%20kWhDelivered%3E=0.0&sort=-connectionTime&page=9",200,application/json,19234,0.3826562149997699,"{""_items"": [{""_id"": ""5e0801eaf9af8b679852a891"", ""userInputs"": [{""userID"": 3201, ""milesRequested"": 60, ""WhPerMile"": 333, ""minutesAvailable"": 561, ""modifiedAt"": ""Thu, 12 Dec 2019 15:13:17 GMT"", ""paymentRequired"": true, ""requestedDeparture"": ""Fri, 13 Dec 2019 00:34:18 GMT"", ""kWhRequested"": 19.98}], ""us",success
2026-08-17T00:55:17.731964+00:00,jpl:2019-12-10:2019-12-17:page10,1,"https://ev.caltech.edu/api/v1/sessions/jpl?where=connectionTime%3E=%22Tue,%2010%20Dec%202019%2000:00:00%20GMT%22%20and%20connectionTime%3C%22Tue,%2017%20Dec%202019%2000:00:00%20GMT%22%20and%20kWhDelivered%3E=0.0&sort=-connectionTime&page=10",200,application/json,22704,0.3915728290003244,"{""_items"": [{""_id"": ""5e0801eaf9af8b679852a878"", ""userInputs"": [{""userID"": 169, ""milesRequested"": 40, ""WhPerMile"": 400, ""minutesAvailable"": 526, ""modifiedAt"": ""Thu, 12 Dec 2019 14:12:35 GMT"", ""paymentRequired"": true, ""requestedDeparture"": ""Thu, 12 Dec 2019 22:58:29 GMT"", ""kWhRequested"": 16.0}], ""user",success
2026-08-17T00:55:18.364574+00:00,jpl:2019-12-10:2019-12-17:page11,1,"https://ev.caltech.edu/api/v1/sessions/jpl?where=connectionTime%3E=%22Tue,%2010%20Dec%202019%2000:00:00%20GMT%22%20and%20connectionTime%3C%22Tue,%2017%20Dec%202019%2000:00:00%20GMT%22%20and%20kWhDelivered%3E=0.0&sort=-connectionTime&page=11",200,application/json,20888,0.37701978699988103,"{""_items"": [{""_id"": ""5e06b063f9af8b63d336bf5f"", ""userInputs"": [{""userID"": 410, ""milesRequested"": 60, ""WhPerMile"": 250, ""minutesAvailable"": 252, ""modifiedAt"": ""Wed, 11 Dec 2019 23:09:21 GMT"", ""paymentRequired"": true, ""requestedDeparture"": ""Thu, 12 Dec 2019 03:20:04 GMT"", ""kWhRequested"": 15.0}], ""user",success
2026-08-17T00:55:18.838815+00:00,jpl:2019-12-10:2019-12-17:page12,1,"https://ev.caltech.edu/api/v1/sessions/jpl?where=connectionTime%3E=%22Tue,%2010%20Dec%202019%2000:00:00%20GMT%22%20and%20connectionTime%3C%22Tue,%2017%20Dec%202019%2000:00:00%20GMT%22%20and%20kWhDelivered%3E=0.0&sort=-connectionTime&page=12",200,application/json,18779,0.2147782689999076,"{""_items"": [{""_id"": ""5e06b063f9af8b63d336bf46"", ""userInputs"": [{""userID"": 3271, ""milesRequested"": 60, ""WhPerMile"": 275, ""minutesAvailable"": 479, ""modifiedAt"": ""Wed, 11 Dec 2019 15:11:52 GMT"", ""paymentRequired"": true, ""requestedDeparture"": ""Wed, 11 Dec 2019 23:10:25 GMT"", ""kWhRequested"": 16.5}], ""use",success
2026-08-17T00:55:19.474054+00:00,jpl:2019-12-10:2019-12-17:page13,1,"https://ev.caltech.edu/api/v1/sessions/jpl?where=connectionTime%3E=%22Tue,%2010%20Dec%202019%2000:00:00%20GMT%22%20and%20connectionTime%3C%22Tue,%2017%20Dec%202019%2000:00:00%20GMT%22%20and%20kWhDelivered%3E=0.0&sort=-connectionTime&page=13",200,application/json,19661,0.3754235199994582,"{""_items"": [{""_id"": ""5e06b063f9af8b63d336bf2d"", ""userInputs"": [{""userID"": 726, ""milesRequested"": 100, ""WhPerMile"": 400, ""minutesAvailable"": 494, ""modifiedAt"": ""Wed, 11 Dec 2019 14:18:56 GMT"", ""paymentRequired"": true, ""requestedDeparture"": ""Wed, 11 Dec 2019 22:32:41 GMT"", ""kWhRequested"": 40.0}], ""use",success
2026-08-17T00:55:20.014253+00:00,jpl:2019-12-10:2019-12-17:page14,1,"https://ev.caltech.edu/api/v1/sessions/jpl?where=connectionTime%3E=%22Tue,%2010%20Dec%202019%2000:00:00%20GMT%22%20and%20connectionTime%3C%22Tue,%2017%20Dec%202019%2000:00:00%20GMT%22%20and%20kWhDelivered%3E=0.0&sort=-connectionTime&page=14",200,application/json,17636,0.27951370699975087,"{""_items"": [{""_id"": ""5e055ec6f9af8b601ae32748"", ""userInputs"": [{""userID"": 3331, ""milesRequested"": 20, ""WhPerMile"": 229, ""minutesAvailable"": 586, ""modifiedAt"": ""Tue, 10 Dec 2019 23:32:57 GMT"", ""paymentRequired"": true, ""requestedDeparture"": ""Wed, 11 Dec 2019 09:18:51 GMT"", ""kWhRequested"": 4.58}], ""use",success
2026-08-17T00:55:20.485318+00:00,jpl:2019-12-10:2019-12-17:page15,1,"https://ev.caltech.edu/api/v1/sessions/jpl?where=connectionTime%3E=%22Tue,%2010%20Dec%202019%2000:00:00%20GMT%22%20and%20connectionTime%3C%22Tue,%2017%20Dec%202019%2000:00:00%20GMT%22%20and%20kWhDelivered%3E=0.0&sort=-connectionTime&page=15",200,application/json,16479,0.21502893100023357,"{""_items"": [{""_id"": ""5e055ec6f9af8b601ae3272f"", ""userInputs"": [{""userID"": 528, ""milesRequested"": 240, ""WhPerMile"": 250, ""minutesAvailable"": 555, ""modifiedAt"": ""Tue, 10 Dec 2019 15:12:52 GMT"", ""paymentRequired"": true, ""requestedDeparture"": ""Wed, 11 Dec 2019 00:26:53 GMT"", ""kWhRequested"": 60.0}], ""use",success
2026-08-17T00:55:20.955954+00:00,jpl:2019-12-10:2019-12-17:page16,1,"https://ev.caltech.edu/api/v1/sessions/jpl?where=connectionTime%3E=%22Tue,%2010%20Dec%202019%2000:00:00%20GMT%22%20and%20connectionTime%3C%22Tue,%2017%20Dec%202019%2000:00:00%20GMT%22%20and%20kWhDelivered%3E=0.0&sort=-connectionTime&page=16",200,application/json,16030,0.21428946500054735,"{""_items"": [{""_id"": ""5e055ec6f9af8b601ae32716"", ""userInputs"": [{""userID"": 419, ""milesRequested"": 100, ""WhPerMile"": 400, ""minutesAvailable"": 563, ""modifiedAt"": ""Tue, 10 Dec 2019 14:29:52 GMT"", ""paymentRequired"": true, ""requestedDeparture"": ""Tue, 10 Dec 2019 23:52:37 GMT"", ""kWhRequested"": 40.0}], ""use",success
2026-08-17T00:55:22.839781+00:00,jpl:2019-12-17:2019-12-24:page1,1,https://ev.caltech.edu/api/v1/sessions/jpl?where=connectionTime%3E%3D%22Tue%2C+17+Dec+2019+00%3A00%3A00+GMT%22+and+connectionTime%3C%22Tue%2C+24+Dec+2019+00%3A00%3A00+GMT%22+and+kWhDelivered%3E%3D0.0&sort=-connectionTime,200,application/json,22518,0.8736308039997311,"{""_items"": [{""_id"": ""5e168248f9af8b3609f03008"", ""userInputs"": [{""userID"": 438, ""milesRequested"": 50, ""WhPerMile"": 500, ""minutesAvailable"": 415, ""modifiedAt"": ""Mon, 23 Dec 2019 23:59:57 GMT"", ""paymentRequired"": true, ""requestedDeparture"": ""Tue, 24 Dec 2019 06:54:14 GMT"", ""kWhRequested"": 25.0}], ""user",success
2026-08-17T00:55:23.761133+00:00,jpl:2019-12-17:2019-12-24:page2,1,"https://ev.caltech.edu/api/v1/sessions/jpl?where=connectionTime%3E=%22Tue,%2017%20Dec%202019%2000:00:00%20GMT%22%20and%20connectionTime%3C%22Tue,%2024%20Dec%202019%2000:00:00%20GMT%22%20and%20kWhDelivered%3E=0.0&sort=-connectionTime&page=2",200,application/json,20860,0.6624515350004003,"{""_items"": [{""_id"": ""5e168248f9af8b3609f02fef"", ""userInputs"": [{""userID"": 537, ""milesRequested"": 100, ""WhPerMile"": 250, ""minutesAvailable"": 318, ""modifiedAt"": ""Mon, 23 Dec 2019 15:48:59 GMT"", ""paymentRequired"": true, ""requestedDeparture"": ""Mon, 23 Dec 2019 21:06:34 GMT"", ""kWhRequested"": 25.0}], ""use",success
2026-08-17T00:55:24.552388+00:00,jpl:2019-12-17:2019-12-24:page3,1,"https://ev.caltech.edu/api/v1/sessions/jpl?where=connectionTime%3E=%22Tue,%2017%20Dec%202019%2000:00:00%20GMT%22%20and%20connectionTime%3C%22Tue,%2024%20Dec%202019%2000:00:00%20GMT%22%20and%20kWhDelivered%3E=0.0&sort=-connectionTime&page=3",200,application/json,19763,0.5310695139996824,"{""_items"": [{""_id"": ""5e168248f9af8b3609f02fd6"", ""userInputs"": [{""userID"": 409, ""milesRequested"": 30, ""WhPerMile"": 400, ""minutesAvailable"": 549, ""modifiedAt"": ""Mon, 23 Dec 2019 14:58:11 GMT"", ""paymentRequired"": true, ""requestedDeparture"": ""Tue, 24 Dec 2019 00:05:16 GMT"", ""kWhRequested"": 12.0}], ""user",success
2026-08-17T00:55:25.119238+00:00,jpl:2019-12-17:2019-12-24:page4,1,"https://ev.caltech.edu/api/v1/sessions/jpl?where=connectionTime%3E=%22Tue,%2017%20Dec%202019%2000:00:00%20GMT%22%20and%20connectionTime%3C%22Tue,%2024%20Dec%202019%2000:00:00%20GMT%22%20and%20kWhDelivered%3E=0.0&sort=-connectionTime&page=4",200,application/json,18770,0.3101335230003315,"{""_items"": [{""_id"": ""5e128db5f9af8b079a725f4a"", ""userInputs"": [{""userID"": 577, ""milesRequested"": 20, ""WhPerMile"": 333, ""minutesAvailable"": 493, ""modifiedAt"": ""Fri, 20 Dec 2019 20:24:46 GMT"", ""paymentRequired"": true, ""requestedDeparture"": ""Sat, 21 Dec 2019 04:37:35 GMT"", ""kWhRequested"": 6.66}], ""user",success
2026-08-17T00:55:25.829809+00:00,jpl:2019-12-17:2019-12-24:page5,1,"https://ev.caltech.edu/api/v1/sessions/jpl?where=connectionTime%3E=%22Tue,%2017%20Dec%202019%2000:00:00%20GMT%22%20and%20connectionTime%3C%22Tue,%2024%20Dec%202019%2000:00:00%20GMT%22%20and%20kWhDelivered%3E=0.0&sort=-connectionTime&page=5",200,application/json,19940,0.4511261990001003,"{""_items"": [{""_id"": ""5e113c6cf9af8b0388764c5e"", ""userInputs"": [{""userID"": 2299, ""milesRequested"": 50, ""WhPerMile"": 400, ""minutesAvailable"": 506, ""modifiedAt"": ""Thu, 19 Dec 2019 23:26:52 GMT"", ""paymentRequired"": true, ""requestedDeparture"": ""Fri, 20 Dec 2019 07:52:53 GMT"", ""kWhRequested"": 20.0}], ""use",success
2026-08-17T00:55:26.311156+00:00,jpl:2019-12-17:2019-12-24:page6,1,"https://ev.caltech.edu/api/v1/sessions/jpl?where=connectionTime%3E=%22Tue,%2017%20Dec%202019%2000:00:00%20GMT%22%20and%20connectionTime%3C%22Tue,%2024%20Dec%202019%2000:00:00%20GMT%22%20and%20kWhDelivered%3E=0.0&sort=-connectionTime&page=6",200,application/json,17396,0.2236376820001169,"{""_items"": [{""_id"": ""5e113c6cf9af8b0388764c45"", ""userInputs"": [{""userID"": 2115, ""milesRequested"": 40, ""WhPerMile"": 600, ""minutesAvailable"": 443, ""modifiedAt"": ""Thu, 19 Dec 2019 15:34:56 GMT"", ""paymentRequired"": true, ""requestedDeparture"": ""Thu, 19 Dec 2019 22:57:49 GMT"", ""kWhRequested"": 24.0}], ""use",success
2026-08-17T00:55:26.799235+00:00,jpl:2019-12-17:2019-12-24:page7,1,"https://ev.caltech.edu/api/v1/sessions/jpl?where=connectionTime%3E=%22Tue,%2017%20Dec%202019%2000:00:00%20GMT%22%20and%20connectionTime%3C%22Tue,%2024%20Dec%202019%2000:00:00%20GMT%22%20and%20kWhDelivered%3E=0.0&sort=-connectionTime&page=7",200,application/json,17395,0.22777209599917114,"{""_items"": [{""_id"": ""5e113c6cf9af8b0388764c2c"", ""userInputs"": [{""userID"": 521, ""milesRequested"": 30, ""WhPerMile"": 400, ""minutesAvailable"": 60, ""modifiedAt"": ""Thu, 19 Dec 2019 14:45:04 GMT"", ""paymentRequired"": true, ""requestedDeparture"": ""Thu, 19 Dec 2019 15:44:37 GMT"", ""kWhRequested"": 12.0}], ""userI",success
2026-08-17T00:55:27.452508+00:00,jpl:2019-12-17:2019-12-24:page8,1,"https://ev.caltech.edu/api/v1/sessions/jpl?where=connectionTime%3E=%22Tue,%2017%20Dec%202019%2000:00:00%20GMT%22%20and%20connectionTime%3C%22Tue,%2024%20Dec%202019%2000:00:00%20GMT%22%20and%20kWhDelivered%3E=0.0&sort=-connectionTime&page=8",200,application/json,19715,0.39791686500029755,"{""_items"": [{""_id"": ""5e0feae8f9af8b7e942e202e"", ""userInputs"": [{""userID"": 5016, ""milesRequested"": 20, ""WhPerMile"": 400, ""minutesAvailable"": 60, ""modifiedAt"": ""Thu, 19 Dec 2019 00:59:08 GMT"", ""paymentRequired"": true, ""requestedDeparture"": ""Thu, 19 Dec 2019 01:56:22 GMT"", ""kWhRequested"": 8.0}], ""userI",success
2026-08-17T00:55:27.955462+00:00,jpl:2019-12-17:2019-12-24:page9,1,"https://ev.caltech.edu/api/v1/sessions/jpl?where=connectionTime%3E=%22Tue,%2017%20Dec%202019%2000:00:00%20GMT%22%20and%20connectionTime%3C%22Tue,%2024%20Dec%202019%2000:00:00%20GMT%22%20and%20kWhDelivered%3E=0.0&sort=-connectionTime&page=9",200,application/json,18332,0.24299159699967277,"{""_items"": [{""_id"": ""5e0feae8f9af8b7e942e2015"", ""userInputs"": [{""userID"": 410, ""milesRequested"": 40, ""WhPerMile"": 250, ""minutesAvailable"": 186, ""modifiedAt"": ""Wed, 18 Dec 2019 15:34:10 GMT"", ""paymentRequired"": true, ""requestedDeparture"": ""Wed, 18 Dec 2019 18:39:48 GMT"", ""kWhRequested"": 10.0}], ""user",success
2026-08-17T00:55:28.448595+00:00,jpl:2019-12-17:2019-12-24:page10,1,"https://ev.caltech.edu/api/v1/sessions/jpl?where=connectionTime%3E=%22Tue,%2017%20Dec%202019%2000:00:00%20GMT%22%20and%20connectionTime%3C%22Tue,%2024%20Dec%202019%2000:00:00%20GMT%22%20and%20kWhDelivered%3E=0.0&sort=-connectionTime&page=10",200,application/json,17620,0.23420672800057218,"{""_items"": [{""_id"": ""5e0feae8f9af8b7e942e1ffc"", ""userInputs"": null, ""userID"": null, ""sessionID"": ""1_1_179_800_2019-12-18 14:58:01.436721"", ""stationID"": ""1-1-179-800"", ""spaceID"": ""AG-3F32"", ""siteID"": ""0001"", ""clusterID"": ""0001"", ""connectionTime"": ""Wed, 18 Dec 2019 14:58:01 GMT"", ""disconnectTime"": ""We",success
2026-08-17T00:55:29.093437+00:00,jpl:2019-12-17:2019-12-24:page11,1,"https://ev.caltech.edu/api/v1/sessions/jpl?where=connectionTime%3E=%22Tue,%2017%20Dec%202019%2000:00:00%20GMT%22%20and%20connectionTime%3C%22Tue,%2024%20Dec%202019%2000:00:00%20GMT%22%20and%20kWhDelivered%3E=0.0&sort=-connectionTime&page=11",200,application/json,20647,0.3867479810005534,"{""_items"": [{""_id"": ""5e0e9969f9af8b7aab4bf959"", ""userInputs"": [{""userID"": 385, ""milesRequested"": 50, ""WhPerMile"": 400, ""minutesAvailable"": 649, ""modifiedAt"": ""Wed, 18 Dec 2019 00:31:52 GMT"", ""paymentRequired"": true, ""requestedDeparture"": ""Wed, 18 Dec 2019 11:20:36 GMT"", ""kWhRequested"": 20.0}], ""user",success
2026-08-17T00:55:29.744123+00:00,jpl:2019-12-17:2019-12-24:page12,1,"https://ev.caltech.edu/api/v1/sessions/jpl?where=connectionTime%3E=%22Tue,%2017%20Dec%202019%2000:00:00%20GMT%22%20and%20connectionTime%3C%22Tue,%2024%20Dec%202019%2000:00:00%20GMT%22%20and%20kWhDelivered%3E=0.0&sort=-connectionTime&page=12",200,application/json,22771,0.3935863780006912,"{""_items"": [{""_id"": ""5e0e9969f9af8b7aab4bf940"", ""userInputs"": [{""userID"": 2643, ""milesRequested"": 130, ""WhPerMile"": 286, ""minutesAvailable"": 521, ""modifiedAt"": ""Tue, 17 Dec 2019 15:22:09 GMT"", ""paymentRequired"": true, ""requestedDeparture"": ""Wed, 18 Dec 2019 00:03:09 GMT"", ""kWhRequested"": 37.18}], ""u",success
2026-08-17T00:55:30.234411+00:00,jpl:2019-12-17:2019-12-24:page13,1,"https://ev.caltech.edu/api/v1/sessions/jpl?where=connectionTime%3E=%22Tue,%2017%20Dec%202019%2000:00:00%20GMT%22%20and%20connectionTime%3C%22Tue,%2024%20Dec%202019%2000:00:00%20GMT%22%20and%20kWhDelivered%3E=0.0&sort=-connectionTime&page=13",200,application/json,18643,0.23361240399935923,"{""_items"": [{""_id"": ""5e0e9969f9af8b7aab4bf927"", ""userInputs"": [{""userID"": 3737, ""milesRequested"": 150, ""WhPerMile"": 300, ""minutesAvailable"": 126, ""modifiedAt"": ""Tue, 17 Dec 2019 14:30:16 GMT"", ""paymentRequired"": true, ""requestedDeparture"": ""Tue, 17 Dec 2019 16:36:03 GMT"", ""kWhRequested"": 45.0}], ""us",success
2026-08-17T00:55:31.888429+00:00,jpl:2019-12-24:2019-12-31:page1,1,https://ev.caltech.edu/api/v1/sessions/jpl?where=connectionTime%3E%3D%22Tue%2C+24+Dec+2019+00%3A00%3A00+GMT%22+and+connectionTime%3C%22Tue%2C+31+Dec+2019+00%3A00%3A00+GMT%22+and+kWhDelivered%3E%3D0.0&sort=-connectionTime,200,application/json,19939,0.6477990069997759,"{""_items"": [{""_id"": ""5e1fbccbf9af8b5391bcd74d"", ""userInputs"": [{""userID"": 448, ""milesRequested"": 100, ""WhPerMile"": 400, ""minutesAvailable"": 138, ""modifiedAt"": ""Mon, 30 Dec 2019 23:14:19 GMT"", ""paymentRequired"": true, ""requestedDeparture"": ""Tue, 31 Dec 2019 01:31:28 GMT"", ""kWhRequested"": 40.0}], ""use",success
2026-08-17T00:55:32.734046+00:00,jpl:2019-12-24:2019-12-31:page2,1,"https://ev.caltech.edu/api/v1/sessions/jpl?where=connectionTime%3E=%22Tue,%2024%20Dec%202019%2000:00:00%20GMT%22%20and%20connectionTime%3C%22Tue,%2031%20Dec%202019%2000:00:00%20GMT%22%20and%20kWhDelivered%3E=0.0&sort=-connectionTime&page=2",200,application/json,18542,0.5876268699994398,"{""_items"": [{""_id"": ""5e1fbccbf9af8b5391bcd734"", ""userInputs"": [{""userID"": 3201, ""milesRequested"": 60, ""WhPerMile"": 333, ""minutesAvailable"": 347, ""modifiedAt"": ""Mon, 30 Dec 2019 16:55:26 GMT"", ""paymentRequired"": true, ""requestedDeparture"": ""Mon, 30 Dec 2019 22:42:26 GMT"", ""kWhRequested"": 19.98}], ""us",success
2026-08-17T00:55:33.466738+00:00,jpl:2019-12-24:2019-12-31:page3,1,"https://ev.caltech.edu/api/v1/sessions/jpl?where=connectionTime%3E=%22Tue,%2024%20Dec%202019%2000:00:00%20GMT%22%20and%20connectionTime%3C%22Tue,%2031%20Dec%202019%2000:00:00%20GMT%22%20and%20kWhDelivered%3E=0.0&sort=-connectionTime&page=3",200,application/json,18769,0.47735980700053915,"{""_items"": [{""_id"": ""5e1fbccbf9af8b5391bcd71b"", ""userInputs"": [{""userID"": 5195, ""milesRequested"": 30, ""WhPerMile"": 500, ""minutesAvailable"": 60, ""modifiedAt"": ""Mon, 30 Dec 2019 15:18:32 GMT"", ""paymentRequired"": true, ""requestedDeparture"": ""Mon, 30 Dec 2019 16:15:16 GMT"", ""kWhRequested"": 15.0}, {""user",success
2026-08-17T00:55:34.124995+00:00,jpl:2019-12-24:2019-12-31:page4,1,"https://ev.caltech.edu/api/v1/sessions/jpl?where=connectionTime%3E=%22Tue,%2024%20Dec%202019%2000:00:00%20GMT%22%20and%20connectionTime%3C%22Tue,%2031%20Dec%202019%2000:00:00%20GMT%22%20and%20kWhDelivered%3E=0.0&sort=-connectionTime&page=4",200,application/json,19942,0.39896677100023226,"{""_items"": [{""_id"": ""5e1d199df9af8b4a70d95a10"", ""userInputs"": [{""userID"": 438, ""milesRequested"": 50, ""WhPerMile"": 500, ""minutesAvailable"": 415, ""modifiedAt"": ""Sun, 29 Dec 2019 00:19:59 GMT"", ""paymentRequired"": true, ""requestedDeparture"": ""Sun, 29 Dec 2019 07:14:47 GMT"", ""kWhRequested"": 25.0}], ""user",success
2026-08-17T00:55:34.608954+00:00,jpl:2019-12-24:2019-12-31:page5,1,"https://ev.caltech.edu/api/v1/sessions/jpl?where=connectionTime%3E=%22Tue,%2024%20Dec%202019%2000:00:00%20GMT%22%20and%20connectionTime%3C%22Tue,%2031%20Dec%202019%2000:00:00%20GMT%22%20and%20kWhDelivered%3E=0.0&sort=-connectionTime&page=5",200,application/json,18090,0.2268475410000974,"{""_items"": [{""_id"": ""5e1bc841f9af8b45cfdfcc6b"", ""userInputs"": [{""userID"": 473, ""milesRequested"": 20, ""WhPerMile"": 400, ""minutesAvailable"": 605, ""modifiedAt"": ""Fri, 27 Dec 2019 16:20:08 GMT"", ""paymentRequired"": true, ""requestedDeparture"": ""Sat, 28 Dec 2019 02:24:52 GMT"", ""kWhRequested"": 8.0}], ""userI",success
2026-08-17T00:55:35.103576+00:00,jpl:2019-12-24:2019-12-31:page6,1,"https://ev.caltech.edu/api/v1/sessions/jpl?where=connectionTime%3E=%22Tue,%2024%20Dec%202019%2000:00:00%20GMT%22%20and%20connectionTime%3C%22Tue,%2031%20Dec%202019%2000:00:00%20GMT%22%20and%20kWhDelivered%3E=0.0&sort=-connectionTime&page=6",200,application/json,18311,0.2352848169994104,"{""_items"": [{""_id"": ""5e1bc841f9af8b45cfdfcc52"", ""userInputs"": [{""userID"": 4275, ""milesRequested"": 90, ""WhPerMile"": 280, ""minutesAvailable"": 228, ""modifiedAt"": ""Fri, 27 Dec 2019 13:43:50 GMT"", ""paymentRequired"": true, ""requestedDeparture"": ""Fri, 27 Dec 2019 17:31:15 GMT"", ""kWhRequested"": 25.2}], ""use",success
2026-08-17T00:55:35.604470+00:00,jpl:2019-12-24:2019-12-31:page7,1,"https://ev.caltech.edu/api/v1/sessions/jpl?where=connectionTime%3E=%22Tue,%2024%20Dec%202019%2000:00:00%20GMT%22%20and%20connectionTime%3C%22Tue,%2031%20Dec%202019%2000:00:00%20GMT%22%20and%20kWhDelivered%3E=0.0&sort=-connectionTime&page=7",200,application/json,18312,0.24178808299984667,"{""_items"": [{""_id"": ""5e17d3b7f9af8b3a57ba0fdc"", ""userInputs"": [{""userID"": 724, ""milesRequested"": 40, ""WhPerMile"": 400, ""minutesAvailable"": 567, ""modifiedAt"": ""Tue, 24 Dec 2019 15:39:56 GMT"", ""paymentRequired"": true, ""requestedDeparture"": ""Wed, 25 Dec 2019 01:06:39 GMT"", ""kWhRequested"": 16.0}], ""user",success
2026-08-17T00:55:36.061366+00:00,jpl:2019-12-24:2019-12-31:page8,1,"https://ev.caltech.edu/api/v1/sessions/jpl?where=connectionTime%3E=%22Tue,%2024%20Dec%202019%2000:00:00%20GMT%22%20and%20connectionTime%3C%22Tue,%2031%20Dec%202019%2000:00:00%20GMT%22%20and%20kWhDelivered%3E=0.0&sort=-connectionTime&page=8",200,application/json,2981,0.19814166299966018,"{""_items"": [{""_id"": ""5e17d3b7f9af8b3a57ba0fc3"", ""userInputs"": [{""userID"": 1117, ""milesRequested"": 20, ""WhPerMile"": 400, ""minutesAvailable"": 65, ""modifiedAt"": ""Tue, 24 Dec 2019 13:32:17 GMT"", ""paymentRequired"": true, ""requestedDeparture"": ""Tue, 24 Dec 2019 14:37:00 GMT"", ""kWhRequested"": 8.0}], ""userI",success
2026-08-17T00:55:37.523788+00:00,jpl:2019-12-31:2020-01-01:page1,1,https://ev.caltech.edu/api/v1/sessions/jpl?where=connectionTime%3E%3D%22Tue%2C+31+Dec+2019+00%3A00%3A00+GMT%22+and+connectionTime%3C%22Wed%2C+01+Jan+2020+00%3A00%3A00+GMT%22+and+kWhDelivered%3E%3D0.0&sort=-connectionTime,200,application/json,19943,0.45321509599943965,"{""_items"": [{""_id"": ""5e210e3bf9af8b57bb4f5537"", ""userInputs"": [{""userID"": 462, ""milesRequested"": 20, ""WhPerMile"": 400, ""minutesAvailable"": 60, ""modifiedAt"": ""Tue, 31 Dec 2019 22:17:42 GMT"", ""paymentRequired"": true, ""requestedDeparture"": ""Tue, 31 Dec 2019 23:17:15 GMT"", ""kWhRequested"": 8.0}], ""userID",success
2026-08-17T00:55:38.164532+00:00,jpl:2019-12-31:2020-01-01:page2,1,"https://ev.caltech.edu/api/v1/sessions/jpl?where=connectionTime%3E=%22Tue,%2031%20Dec%202019%2000:00:00%20GMT%22%20and%20connectionTime%3C%22Wed,%2001%20Jan%202020%2000:00:00%20GMT%22%20and%20kWhDelivered%3E=0.0&sort=-connectionTime&page=2",200,application/json,17367,0.38360174799981905,"{""_items"": [{""_id"": ""5e210e3bf9af8b57bb4f551e"", ""userInputs"": [{""userID"": 413, ""milesRequested"": 40, ""WhPerMile"": 400, ""minutesAvailable"": 61, ""modifiedAt"": ""Tue, 31 Dec 2019 16:32:02 GMT"", ""paymentRequired"": true, ""requestedDeparture"": ""Tue, 31 Dec 2019 17:32:38 GMT"", ""kWhRequested"": 16.0}], ""userI",success
2026-08-17T00:55:38.625521+00:00,jpl:2019-12-31:2020-01-01:page3,1,"https://ev.caltech.edu/api/v1/sessions/jpl?where=connectionTime%3E=%22Tue,%2031%20Dec%202019%2000:00:00%20GMT%22%20and%20connectionTime%3C%22Wed,%2001%20Jan%202020%2000:00:00%20GMT%22%20and%20kWhDelivered%3E=0.0&sort=-connectionTime&page=3",200,application/json,5440,0.20430445599959057,"{""_items"": [{""_id"": ""5e210e3bf9af8b57bb4f5505"", ""userInputs"": [{""userID"": 3519, ""milesRequested"": 40, ""WhPerMile"": 600, ""minutesAvailable"": 624, ""modifiedAt"": ""Tue, 31 Dec 2019 14:14:05 GMT"", ""paymentRequired"": true, ""requestedDeparture"": ""Wed, 01 Jan 2020 00:38:05 GMT"", ""kWhRequested"": 24.0}], ""use",success
2026-08-17T00:55:41.214386+00:00,office001:2019-01-01:2019-02-01:page1,1,https://ev.caltech.edu/api/v1/sessions/office001?where=connectionTime%3E%3D%22Tue%2C+01+Jan+2019+00%3A00%3A00+GMT%22+and+connectionTime%3C%22Fri%2C+01+Feb+2019+00%3A00%3A00+GMT%22+and+kWhDelivered%3E%3D0.0&sort=-connectionTime,200,application/json,192,0.18657378199986852,"{""_items"": [], ""_links"": {""parent"": {""title"": ""home"", ""href"": ""/""}, ""self"": {""title"": ""sessions/office001"", ""href"": ""sessions/office001""}}, ""_meta"": {""page"": 1, ""max_results"": 25, ""total"": 0}}",success
2026-08-17T00:55:42.404162+00:00,office001:2019-02-01:2019-03-04:page1,1,https://ev.caltech.edu/api/v1/sessions/office001?where=connectionTime%3E%3D%22Fri%2C+01+Feb+2019+00%3A00%3A00+GMT%22+and+connectionTime%3C%22Mon%2C+04+Mar+2019+00%3A00%3A00+GMT%22+and+kWhDelivered%3E%3D0.0&sort=-connectionTime,200,application/json,192,0.18202715099960187,"{""_items"": [], ""_links"": {""parent"": {""title"": ""home"", ""href"": ""/""}, ""self"": {""title"": ""sessions/office001"", ""href"": ""sessions/office001""}}, ""_meta"": {""page"": 1, ""max_results"": 25, ""total"": 0}}",success
2026-08-17T00:55:43.668603+00:00,office001:2019-03-04:2019-04-04:page1,1,https://ev.caltech.edu/api/v1/sessions/office001?where=connectionTime%3E%3D%22Mon%2C+04+Mar+2019+00%3A00%3A00+GMT%22+and+connectionTime%3C%22Thu%2C+04+Apr+2019+00%3A00%3A00+GMT%22+and+kWhDelivered%3E%3D0.0&sort=-connectionTime,200,application/json,7713,0.2600439669995467,"{""_items"": [{""_id"": ""5cd1d489f9af8b68f0e96723"", ""userInputs"": null, ""userID"": null, ""sessionID"": ""19_102_260_1640_2019-04-03 20:18:06.144765"", ""stationID"": ""19-102-260-1640"", ""spaceID"": ""08"", ""siteID"": ""0019"", ""clusterID"": ""0102"", ""connectionTime"": ""Wed, 03 Apr 2019 20:18:06 GMT"", ""disconnectTime"": ",success
2026-08-17T00:55:44.987218+00:00,office001:2019-04-04:2019-05-05:page1,1,https://ev.caltech.edu/api/v1/sessions/office001?where=connectionTime%3E%3D%22Thu%2C+04+Apr+2019+00%3A00%3A00+GMT%22+and+connectionTime%3C%22Sun%2C+05+May+2019+00%3A00%3A00+GMT%22+and+kWhDelivered%3E%3D0.0&sort=-connectionTime,200,application/json,11623,0.311986431999685,"{""_items"": [{""_id"": ""5ce1f50df9af8b1e761ad709"", ""userInputs"": null, ""userID"": null, ""sessionID"": ""19_102_260_1640_2019-05-03 22:14:13.790006"", ""stationID"": ""19-102-260-1640"", ""spaceID"": ""08"", ""siteID"": ""0019"", ""clusterID"": ""0102"", ""connectionTime"": ""Fri, 03 May 2019 22:14:14 GMT"", ""disconnectTime"": ",success
2026-08-17T00:55:45.464665+00:00,office001:2019-04-04:2019-05-05:page2,1,"https://ev.caltech.edu/api/v1/sessions/office001?where=connectionTime%3E=%22Thu,%2004%20Apr%202019%2000:00:00%20GMT%22%20and%20connectionTime%3C%22Sun,%2005%20May%202019%2000:00:00%20GMT%22%20and%20kWhDelivered%3E=0.0&sort=-connectionTime&page=2",200,application/json,11845,0.2173840890000065,"{""_items"": [{""_id"": ""5cd7690df9af8b7c3e70bbb1"", ""userInputs"": null, ""userID"": null, ""sessionID"": ""19_102_260_1633_2019-04-25 20:57:18.245363"", ""stationID"": ""19-102-260-1633"", ""spaceID"": ""02"", ""siteID"": ""0019"", ""clusterID"": ""0102"", ""connectionTime"": ""Thu, 25 Apr 2019 20:57:18 GMT"", ""disconnectTime"": ",success
2026-08-17T00:55:45.931623+00:00,office001:2019-04-04:2019-05-05:page3,1,"https://ev.caltech.edu/api/v1/sessions/office001?where=connectionTime%3E=%22Thu,%2004%20Apr%202019%2000:00:00%20GMT%22%20and%20connectionTime%3C%22Sun,%2005%20May%202019%2000:00:00%20GMT%22%20and%20kWhDelivered%3E=0.0&sort=-connectionTime&page=3",200,application/json,11848,0.20858041399969807,"{""_items"": [{""_id"": ""5cd1d4a5f9af8b68f0e96740"", ""userInputs"": null, ""userID"": null, ""sessionID"": ""19_102_260_1634_2019-04-16 19:41:55.864394"", ""stationID"": ""19-102-260-1634"", ""spaceID"": ""03"", ""siteID"": ""0019"", ""clusterID"": ""0102"", ""connectionTime"": ""Tue, 16 Apr 2019 19:41:56 GMT"", ""disconnectTime"": ",success
2026-08-17T00:55:46.383731+00:00,office001:2019-04-04:2019-05-05:page4,1,"https://ev.caltech.edu/api/v1/sessions/office001?where=connectionTime%3E=%22Thu,%2004%20Apr%202019%2000:00:00%20GMT%22%20and%20connectionTime%3C%22Sun,%2005%20May%202019%2000:00:00%20GMT%22%20and%20kWhDelivered%3E=0.0&sort=-connectionTime&page=4",200,application/json,2308,0.19498709400068037,"{""_items"": [{""_id"": ""5cd1d48ef9af8b68f0e96727"", ""userInputs"": null, ""userID"": null, ""sessionID"": ""19_102_260_1636_2019-04-05 18:16:20.020657"", ""stationID"": ""19-102-260-1636"", ""spaceID"": ""06"", ""siteID"": ""0019"", ""clusterID"": ""0102"", ""connectionTime"": ""Fri, 05 Apr 2019 18:16:20 GMT"", ""disconnectTime"": ",success
2026-08-17T00:55:47.663131+00:00,office001:2019-05-05:2019-06-05:page1,1,https://ev.caltech.edu/api/v1/sessions/office001?where=connectionTime%3E%3D%22Sun%2C+05+May+2019+00%3A00%3A00+GMT%22+and+connectionTime%3C%22Wed%2C+05+Jun+2019+00%3A00%3A00+GMT%22+and+kWhDelivered%3E%3D0.0&sort=-connectionTime,200,application/json,11282,0.2722386200002802,"{""_items"": [{""_id"": ""5d0c250bf9af8b5a6a9bad51"", ""userInputs"": null, ""userID"": null, ""sessionID"": ""19_102_260_1638_2019-06-04 18:53:57.863791"", ""stationID"": ""19-102-260-1638"", ""spaceID"": ""04"", ""siteID"": ""0019"", ""clusterID"": ""0102"", ""connectionTime"": ""Tue, 04 Jun 2019 18:53:58 GMT"", ""disconnectTime"": ",success
2026-08-17T00:55:48.131883+00:00,office001:2019-05-05:2019-06-05:page2,1,"https://ev.caltech.edu/api/v1/sessions/office001?where=connectionTime%3E=%22Sun,%2005%20May%202019%2000:00:00%20GMT%22%20and%20connectionTime%3C%22Wed,%2005%20Jun%202019%2000:00:00%20GMT%22%20and%20kWhDelivered%3E=0.0&sort=-connectionTime&page=2",200,application/json,11851,0.20935408399964217,"{""_items"": [{""_id"": ""5cf46a0df9af8b02de22a9f5"", ""userInputs"": null, ""userID"": null, ""sessionID"": ""19_102_260_1640_2019-05-17 20:16:53.478829"", ""stationID"": ""19-102-260-1640"", ""spaceID"": ""08"", ""siteID"": ""0019"", ""clusterID"": ""0102"", ""connectionTime"": ""Fri, 17 May 2019 20:16:53 GMT"", ""disconnectTime"": ",success
2026-08-17T00:55:48.581303+00:00,office001:2019-05-05:2019-06-05:page3,1,"https://ev.caltech.edu/api/v1/sessions/office001?where=connectionTime%3E=%22Sun,%2005%20May%202019%2000:00:00%20GMT%22%20and%20connectionTime%3C%22Wed,%2005%20Jun%202019%2000:00:00%20GMT%22%20and%20kWhDelivered%3E=0.0&sort=-connectionTime&page=3",200,application/json,3610,0.19406649099983042,"{""_items"": [{""_id"": ""5ce88c8cf9af8b5b2347d9e5"", ""userInputs"": null, ""userID"": null, ""sessionID"": ""19_102_260_1633_2019-05-08 16:38:37.990048"", ""stationID"": ""19-102-260-1633"", ""spaceID"": ""02"", ""siteID"": ""0019"", ""clusterID"": ""0102"", ""connectionTime"": ""Wed, 08 May 2019 16:38:38 GMT"", ""disconnectTime"": ",success
2026-08-17T00:55:49.914940+00:00,office001:2019-06-05:2019-07-06:page1,1,https://ev.caltech.edu/api/v1/sessions/office001?where=connectionTime%3E%3D%22Wed%2C+05+Jun+2019+00%3A00%3A00+GMT%22+and+connectionTime%3C%22Sat%2C+06+Jul+2019+00%3A00%3A00+GMT%22+and+kWhDelivered%3E%3D0.0&sort=-connectionTime,200,application/json,11409,0.3259796840002309,"{""_items"": [{""_id"": ""5d35038cf9af8b5eb21001c5"", ""userInputs"": null, ""userID"": null, ""sessionID"": ""19_102_260_1640_2019-07-05 21:23:11.155550"", ""stationID"": ""19-102-260-1640"", ""spaceID"": ""08"", ""siteID"": ""0019"", ""clusterID"": ""0102"", ""connectionTime"": ""Fri, 05 Jul 2019 21:23:11 GMT"", ""disconnectTime"": ",success
2026-08-17T00:55:50.386202+00:00,office001:2019-06-05:2019-07-06:page2,1,"https://ev.caltech.edu/api/v1/sessions/office001?where=connectionTime%3E=%22Wed,%2005%20Jun%202019%2000:00:00%20GMT%22%20and%20connectionTime%3C%22Sat,%2006%20Jul%202019%2000:00:00%20GMT%22%20and%20kWhDelivered%3E=0.0&sort=-connectionTime&page=2",200,application/json,11768,0.21565716299937776,"{""_items"": [{""_id"": ""5d23e00bf9af8b25bd39c4f1"", ""userInputs"": null, ""userID"": null, ""sessionID"": ""19_102_260_1640_2019-06-21 22:13:47.554301"", ""stationID"": ""19-102-260-1640"", ""spaceID"": ""08"", ""siteID"": ""0019"", ""clusterID"": ""0102"", ""connectionTime"": ""Fri, 21 Jun 2019 22:13:48 GMT"", ""disconnectTime"": ",success
2026-08-17T00:55:50.842892+00:00,office001:2019-06-05:2019-07-06:page3,1,"https://ev.caltech.edu/api/v1/sessions/office001?where=connectionTime%3E=%22Wed,%2005%20Jun%202019%2000:00:00%20GMT%22%20and%20connectionTime%3C%22Sat,%2006%20Jul%202019%2000:00:00%20GMT%22%20and%20kWhDelivered%3E=0.0&sort=-connectionTime&page=3",200,application/json,5861,0.19778462199974456,"{""_items"": [{""_id"": ""5d155f8bf9af8b7689526321"", ""userInputs"": null, ""userID"": null, ""sessionID"": ""19_102_260_1640_2019-06-11 20:08:16.785046"", ""stationID"": ""19-102-260-1640"", ""spaceID"": ""08"", ""siteID"": ""0019"", ""clusterID"": ""0102"", ""connectionTime"": ""Tue, 11 Jun 2019 20:08:17 GMT"", ""disconnectTime"": ",success
2026-08-17T00:55:52.170222+00:00,office001:2019-07-06:2019-08-06:page1,1,https://ev.caltech.edu/api/v1/sessions/office001?where=connectionTime%3E%3D%22Sat%2C+06+Jul+2019+00%3A00%3A00+GMT%22+and+connectionTime%3C%22Tue%2C+06+Aug+2019+00%3A00%3A00+GMT%22+and+kWhDelivered%3E%3D0.0&sort=-connectionTime,200,application/json,11621,0.3179597050002485,"{""_items"": [{""_id"": ""5d5de20df9af8b5fc680f145"", ""userInputs"": null, ""userID"": null, ""sessionID"": ""19_102_260_1636_2019-08-05 18:27:41.335184"", ""stationID"": ""19-102-260-1636"", ""spaceID"": ""06"", ""siteID"": ""0019"", ""clusterID"": ""0102"", ""connectionTime"": ""Mon, 05 Aug 2019 18:27:41 GMT"", ""disconnectTime"": ",success
2026-08-17T00:55:52.642750+00:00,office001:2019-07-06:2019-08-06:page2,1,"https://ev.caltech.edu/api/v1/sessions/office001?where=connectionTime%3E=%22Sat,%2006%20Jul%202019%2000:00:00%20GMT%22%20and%20connectionTime%3C%22Tue,%2006%20Aug%202019%2000:00:00%20GMT%22%20and%20kWhDelivered%3E=0.0&sort=-connectionTime&page=2",200,application/json,11851,0.2151971350003805,"{""_items"": [{""_id"": ""5d54a78ef9af8b413d32f3fc"", ""userInputs"": null, ""userID"": null, ""sessionID"": ""19_102_260_1633_2019-07-29 15:41:39.538535"", ""stationID"": ""19-102-260-1633"", ""spaceID"": ""02"", ""siteID"": ""0019"", ""clusterID"": ""0102"", ""connectionTime"": ""Mon, 29 Jul 2019 15:41:40 GMT"", ""disconnectTime"": ",success
2026-08-17T00:55:53.117494+00:00,office001:2019-07-06:2019-08-06:page3,1,"https://ev.caltech.edu/api/v1/sessions/office001?where=connectionTime%3E=%22Sat,%2006%20Jul%202019%2000:00:00%20GMT%22%20and%20connectionTime%3C%22Tue,%2006%20Aug%202019%2000:00:00%20GMT%22%20and%20kWhDelivered%3E=0.0&sort=-connectionTime&page=3",200,application/json,10981,0.21600352400037082,"{""_items"": [{""_id"": ""5d43840df9af8b0cf2418183"", ""userInputs"": null, ""userID"": null, ""sessionID"": ""19_102_260_1640_2019-07-16 17:43:12.704595"", ""stationID"": ""19-102-260-1640"", ""spaceID"": ""08"", ""siteID"": ""0019"", ""clusterID"": ""0102"", ""connectionTime"": ""Tue, 16 Jul 2019 17:43:13 GMT"", ""disconnectTime"": ",success
2026-08-17T00:55:54.487790+00:00,office001:2019-08-06:2019-09-06:page1,1,https://ev.caltech.edu/api/v1/sessions/office001?where=connectionTime%3E%3D%22Tue%2C+06+Aug+2019+00%3A00%3A00+GMT%22+and+connectionTime%3C%22Fri%2C+06+Sep+2019+00%3A00%3A00+GMT%22+and+kWhDelivered%3E%3D0.0&sort=-connectionTime,200,application/json,11613,0.3658235489992876,"{""_items"": [{""_id"": ""5d86c08df9af8b102051f162"", ""userInputs"": null, ""userID"": null, ""sessionID"": ""19_102_260_1640_2019-09-05 19:43:24.151587"", ""stationID"": ""19-102-260-1640"", ""spaceID"": ""08"", ""siteID"": ""0019"", ""clusterID"": ""0102"", ""connectionTime"": ""Thu, 05 Sep 2019 19:43:24 GMT"", ""disconnectTime"": ",success
2026-08-17T00:55:54.972402+00:00,office001:2019-08-06:2019-09-06:page2,1,"https://ev.caltech.edu/api/v1/sessions/office001?where=connectionTime%3E=%22Tue,%2006%20Aug%202019%2000:00:00%20GMT%22%20and%20connectionTime%3C%22Fri,%2006%20Sep%202019%2000:00:00%20GMT%22%20and%20kWhDelivered%3E=0.0&sort=-connectionTime&page=2",200,application/json,11850,0.22470742699988477,"{""_items"": [{""_id"": ""5d7d860ef9af8b6bcbe6c829"", ""userInputs"": null, ""userID"": null, ""sessionID"": ""19_102_260_1636_2019-08-29 18:27:23.722233"", ""stationID"": ""19-102-260-1636"", ""spaceID"": ""06"", ""siteID"": ""0019"", ""clusterID"": ""0102"", ""connectionTime"": ""Thu, 29 Aug 2019 18:27:24 GMT"", ""disconnectTime"": ",success
2026-08-17T00:55:55.467256+00:00,office001:2019-08-06:2019-09-06:page3,1,"https://ev.caltech.edu/api/v1/sessions/office001?where=connectionTime%3E=%22Tue,%2006%20Aug%202019%2000:00:00%20GMT%22%20and%20connectionTime%3C%22Fri,%2006%20Sep%202019%2000:00:00%20GMT%22%20and%20kWhDelivered%3E=0.0&sort=-connectionTime&page=3",200,application/json,11853,0.23636277500008873,"{""_items"": [{""_id"": ""5d744b8ef9af8b4ae78c84bb"", ""userInputs"": null, ""userID"": null, ""sessionID"": ""19_102_260_1636_2019-08-22 21:00:36.687365"", ""stationID"": ""19-102-260-1636"", ""spaceID"": ""06"", ""siteID"": ""0019"", ""clusterID"": ""0102"", ""connectionTime"": ""Thu, 22 Aug 2019 21:00:37 GMT"", ""disconnectTime"": ",success
2026-08-17T00:55:55.954134+00:00,office001:2019-08-06:2019-09-06:page4,1,"https://ev.caltech.edu/api/v1/sessions/office001?where=connectionTime%3E=%22Tue,%2006%20Aug%202019%2000:00:00%20GMT%22%20and%20connectionTime%3C%22Fri,%2006%20Sep%202019%2000:00:00%20GMT%22%20and%20kWhDelivered%3E=0.0&sort=-connectionTime&page=4",200,application/json,11860,0.22990604499955225,"{""_items"": [{""_id"": ""5d6b110ff9af8b08b9d8bbae"", ""userInputs"": null, ""userID"": null, ""sessionID"": ""19_102_260_1634_2019-08-15 18:22:27.907671"", ""stationID"": ""19-102-260-1634"", ""spaceID"": ""03"", ""siteID"": ""0019"", ""clusterID"": ""0102"", ""connectionTime"": ""Thu, 15 Aug 2019 18:22:28 GMT"", ""disconnectTime"": ",success
2026-08-17T00:55:56.423125+00:00,office001:2019-08-06:2019-09-06:page5,1,"https://ev.caltech.edu/api/v1/sessions/office001?where=connectionTime%3E=%22Tue,%2006%20Aug%202019%2000:00:00%20GMT%22%20and%20connectionTime%3C%22Fri,%2006%20Sep%202019%2000:00:00%20GMT%22%20and%20kWhDelivered%3E=0.0&sort=-connectionTime&page=5",200,application/json,11409,0.21540693800034205,"{""_items"": [{""_id"": ""5d671c8ff9af8b7d8b349116"", ""userInputs"": null, ""userID"": null, ""sessionID"": ""19_102_260_1639_2019-08-12 17:21:32.612687"", ""stationID"": ""19-102-260-1639"", ""spaceID"": ""05"", ""siteID"": ""0019"", ""clusterID"": ""0102"", ""connectionTime"": ""Mon, 12 Aug 2019 17:21:33 GMT"", ""disconnectTime"": ",success
2026-08-17T00:55:57.810823+00:00,office001:2019-09-06:2019-10-07:page1,1,https://ev.caltech.edu/api/v1/sessions/office001?where=connectionTime%3E%3D%22Fri%2C+06+Sep+2019+00%3A00%3A00+GMT%22+and+connectionTime%3C%22Mon%2C+07+Oct+2019+00%3A00%3A00+GMT%22+and+kWhDelivered%3E%3D0.0&sort=-connectionTime,200,application/json,11634,0.38162119100070413,"{""_items"": [{""_id"": ""5dacfc11f9af8b14d005d57a"", ""userInputs"": null, ""userID"": null, ""sessionID"": ""19_102_260_1636_2019-10-04 23:23:54.092676"", ""stationID"": ""19-102-260-1636"", ""spaceID"": ""06"", ""siteID"": ""0019"", ""clusterID"": ""0102"", ""connectionTime"": ""Fri, 04 Oct 2019 23:23:54 GMT"", ""disconnectTime"": ",success
2026-08-17T00:55:58.296330+00:00,office001:2019-09-06:2019-10-07:page2,1,"https://ev.caltech.edu/api/v1/sessions/office001?where=connectionTime%3E=%22Fri,%2006%20Sep%202019%2000:00:00%20GMT%22%20and%20connectionTime%3C%22Mon,%2007%20Oct%202019%2000:00:00%20GMT%22%20and%20kWhDelivered%3E=0.0&sort=-connectionTime&page=2",200,application/json,11847,0.22699824899973464,"{""_items"": [{""_id"": ""5da9078ef9af8b08605ff737"", ""userInputs"": null, ""userID"": null, ""sessionID"": ""19_102_260_1634_2019-10-01 17:33:47.867212"", ""stationID"": ""19-102-260-1634"", ""spaceID"": ""03"", ""siteID"": ""0019"", ""clusterID"": ""0102"", ""connectionTime"": ""Tue, 01 Oct 2019 17:33:48 GMT"", ""disconnectTime"": ",success
2026-08-17T00:55:58.771354+00:00,office001:2019-09-06:2019-10-07:page3,1,"https://ev.caltech.edu/api/v1/sessions/office001?where=connectionTime%3E=%22Fri,%2006%20Sep%202019%2000:00:00%20GMT%22%20and%20connectionTime%3C%22Mon,%2007%20Oct%202019%2000:00:00%20GMT%22%20and%20kWhDelivered%3E=0.0&sort=-connectionTime&page=3",200,application/json,11854,0.2160109750002448,"{""_items"": [{""_id"": ""5da2700ef9af8b7196f13b80"", ""userInputs"": null, ""userID"": null, ""sessionID"": ""19_102_260_1638_2019-09-26 14:39:30.560784"", ""stationID"": ""19-102-260-1638"", ""spaceID"": ""04"", ""siteID"": ""0019"", ""clusterID"": ""0102"", ""connectionTime"": ""Thu, 26 Sep 2019 14:39:31 GMT"", ""disconnectTime"": ",success
2026-08-17T00:55:59.242820+00:00,office001:2019-09-06:2019-10-07:page4,1,"https://ev.caltech.edu/api/v1/sessions/office001?where=connectionTime%3E=%22Fri,%2006%20Sep%202019%2000:00:00%20GMT%22%20and%20connectionTime%3C%22Mon,%2007%20Oct%202019%2000:00:00%20GMT%22%20and%20kWhDelivered%3E=0.0&sort=-connectionTime&page=4",200,application/json,11858,0.21627741300017078,"{""_items"": [{""_id"": ""5d9a8710f9af8b557a05a452"", ""userInputs"": null, ""userID"": null, ""sessionID"": ""19_102_260_1633_2019-09-20 14:46:28.281113"", ""stationID"": ""19-102-260-1633"", ""spaceID"": ""02"", ""siteID"": ""0019"", ""clusterID"": ""0102"", ""connectionTime"": ""Fri, 20 Sep 2019 14:46:28 GMT"", ""disconnectTime"": ",success
2026-08-17T00:55:59.716182+00:00,office001:2019-09-06:2019-10-07:page5,1,"https://ev.caltech.edu/api/v1/sessions/office001?where=connectionTime%3E=%22Fri,%2006%20Sep%202019%2000:00:00%20GMT%22%20and%20connectionTime%3C%22Mon,%2007%20Oct%202019%2000:00:00%20GMT%22%20and%20kWhDelivered%3E=0.0&sort=-connectionTime&page=5",200,application/json,11853,0.21649125699968863,"{""_items"": [{""_id"": ""5d95410ff9af8b44feca1908"", ""userInputs"": null, ""userID"": null, ""sessionID"": ""19_102_260_1637_2019-09-16 20:54:43.112292"", ""stationID"": ""19-102-260-1637"", ""spaceID"": ""07"", ""siteID"": ""0019"", ""clusterID"": ""0102"", ""connectionTime"": ""Mon, 16 Sep 2019 20:54:43 GMT"", ""disconnectTime"": ",success
2026-08-17T00:56:00.197108+00:00,office001:2019-09-06:2019-10-07:page6,1,"https://ev.caltech.edu/api/v1/sessions/office001?where=connectionTime%3E=%22Fri,%2006%20Sep%202019%2000:00:00%20GMT%22%20and%20connectionTime%3C%22Mon,%2007%20Oct%202019%2000:00:00%20GMT%22%20and%20kWhDelivered%3E=0.0&sort=-connectionTime&page=6",200,application/json,8379,0.22370597400004044,"{""_items"": [{""_id"": ""5d8ea98ef9af8b2eab163d5a"", ""userInputs"": null, ""userID"": null, ""sessionID"": ""19_102_260_1634_2019-09-11 15:05:17.684322"", ""stationID"": ""19-102-260-1634"", ""spaceID"": ""03"", ""siteID"": ""0019"", ""clusterID"": ""0102"", ""connectionTime"": ""Wed, 11 Sep 2019 15:05:18 GMT"", ""disconnectTime"": ",success
2026-08-17T00:56:01.580653+00:00,office001:2019-10-07:2019-11-07:page1,1,https://ev.caltech.edu/api/v1/sessions/office001?where=connectionTime%3E%3D%22Mon%2C+07+Oct+2019+00%3A00%3A00+GMT%22+and+connectionTime%3C%22Thu%2C+07+Nov+2019+00%3A00%3A00+GMT%22+and+kWhDelivered%3E%3D0.0&sort=-connectionTime,200,application/json,11621,0.3784864760000346,"{""_items"": [{""_id"": ""5dd88b9ef9af8b7afaf9098a"", ""userInputs"": null, ""userID"": null, ""sessionID"": ""19_102_260_1640_2019-11-06 22:03:57.630124"", ""stationID"": ""19-102-260-1640"", ""spaceID"": ""08"", ""siteID"": ""0019"", ""clusterID"": ""0102"", ""connectionTime"": ""Wed, 06 Nov 2019 22:03:58 GMT"", ""disconnectTime"": ",success
2026-08-17T00:56:02.051218+00:00,office001:2019-10-07:2019-11-07:page2,1,"https://ev.caltech.edu/api/v1/sessions/office001?where=connectionTime%3E=%22Mon,%2007%20Oct%202019%2000:00:00%20GMT%22%20and%20connectionTime%3C%22Thu,%2007%20Nov%202019%2000:00:00%20GMT%22%20and%20kWhDelivered%3E=0.0&sort=-connectionTime&page=2",200,application/json,11846,0.21316631699937716,"{""_items"": [{""_id"": ""5dd0a29ff9af8b29e939cd4b"", ""userInputs"": null, ""userID"": null, ""sessionID"": ""19_102_260_1640_2019-10-31 20:48:08.229463"", ""stationID"": ""19-102-260-1640"", ""spaceID"": ""08"", ""siteID"": ""0019"", ""clusterID"": ""0102"", ""connectionTime"": ""Thu, 31 Oct 2019 20:48:08 GMT"", ""disconnectTime"": ",success
2026-08-17T00:56:02.535415+00:00,office001:2019-10-07:2019-11-07:page3,1,"https://ev.caltech.edu/api/v1/sessions/office001?where=connectionTime%3E=%22Mon,%2007%20Oct%202019%2000:00:00%20GMT%22%20and%20connectionTime%3C%22Thu,%2007%20Nov%202019%2000:00:00%20GMT%22%20and%20kWhDelivered%3E=0.0&sort=-connectionTime&page=3",200,application/json,11854,0.22695921500053373,"{""_items"": [{""_id"": ""5dc8b99ef9af8b0d658df509"", ""userInputs"": null, ""userID"": null, ""sessionID"": ""19_102_260_1634_2019-10-25 21:16:50.226391"", ""stationID"": ""19-102-260-1634"", ""spaceID"": ""03"", ""siteID"": ""0019"", ""clusterID"": ""0102"", ""connectionTime"": ""Fri, 25 Oct 2019 21:16:50 GMT"", ""disconnectTime"": ",success
2026-08-17T00:56:03.031814+00:00,office001:2019-10-07:2019-11-07:page4,1,"https://ev.caltech.edu/api/v1/sessions/office001?where=connectionTime%3E=%22Mon,%2007%20Oct%202019%2000:00:00%20GMT%22%20and%20connectionTime%3C%22Thu,%2007%20Nov%202019%2000:00:00%20GMT%22%20and%20kWhDelivered%3E=0.0&sort=-connectionTime&page=4",200,application/json,11867,0.23718119699969975,"{""_items"": [{""_id"": ""5dc373a0f9af8b7afe6b3b04"", ""userInputs"": null, ""userID"": null, ""sessionID"": ""19_102_260_1639_2019-10-21 20:22:00.981837"", ""stationID"": ""19-102-260-1639"", ""spaceID"": ""05"", ""siteID"": ""0019"", ""clusterID"": ""0102"", ""connectionTime"": ""Mon, 21 Oct 2019 20:22:01 GMT"", ""disconnectTime"": ",success
2026-08-17T00:56:03.584120+00:00,office001:2019-10-07:2019-11-07:page5,1,"https://ev.caltech.edu/api/v1/sessions/office001?where=connectionTime%3E=%22Mon,%2007%20Oct%202019%2000:00:00%20GMT%22%20and%20connectionTime%3C%22Thu,%2007%20Nov%202019%2000:00:00%20GMT%22%20and%20kWhDelivered%3E=0.0&sort=-connectionTime&page=5",200,application/json,11856,0.2963858479997725,"{""_items"": [{""_id"": ""5dbcce0ef9af8b61e1f060d2"", ""userInputs"": null, ""userID"": null, ""sessionID"": ""19_102_260_1640_2019-10-16 20:32:10.139578"", ""stationID"": ""19-102-260-1640"", ""spaceID"": ""08"", ""siteID"": ""0019"", ""clusterID"": ""0102"", ""connectionTime"": ""Wed, 16 Oct 2019 20:32:10 GMT"", ""disconnectTime"": ",success
2026-08-17T00:56:04.131560+00:00,office001:2019-10-07:2019-11-07:page6,1,"https://ev.caltech.edu/api/v1/sessions/office001?where=connectionTime%3E=%22Mon,%2007%20Oct%202019%2000:00:00%20GMT%22%20and%20connectionTime%3C%22Thu,%2007%20Nov%202019%2000:00:00%20GMT%22%20and%20kWhDelivered%3E=0.0&sort=-connectionTime&page=6",200,application/json,7948,0.29362846200001513,"{""_items"": [{""_id"": ""5db3938ef9af8b42ddf39586"", ""userInputs"": null, ""userID"": null, ""sessionID"": ""19_102_260_1634_2019-10-09 16:03:56.354431"", ""stationID"": ""19-102-260-1634"", ""spaceID"": ""03"", ""siteID"": ""0019"", ""clusterID"": ""0102"", ""connectionTime"": ""Wed, 09 Oct 2019 16:03:56 GMT"", ""disconnectTime"": ",success
2026-08-17T00:56:05.494115+00:00,office001:2019-11-07:2019-12-08:page1,1,https://ev.caltech.edu/api/v1/sessions/office001?where=connectionTime%3E%3D%22Thu%2C+07+Nov+2019+00%3A00%3A00+GMT%22+and+connectionTime%3C%22Sun%2C+08+Dec+2019+00%3A00%3A00+GMT%22+and+kWhDelivered%3E%3D0.0&sort=-connectionTime,200,application/json,11621,0.357013989000734,"{""_items"": [{""_id"": ""5e2a54bbf9af8b76743d2725"", ""userInputs"": null, ""userID"": null, ""sessionID"": ""19_102_260_1634_2019-12-06 21:38:42.051359"", ""stationID"": ""19-102-260-1634"", ""spaceID"": ""03"", ""siteID"": ""0019"", ""clusterID"": ""0102"", ""connectionTime"": ""Fri, 06 Dec 2019 21:38:42 GMT"", ""disconnectTime"": ",success
2026-08-17T00:56:06.025741+00:00,office001:2019-11-07:2019-12-08:page2,1,"https://ev.caltech.edu/api/v1/sessions/office001?where=connectionTime%3E=%22Thu,%2007%20Nov%202019%2000:00:00%20GMT%22%20and%20connectionTime%3C%22Sun,%2008%20Dec%202019%2000:00:00%20GMT%22%20and%20kWhDelivered%3E=0.0&sort=-connectionTime&page=2",200,application/json,11862,0.27172322900059953,"{""_items"": [{""_id"": ""5e2a54a6f9af8b76743d270c"", ""userInputs"": null, ""userID"": null, ""sessionID"": ""19_102_260_1634_2019-12-03 19:20:24.516327"", ""stationID"": ""19-102-260-1634"", ""spaceID"": ""03"", ""siteID"": ""0019"", ""clusterID"": ""0102"", ""connectionTime"": ""Tue, 03 Dec 2019 19:20:25 GMT"", ""disconnectTime"": ",success
2026-08-17T00:56:06.496645+00:00,office001:2019-11-07:2019-12-08:page3,1,"https://ev.caltech.edu/api/v1/sessions/office001?where=connectionTime%3E=%22Thu,%2007%20Nov%202019%2000:00:00%20GMT%22%20and%20connectionTime%3C%22Sun,%2008%20Dec%202019%2000:00:00%20GMT%22%20and%20kWhDelivered%3E=0.0&sort=-connectionTime&page=3",200,application/json,11855,0.2127877200000512,"{""_items"": [{""_id"": ""5e2a548df9af8b76743d26f3"", ""userInputs"": null, ""userID"": null, ""sessionID"": ""19_102_260_1639_2019-11-25 17:27:29.564121"", ""stationID"": ""19-102-260-1639"", ""spaceID"": ""05"", ""siteID"": ""0019"", ""clusterID"": ""0102"", ""connectionTime"": ""Mon, 25 Nov 2019 17:27:30 GMT"", ""disconnectTime"": ",success
2026-08-17T00:56:06.967272+00:00,office001:2019-11-07:2019-12-08:page4,1,"https://ev.caltech.edu/api/v1/sessions/office001?where=connectionTime%3E=%22Thu,%2007%20Nov%202019%2000:00:00%20GMT%22%20and%20connectionTime%3C%22Sun,%2008%20Dec%202019%2000:00:00%20GMT%22%20and%20kWhDelivered%3E=0.0&sort=-connectionTime&page=4",200,application/json,11855,0.21171815599973343,"{""_items"": [{""_id"": ""5e2a5474f9af8b76743d26da"", ""userInputs"": null, ""userID"": null, ""sessionID"": ""19_102_260_1634_2019-11-19 17:17:57.439656"", ""stationID"": ""19-102-260-1634"", ""spaceID"": ""03"", ""siteID"": ""0019"", ""clusterID"": ""0102"", ""connectionTime"": ""Tue, 19 Nov 2019 17:17:57 GMT"", ""disconnectTime"": ",success
2026-08-17T00:56:07.432695+00:00,office001:2019-11-07:2019-12-08:page5,1,"https://ev.caltech.edu/api/v1/sessions/office001?where=connectionTime%3E=%22Thu,%2007%20Nov%202019%2000:00:00%20GMT%22%20and%20connectionTime%3C%22Sun,%2008%20Dec%202019%2000:00:00%20GMT%22%20and%20kWhDelivered%3E=0.0&sort=-connectionTime&page=5",200,application/json,11857,0.21010832299998583,"{""_items"": [{""_id"": ""5de0749ff9af8b2f01a05e15"", ""userInputs"": null, ""userID"": null, ""sessionID"": ""19_102_260_1640_2019-11-12 19:58:21.080308"", ""stationID"": ""19-102-260-1640"", ""spaceID"": ""08"", ""siteID"": ""0019"", ""clusterID"": ""0102"", ""connectionTime"": ""Tue, 12 Nov 2019 19:58:21 GMT"", ""disconnectTime"": ",success
2026-08-17T00:56:07.899766+00:00,office001:2019-11-07:2019-12-08:page6,1,"https://ev.caltech.edu/api/v1/sessions/office001?where=connectionTime%3E=%22Thu,%2007%20Nov%202019%2000:00:00%20GMT%22%20and%20connectionTime%3C%22Sun,%2008%20Dec%202019%2000:00:00%20GMT%22%20and%20kWhDelivered%3E=0.0&sort=-connectionTime&page=6",200,application/json,1443,0.21198611999989225,"{""_items"": [{""_id"": ""5dd9dd20f9af8b7ec77dd03f"", ""userInputs"": null, ""userID"": null, ""sessionID"": ""19_102_260_1635_2019-11-07 15:10:31.095107"", ""stationID"": ""19-102-260-1635"", ""spaceID"": ""01"", ""siteID"": ""0019"", ""clusterID"": ""0102"", ""connectionTime"": ""Thu, 07 Nov 2019 15:10:31 GMT"", ""disconnectTime"": ",success
2026-08-17T00:56:09.211236+00:00,office001:2019-12-08:2020-01-01:page1,1,https://ev.caltech.edu/api/v1/sessions/office001?where=connectionTime%3E%3D%22Sun%2C+08+Dec+2019+00%3A00%3A00+GMT%22+and+connectionTime%3C%22Wed%2C+01+Jan+2020+00%3A00%3A00+GMT%22+and+kWhDelivered%3E%3D0.0&sort=-connectionTime,200,application/json,11637,0.3049177220000274,"{""_items"": [{""_id"": ""5e2a550ff9af8b76743d2784"", ""userInputs"": null, ""userID"": null, ""sessionID"": ""19_102_260_1640_2019-12-31 21:35:42.590441"", ""stationID"": ""19-102-260-1640"", ""spaceID"": ""08"", ""siteID"": ""0019"", ""clusterID"": ""0102"", ""connectionTime"": ""Tue, 31 Dec 2019 21:35:43 GMT"", ""disconnectTime"": ",success
2026-08-17T00:56:09.685835+00:00,office001:2019-12-08:2020-01-01:page2,1,"https://ev.caltech.edu/api/v1/sessions/office001?where=connectionTime%3E=%22Sun,%2008%20Dec%202019%2000:00:00%20GMT%22%20and%20connectionTime%3C%22Wed,%2001%20Jan%202020%2000:00:00%20GMT%22%20and%20kWhDelivered%3E=0.0&sort=-connectionTime&page=2",200,application/json,11845,0.214641066000695,"{""_items"": [{""_id"": ""5e2a54f9f9af8b76743d276b"", ""userInputs"": null, ""userID"": null, ""sessionID"": ""19_102_260_1640_2019-12-19 20:56:23.056276"", ""stationID"": ""19-102-260-1640"", ""spaceID"": ""08"", ""siteID"": ""0019"", ""clusterID"": ""0102"", ""connectionTime"": ""Thu, 19 Dec 2019 20:56:23 GMT"", ""disconnectTime"": ",success
2026-08-17T00:56:10.191611+00:00,office001:2019-12-08:2020-01-01:page3,1,"https://ev.caltech.edu/api/v1/sessions/office001?where=connectionTime%3E=%22Sun,%2008%20Dec%202019%2000:00:00%20GMT%22%20and%20connectionTime%3C%22Wed,%2001%20Jan%202020%2000:00:00%20GMT%22%20and%20kWhDelivered%3E=0.0&sort=-connectionTime&page=3",200,application/json,11849,0.24802394800008187,"{""_items"": [{""_id"": ""5e2a54e5f9af8b76743d2752"", ""userInputs"": null, ""userID"": null, ""sessionID"": ""19_102_260_1634_2019-12-13 17:00:09.958595"", ""stationID"": ""19-102-260-1634"", ""spaceID"": ""03"", ""siteID"": ""0019"", ""clusterID"": ""0102"", ""connectionTime"": ""Fri, 13 Dec 2019 17:00:10 GMT"", ""disconnectTime"": ",success
2026-08-17T00:56:10.665289+00:00,office001:2019-12-08:2020-01-01:page4,1,"https://ev.caltech.edu/api/v1/sessions/office001?where=connectionTime%3E=%22Sun,%2008%20Dec%202019%2000:00:00%20GMT%22%20and%20connectionTime%3C%22Wed,%2001%20Jan%202020%2000:00:00%20GMT%22%20and%20kWhDelivered%3E=0.0&sort=-connectionTime&page=4",200,application/json,9240,0.21749369999997725,"{""_items"": [{""_id"": ""5e2a54cdf9af8b76743d2739"", ""userInputs"": null, ""userID"": null, ""sessionID"": ""19_102_260_1635_2019-12-10 17:31:34.558486"", ""stationID"": ""19-102-260-1635"", ""spaceID"": ""01"", ""siteID"": ""0019"", ""clusterID"": ""0102"", ""connectionTime"": ""Tue, 10 Dec 2019 17:31:35 GMT"", ""disconnectTime"": ",success
