session_id,record_id,site,station_id,space_id,cluster_id,user_id,connection_time_utc,disconnect_time_utc,done_charging_time_utc,kwh_delivered,source_max_power_kw,user_inputs_json,source_file,source_row_number,extraction_start_utc,extraction_end_utc_exclusive,session_id_derived
19_102_260_1640_2019-04-03 20:18:06.144765,5cd1d489f9af8b68f0e96723,office001,19-102-260-1640,08,0102,,2019-04-03T20:18:06+00:00,2019-04-04T04:03:02+00:00,2019-04-04T04:02:54+00:00,47.887,,[],office001_2019_raw.jsonl,0,2019-01-01T00:00:00+00:00,2020-01-01T00:00:00+00:00,False
19_102_260_1636_2019-04-03 18:16:59.791638,5cd1d489f9af8b68f0e96722,office001,19-102-260-1636,06,0102,,2019-04-03T18:17:00+00:00,2019-04-04T02:20:31+00:00,2019-04-03T22:29:27+00:00,14.144,,[],office001_2019_raw.jsonl,1,2019-01-01T00:00:00+00:00,2020-01-01T00:00:00+00:00,False
19_102_260_1634_2019-04-02 20:14:39.061596,5cd1d488f9af8b68f0e96721,office001,19-102-260-1634,03,0102,,2019-04-02T20:14:39+00:00,2019-04-03T00:19:07+00:00,2019-04-02T22:43:48+00:00,15.53,,[],office001_2019_raw.jsonl,2,2019-01-01T00:00:00+00:00,2020-01-01T00:00:00+00:00,False
19_102_260_1636_2019-04-01 18:22:15.377899,5cd1d486f9af8b68f0e96720,office001,19-102-260-1636,06,0102,,2019-04-01T18:22:15+00:00,2019-04-02T01:55:46+00:00,2019-04-01T22:57:22+00:00,15.1,,[],office001_2019_raw.jsonl,3,2019-01-01T00:00:00+00:00,2020-01-01T00:00:00+00:00,False
19_102_260_1634_2019-04-01 17:22:05.846606,5cd1d486f9af8b68f0e9671f,office001,19-102-260-1634,03,0102,,2019-04-01T17:22:06+00:00,2019-04-02T00:19:14+00:00,2019-04-01T23:10:19+00:00,34.468,,[],office001_2019_raw.jsonl,4,2019-01-01T00:00:00+00:00,2020-01-01T00:00:00+00:00,False
19_102_260_1638_2019-04-01 17:16:23.378843,5cd1d486f9af8b68f0e9671e,office001,19-102-260-1638,04,0102,,2019-04-01T17:16:23+00:00,2019-04-02T02:16:44+00:00,2019-04-02T02:16:31+00:00,55.288,,[],office001_2019_raw.jsonl,5,2019-01-01T00:00:00+00:00,2020-01-01T00:00:00+00:00,False
19_102_260_1633_2019-04-01 16:27:57.666139,5cd1d486f9af8b68f0e9671d,office001,19-102-260-1633,02,0102,,2019-04-01T16:27:58+00:00,2019-04-01T19:44:01+00:00,2019-04-01T17:38:02+00:00,6.307,,[],office001_2019_raw.jsonl,6,2019-01-01T00:00:00+00:00,2020-01-01T00:00:00+00:00,False
19_102_260_1634_2019-03-29 20:49:20.589006,5cd1d481f9af8b68f0e9671c,office001,19-102-260-1634,03,0102,,2019-03-29T20:49:21+00:00,2019-03-30T00:56:22+00:00,2019-03-29T22:00:16+00:00,7.328,,[],office001_2019_raw.jsonl,7,2019-01-01T00:00:00+00:00,2020-01-01T00:00:00+00:00,False
19_102_260_1640_2019-03-29 20:21:24.158802,5cd1d481f9af8b68f0e9671b,office001,19-102-260-1640,08,0102,,2019-03-29T20:21:24+00:00,2019-03-30T03:12:29+00:00,2019-03-29T23:45:47+00:00,21.026,,[],office001_2019_raw.jsonl,8,2019-01-01T00:00:00+00:00,2020-01-01T00:00:00+00:00,False
19_102_260_1636_2019-03-29 18:26:24.250355,5cd1d481f9af8b68f0e9671a,office001,19-102-260-1636,06,0102,,2019-03-29T18:26:24+00:00,2019-03-30T00:08:16+00:00,2019-03-29T23:07:46+00:00,15.762,,[],office001_2019_raw.jsonl,9,2019-01-01T00:00:00+00:00,2020-01-01T00:00:00+00:00,False
19_102_260_1634_2019-03-29 16:30:37.914117,5cd1d481f9af8b68f0e96719,office001,19-102-260-1634,03,0102,,2019-03-29T16:30:38+00:00,2019-03-29T20:03:10+00:00,2019-03-29T20:03:06+00:00,22.407,,[],office001_2019_raw.jsonl,10,2019-01-01T00:00:00+00:00,2020-01-01T00:00:00+00:00,False
19_102_260_1635_2019-03-28 00:32:32.796410,5cd1d47ef9af8b68f0e96718,office001,19-102-260-1635,01,0102,,2019-03-28T00:32:33+00:00,2019-03-28T03:26:12+00:00,2019-03-28T03:23:22+00:00,17.591,,[],office001_2019_raw.jsonl,11,2019-01-01T00:00:00+00:00,2020-01-01T00:00:00+00:00,False
19_102_260_1640_2019-03-27 18:28:00.642220,5cd1d47ef9af8b68f0e96717,office001,19-102-260-1640,08,0102,,2019-03-27T18:28:01+00:00,2019-03-28T00:37:47+00:00,2019-03-27T21:44:03+00:00,10.688,,[],office001_2019_raw.jsonl,12,2019-01-01T00:00:00+00:00,2020-01-01T00:00:00+00:00,False
19_102_260_1640_2019-03-26 18:33:56.204855,5cd1d47df9af8b68f0e96716,office001,19-102-260-1640,08,0102,,2019-03-26T18:33:56+00:00,2019-03-27T00:45:33+00:00,2019-03-26T22:30:58+00:00,12.978,,[],office001_2019_raw.jsonl,13,2019-01-01T00:00:00+00:00,2020-01-01T00:00:00+00:00,False
19_102_260_1640_2019-03-25 21:27:32.338192,5cd1d47af9af8b68f0e96715,office001,19-102-260-1640,08,0102,,2019-03-25T21:27:32+00:00,2019-03-26T03:32:03+00:00,2019-03-26T02:10:40+00:00,28.33,,[],office001_2019_raw.jsonl,14,2019-01-01T00:00:00+00:00,2020-01-01T00:00:00+00:00,False
19_102_260_1634_2019-03-25 17:19:26.896309,5cd1d47af9af8b68f0e96714,office001,19-102-260-1634,03,0102,,2019-03-25T17:19:27+00:00,2019-03-26T00:38:50+00:00,2019-03-25T18:00:49+00:00,3.658,,[],office001_2019_raw.jsonl,15,2019-01-01T00:00:00+00:00,2020-01-01T00:00:00+00:00,False
19_102_260_1633_2019-03-25 16:24:42.408146,5cd1d47af9af8b68f0e96713,office001,19-102-260-1633,02,0102,,2019-03-25T16:24:42+00:00,2019-03-26T01:32:12+00:00,2019-03-25T17:32:48+00:00,6.146,,[],office001_2019_raw.jsonl,16,2019-01-01T00:00:00+00:00,2020-01-01T00:00:00+00:00,False
19_102_260_1640_2019-05-03 22:14:13.790006,5ce1f50df9af8b1e761ad709,office001,19-102-260-1640,08,0102,,2019-05-03T22:14:14+00:00,2019-05-04T03:19:38+00:00,2019-05-04T00:26:26+00:00,13.159,,[],office001_2019_raw.jsonl,17,2019-01-01T00:00:00+00:00,2020-01-01T00:00:00+00:00,False
19_102_260_1636_2019-05-03 20:43:43.760009,5ce1f50df9af8b1e761ad708,office001,19-102-260-1636,06,0102,,2019-05-03T20:43:44+00:00,2019-05-04T01:36:12+00:00,2019-05-03T23:27:27+00:00,9.102,,[],office001_2019_raw.jsonl,18,2019-01-01T00:00:00+00:00,2020-01-01T00:00:00+00:00,False
19_102_260_1639_2019-05-03 19:34:26.517503,5ce1f50df9af8b1e761ad707,office001,19-102-260-1639,05,0102,,2019-05-03T19:34:27+00:00,2019-05-04T01:31:13+00:00,2019-05-04T01:31:00+00:00,35.912,,[],office001_2019_raw.jsonl,19,2019-01-01T00:00:00+00:00,2020-01-01T00:00:00+00:00,False
19_102_260_1638_2019-05-03 18:24:51.443937,5ce1f50df9af8b1e761ad706,office001,19-102-260-1638,04,0102,,2019-05-03T18:24:51+00:00,2019-05-03T19:09:59+00:00,2019-05-03T19:09:54+00:00,4.795,,[],office001_2019_raw.jsonl,20,2019-01-01T00:00:00+00:00,2020-01-01T00:00:00+00:00,False
19_102_260_1636_2019-05-03 18:21:36.098592,5ce1f50df9af8b1e761ad705,office001,19-102-260-1636,06,0102,,2019-05-03T18:21:36+00:00,2019-05-03T19:04:49+00:00,2019-05-03T19:04:45+00:00,2.428,,[],office001_2019_raw.jsonl,21,2019-01-01T00:00:00+00:00,2020-01-01T00:00:00+00:00,False
19_102_260_1633_2019-05-03 16:03:46.256273,5ce1f50df9af8b1e761ad704,office001,19-102-260-1633,02,0102,,2019-05-03T16:03:46+00:00,2019-05-03T21:32:33+00:00,2019-05-03T17:06:53+00:00,5.661,,[],office001_2019_raw.jsonl,22,2019-01-01T00:00:00+00:00,2020-01-01T00:00:00+00:00,False
19_102_260_1640_2019-05-02 21:31:01.640058,5ce0a38df9af8b1a6c3a4fc5,office001,19-102-260-1640,08,0102,,2019-05-02T21:31:02+00:00,2019-05-03T03:47:57+00:00,2019-05-03T03:16:29+00:00,33.745,,[],office001_2019_raw.jsonl,23,2019-01-01T00:00:00+00:00,2020-01-01T00:00:00+00:00,False
19_102_260_1636_2019-05-02 18:26:15.891966,5ce0a38df9af8b1a6c3a4fc4,office001,19-102-260-1636,06,0102,,2019-05-02T18:26:16+00:00,2019-05-03T02:00:38+00:00,2019-05-02T21:19:11+00:00,9.562,,[],office001_2019_raw.jsonl,24,2019-01-01T00:00:00+00:00,2020-01-01T00:00:00+00:00,False
19_102_260_1633_2019-05-02 16:35:06.090848,5ce0a38df9af8b1a6c3a4fc3,office001,19-102-260-1633,02,0102,,2019-05-02T16:35:06+00:00,2019-05-02T23:06:25+00:00,2019-05-02T17:28:41+00:00,4.719,,[],office001_2019_raw.jsonl,25,2019-01-01T00:00:00+00:00,2020-01-01T00:00:00+00:00,False
19_102_260_1636_2019-05-01 18:17:23.971924,5cdf520df9af8b14963289ab,office001,19-102-260-1636,06,0102,,2019-05-01T18:17:24+00:00,2019-05-02T01:57:29+00:00,2019-05-01T22:00:18+00:00,12.335,,[],office001_2019_raw.jsonl,26,2019-01-01T00:00:00+00:00,2020-01-01T00:00:00+00:00,False
19_102_260_1634_2019-05-01 17:16:32.075006,5cdf520df9af8b14963289aa,office001,19-102-260-1634,03,0102,,2019-05-01T17:16:32+00:00,2019-05-02T00:49:28+00:00,2019-05-01T20:55:58+00:00,18.646,,[],office001_2019_raw.jsonl,27,2019-01-01T00:00:00+00:00,2020-01-01T00:00:00+00:00,False
19_102_260_1633_2019-05-01 16:05:36.809286,5cdf520df9af8b14963289a9,office001,19-102-260-1633,02,0102,,2019-05-01T16:05:37+00:00,2019-05-01T23:16:51+00:00,2019-05-01T17:09:58+00:00,5.763,,[],office001_2019_raw.jsonl,28,2019-01-01T00:00:00+00:00,2020-01-01T00:00:00+00:00,False
19_102_260_1640_2019-04-30 21:22:23.252945,5cde008ef9af8b123da39233,office001,19-102-260-1640,08,0102,,2019-04-30T21:22:23+00:00,2019-05-01T03:38:16+00:00,2019-05-01T02:54:58+00:00,33.127,,[],office001_2019_raw.jsonl,29,2019-01-01T00:00:00+00:00,2020-01-01T00:00:00+00:00,False
19_102_260_1639_2019-04-30 17:37:47.589962,5cde008ef9af8b123da39232,office001,19-102-260-1639,05,0102,,2019-04-30T17:37:48+00:00,2019-04-30T21:28:39+00:00,2019-04-30T21:28:23+00:00,23.509,,[],office001_2019_raw.jsonl,30,2019-01-01T00:00:00+00:00,2020-01-01T00:00:00+00:00,False
19_102_260_1633_2019-04-30 16:38:27.335854,5cde008ef9af8b123da39231,office001,19-102-260-1633,02,0102,,2019-04-30T16:38:27+00:00,2019-05-01T00:39:13+00:00,2019-04-30T17:33:01+00:00,5.219,,[],office001_2019_raw.jsonl,31,2019-01-01T00:00:00+00:00,2020-01-01T00:00:00+00:00,False
19_102_260_1634_2019-04-30 16:03:05.465846,5cde008ef9af8b123da39230,office001,19-102-260-1634,03,0102,,2019-04-30T16:03:05+00:00,2019-05-01T01:44:33+00:00,2019-04-30T21:07:03+00:00,30.94,,[],office001_2019_raw.jsonl,32,2019-01-01T00:00:00+00:00,2020-01-01T00:00:00+00:00,False
19_102_260_1636_2019-04-29 18:23:58.198936,5cdcaf0df9af8b0e47e46fad,office001,19-102-260-1636,06,0102,,2019-04-29T18:23:58+00:00,2019-04-30T01:37:39+00:00,2019-04-29T22:37:01+00:00,13.725,,[],office001_2019_raw.jsonl,33,2019-01-01T00:00:00+00:00,2020-01-01T00:00:00+00:00,False
19_102_260_1633_2019-04-29 16:40:53.257660,5cdcaf0df9af8b0e47e46fac,office001,19-102-260-1633,02,0102,,2019-04-29T16:40:53+00:00,2019-04-30T01:05:34+00:00,2019-04-29T17:31:23+00:00,4.424,,[],office001_2019_raw.jsonl,34,2019-01-01T00:00:00+00:00,2020-01-01T00:00:00+00:00,False
19_102_260_1639_2019-04-27 01:07:21.525203,5cd8ba8df9af8b0170d38c6c,office001,19-102-260-1639,05,0102,,2019-04-27T01:07:22+00:00,2019-04-27T01:45:11+00:00,2019-04-27T01:45:03+00:00,3.965,,[],office001_2019_raw.jsonl,35,2019-01-01T00:00:00+00:00,2020-01-01T00:00:00+00:00,False
19_102_260_1640_2019-04-27 00:37:50.327982,5cd8ba8df9af8b0170d38c6b,office001,19-102-260-1640,08,0102,,2019-04-27T00:37:50+00:00,2019-04-27T04:11:53+00:00,2019-04-27T04:00:50+00:00,17.461,,[],office001_2019_raw.jsonl,36,2019-01-01T00:00:00+00:00,2020-01-01T00:00:00+00:00,False
19_102_260_1639_2019-04-26 18:44:46.780905,5cd8ba8df9af8b0170d38c6a,office001,19-102-260-1639,05,0102,,2019-04-26T18:44:47+00:00,2019-04-27T01:07:14+00:00,2019-04-27T01:08:12+00:00,37.153,,[],office001_2019_raw.jsonl,37,2019-01-01T00:00:00+00:00,2020-01-01T00:00:00+00:00,False
19_102_260_1633_2019-04-26 16:28:40.635553,5cd8ba8df9af8b0170d38c69,office001,19-102-260-1633,02,0102,,2019-04-26T16:28:41+00:00,2019-04-27T00:01:08+00:00,2019-04-26T17:21:36+00:00,5.029,,[],office001_2019_raw.jsonl,38,2019-01-01T00:00:00+00:00,2020-01-01T00:00:00+00:00,False
19_102_260_1634_2019-04-26 16:27:47.614334,5cd8ba8df9af8b0170d38c68,office001,19-102-260-1634,03,0102,,2019-04-26T16:27:48+00:00,2019-04-27T00:08:56+00:00,2019-04-26T21:14:48+00:00,26.609,,[],office001_2019_raw.jsonl,39,2019-01-01T00:00:00+00:00,2020-01-01T00:00:00+00:00,False
19_102_260_1640_2019-04-26 00:21:37.878788,5cd7690df9af8b7c3e70bbb3,office001,19-102-260-1640,08,0102,,2019-04-26T00:21:38+00:00,2019-04-26T03:59:45+00:00,2019-04-26T02:47:53+00:00,13.599,,[],office001_2019_raw.jsonl,40,2019-01-01T00:00:00+00:00,2020-01-01T00:00:00+00:00,False
19_102_260_1640_2019-04-25 21:31:51.195222,5cd7690df9af8b7c3e70bbb2,office001,19-102-260-1640,08,0102,,2019-04-25T21:31:51+00:00,2019-04-25T23:50:26+00:00,2019-04-25T23:50:18+00:00,14.397,,[],office001_2019_raw.jsonl,41,2019-01-01T00:00:00+00:00,2020-01-01T00:00:00+00:00,False
19_102_260_1633_2019-04-25 20:57:18.245363,5cd7690df9af8b7c3e70bbb1,office001,19-102-260-1633,02,0102,,2019-04-25T20:57:18+00:00,2019-04-26T01:13:23+00:00,2019-04-25T21:51:25+00:00,5.194,,[],office001_2019_raw.jsonl,42,2019-01-01T00:00:00+00:00,2020-01-01T00:00:00+00:00,False
19_102_260_1640_2019-04-25 20:32:44.567718,5cd7690df9af8b7c3e70bbb0,office001,19-102-260-1640,08,0102,,2019-04-25T20:32:45+00:00,2019-04-25T21:06:10+00:00,2019-04-25T21:06:02+00:00,3.414,,[],office001_2019_raw.jsonl,43,2019-01-01T00:00:00+00:00,2020-01-01T00:00:00+00:00,False
19_102_260_1635_2019-04-25 19:18:38.354243,5cd7690df9af8b7c3e70bbaf,office001,19-102-260-1635,01,0102,,2019-04-25T19:18:38+00:00,2019-04-25T20:40:01+00:00,2019-04-25T20:39:52+00:00,5.035,,[],office001_2019_raw.jsonl,44,2019-01-01T00:00:00+00:00,2020-01-01T00:00:00+00:00,False
19_102_260_1636_2019-04-25 18:36:11.519353,5cd7690df9af8b7c3e70bbae,office001,19-102-260-1636,06,0102,,2019-04-25T18:36:12+00:00,2019-04-26T01:13:01+00:00,2019-04-25T21:48:14+00:00,10.415,,[],office001_2019_raw.jsonl,45,2019-01-01T00:00:00+00:00,2020-01-01T00:00:00+00:00,False
19_102_260_1640_2019-04-24 21:07:14.211117,5cd6178ef9af8b78583b1921,office001,19-102-260-1640,08,0102,,2019-04-24T21:07:14+00:00,2019-04-25T03:42:29+00:00,2019-04-25T03:42:13+00:00,40.12,,[],office001_2019_raw.jsonl,46,2019-01-01T00:00:00+00:00,2020-01-01T00:00:00+00:00,False
19_102_260_1636_2019-04-24 18:26:28.296373,5cd6178ef9af8b78583b1920,office001,19-102-260-1636,06,0102,,2019-04-24T18:26:28+00:00,2019-04-25T01:46:59+00:00,2019-04-24T22:47:56+00:00,14.265,,[],office001_2019_raw.jsonl,47,2019-01-01T00:00:00+00:00,2020-01-01T00:00:00+00:00,False
19_102_260_1633_2019-04-24 16:35:26.712745,5cd6178ef9af8b78583b191f,office001,19-102-260-1633,02,0102,,2019-04-24T16:35:27+00:00,2019-04-25T00:42:51+00:00,2019-04-24T17:29:57+00:00,4.738,,[],office001_2019_raw.jsonl,48,2019-01-01T00:00:00+00:00,2020-01-01T00:00:00+00:00,False
19_102_260_1640_2019-04-24 01:01:27.495666,5cd4c60df9af8b748a9403c2,office001,19-102-260-1640,08,0102,,2019-04-24T01:01:27+00:00,2019-04-24T03:54:11+00:00,2019-04-24T03:54:03+00:00,17.778,,[],office001_2019_raw.jsonl,49,2019-01-01T00:00:00+00:00,2020-01-01T00:00:00+00:00,False
19_102_260_1634_2019-04-23 16:10:12.749557,5cd4c60df9af8b748a9403c1,office001,19-102-260-1634,03,0102,,2019-04-23T16:10:13+00:00,2019-04-24T01:44:07+00:00,2019-04-23T21:26:35+00:00,32.45,,[],office001_2019_raw.jsonl,50,2019-01-01T00:00:00+00:00,2020-01-01T00:00:00+00:00,False
19_102_260_1633_2019-04-23 16:02:40.405232,5cd4c60df9af8b748a9403c0,office001,19-102-260-1633,02,0102,,2019-04-23T16:02:40+00:00,2019-04-24T00:34:58+00:00,2019-04-23T16:56:43+00:00,5.071,,[],office001_2019_raw.jsonl,51,2019-01-01T00:00:00+00:00,2020-01-01T00:00:00+00:00,False
19_102_260_1636_2019-04-22 18:30:28.872826,5cd3748cf9af8b70b7d4b89b,office001,19-102-260-1636,06,0102,,2019-04-22T18:30:29+00:00,2019-04-22T22:31:12+00:00,2019-04-22T20:37:14+00:00,6.95,,[],office001_2019_raw.jsonl,52,2019-01-01T00:00:00+00:00,2020-01-01T00:00:00+00:00,False
19_102_260_1633_2019-04-22 16:32:49.328555,5cd3748cf9af8b70b7d4b89a,office001,19-102-260-1633,02,0102,,2019-04-22T16:32:49+00:00,2019-04-23T00:51:51+00:00,2019-04-22T19:02:37+00:00,14.007,,[],office001_2019_raw.jsonl,53,2019-01-01T00:00:00+00:00,2020-01-01T00:00:00+00:00,False
19_102_260_1640_2019-04-20 00:58:49.666176,5cd1d4aff9af8b68f0e9674d,office001,19-102-260-1640,08,0102,,2019-04-20T00:58:50+00:00,2019-04-20T04:25:47+00:00,2019-04-20T03:19:26+00:00,14.417,,[],office001_2019_raw.jsonl,54,2019-01-01T00:00:00+00:00,2020-01-01T00:00:00+00:00,False
19_102_260_1636_2019-04-19 18:37:58.461190,5cd1d4aff9af8b68f0e9674c,office001,19-102-260-1636,06,0102,,2019-04-19T18:37:58+00:00,2019-04-20T01:51:27+00:00,2019-04-19T21:47:03+00:00,10.45,,[],office001_2019_raw.jsonl,55,2019-01-01T00:00:00+00:00,2020-01-01T00:00:00+00:00,False
19_102_260_1634_2019-04-19 16:53:06.740676,5cd1d4aff9af8b68f0e9674b,office001,19-102-260-1634,03,0102,,2019-04-19T16:53:07+00:00,2019-04-19T22:04:14+00:00,2019-04-19T21:48:55+00:00,27.954,,[],office001_2019_raw.jsonl,56,2019-01-01T00:00:00+00:00,2020-01-01T00:00:00+00:00,False
19_102_260_1633_2019-04-19 16:21:43.938086,5cd1d4aff9af8b68f0e9674a,office001,19-102-260-1633,02,0102,,2019-04-19T16:21:44+00:00,2019-04-19T23:35:20+00:00,2019-04-19T17:30:37+00:00,6.156,,[],office001_2019_raw.jsonl,57,2019-01-01T00:00:00+00:00,2020-01-01T00:00:00+00:00,False
19_102_260_1638_2019-04-18 23:40:52.635959,5cd1d4abf9af8b68f0e96749,office001,19-102-260-1638,04,0102,,2019-04-18T23:40:53+00:00,2019-04-19T00:11:25+00:00,2019-04-19T00:11:21+00:00,3.177,,[],office001_2019_raw.jsonl,58,2019-01-01T00:00:00+00:00,2020-01-01T00:00:00+00:00,False
19_102_260_1640_2019-04-18 20:53:55.741203,5cd1d4abf9af8b68f0e96748,office001,19-102-260-1640,08,0102,,2019-04-18T20:53:56+00:00,2019-04-19T04:33:25+00:00,2019-04-19T03:52:49+00:00,34.147,,[],office001_2019_raw.jsonl,59,2019-01-01T00:00:00+00:00,2020-01-01T00:00:00+00:00,False
19_102_260_1633_2019-04-18 19:24:58.575165,5cd1d4abf9af8b68f0e96747,office001,19-102-260-1633,02,0102,,2019-04-18T19:24:59+00:00,2019-04-19T00:09:18+00:00,2019-04-18T19:38:10+00:00,1.236,,[],office001_2019_raw.jsonl,60,2019-01-01T00:00:00+00:00,2020-01-01T00:00:00+00:00,False
19_102_260_1636_2019-04-18 18:19:03.622160,5cd1d4abf9af8b68f0e96746,office001,19-102-260-1636,06,0102,,2019-04-18T18:19:04+00:00,2019-04-19T00:07:02+00:00,2019-04-18T21:35:57+00:00,10.861,,[],office001_2019_raw.jsonl,61,2019-01-01T00:00:00+00:00,2020-01-01T00:00:00+00:00,False
19_102_260_1638_2019-04-18 17:10:13.261532,5cd1d4abf9af8b68f0e96745,office001,19-102-260-1638,04,0102,,2019-04-18T17:10:13+00:00,2019-04-18T23:40:49+00:00,2019-04-18T23:41:47+00:00,37.185,,[],office001_2019_raw.jsonl,62,2019-01-01T00:00:00+00:00,2020-01-01T00:00:00+00:00,False
19_102_260_1633_2019-04-18 16:27:30.790007,5cd1d4abf9af8b68f0e96744,office001,19-102-260-1633,02,0102,,2019-04-18T16:27:31+00:00,2019-04-18T18:25:40+00:00,2019-04-18T17:33:46+00:00,5.956,,[],office001_2019_raw.jsonl,63,2019-01-01T00:00:00+00:00,2020-01-01T00:00:00+00:00,False
19_102_260_1636_2019-04-17 18:07:34.093658,5cd1d4a8f9af8b68f0e96743,office001,19-102-260-1636,06,0102,,2019-04-17T18:07:34+00:00,2019-04-18T00:50:03+00:00,2019-04-17T22:10:42+00:00,13.476,,[],office001_2019_raw.jsonl,64,2019-01-01T00:00:00+00:00,2020-01-01T00:00:00+00:00,False
19_102_260_1633_2019-04-17 16:29:48.866359,5cd1d4a8f9af8b68f0e96742,office001,19-102-260-1633,02,0102,,2019-04-17T16:29:49+00:00,2019-04-17T23:54:20+00:00,2019-04-17T17:33:43+00:00,5.715,,[],office001_2019_raw.jsonl,65,2019-01-01T00:00:00+00:00,2020-01-01T00:00:00+00:00,False
19_102_260_1640_2019-04-16 20:32:40.778837,5cd1d4a5f9af8b68f0e96741,office001,19-102-260-1640,08,0102,,2019-04-16T20:32:41+00:00,2019-04-17T04:21:37+00:00,2019-04-17T01:03:43+00:00,25.288,,[],office001_2019_raw.jsonl,66,2019-01-01T00:00:00+00:00,2020-01-01T00:00:00+00:00,False
19_102_260_1634_2019-04-16 19:41:55.864394,5cd1d4a5f9af8b68f0e96740,office001,19-102-260-1634,03,0102,,2019-04-16T19:41:56+00:00,2019-04-17T01:22:09+00:00,2019-04-17T01:12:06+00:00,34.537,,[],office001_2019_raw.jsonl,67,2019-01-01T00:00:00+00:00,2020-01-01T00:00:00+00:00,False
19_102_260_1633_2019-04-16 16:28:22.331217,5cd1d4a5f9af8b68f0e9673f,office001,19-102-260-1633,02,0102,,2019-04-16T16:28:22+00:00,2019-04-17T01:06:03+00:00,2019-04-16T17:34:06+00:00,5.914,,[],office001_2019_raw.jsonl,68,2019-01-01T00:00:00+00:00,2020-01-01T00:00:00+00:00,False
19_102_260_1640_2019-04-15 20:36:26.296137,5cd1d4a2f9af8b68f0e9673e,office001,19-102-260-1640,08,0102,,2019-04-15T20:36:26+00:00,2019-04-16T04:02:00+00:00,2019-04-16T04:01:51+00:00,45.371,,[],office001_2019_raw.jsonl,69,2019-01-01T00:00:00+00:00,2020-01-01T00:00:00+00:00,False
19_102_260_1636_2019-04-15 19:03:23.981867,5cd1d4a2f9af8b68f0e9673d,office001,19-102-260-1636,06,0102,,2019-04-15T19:03:24+00:00,2019-04-16T01:21:58+00:00,2019-04-15T21:00:06+00:00,6.388,,[],office001_2019_raw.jsonl,70,2019-01-01T00:00:00+00:00,2020-01-01T00:00:00+00:00,False
19_102_260_1634_2019-04-15 17:28:55.021953,5cd1d4a2f9af8b68f0e9673c,office001,19-102-260-1634,03,0102,,2019-04-15T17:28:55+00:00,2019-04-15T22:50:42+00:00,2019-04-15T22:50:36+00:00,26.606,,[],office001_2019_raw.jsonl,71,2019-01-01T00:00:00+00:00,2020-01-01T00:00:00+00:00,False
19_102_260_1633_2019-04-15 16:22:13.692426,5cd1d4a2f9af8b68f0e9673b,office001,19-102-260-1633,02,0102,,2019-04-15T16:22:14+00:00,2019-04-16T02:58:57+00:00,2019-04-15T17:29:19+00:00,6.05,,[],office001_2019_raw.jsonl,72,2019-01-01T00:00:00+00:00,2020-01-01T00:00:00+00:00,False
19_102_260_1640_2019-04-13 00:28:51.199120,5cd1d49df9af8b68f0e9673a,office001,19-102-260-1640,08,0102,,2019-04-13T00:28:51+00:00,2019-04-13T03:49:58+00:00,2019-04-13T03:13:50+00:00,17.433,,[],office001_2019_raw.jsonl,73,2019-01-01T00:00:00+00:00,2020-01-01T00:00:00+00:00,False
19_102_260_1639_2019-04-12 20:52:35.380066,5cd1d49df9af8b68f0e96739,office001,19-102-260-1639,05,0102,,2019-04-12T20:52:35+00:00,2019-04-13T02:12:31+00:00,2019-04-13T01:32:54+00:00,29.194,,[],office001_2019_raw.jsonl,74,2019-01-01T00:00:00+00:00,2020-01-01T00:00:00+00:00,False
19_102_260_1636_2019-04-12 20:31:48.663591,5cd1d49df9af8b68f0e96738,office001,19-102-260-1636,06,0102,,2019-04-12T20:31:49+00:00,2019-04-12T21:50:14+00:00,2019-04-12T21:50:09+00:00,4.396,,[],office001_2019_raw.jsonl,75,2019-01-01T00:00:00+00:00,2020-01-01T00:00:00+00:00,False
19_102_260_1638_2019-04-12 18:14:28.591341,5cd1d49df9af8b68f0e96737,office001,19-102-260-1638,04,0102,,2019-04-12T18:14:29+00:00,2019-04-12T19:38:37+00:00,2019-04-12T19:38:32+00:00,8.404,,[],office001_2019_raw.jsonl,76,2019-01-01T00:00:00+00:00,2020-01-01T00:00:00+00:00,False
19_102_260_1633_2019-04-12 16:18:16.309910,5cd1d49df9af8b68f0e96736,office001,19-102-260-1633,02,0102,,2019-04-12T16:18:16+00:00,2019-04-12T23:50:04+00:00,2019-04-12T17:24:28+00:00,5.967,,[],office001_2019_raw.jsonl,77,2019-01-01T00:00:00+00:00,2020-01-01T00:00:00+00:00,False
19_102_260_1640_2019-04-11 22:38:23.892712,5cd1d49bf9af8b68f0e96735,office001,19-102-260-1640,08,0102,,2019-04-11T22:38:24+00:00,2019-04-12T03:07:53+00:00,2019-04-12T03:03:16+00:00,24.24,,[],office001_2019_raw.jsonl,78,2019-01-01T00:00:00+00:00,2020-01-01T00:00:00+00:00,False
19_102_260_1636_2019-04-11 20:13:25.505092,5cd1d49bf9af8b68f0e96734,office001,19-102-260-1636,06,0102,,2019-04-11T20:13:25+00:00,2019-04-12T02:37:39+00:00,2019-04-11T21:41:37+00:00,4.8,,[],office001_2019_raw.jsonl,79,2019-01-01T00:00:00+00:00,2020-01-01T00:00:00+00:00,False
19_102_260_1636_2019-04-11 18:14:52.500483,5cd1d49bf9af8b68f0e96733,office001,19-102-260-1636,06,0102,,2019-04-11T18:14:52+00:00,2019-04-11T19:58:39+00:00,2019-04-11T19:58:34+00:00,5.859,,[],office001_2019_raw.jsonl,80,2019-01-01T00:00:00+00:00,2020-01-01T00:00:00+00:00,False
19_102_260_1633_2019-04-11 16:25:41.748842,5cd1d49bf9af8b68f0e96732,office001,19-102-260-1633,02,0102,,2019-04-11T16:25:42+00:00,2019-04-12T00:58:35+00:00,2019-04-11T17:31:18+00:00,5.902,,[],office001_2019_raw.jsonl,81,2019-01-01T00:00:00+00:00,2020-01-01T00:00:00+00:00,False
19_102_260_1640_2019-04-10 23:05:20.477869,5cd1d498f9af8b68f0e96731,office001,19-102-260-1640,08,0102,,2019-04-10T23:05:20+00:00,2019-04-11T03:47:45+00:00,2019-04-11T03:46:54+00:00,27.813,,[],office001_2019_raw.jsonl,82,2019-01-01T00:00:00+00:00,2020-01-01T00:00:00+00:00,False
19_102_260_1633_2019-04-10 22:27:23.356550,5cd1d498f9af8b68f0e96730,office001,19-102-260-1633,02,0102,,2019-04-10T22:27:23+00:00,2019-04-11T00:58:19+00:00,2019-04-10T22:54:46+00:00,2.599,,[],office001_2019_raw.jsonl,83,2019-01-01T00:00:00+00:00,2020-01-01T00:00:00+00:00,False
19_102_260_1636_2019-04-10 18:33:12.057516,5cd1d498f9af8b68f0e9672f,office001,19-102-260-1636,06,0102,,2019-04-10T18:33:12+00:00,2019-04-11T02:08:53+00:00,2019-04-10T22:25:02+00:00,12.86,,[],office001_2019_raw.jsonl,84,2019-01-01T00:00:00+00:00,2020-01-01T00:00:00+00:00,False
19_102_260_1633_2019-04-10 16:30:21.814172,5cd1d498f9af8b68f0e9672e,office001,19-102-260-1633,02,0102,,2019-04-10T16:30:22+00:00,2019-04-10T20:41:47+00:00,2019-04-10T17:36:53+00:00,6.008,,[],office001_2019_raw.jsonl,85,2019-01-01T00:00:00+00:00,2020-01-01T00:00:00+00:00,False
19_102_260_1633_2019-04-09 16:36:59.966060,5cd1d495f9af8b68f0e9672d,office001,19-102-260-1633,02,0102,,2019-04-09T16:37:00+00:00,2019-04-10T01:30:22+00:00,2019-04-09T17:45:45+00:00,6.197,,[],office001_2019_raw.jsonl,86,2019-01-01T00:00:00+00:00,2020-01-01T00:00:00+00:00,False
19_102_260_1640_2019-04-08 21:49:58.371519,5cd1d493f9af8b68f0e9672c,office001,19-102-260-1640,08,0102,,2019-04-08T21:49:58+00:00,2019-04-09T04:02:58+00:00,2019-04-09T03:47:15+00:00,36.116,,[],office001_2019_raw.jsonl,87,2019-01-01T00:00:00+00:00,2020-01-01T00:00:00+00:00,False
19_102_260_1636_2019-04-08 18:28:32.548678,5cd1d493f9af8b68f0e9672b,office001,19-102-260-1636,06,0102,,2019-04-08T18:28:33+00:00,2019-04-09T02:10:24+00:00,2019-04-08T20:45:17+00:00,7.498,,[],office001_2019_raw.jsonl,88,2019-01-01T00:00:00+00:00,2020-01-01T00:00:00+00:00,False
19_102_260_1634_2019-04-08 16:52:46.031014,5cd1d493f9af8b68f0e9672a,office001,19-102-260-1634,03,0102,,2019-04-08T16:52:46+00:00,2019-04-08T20:50:43+00:00,2019-04-08T20:50:35+00:00,25.486,,[],office001_2019_raw.jsonl,89,2019-01-01T00:00:00+00:00,2020-01-01T00:00:00+00:00,False
19_102_260_1633_2019-04-08 16:26:21.693268,5cd1d493f9af8b68f0e96729,office001,19-102-260-1633,02,0102,,2019-04-08T16:26:22+00:00,2019-04-09T01:42:43+00:00,2019-04-08T17:25:08+00:00,5.216,,[],office001_2019_raw.jsonl,90,2019-01-01T00:00:00+00:00,2020-01-01T00:00:00+00:00,False
19_102_260_1640_2019-04-05 21:18:37.638250,5cd1d48ef9af8b68f0e96728,office001,19-102-260-1640,08,0102,,2019-04-05T21:18:38+00:00,2019-04-06T03:46:04+00:00,2019-04-06T01:29:11+00:00,25.038,,[],office001_2019_raw.jsonl,91,2019-01-01T00:00:00+00:00,2020-01-01T00:00:00+00:00,False
19_102_260_1636_2019-04-05 18:16:20.020657,5cd1d48ef9af8b68f0e96727,office001,19-102-260-1636,06,0102,,2019-04-05T18:16:20+00:00,2019-04-05T23:53:24+00:00,2019-04-05T22:21:54+00:00,13.691,,[],office001_2019_raw.jsonl,92,2019-01-01T00:00:00+00:00,2020-01-01T00:00:00+00:00,False
19_102_260_1634_2019-04-05 16:57:35.330129,5cd1d48ef9af8b68f0e96726,office001,19-102-260-1634,03,0102,,2019-04-05T16:57:35+00:00,2019-04-06T00:21:35+00:00,2019-04-05T21:57:28+00:00,32.122,,[],office001_2019_raw.jsonl,93,2019-01-01T00:00:00+00:00,2020-01-01T00:00:00+00:00,False
19_102_260_1633_2019-04-05 16:20:51.232863,5cd1d48ef9af8b68f0e96725,office001,19-102-260-1633,02,0102,,2019-04-05T16:20:51+00:00,2019-04-06T00:42:03+00:00,2019-04-05T17:29:33+00:00,6.219,,[],office001_2019_raw.jsonl,94,2019-01-01T00:00:00+00:00,2020-01-01T00:00:00+00:00,False
19_102_260_1633_2019-04-04 16:21:34.812389,5cd1d48bf9af8b68f0e96724,office001,19-102-260-1633,02,0102,,2019-04-04T16:21:35+00:00,2019-04-05T01:17:11+00:00,2019-04-04T17:21:40+00:00,5.39,,[],office001_2019_raw.jsonl,95,2019-01-01T00:00:00+00:00,2020-01-01T00:00:00+00:00,False
19_102_260_1638_2019-06-04 18:53:57.863791,5d0c250bf9af8b5a6a9bad51,office001,19-102-260-1638,04,0102,,2019-06-04T18:53:58+00:00,2019-06-04T19:25:10+00:00,,1.712,,[],office001_2019_raw.jsonl,96,2019-01-01T00:00:00+00:00,2020-01-01T00:00:00+00:00,False
19_102_260_1633_2019-06-04 16:19:37.583173,5d0c250bf9af8b5a6a9bad50,office001,19-102-260-1633,02,0102,,2019-06-04T16:19:38+00:00,2019-06-05T02:39:02+00:00,,5.018,,[],office001_2019_raw.jsonl,97,2019-01-01T00:00:00+00:00,2020-01-01T00:00:00+00:00,False
19_102_260_1639_2019-06-03 23:05:25.325805,5d0ad38cf9af8b563c2b2239,office001,19-102-260-1639,05,0102,,2019-06-03T23:05:25+00:00,2019-06-04T02:15:46+00:00,,13.816,,[],office001_2019_raw.jsonl,98,2019-01-01T00:00:00+00:00,2020-01-01T00:00:00+00:00,False
19_102_260_1636_2019-06-03 18:21:51.825512,5d0ad38cf9af8b563c2b2238,office001,19-102-260-1636,06,0102,,2019-06-03T18:21:52+00:00,2019-06-04T00:42:05+00:00,,6.118,,[],office001_2019_raw.jsonl,99,2019-01-01T00:00:00+00:00,2020-01-01T00:00:00+00:00,False
19_102_260_1633_2019-06-03 16:30:31.671968,5d0ad38cf9af8b563c2b2237,office001,19-102-260-1633,02,0102,,2019-06-03T16:30:32+00:00,2019-06-04T00:28:05+00:00,,5.244,,[],office001_2019_raw.jsonl,100,2019-01-01T00:00:00+00:00,2020-01-01T00:00:00+00:00,False
19_102_260_1640_2019-05-31 21:49:22.830464,5d06df0bf9af8b49d0509c6c,office001,19-102-260-1640,08,0102,,2019-05-31T21:49:23+00:00,2019-06-01T06:00:59+00:00,,28.144,,[],office001_2019_raw.jsonl,101,2019-01-01T00:00:00+00:00,2020-01-01T00:00:00+00:00,False
19_102_260_1636_2019-05-31 18:43:12.633812,5d06df0bf9af8b49d0509c6b,office001,19-102-260-1636,06,0102,,2019-05-31T18:43:13+00:00,2019-06-01T01:42:42+00:00,,16.138,,[],office001_2019_raw.jsonl,102,2019-01-01T00:00:00+00:00,2020-01-01T00:00:00+00:00,False
19_102_260_1640_2019-05-29 22:41:25.576309,5d043c0cf9af8b42383aae02,office001,19-102-260-1640,08,0102,,2019-05-29T22:41:26+00:00,2019-05-30T05:09:39+00:00,,40.526,,[],office001_2019_raw.jsonl,103,2019-01-01T00:00:00+00:00,2020-01-01T00:00:00+00:00,False
19_102_260_1639_2019-05-29 20:01:46.714313,5d043c0cf9af8b42383aae01,office001,19-102-260-1639,05,0102,,2019-05-29T20:01:47+00:00,2019-05-30T00:17:56+00:00,,25.579,,[],office001_2019_raw.jsonl,104,2019-01-01T00:00:00+00:00,2020-01-01T00:00:00+00:00,False
19_102_260_1636_2019-05-29 19:36:24.837504,5d043c0cf9af8b42383aae00,office001,19-102-260-1636,06,0102,,2019-05-29T19:36:25+00:00,2019-05-30T01:40:16+00:00,,9.987,,[],office001_2019_raw.jsonl,105,2019-01-01T00:00:00+00:00,2020-01-01T00:00:00+00:00,False
19_102_260_1633_2019-05-29 16:56:56.490730,5d043c0cf9af8b42383aadff,office001,19-102-260-1633,02,0102,,2019-05-29T16:56:56+00:00,2019-05-30T00:50:49+00:00,,5.35,,[],office001_2019_raw.jsonl,106,2019-01-01T00:00:00+00:00,2020-01-01T00:00:00+00:00,False
19_102_260_1636_2019-05-28 18:10:57.963905,5d02ea8cf9af8b3cd60769ee,office001,19-102-260-1636,06,0102,,2019-05-28T18:10:58+00:00,2019-05-28T23:26:09+00:00,,16.186,,[],office001_2019_raw.jsonl,107,2019-01-01T00:00:00+00:00,2020-01-01T00:00:00+00:00,False
19_102_260_1639_2019-05-28 16:23:03.943799,5d02ea8cf9af8b3cd60769ed,office001,19-102-260-1639,05,0102,,2019-05-28T16:23:04+00:00,2019-05-28T22:29:45+00:00,,38.174,,[],office001_2019_raw.jsonl,108,2019-01-01T00:00:00+00:00,2020-01-01T00:00:00+00:00,False
19_102_260_1640_2019-05-24 21:23:40.569193,5cfda48bf9af8b26af02a739,office001,19-102-260-1640,08,0102,,2019-05-24T21:23:41+00:00,2019-05-25T04:44:26+00:00,,29.286,,[],office001_2019_raw.jsonl,109,2019-01-01T00:00:00+00:00,2020-01-01T00:00:00+00:00,False
19_102_260_1637_2019-05-24 20:28:57.173289,5cfda48bf9af8b26af02a738,office001,19-102-260-1637,07,0102,,2019-05-24T20:28:57+00:00,2019-05-25T01:07:35+00:00,2019-05-24T20:42:36+00:00,23.199,,[],office001_2019_raw.jsonl,110,2019-01-01T00:00:00+00:00,2020-01-01T00:00:00+00:00,False
19_102_260_1640_2019-05-24 20:02:04.512791,5cfda48bf9af8b26af02a737,office001,19-102-260-1640,08,0102,,2019-05-24T20:02:04+00:00,2019-05-24T21:19:22+00:00,2019-05-24T20:42:35+00:00,4.521091666666667,,[],office001_2019_raw.jsonl,111,2019-01-01T00:00:00+00:00,2020-01-01T00:00:00+00:00,False
19_102_260_1636_2019-05-23 18:31:16.297889,5cfc530bf9af8b22aa93e627,office001,19-102-260-1636,06,0102,,2019-05-23T18:31:16+00:00,2019-05-23T21:45:28+00:00,2019-05-23T20:29:01+00:00,6.921545277777779,,[],office001_2019_raw.jsonl,112,2019-01-01T00:00:00+00:00,2020-01-01T00:00:00+00:00,False
19_102_260_1633_2019-05-23 17:44:53.574251,5cfc530bf9af8b22aa93e626,office001,19-102-260-1633,02,0102,,2019-05-23T17:44:54+00:00,2019-05-23T21:48:34+00:00,2019-05-23T18:53:11+00:00,6.966358055555555,,[],office001_2019_raw.jsonl,113,2019-01-01T00:00:00+00:00,2020-01-01T00:00:00+00:00,False
19_102_260_1639_2019-05-23 17:27:58.951776,5cfc530bf9af8b22aa93e625,office001,19-102-260-1639,05,0102,,2019-05-23T17:27:59+00:00,2019-05-23T22:08:43+00:00,2019-05-23T20:28:59+00:00,20.03287,,[],office001_2019_raw.jsonl,114,2019-01-01T00:00:00+00:00,2020-01-01T00:00:00+00:00,False
19_102_260_1640_2019-05-23 00:33:40.629952,5cfb018cf9af8b1e6ca61a5c,office001,19-102-260-1640,08,0102,,2019-05-23T00:33:41+00:00,2019-05-23T04:01:13+00:00,2019-05-23T03:00:59+00:00,14.958,,[],office001_2019_raw.jsonl,115,2019-01-01T00:00:00+00:00,2020-01-01T00:00:00+00:00,False
19_102_260_1633_2019-05-22 16:26:52.184247,5cfb018cf9af8b1e6ca61a5b,office001,19-102-260-1633,02,0102,,2019-05-22T16:26:52+00:00,2019-05-23T00:35:23+00:00,2019-05-22T17:34:58+00:00,6.139,,[],office001_2019_raw.jsonl,116,2019-01-01T00:00:00+00:00,2020-01-01T00:00:00+00:00,False
19_102_260_1640_2019-05-21 20:40:32.212609,5cf9b00ef9af8b173656586b,office001,19-102-260-1640,08,0102,,2019-05-21T20:40:32+00:00,2019-05-22T03:40:45+00:00,2019-05-22T03:40:36+00:00,42.593,,[],office001_2019_raw.jsonl,117,2019-01-01T00:00:00+00:00,2020-01-01T00:00:00+00:00,False
19_102_260_1638_2019-05-21 19:17:57.687770,5cf9b00ef9af8b173656586a,office001,19-102-260-1638,04,0102,,2019-05-21T19:17:58+00:00,2019-05-21T20:28:14+00:00,2019-05-21T20:28:10+00:00,3.621,,[],office001_2019_raw.jsonl,118,2019-01-01T00:00:00+00:00,2020-01-01T00:00:00+00:00,False
19_102_260_1635_2019-05-21 17:10:24.973492,5cf9b00ef9af8b1736565869,office001,19-102-260-1635,01,0102,,2019-05-21T17:10:25+00:00,2019-05-22T00:59:02+00:00,2019-05-22T00:58:50+00:00,46.311,,[],office001_2019_raw.jsonl,119,2019-01-01T00:00:00+00:00,2020-01-01T00:00:00+00:00,False
19_102_260_1636_2019-05-20 18:15:11.291869,5cf85e8cf9af8b11f293c6ab,office001,19-102-260-1636,06,0102,,2019-05-20T18:15:11+00:00,2019-05-21T01:39:38+00:00,2019-05-20T20:34:25+00:00,7.709,,[],office001_2019_raw.jsonl,120,2019-01-01T00:00:00+00:00,2020-01-01T00:00:00+00:00,False
19_102_260_1640_2019-05-17 20:16:53.478829,5cf46a0df9af8b02de22a9f5,office001,19-102-260-1640,08,0102,,2019-05-17T20:16:53+00:00,2019-05-18T03:45:28+00:00,2019-05-18T01:31:56+00:00,32.317,,[],office001_2019_raw.jsonl,121,2019-01-01T00:00:00+00:00,2020-01-01T00:00:00+00:00,False
19_102_260_1636_2019-05-17 18:26:33.505161,5cf46a0df9af8b02de22a9f4,office001,19-102-260-1636,06,0102,,2019-05-17T18:26:33+00:00,2019-05-18T01:48:34+00:00,2019-05-17T21:39:47+00:00,10.819,,[],office001_2019_raw.jsonl,122,2019-01-01T00:00:00+00:00,2020-01-01T00:00:00+00:00,False
19_102_260_1634_2019-05-17 16:38:00.273567,5cf46a0df9af8b02de22a9f3,office001,19-102-260-1634,03,0102,,2019-05-17T16:38:00+00:00,2019-05-17T20:25:39+00:00,2019-05-17T20:25:30+00:00,24.133,,[],office001_2019_raw.jsonl,123,2019-01-01T00:00:00+00:00,2020-01-01T00:00:00+00:00,False
19_102_260_1640_2019-05-17 01:22:50.001682,5cf3188ef9af8b7d95886673,office001,19-102-260-1640,08,0102,,2019-05-17T01:22:50+00:00,2019-05-17T04:27:55+00:00,2019-05-17T04:27:46+00:00,18.984,,[],office001_2019_raw.jsonl,124,2019-01-01T00:00:00+00:00,2020-01-01T00:00:00+00:00,False
19_102_260_1636_2019-05-16 18:10:35.958919,5cf3188ef9af8b7d95886672,office001,19-102-260-1636,06,0102,,2019-05-16T18:10:36+00:00,2019-05-17T01:53:34+00:00,2019-05-16T21:40:26+00:00,11.844,,[],office001_2019_raw.jsonl,125,2019-01-01T00:00:00+00:00,2020-01-01T00:00:00+00:00,False
19_102_260_1638_2019-05-16 16:38:26.790603,5cf3188ef9af8b7d95886671,office001,19-102-260-1638,04,0102,,2019-05-16T16:38:27+00:00,2019-05-17T01:23:21+00:00,2019-05-16T17:39:07+00:00,5.937,,[],office001_2019_raw.jsonl,126,2019-01-01T00:00:00+00:00,2020-01-01T00:00:00+00:00,False
19_102_260_1633_2019-05-16 16:03:06.800014,5cf3188ef9af8b7d95886670,office001,19-102-260-1633,02,0102,,2019-05-16T16:03:07+00:00,2019-05-17T00:54:23+00:00,2019-05-16T21:51:44+00:00,36.643,,[],office001_2019_raw.jsonl,127,2019-01-01T00:00:00+00:00,2020-01-01T00:00:00+00:00,False
19_102_260_1636_2019-05-15 17:47:36.774840,5cf1c70cf9af8b79700aff2f,office001,19-102-260-1636,06,0102,,2019-05-15T17:47:37+00:00,2019-05-16T00:03:26+00:00,2019-05-15T21:25:16+00:00,12.25,,[],office001_2019_raw.jsonl,128,2019-01-01T00:00:00+00:00,2020-01-01T00:00:00+00:00,False
19_102_260_1639_2019-05-15 17:04:55.681046,5cf1c70cf9af8b79700aff2e,office001,19-102-260-1639,05,0102,,2019-05-15T17:04:56+00:00,2019-05-15T21:59:46+00:00,2019-05-15T21:59:33+00:00,31.445,,[],office001_2019_raw.jsonl,129,2019-01-01T00:00:00+00:00,2020-01-01T00:00:00+00:00,False
19_102_260_1633_2019-05-15 16:33:43.328275,5cf1c70cf9af8b79700aff2d,office001,19-102-260-1633,02,0102,,2019-05-15T16:33:43+00:00,2019-05-16T00:04:36+00:00,2019-05-15T17:33:21+00:00,5.347,,[],office001_2019_raw.jsonl,130,2019-01-01T00:00:00+00:00,2020-01-01T00:00:00+00:00,False
19_102_260_1633_2019-05-14 16:36:09.279407,5cf0758bf9af8b747eba3011,office001,19-102-260-1633,02,0102,,2019-05-14T16:36:09+00:00,2019-05-15T00:04:36+00:00,2019-05-14T17:39:16+00:00,5.674,,[],office001_2019_raw.jsonl,131,2019-01-01T00:00:00+00:00,2020-01-01T00:00:00+00:00,False
19_102_260_1634_2019-05-13 22:10:48.512459,5cef240ef9af8b709460f95d,office001,19-102-260-1634,03,0102,,2019-05-13T22:10:48+00:00,2019-05-14T02:45:25+00:00,2019-05-13T23:14:54+00:00,6.852,,[],office001_2019_raw.jsonl,132,2019-01-01T00:00:00+00:00,2020-01-01T00:00:00+00:00,False
19_102_260_1640_2019-05-13 21:10:36.456092,5cef240ef9af8b709460f95c,office001,19-102-260-1640,08,0102,,2019-05-13T21:10:36+00:00,2019-05-14T03:18:36+00:00,2019-05-14T03:18:24+00:00,35.781,,[],office001_2019_raw.jsonl,133,2019-01-01T00:00:00+00:00,2020-01-01T00:00:00+00:00,False
19_102_260_1636_2019-05-13 17:57:39.852213,5cef240ef9af8b709460f95b,office001,19-102-260-1636,06,0102,,2019-05-13T17:57:40+00:00,2019-05-14T00:46:11+00:00,2019-05-13T20:57:49+00:00,10.031,,[],office001_2019_raw.jsonl,134,2019-01-01T00:00:00+00:00,2020-01-01T00:00:00+00:00,False
19_102_260_1633_2019-05-13 16:03:07.164312,5cef240ef9af8b709460f95a,office001,19-102-260-1633,02,0102,,2019-05-13T16:03:07+00:00,2019-05-14T00:21:33+00:00,2019-05-13T16:56:30+00:00,4.682,,[],office001_2019_raw.jsonl,135,2019-01-01T00:00:00+00:00,2020-01-01T00:00:00+00:00,False
19_102_260_1640_2019-05-10 22:37:46.157511,5ceb2f8ef9af8b651293de61,office001,19-102-260-1640,08,0102,,2019-05-10T22:37:46+00:00,2019-05-11T03:21:18+00:00,2019-05-11T00:45:58+00:00,13.008,,[],office001_2019_raw.jsonl,136,2019-01-01T00:00:00+00:00,2020-01-01T00:00:00+00:00,False
19_102_260_1636_2019-05-10 18:32:37.598098,5ceb2f8ef9af8b651293de60,office001,19-102-260-1636,06,0102,,2019-05-10T18:32:38+00:00,2019-05-11T02:22:06+00:00,2019-05-10T21:38:21+00:00,10.304,,[],office001_2019_raw.jsonl,137,2019-01-01T00:00:00+00:00,2020-01-01T00:00:00+00:00,False
19_102_260_1634_2019-05-10 16:28:31.211015,5ceb2f8ef9af8b651293de5f,office001,19-102-260-1634,03,0102,,2019-05-10T16:28:31+00:00,2019-05-11T02:08:32+00:00,2019-05-10T20:58:11+00:00,25.117,,[],office001_2019_raw.jsonl,138,2019-01-01T00:00:00+00:00,2020-01-01T00:00:00+00:00,False
19_102_260_1633_2019-05-10 15:56:59.385491,5ceb2f8ef9af8b651293de5e,office001,19-102-260-1633,02,0102,,2019-05-10T15:56:59+00:00,2019-05-10T23:01:20+00:00,2019-05-10T17:05:09+00:00,6.159,,[],office001_2019_raw.jsonl,139,2019-01-01T00:00:00+00:00,2020-01-01T00:00:00+00:00,False
19_102_260_1640_2019-05-09 21:56:36.189046,5ce9de0ef9af8b5fa47bd473,office001,19-102-260-1640,08,0102,,2019-05-09T21:56:36+00:00,2019-05-10T04:08:20+00:00,2019-05-10T04:05:26+00:00,37.732,,[],office001_2019_raw.jsonl,140,2019-01-01T00:00:00+00:00,2020-01-01T00:00:00+00:00,False
19_102_260_1633_2019-05-09 19:33:39.872565,5ce9de0ef9af8b5fa47bd472,office001,19-102-260-1633,02,0102,,2019-05-09T19:33:40+00:00,2019-05-10T00:01:14+00:00,2019-05-09T19:45:05+00:00,1.079,,[],office001_2019_raw.jsonl,141,2019-01-01T00:00:00+00:00,2020-01-01T00:00:00+00:00,False
19_102_260_1634_2019-05-09 18:57:47.552809,5ce9de0ef9af8b5fa47bd471,office001,19-102-260-1634,03,0102,,2019-05-09T18:57:48+00:00,2019-05-09T23:46:39+00:00,2019-05-09T23:46:31+00:00,30.608,,[],office001_2019_raw.jsonl,142,2019-01-01T00:00:00+00:00,2020-01-01T00:00:00+00:00,False
19_102_260_1636_2019-05-09 18:23:22.005720,5ce9de0ef9af8b5fa47bd470,office001,19-102-260-1636,06,0102,,2019-05-09T18:23:22+00:00,2019-05-10T01:55:18+00:00,2019-05-09T21:25:09+00:00,10.211,,[],office001_2019_raw.jsonl,143,2019-01-01T00:00:00+00:00,2020-01-01T00:00:00+00:00,False
19_102_260_1633_2019-05-09 16:39:29.185310,5ce9de0ef9af8b5fa47bd46f,office001,19-102-260-1633,02,0102,,2019-05-09T16:39:29+00:00,2019-05-09T17:40:42+00:00,2019-05-09T17:41:40+00:00,5.289,,[],office001_2019_raw.jsonl,144,2019-01-01T00:00:00+00:00,2020-01-01T00:00:00+00:00,False
19_102_260_1636_2019-05-08 18:33:21.075571,5ce88c8cf9af8b5b2347d9e6,office001,19-102-260-1636,06,0102,,2019-05-08T18:33:21+00:00,2019-05-09T01:09:39+00:00,2019-05-08T22:37:32+00:00,13.604,,[],office001_2019_raw.jsonl,145,2019-01-01T00:00:00+00:00,2020-01-01T00:00:00+00:00,False
19_102_260_1633_2019-05-08 16:38:37.990048,5ce88c8cf9af8b5b2347d9e5,office001,19-102-260-1633,02,0102,,2019-05-08T16:38:38+00:00,2019-05-08T21:53:22+00:00,2019-05-08T17:44:58+00:00,6.008,,[],office001_2019_raw.jsonl,146,2019-01-01T00:00:00+00:00,2020-01-01T00:00:00+00:00,False
19_102_260_1633_2019-05-07 16:41:43.367434,5ce73b0cf9af8b385b1c16f6,office001,19-102-260-1633,02,0102,,2019-05-07T16:41:43+00:00,2019-05-08T00:48:36+00:00,2019-05-07T17:39:23+00:00,5.187,,[],office001_2019_raw.jsonl,147,2019-01-01T00:00:00+00:00,2020-01-01T00:00:00+00:00,False
19_102_260_1640_2019-05-06 23:08:14.275764,5ce5e98ff9af8b3259b8be99,office001,19-102-260-1640,08,0102,,2019-05-06T23:08:14+00:00,2019-05-07T04:39:55+00:00,2019-05-07T04:32:56+00:00,32.805,,[],office001_2019_raw.jsonl,148,2019-01-01T00:00:00+00:00,2020-01-01T00:00:00+00:00,False
19_102_260_1636_2019-05-06 18:56:04.659795,5ce5e98ff9af8b3259b8be98,office001,19-102-260-1636,06,0102,,2019-05-06T18:56:05+00:00,2019-05-07T00:40:49+00:00,2019-05-06T23:23:39+00:00,14.962,,[],office001_2019_raw.jsonl,149,2019-01-01T00:00:00+00:00,2020-01-01T00:00:00+00:00,False
19_102_260_1639_2019-05-06 17:46:24.261989,5ce5e98ff9af8b3259b8be97,office001,19-102-260-1639,05,0102,,2019-05-06T17:46:24+00:00,2019-05-07T01:11:31+00:00,2019-05-07T01:11:18+00:00,42.839,,[],office001_2019_raw.jsonl,150,2019-01-01T00:00:00+00:00,2020-01-01T00:00:00+00:00,False
19_102_260_1634_2019-05-06 17:43:28.014242,5ce5e98ff9af8b3259b8be96,office001,19-102-260-1634,03,0102,,2019-05-06T17:43:28+00:00,2019-05-07T00:43:06+00:00,2019-05-06T23:30:50+00:00,35.446,,[],office001_2019_raw.jsonl,151,2019-01-01T00:00:00+00:00,2020-01-01T00:00:00+00:00,False
19_102_260_1633_2019-05-06 16:36:59.806060,5ce5e98ff9af8b3259b8be95,office001,19-102-260-1633,02,0102,,2019-05-06T16:37:00+00:00,2019-05-07T00:03:33+00:00,2019-05-06T17:33:20+00:00,5.016,,[],office001_2019_raw.jsonl,152,2019-01-01T00:00:00+00:00,2020-01-01T00:00:00+00:00,False
19_102_260_1640_2019-07-05 21:23:11.155550,5d35038cf9af8b5eb21001c5,office001,19-102-260-1640,08,0102,,2019-07-05T21:23:11+00:00,2019-07-06T03:51:16+00:00,2019-07-06T03:51:00+00:00,16.818,,[],office001_2019_raw.jsonl,153,2019-01-01T00:00:00+00:00,2020-01-01T00:00:00+00:00,False
19_102_260_1636_2019-07-05 18:50:18.685525,5d35038cf9af8b5eb21001c4,office001,19-102-260-1636,06,0102,,2019-07-05T18:50:19+00:00,2019-07-06T00:17:56+00:00,2019-07-05T22:21:27+00:00,11.486,,[],office001_2019_raw.jsonl,154,2019-01-01T00:00:00+00:00,2020-01-01T00:00:00+00:00,False
19_102_260_1640_2019-07-03 21:49:05.392912,5d32608cf9af8b56e2642f5e,office001,19-102-260-1640,08,0102,,2019-07-03T21:49:05+00:00,2019-07-04T03:40:05+00:00,2019-07-04T03:39:56+00:00,36.887,,[],office001_2019_raw.jsonl,155,2019-01-01T00:00:00+00:00,2020-01-01T00:00:00+00:00,False
19_102_260_1636_2019-07-03 18:18:35.476046,5d32608cf9af8b56e2642f5d,office001,19-102-260-1636,06,0102,,2019-07-03T18:18:35+00:00,2019-07-04T00:27:46+00:00,2019-07-03T23:15:14+00:00,16.251,,[],office001_2019_raw.jsonl,156,2019-01-01T00:00:00+00:00,2020-01-01T00:00:00+00:00,False
19_102_260_1638_2019-07-03 13:28:08.870615,5d32608cf9af8b56e2642f5c,office001,19-102-260-1638,04,0102,,2019-07-03T13:28:09+00:00,2019-07-03T19:51:58+00:00,2019-07-03T18:32:25+00:00,25.947,,[],office001_2019_raw.jsonl,157,2019-01-01T00:00:00+00:00,2020-01-01T00:00:00+00:00,False
19_102_260_1633_2019-07-02 23:01:50.898225,5d310f0cf9af8b52abdd1ccf,office001,19-102-260-1633,02,0102,,2019-07-02T23:01:51+00:00,2019-07-03T01:24:26+00:00,2019-07-03T00:38:31+00:00,5.32,,[],office001_2019_raw.jsonl,158,2019-01-01T00:00:00+00:00,2020-01-01T00:00:00+00:00,False
19_102_260_1633_2019-07-02 19:52:21.981472,5d310f0cf9af8b52abdd1cce,office001,19-102-260-1633,02,0102,,2019-07-02T19:52:22+00:00,2019-07-02T21:15:00+00:00,2019-07-02T21:09:04+00:00,2.773,,[],office001_2019_raw.jsonl,159,2019-01-01T00:00:00+00:00,2020-01-01T00:00:00+00:00,False
19_102_260_1638_2019-07-02 15:12:47.339687,5d310f0cf9af8b52abdd1ccd,office001,19-102-260-1638,04,0102,,2019-07-02T15:12:47+00:00,2019-07-02T19:00:21+00:00,2019-07-02T19:00:16+00:00,22.76,,[],office001_2019_raw.jsonl,160,2019-01-01T00:00:00+00:00,2020-01-01T00:00:00+00:00,False
19_102_260_1639_2019-07-01 20:42:06.703909,5d2fbd8df9af8b4d0b93157a,office001,19-102-260-1639,05,0102,,2019-07-01T20:42:07+00:00,2019-07-01T23:55:28+00:00,2019-07-01T23:55:20+00:00,20.489,,[],office001_2019_raw.jsonl,161,2019-01-01T00:00:00+00:00,2020-01-01T00:00:00+00:00,False
19_102_260_1636_2019-07-01 18:51:13.653622,5d2fbd8df9af8b4d0b931579,office001,19-102-260-1636,06,0102,,2019-07-01T18:51:14+00:00,2019-07-02T02:02:29+00:00,2019-07-01T22:34:28+00:00,12.155,,[],office001_2019_raw.jsonl,162,2019-01-01T00:00:00+00:00,2020-01-01T00:00:00+00:00,False
19_102_260_1639_2019-07-01 16:34:26.233074,5d2fbd8df9af8b4d0b931578,office001,19-102-260-1639,05,0102,,2019-07-01T16:34:26+00:00,2019-07-01T19:00:26+00:00,2019-07-01T19:00:18+00:00,15.046,,[],office001_2019_raw.jsonl,163,2019-01-01T00:00:00+00:00,2020-01-01T00:00:00+00:00,False
19_102_260_1633_2019-07-01 14:40:23.607699,5d2fbd8df9af8b4d0b931577,office001,19-102-260-1633,02,0102,,2019-07-01T14:40:24+00:00,2019-07-02T00:56:28+00:00,2019-07-01T21:39:05+00:00,36.237,,[],office001_2019_raw.jsonl,164,2019-01-01T00:00:00+00:00,2020-01-01T00:00:00+00:00,False
19_102_260_1640_2019-06-28 20:39:00.692753,5d2bc90cf9af8b3f53da1503,office001,19-102-260-1640,08,0102,,2019-06-28T20:39:01+00:00,2019-06-29T03:15:38+00:00,2019-06-29T03:00:59+00:00,40.021,,[],office001_2019_raw.jsonl,165,2019-01-01T00:00:00+00:00,2020-01-01T00:00:00+00:00,False
19_102_260_1636_2019-06-28 18:13:27.721454,5d2bc90cf9af8b3f53da1502,office001,19-102-260-1636,06,0102,,2019-06-28T18:13:28+00:00,2019-06-29T00:48:11+00:00,2019-06-28T22:11:09+00:00,12.942,,[],office001_2019_raw.jsonl,166,2019-01-01T00:00:00+00:00,2020-01-01T00:00:00+00:00,False
19_102_260_1634_2019-06-28 16:35:28.013343,5d2bc90cf9af8b3f53da1501,office001,19-102-260-1634,03,0102,,2019-06-28T16:35:28+00:00,2019-06-28T19:21:14+00:00,2019-06-28T18:58:42+00:00,15.307,,[],office001_2019_raw.jsonl,167,2019-01-01T00:00:00+00:00,2020-01-01T00:00:00+00:00,False
19_102_260_1638_2019-06-28 14:23:54.549152,5d2bc90cf9af8b3f53da1500,office001,19-102-260-1638,04,0102,,2019-06-28T14:23:55+00:00,2019-06-28T22:06:53+00:00,2019-06-28T19:15:54+00:00,23.715,,[],office001_2019_raw.jsonl,168,2019-01-01T00:00:00+00:00,2020-01-01T00:00:00+00:00,False
19_102_260_1633_2019-06-27 21:15:23.164124,5d2a778bf9af8b3b7810a751,office001,19-102-260-1633,02,0102,,2019-06-27T21:15:23+00:00,2019-06-27T22:27:58+00:00,,3.086,,[],office001_2019_raw.jsonl,169,2019-01-01T00:00:00+00:00,2020-01-01T00:00:00+00:00,False
19_102_260_1633_2019-06-27 16:57:16.163098,5d2a778bf9af8b3b7810a750,office001,19-102-260-1633,02,0102,,2019-06-27T16:57:16+00:00,2019-06-27T19:30:06+00:00,,7.358,,[],office001_2019_raw.jsonl,170,2019-01-01T00:00:00+00:00,2020-01-01T00:00:00+00:00,False
19_102_260_1639_2019-06-27 16:54:54.933969,5d2a778bf9af8b3b7810a74f,office001,19-102-260-1639,05,0102,,2019-06-27T16:54:55+00:00,2019-06-28T01:54:08+00:00,,33.4,,[],office001_2019_raw.jsonl,171,2019-01-01T00:00:00+00:00,2020-01-01T00:00:00+00:00,False
19_102_260_1633_2019-06-26 18:51:52.688333,5d29260cf9af8b379f963536,office001,19-102-260-1633,02,0102,,2019-06-26T18:51:53+00:00,2019-06-26T23:07:14+00:00,,7.489,,[],office001_2019_raw.jsonl,172,2019-01-01T00:00:00+00:00,2020-01-01T00:00:00+00:00,False
19_102_260_1636_2019-06-26 18:34:44.411673,5d29260cf9af8b379f963535,office001,19-102-260-1636,06,0102,,2019-06-26T18:34:44+00:00,2019-06-27T00:41:22+00:00,,13.503,,[],office001_2019_raw.jsonl,173,2019-01-01T00:00:00+00:00,2020-01-01T00:00:00+00:00,False
19_102_260_1640_2019-06-25 21:18:47.191120,5d29260bf9af8b379f963534,office001,19-102-260-1640,08,0102,,2019-06-25T21:18:47+00:00,2019-06-26T04:08:53+00:00,,30.541,,[],office001_2019_raw.jsonl,174,2019-01-01T00:00:00+00:00,2020-01-01T00:00:00+00:00,False
19_102_260_1634_2019-06-25 17:44:10.917829,5d29260bf9af8b379f963533,office001,19-102-260-1634,03,0102,,2019-06-25T17:44:11+00:00,2019-06-26T00:09:12+00:00,,40.186,,[],office001_2019_raw.jsonl,175,2019-01-01T00:00:00+00:00,2020-01-01T00:00:00+00:00,False
19_102_260_1636_2019-06-24 18:28:10.408363,5d29260bf9af8b379f963532,office001,19-102-260-1636,06,0102,,2019-06-24T18:28:10+00:00,2019-06-25T01:35:29+00:00,,14.883,,[],office001_2019_raw.jsonl,176,2019-01-01T00:00:00+00:00,2020-01-01T00:00:00+00:00,False
19_102_260_1633_2019-06-24 16:38:43.224215,5d29260bf9af8b379f963531,office001,19-102-260-1633,02,0102,,2019-06-24T16:38:43+00:00,2019-06-24T18:04:55+00:00,2019-06-24T16:52:58+00:00,3.949,,[],office001_2019_raw.jsonl,177,2019-01-01T00:00:00+00:00,2020-01-01T00:00:00+00:00,False
19_102_260_1640_2019-06-21 22:13:47.554301,5d23e00bf9af8b25bd39c4f1,office001,19-102-260-1640,08,0102,,2019-06-21T22:13:48+00:00,2019-06-22T03:56:50+00:00,2019-06-22T03:05:31+00:00,30.701,,[],office001_2019_raw.jsonl,178,2019-01-01T00:00:00+00:00,2020-01-01T00:00:00+00:00,False
19_102_260_1639_2019-06-21 21:01:08.904984,5d23e00bf9af8b25bd39c4f0,office001,19-102-260-1639,05,0102,,2019-06-21T21:01:09+00:00,2019-06-22T00:14:46+00:00,2019-06-22T00:14:34+00:00,20.362,,[],office001_2019_raw.jsonl,179,2019-01-01T00:00:00+00:00,2020-01-01T00:00:00+00:00,False
19_102_260_1640_2019-06-21 20:30:48.589951,5d23e00bf9af8b25bd39c4ef,office001,19-102-260-1640,08,0102,,2019-06-21T20:30:49+00:00,2019-06-21T20:55:54+00:00,2019-06-21T20:55:45+00:00,2.517,,[],office001_2019_raw.jsonl,180,2019-01-01T00:00:00+00:00,2020-01-01T00:00:00+00:00,False
19_102_260_1639_2019-06-21 18:47:21.667818,5d23e00bf9af8b25bd39c4ee,office001,19-102-260-1639,05,0102,,2019-06-21T18:47:22+00:00,2019-06-21T20:06:07+00:00,2019-06-21T20:06:02+00:00,8.227,,[],office001_2019_raw.jsonl,181,2019-01-01T00:00:00+00:00,2020-01-01T00:00:00+00:00,False
19_102_260_1636_2019-06-20 18:35:04.734075,5d213d17f9af8b1dcd2fa390,office001,19-102-260-1636,06,0102,,2019-06-20T18:35:05+00:00,2019-06-21T00:15:10+00:00,2019-06-20T22:54:18+00:00,13.998,,[],office001_2019_raw.jsonl,182,2019-01-01T00:00:00+00:00,2020-01-01T00:00:00+00:00,False
19_102_260_1636_2019-06-19 19:20:59.240465,5d213d16f9af8b1dcd2fa38f,office001,19-102-260-1636,06,0102,,2019-06-19T19:20:59+00:00,2019-06-20T00:35:43+00:00,2019-06-19T22:34:40+00:00,10.452,,[],office001_2019_raw.jsonl,183,2019-01-01T00:00:00+00:00,2020-01-01T00:00:00+00:00,False
19_102_260_1639_2019-06-19 17:08:22.449663,5d213d16f9af8b1dcd2fa38e,office001,19-102-260-1639,05,0102,,2019-06-19T17:08:22+00:00,2019-06-20T01:19:19+00:00,2019-06-20T01:18:55+00:00,46.885,,[],office001_2019_raw.jsonl,184,2019-01-01T00:00:00+00:00,2020-01-01T00:00:00+00:00,False
19_102_260_1640_2019-06-18 21:41:03.532535,5d213d13f9af8b1dcd2fa38d,office001,19-102-260-1640,08,0102,,2019-06-18T21:41:04+00:00,2019-06-19T04:07:54+00:00,2019-06-19T00:59:55+00:00,20.773,,[],office001_2019_raw.jsonl,185,2019-01-01T00:00:00+00:00,2020-01-01T00:00:00+00:00,False
19_102_260_1640_2019-06-17 20:15:45.304074,5d213d12f9af8b1dcd2fa38c,office001,19-102-260-1640,08,0102,,2019-06-17T20:15:45+00:00,2019-06-18T03:55:58+00:00,2019-06-18T03:55:45+00:00,48.185,,[],office001_2019_raw.jsonl,186,2019-01-01T00:00:00+00:00,2020-01-01T00:00:00+00:00,False
19_102_260_1636_2019-06-17 18:29:57.168199,5d213d12f9af8b1dcd2fa38b,office001,19-102-260-1636,06,0102,,2019-06-17T18:29:57+00:00,2019-06-18T02:10:41+00:00,2019-06-17T22:11:17+00:00,11.868,,[],office001_2019_raw.jsonl,187,2019-01-01T00:00:00+00:00,2020-01-01T00:00:00+00:00,False
19_102_260_1635_2019-06-17 15:25:08.291862,5d213d12f9af8b1dcd2fa38a,office001,19-102-260-1635,01,0102,,2019-06-17T15:25:08+00:00,2019-06-17T16:10:31+00:00,2019-06-17T16:10:23+00:00,4.731,,[],office001_2019_raw.jsonl,188,2019-01-01T00:00:00+00:00,2020-01-01T00:00:00+00:00,False
19_102_260_1640_2019-06-14 23:46:25.543141,5d19540bf9af8b054e2211fc,office001,19-102-260-1640,08,0102,,2019-06-14T23:46:26+00:00,2019-06-15T04:07:42+00:00,2019-06-15T01:53:14+00:00,11.453,,[],office001_2019_raw.jsonl,189,2019-01-01T00:00:00+00:00,2020-01-01T00:00:00+00:00,False
19_102_260_1640_2019-06-14 21:40:47.058836,5d19540bf9af8b054e2211fb,office001,19-102-260-1640,08,0102,,2019-06-14T21:40:47+00:00,2019-06-14T23:31:23+00:00,2019-06-14T23:31:11+00:00,11.592,,[],office001_2019_raw.jsonl,190,2019-01-01T00:00:00+00:00,2020-01-01T00:00:00+00:00,False
19_102_260_1633_2019-06-14 16:08:23.242378,5d19540bf9af8b054e2211fa,office001,19-102-260-1633,02,0102,,2019-06-14T16:08:23+00:00,2019-06-14T22:27:09+00:00,2019-06-14T17:02:14+00:00,5.177,,[],office001_2019_raw.jsonl,191,2019-01-01T00:00:00+00:00,2020-01-01T00:00:00+00:00,False
19_102_260_1633_2019-06-14 00:02:11.524042,5d18028ef9af8b7fe49c600f,office001,19-102-260-1633,02,0102,,2019-06-14T00:02:12+00:00,2019-06-14T00:14:40+00:00,2019-06-14T00:14:36+00:00,1.183,,[],office001_2019_raw.jsonl,192,2019-01-01T00:00:00+00:00,2020-01-01T00:00:00+00:00,False
19_102_260_1640_2019-06-13 21:27:23.873992,5d18028ef9af8b7fe49c600e,office001,19-102-260-1640,08,0102,,2019-06-13T21:27:24+00:00,2019-06-14T04:37:27+00:00,2019-06-14T04:37:23+00:00,32.137,,[],office001_2019_raw.jsonl,193,2019-01-01T00:00:00+00:00,2020-01-01T00:00:00+00:00,False
19_102_260_1639_2019-06-13 20:06:01.041164,5d18028ef9af8b7fe49c600d,office001,19-102-260-1639,05,0102,,2019-06-13T20:06:01+00:00,2019-06-14T01:37:46+00:00,2019-06-13T21:28:22+00:00,8.68,,[],office001_2019_raw.jsonl,194,2019-01-01T00:00:00+00:00,2020-01-01T00:00:00+00:00,False
19_102_260_1636_2019-06-13 18:31:39.502403,5d18028ef9af8b7fe49c600c,office001,19-102-260-1636,06,0102,,2019-06-13T18:31:39+00:00,2019-06-14T02:21:27+00:00,2019-06-13T21:40:05+00:00,10.197,,[],office001_2019_raw.jsonl,195,2019-01-01T00:00:00+00:00,2020-01-01T00:00:00+00:00,False
19_102_260_1633_2019-06-13 17:44:40.360090,5d18028ef9af8b7fe49c600b,office001,19-102-260-1633,02,0102,,2019-06-13T17:44:40+00:00,2019-06-13T22:12:38+00:00,2019-06-13T19:17:36+00:00,8.874,,[],office001_2019_raw.jsonl,196,2019-01-01T00:00:00+00:00,2020-01-01T00:00:00+00:00,False
19_102_260_1639_2019-06-13 17:09:04.693442,5d18028ef9af8b7fe49c600a,office001,19-102-260-1639,05,0102,,2019-06-13T17:09:05+00:00,2019-06-13T19:05:08+00:00,2019-06-13T19:04:48+00:00,12.1,,[],office001_2019_raw.jsonl,197,2019-01-01T00:00:00+00:00,2020-01-01T00:00:00+00:00,False
19_102_260_1636_2019-06-12 20:42:33.230415,5d16b10cf9af8b7bda6bd759,office001,19-102-260-1636,06,0102,,2019-06-12T20:42:33+00:00,2019-06-13T02:15:01+00:00,2019-06-13T00:39:07+00:00,12.847,,[],office001_2019_raw.jsonl,198,2019-01-01T00:00:00+00:00,2020-01-01T00:00:00+00:00,False
19_102_260_1633_2019-06-12 16:20:40.143562,5d16b10cf9af8b7bda6bd758,office001,19-102-260-1633,02,0102,,2019-06-12T16:20:40+00:00,2019-06-13T00:30:50+00:00,2019-06-12T17:18:55+00:00,5.545,,[],office001_2019_raw.jsonl,199,2019-01-01T00:00:00+00:00,2020-01-01T00:00:00+00:00,False
19_102_260_1640_2019-06-11 23:49:05.443759,5d155f8bf9af8b7689526324,office001,19-102-260-1640,08,0102,,2019-06-11T23:49:05+00:00,2019-06-12T03:59:59+00:00,,26.052,,[],office001_2019_raw.jsonl,200,2019-01-01T00:00:00+00:00,2020-01-01T00:00:00+00:00,False
19_102_260_1634_2019-06-11 21:32:00.949180,5d155f8bf9af8b7689526323,office001,19-102-260-1634,03,0102,,2019-06-11T21:32:01+00:00,2019-06-11T23:46:08+00:00,,14.009,,[],office001_2019_raw.jsonl,201,2019-01-01T00:00:00+00:00,2020-01-01T00:00:00+00:00,False
19_102_260_1639_2019-06-11 20:36:36.834110,5d155f8bf9af8b7689526322,office001,19-102-260-1639,05,0102,,2019-06-11T20:36:37+00:00,2019-06-12T00:52:54+00:00,,26.088,,[],office001_2019_raw.jsonl,202,2019-01-01T00:00:00+00:00,2020-01-01T00:00:00+00:00,False
19_102_260_1640_2019-06-11 20:08:16.785046,5d155f8bf9af8b7689526321,office001,19-102-260-1640,08,0102,,2019-06-11T20:08:17+00:00,2019-06-11T21:48:38+00:00,,10.27,,[],office001_2019_raw.jsonl,203,2019-01-01T00:00:00+00:00,2020-01-01T00:00:00+00:00,False
19_102_260_1636_2019-06-11 18:36:03.251460,5d155f8bf9af8b7689526320,office001,19-102-260-1636,06,0102,,2019-06-11T18:36:03+00:00,2019-06-12T02:02:01+00:00,,12.187,,[],office001_2019_raw.jsonl,204,2019-01-01T00:00:00+00:00,2020-01-01T00:00:00+00:00,False
19_102_260_1633_2019-06-11 16:23:17.971686,5d155f8bf9af8b768952631f,office001,19-102-260-1633,02,0102,,2019-06-11T16:23:18+00:00,2019-06-12T00:12:03+00:00,,5.172,,[],office001_2019_raw.jsonl,205,2019-01-01T00:00:00+00:00,2020-01-01T00:00:00+00:00,False
19_102_260_1634_2019-06-10 18:38:59.824006,5d140e0bf9af8b71c7242ef1,office001,19-102-260-1634,03,0102,,2019-06-10T18:39:00+00:00,2019-06-11T00:19:49+00:00,,36.059,,[],office001_2019_raw.jsonl,206,2019-01-01T00:00:00+00:00,2020-01-01T00:00:00+00:00,False
19_102_260_1636_2019-06-10 18:30:28.228415,5d140e0bf9af8b71c7242ef0,office001,19-102-260-1636,06,0102,,2019-06-10T18:30:28+00:00,2019-06-11T00:57:47+00:00,,10.496,,[],office001_2019_raw.jsonl,207,2019-01-01T00:00:00+00:00,2020-01-01T00:00:00+00:00,False
19_102_260_1640_2019-06-07 20:46:33.565619,5d10198cf9af8b66545cc16c,office001,19-102-260-1640,08,0102,,2019-06-07T20:46:34+00:00,2019-06-08T03:59:42+00:00,,13.397,,[],office001_2019_raw.jsonl,208,2019-01-01T00:00:00+00:00,2020-01-01T00:00:00+00:00,False
19_102_260_1636_2019-06-07 20:01:57.540218,5d10198cf9af8b66545cc16b,office001,19-102-260-1636,06,0102,,2019-06-07T20:01:58+00:00,2019-06-08T01:30:09+00:00,,11.297,,[],office001_2019_raw.jsonl,209,2019-01-01T00:00:00+00:00,2020-01-01T00:00:00+00:00,False
19_102_260_1633_2019-06-07 15:32:23.994045,5d10198cf9af8b66545cc16a,office001,19-102-260-1633,02,0102,,2019-06-07T15:32:24+00:00,2019-06-07T22:10:25+00:00,,6.884,,[],office001_2019_raw.jsonl,210,2019-01-01T00:00:00+00:00,2020-01-01T00:00:00+00:00,False
19_102_260_1640_2019-06-06 21:45:29.130174,5d0ec80bf9af8b624abc9932,office001,19-102-260-1640,08,0102,,2019-06-06T21:45:29+00:00,2019-06-07T03:19:12+00:00,,29.286,,[],office001_2019_raw.jsonl,211,2019-01-01T00:00:00+00:00,2020-01-01T00:00:00+00:00,False
19_102_260_1636_2019-06-06 18:34:00.952526,5d0ec80bf9af8b624abc9931,office001,19-102-260-1636,06,0102,,2019-06-06T18:34:01+00:00,2019-06-06T23:34:49+00:00,,11.298,,[],office001_2019_raw.jsonl,212,2019-01-01T00:00:00+00:00,2020-01-01T00:00:00+00:00,False
19_102_260_1633_2019-06-06 15:44:48.796690,5d0ec80bf9af8b624abc9930,office001,19-102-260-1633,02,0102,,2019-06-06T15:44:49+00:00,2019-06-07T01:02:49+00:00,,5.176,,[],office001_2019_raw.jsonl,213,2019-01-01T00:00:00+00:00,2020-01-01T00:00:00+00:00,False
19_102_260_1636_2019-06-05 18:25:20.678823,5d0d768bf9af8b5e76b05c1c,office001,19-102-260-1636,06,0102,,2019-06-05T18:25:21+00:00,2019-06-06T00:12:35+00:00,,13.107,,[],office001_2019_raw.jsonl,214,2019-01-01T00:00:00+00:00,2020-01-01T00:00:00+00:00,False
19_102_260_1633_2019-06-05 16:28:01.856288,5d0d768bf9af8b5e76b05c1b,office001,19-102-260-1633,02,0102,,2019-06-05T16:28:02+00:00,2019-06-06T01:00:19+00:00,,5.292,,[],office001_2019_raw.jsonl,215,2019-01-01T00:00:00+00:00,2020-01-01T00:00:00+00:00,False
19_102_260_1636_2019-08-05 18:27:41.335184,5d5de20df9af8b5fc680f145,office001,19-102-260-1636,06,0102,,2019-08-05T18:27:41+00:00,2019-08-06T01:47:32+00:00,2019-08-05T23:02:56+00:00,15.057,,[],office001_2019_raw.jsonl,216,2019-01-01T00:00:00+00:00,2020-01-01T00:00:00+00:00,False
19_102_260_1638_2019-08-05 16:59:13.063339,5d5de20df9af8b5fc680f144,office001,19-102-260-1638,04,0102,,2019-08-05T16:59:13+00:00,2019-08-05T19:08:32+00:00,2019-08-05T18:19:52+00:00,3.82,,[],office001_2019_raw.jsonl,217,2019-01-01T00:00:00+00:00,2020-01-01T00:00:00+00:00,False
19_102_260_1633_2019-08-05 15:13:20.856689,5d5de20df9af8b5fc680f143,office001,19-102-260-1633,02,0102,,2019-08-05T15:13:21+00:00,2019-08-06T00:29:51+00:00,2019-08-05T22:50:40+00:00,40.919,,[],office001_2019_raw.jsonl,218,2019-01-01T00:00:00+00:00,2020-01-01T00:00:00+00:00,False
19_102_260_1637_2019-08-02 22:27:31.643953,5d59ed8ef9af8b54741597d5,office001,19-102-260-1637,07,0102,,2019-08-02T22:27:32+00:00,2019-08-03T02:21:25+00:00,2019-08-03T02:21:12+00:00,8.825,,[],office001_2019_raw.jsonl,219,2019-01-01T00:00:00+00:00,2020-01-01T00:00:00+00:00,False
19_102_260_1636_2019-08-02 20:56:34.685400,5d59ed8ef9af8b54741597d4,office001,19-102-260-1636,06,0102,,2019-08-02T20:56:35+00:00,2019-08-02T23:41:42+00:00,2019-08-02T23:36:22+00:00,7.854,,[],office001_2019_raw.jsonl,220,2019-01-01T00:00:00+00:00,2020-01-01T00:00:00+00:00,False
19_102_260_1637_2019-08-02 20:06:38.751516,5d59ed8ef9af8b54741597d3,office001,19-102-260-1637,07,0102,,2019-08-02T20:06:39+00:00,2019-08-02T21:44:50+00:00,2019-08-02T21:44:42+00:00,10.143,,[],office001_2019_raw.jsonl,221,2019-01-01T00:00:00+00:00,2020-01-01T00:00:00+00:00,False
19_102_260_1636_2019-08-02 18:25:27.061686,5d59ed8ef9af8b54741597d2,office001,19-102-260-1636,06,0102,,2019-08-02T18:25:27+00:00,2019-08-02T19:58:51+00:00,2019-08-02T19:58:46+00:00,5.267,,[],office001_2019_raw.jsonl,222,2019-01-01T00:00:00+00:00,2020-01-01T00:00:00+00:00,False
19_102_260_1638_2019-08-02 17:33:10.460330,5d59ed8ef9af8b54741597d1,office001,19-102-260-1638,04,0102,,2019-08-02T17:33:10+00:00,2019-08-02T18:18:45+00:00,2019-08-02T18:18:41+00:00,1.666,,[],office001_2019_raw.jsonl,223,2019-01-01T00:00:00+00:00,2020-01-01T00:00:00+00:00,False
19_102_260_1640_2019-08-02 17:11:12.212162,5d59ed8ef9af8b54741597d0,office001,19-102-260-1640,08,0102,,2019-08-02T17:11:12+00:00,2019-08-03T03:57:32+00:00,2019-08-02T19:14:56+00:00,6.071,,[],office001_2019_raw.jsonl,224,2019-01-01T00:00:00+00:00,2020-01-01T00:00:00+00:00,False
19_102_260_1633_2019-08-02 15:22:44.566992,5d59ed8ef9af8b54741597cf,office001,19-102-260-1633,02,0102,,2019-08-02T15:22:45+00:00,2019-08-02T22:34:15+00:00,2019-08-02T19:58:35+00:00,22.804,,[],office001_2019_raw.jsonl,225,2019-01-01T00:00:00+00:00,2020-01-01T00:00:00+00:00,False
19_102_260_1638_2019-08-01 20:51:31.446186,5d589c0df9af8b5066ec3275,office001,19-102-260-1638,04,0102,,2019-08-01T20:51:31+00:00,2019-08-02T02:10:08+00:00,2019-08-01T22:01:20+00:00,3.265,,[],office001_2019_raw.jsonl,226,2019-01-01T00:00:00+00:00,2020-01-01T00:00:00+00:00,False
19_102_260_1633_2019-08-01 19:32:35.039744,5d589c0df9af8b5066ec3274,office001,19-102-260-1633,02,0102,,2019-08-01T19:32:35+00:00,2019-08-02T00:26:22+00:00,2019-08-01T20:19:16+00:00,0.891,,[],office001_2019_raw.jsonl,227,2019-01-01T00:00:00+00:00,2020-01-01T00:00:00+00:00,False
19_102_260_1636_2019-08-01 18:28:20.364881,5d589c0df9af8b5066ec3273,office001,19-102-260-1636,06,0102,,2019-08-01T18:28:20+00:00,2019-08-02T00:02:15+00:00,2019-08-01T21:30:51+00:00,9.842,,[],office001_2019_raw.jsonl,228,2019-01-01T00:00:00+00:00,2020-01-01T00:00:00+00:00,False
19_102_260_1633_2019-08-01 15:33:19.022359,5d589c0df9af8b5066ec3272,office001,19-102-260-1633,02,0102,,2019-08-01T15:33:19+00:00,2019-08-01T19:12:21+00:00,2019-08-01T19:12:17+00:00,20.335,,[],office001_2019_raw.jsonl,229,2019-01-01T00:00:00+00:00,2020-01-01T00:00:00+00:00,False
19_102_260_1640_2019-07-31 21:06:37.065585,5d574a8cf9af8b4c0e3a9776,office001,19-102-260-1640,08,0102,,2019-07-31T21:06:37+00:00,2019-08-01T04:31:43+00:00,2019-08-01T04:31:31+00:00,23.207,,[],office001_2019_raw.jsonl,230,2019-01-01T00:00:00+00:00,2020-01-01T00:00:00+00:00,False
19_102_260_1640_2019-07-31 20:17:57.033788,5d574a8cf9af8b4c0e3a9775,office001,19-102-260-1640,08,0102,,2019-07-31T20:17:57+00:00,2019-07-31T20:35:17+00:00,2019-07-31T20:35:09+00:00,1.756,,[],office001_2019_raw.jsonl,231,2019-01-01T00:00:00+00:00,2020-01-01T00:00:00+00:00,False
19_102_260_1639_2019-07-31 18:38:05.074870,5d574a8cf9af8b4c0e3a9774,office001,19-102-260-1639,05,0102,,2019-07-31T18:38:05+00:00,2019-08-01T00:41:21+00:00,2019-07-31T21:07:14+00:00,15.559,,[],office001_2019_raw.jsonl,232,2019-01-01T00:00:00+00:00,2020-01-01T00:00:00+00:00,False
19_102_260_1636_2019-07-31 18:37:27.967430,5d574a8cf9af8b4c0e3a9773,office001,19-102-260-1636,06,0102,,2019-07-31T18:37:28+00:00,2019-08-01T01:47:28+00:00,2019-07-31T23:44:46+00:00,16.079,,[],office001_2019_raw.jsonl,233,2019-01-01T00:00:00+00:00,2020-01-01T00:00:00+00:00,False
19_102_260_1633_2019-07-30 19:41:58.635845,5d55f90cf9af8b45e064a245,office001,19-102-260-1633,02,0102,,2019-07-30T19:41:59+00:00,2019-07-30T23:31:35+00:00,2019-07-30T20:21:42+00:00,0.756,,[],office001_2019_raw.jsonl,234,2019-01-01T00:00:00+00:00,2020-01-01T00:00:00+00:00,False
19_102_260_1640_2019-07-30 19:08:52.342483,5d55f90cf9af8b45e064a244,office001,19-102-260-1640,08,0102,,2019-07-30T19:08:52+00:00,2019-07-31T04:12:09+00:00,2019-07-31T04:12:01+00:00,33.082,,[],office001_2019_raw.jsonl,235,2019-01-01T00:00:00+00:00,2020-01-01T00:00:00+00:00,False
19_102_260_1639_2019-07-30 18:28:53.051330,5d55f90cf9af8b45e064a243,office001,19-102-260-1639,05,0102,,2019-07-30T18:28:53+00:00,2019-07-31T00:30:07+00:00,2019-07-31T00:29:59+00:00,30.501,,[],office001_2019_raw.jsonl,236,2019-01-01T00:00:00+00:00,2020-01-01T00:00:00+00:00,False
19_102_260_1633_2019-07-30 14:35:35.192504,5d55f90cf9af8b45e064a242,office001,19-102-260-1633,02,0102,,2019-07-30T14:35:35+00:00,2019-07-30T19:20:10+00:00,2019-07-30T18:48:38+00:00,20.548,,[],office001_2019_raw.jsonl,237,2019-01-01T00:00:00+00:00,2020-01-01T00:00:00+00:00,False
19_102_260_1636_2019-07-29 18:29:38.907248,5d54a78ef9af8b413d32f3ff,office001,19-102-260-1636,06,0102,,2019-07-29T18:29:39+00:00,2019-07-30T02:23:15+00:00,2019-07-29T21:04:54+00:00,8.223,,[],office001_2019_raw.jsonl,238,2019-01-01T00:00:00+00:00,2020-01-01T00:00:00+00:00,False
19_102_260_1639_2019-07-29 17:00:56.134143,5d54a78ef9af8b413d32f3fe,office001,19-102-260-1639,05,0102,,2019-07-29T17:00:56+00:00,2019-07-29T21:41:19+00:00,2019-07-29T21:41:11+00:00,29.454,,[],office001_2019_raw.jsonl,239,2019-01-01T00:00:00+00:00,2020-01-01T00:00:00+00:00,False
19_102_260_1640_2019-07-29 16:30:28.023148,5d54a78ef9af8b413d32f3fd,office001,19-102-260-1640,08,0102,,2019-07-29T16:30:28+00:00,2019-07-30T01:14:51+00:00,2019-07-29T17:18:28+00:00,4.603,,[],office001_2019_raw.jsonl,240,2019-01-01T00:00:00+00:00,2020-01-01T00:00:00+00:00,False
19_102_260_1633_2019-07-29 15:41:39.538535,5d54a78ef9af8b413d32f3fc,office001,19-102-260-1633,02,0102,,2019-07-29T15:41:40+00:00,2019-07-30T00:36:29+00:00,2019-07-29T20:17:18+00:00,22.493,,[],office001_2019_raw.jsonl,241,2019-01-01T00:00:00+00:00,2020-01-01T00:00:00+00:00,False
19_102_260_1639_2019-07-27 00:18:08.782078,5d50b30df9af8b34f0d02dd7,office001,19-102-260-1639,05,0102,,2019-07-27T00:18:09+00:00,2019-07-27T03:54:02+00:00,2019-07-27T03:53:53+00:00,5.847,,[],office001_2019_raw.jsonl,242,2019-01-01T00:00:00+00:00,2020-01-01T00:00:00+00:00,False
19_102_260_1636_2019-07-26 21:36:41.774621,5d50b30df9af8b34f0d02dd6,office001,19-102-260-1636,06,0102,,2019-07-26T21:36:42+00:00,2019-07-27T01:25:59+00:00,2019-07-27T01:25:54+00:00,9.005,,[],office001_2019_raw.jsonl,243,2019-01-01T00:00:00+00:00,2020-01-01T00:00:00+00:00,False
19_102_260_1640_2019-07-26 20:04:37.032635,5d50b30df9af8b34f0d02dd5,office001,19-102-260-1640,08,0102,,2019-07-26T20:04:37+00:00,2019-07-26T23:39:07+00:00,2019-07-26T23:38:59+00:00,19.081,,[],office001_2019_raw.jsonl,244,2019-01-01T00:00:00+00:00,2020-01-01T00:00:00+00:00,False
19_102_260_1634_2019-07-26 18:32:34.097819,5d50b30df9af8b34f0d02dd4,office001,19-102-260-1634,03,0102,,2019-07-26T18:32:34+00:00,2019-07-27T01:06:23+00:00,2019-07-27T01:06:14+00:00,31.855,,[],office001_2019_raw.jsonl,245,2019-01-01T00:00:00+00:00,2020-01-01T00:00:00+00:00,False
19_102_260_1636_2019-07-26 18:18:24.773149,5d50b30df9af8b34f0d02dd3,office001,19-102-260-1636,06,0102,,2019-07-26T18:18:25+00:00,2019-07-26T20:02:58+00:00,2019-07-26T20:02:54+00:00,5.855,,[],office001_2019_raw.jsonl,246,2019-01-01T00:00:00+00:00,2020-01-01T00:00:00+00:00,False
19_102_260_1640_2019-07-25 21:22:39.246916,5d4f618bf9af8b30fc3b854c,office001,19-102-260-1640,08,0102,,2019-07-25T21:22:39+00:00,2019-07-26T04:27:39+00:00,2019-07-26T04:27:19+00:00,20.77,,[],office001_2019_raw.jsonl,247,2019-01-01T00:00:00+00:00,2020-01-01T00:00:00+00:00,False
19_102_260_1634_2019-07-24 21:33:09.093336,5d4e100df9af8b2d1cb1d47a,office001,19-102-260-1634,03,0102,,2019-07-24T21:33:09+00:00,2019-07-25T01:08:15+00:00,2019-07-25T00:26:20+00:00,11.371,,[],office001_2019_raw.jsonl,248,2019-01-01T00:00:00+00:00,2020-01-01T00:00:00+00:00,False
19_102_260_1636_2019-07-24 18:29:50.263880,5d4e100df9af8b2d1cb1d479,office001,19-102-260-1636,06,0102,,2019-07-24T18:29:50+00:00,2019-07-25T01:18:41+00:00,2019-07-24T22:24:22+00:00,12.587,,[],office001_2019_raw.jsonl,249,2019-01-01T00:00:00+00:00,2020-01-01T00:00:00+00:00,False
19_102_260_1634_2019-07-24 16:52:45.903334,5d4e100df9af8b2d1cb1d478,office001,19-102-260-1634,03,0102,,2019-07-24T16:52:46+00:00,2019-07-24T20:42:31+00:00,2019-07-24T20:42:22+00:00,23.93,,[],office001_2019_raw.jsonl,250,2019-01-01T00:00:00+00:00,2020-01-01T00:00:00+00:00,False
19_102_260_1633_2019-07-24 14:39:55.409184,5d4e100df9af8b2d1cb1d477,office001,19-102-260-1633,02,0102,,2019-07-24T14:39:55+00:00,2019-07-25T00:14:21+00:00,2019-07-24T18:39:03+00:00,19.095,,[],office001_2019_raw.jsonl,251,2019-01-01T00:00:00+00:00,2020-01-01T00:00:00+00:00,False
19_102_260_1633_2019-07-23 15:28:00.026642,5d4cbe8bf9af8b294e591d5a,office001,19-102-260-1633,02,0102,,2019-07-23T15:28:00+00:00,2019-07-23T23:50:19+00:00,2019-07-23T19:31:24+00:00,19.348,,[],office001_2019_raw.jsonl,252,2019-01-01T00:00:00+00:00,2020-01-01T00:00:00+00:00,False
19_102_260_1634_2019-07-22 18:42:52.676478,5d4b6d0cf9af8b256b15b6f3,office001,19-102-260-1634,03,0102,,2019-07-22T18:42:53+00:00,2019-07-22T22:43:55+00:00,2019-07-22T22:43:39+00:00,21.626,,[],office001_2019_raw.jsonl,253,2019-01-01T00:00:00+00:00,2020-01-01T00:00:00+00:00,False
19_102_260_1636_2019-07-22 18:23:16.046850,5d4b6d0cf9af8b256b15b6f2,office001,19-102-260-1636,06,0102,,2019-07-22T18:23:16+00:00,2019-07-23T00:09:28+00:00,2019-07-22T22:31:51+00:00,13.416,,[],office001_2019_raw.jsonl,254,2019-01-01T00:00:00+00:00,2020-01-01T00:00:00+00:00,False
19_102_260_1633_2019-07-22 14:26:43.352894,5d4b6d0cf9af8b256b15b6f1,office001,19-102-260-1633,02,0102,,2019-07-22T14:26:43+00:00,2019-07-22T23:49:08+00:00,2019-07-22T20:15:44+00:00,29.358,,[],office001_2019_raw.jsonl,255,2019-01-01T00:00:00+00:00,2020-01-01T00:00:00+00:00,False
19_102_260_1636_2019-07-19 21:01:29.049443,5d47788cf9af8b18e2f54d85,office001,19-102-260-1636,06,0102,,2019-07-19T21:01:29+00:00,2019-07-19T22:27:20+00:00,2019-07-19T22:27:11+00:00,4.478,,[],office001_2019_raw.jsonl,256,2019-01-01T00:00:00+00:00,2020-01-01T00:00:00+00:00,False
19_102_260_1635_2019-07-19 18:22:01.650524,5d47788cf9af8b18e2f54d84,office001,19-102-260-1635,01,0102,,2019-07-19T18:22:02+00:00,2019-07-19T22:56:22+00:00,2019-07-19T22:56:14+00:00,28.205,,[],office001_2019_raw.jsonl,257,2019-01-01T00:00:00+00:00,2020-01-01T00:00:00+00:00,False
19_102_260_1634_2019-07-19 16:25:17.569150,5d47788cf9af8b18e2f54d83,office001,19-102-260-1634,03,0102,,2019-07-19T16:25:18+00:00,2019-07-19T22:23:42+00:00,2019-07-19T20:34:44+00:00,26.218,,[],office001_2019_raw.jsonl,258,2019-01-01T00:00:00+00:00,2020-01-01T00:00:00+00:00,False
19_102_260_1633_2019-07-19 14:24:53.149104,5d47788cf9af8b18e2f54d82,office001,19-102-260-1633,02,0102,,2019-07-19T14:24:53+00:00,2019-07-19T16:44:08+00:00,2019-07-19T16:43:59+00:00,14.386,,[],office001_2019_raw.jsonl,259,2019-01-01T00:00:00+00:00,2020-01-01T00:00:00+00:00,False
19_102_260_1636_2019-07-18 18:27:35.829556,5d46270df9af8b14de50193c,office001,19-102-260-1636,06,0102,,2019-07-18T18:27:36+00:00,2019-07-19T00:15:38+00:00,2019-07-18T21:32:05+00:00,9.848,,[],office001_2019_raw.jsonl,260,2019-01-01T00:00:00+00:00,2020-01-01T00:00:00+00:00,False
19_102_260_1634_2019-07-18 15:45:24.464451,5d46270df9af8b14de50193b,office001,19-102-260-1634,03,0102,,2019-07-18T15:45:24+00:00,2019-07-18T16:48:39+00:00,2019-07-18T16:48:31+00:00,6.771,,[],office001_2019_raw.jsonl,261,2019-01-01T00:00:00+00:00,2020-01-01T00:00:00+00:00,False
19_102_260_1633_2019-07-18 14:47:09.128365,5d46270df9af8b14de50193a,office001,19-102-260-1633,02,0102,,2019-07-18T14:47:09+00:00,2019-07-18T23:44:20+00:00,2019-07-18T20:26:22+00:00,28.238,,[],office001_2019_raw.jsonl,262,2019-01-01T00:00:00+00:00,2020-01-01T00:00:00+00:00,False
19_102_260_1639_2019-07-17 20:20:09.559140,5d44d58bf9af8b10f3f8f32e,office001,19-102-260-1639,05,0102,,2019-07-17T20:20:10+00:00,2019-07-18T02:52:47+00:00,2019-07-18T02:52:39+00:00,23.18,,[],office001_2019_raw.jsonl,263,2019-01-01T00:00:00+00:00,2020-01-01T00:00:00+00:00,False
19_102_260_1636_2019-07-17 18:32:19.490466,5d44d58bf9af8b10f3f8f32d,office001,19-102-260-1636,06,0102,,2019-07-17T18:32:19+00:00,2019-07-18T01:17:14+00:00,2019-07-17T23:07:03+00:00,14.991,,[],office001_2019_raw.jsonl,264,2019-01-01T00:00:00+00:00,2020-01-01T00:00:00+00:00,False
19_102_260_1639_2019-07-17 16:49:43.436360,5d44d58bf9af8b10f3f8f32c,office001,19-102-260-1639,05,0102,,2019-07-17T16:49:43+00:00,2019-07-17T19:56:51+00:00,2019-07-17T19:56:42+00:00,19.442,,[],office001_2019_raw.jsonl,265,2019-01-01T00:00:00+00:00,2020-01-01T00:00:00+00:00,False
19_102_260_1640_2019-07-16 17:43:12.704595,5d43840df9af8b0cf2418183,office001,19-102-260-1640,08,0102,,2019-07-16T17:43:13+00:00,2019-07-17T01:03:00+00:00,2019-07-16T19:12:51+00:00,8.569,,[],office001_2019_raw.jsonl,266,2019-01-01T00:00:00+00:00,2020-01-01T00:00:00+00:00,False
19_102_260_1634_2019-07-16 15:47:56.067764,5d43840df9af8b0cf2418182,office001,19-102-260-1634,03,0102,,2019-07-16T15:47:56+00:00,2019-07-16T22:40:28+00:00,2019-07-16T20:22:28+00:00,26.18,,[],office001_2019_raw.jsonl,267,2019-01-01T00:00:00+00:00,2020-01-01T00:00:00+00:00,False
19_102_260_1633_2019-07-16 14:39:12.218824,5d43840df9af8b0cf2418181,office001,19-102-260-1633,02,0102,,2019-07-16T14:39:12+00:00,2019-07-16T23:54:27+00:00,2019-07-16T23:54:19+00:00,52.947,,[],office001_2019_raw.jsonl,268,2019-01-01T00:00:00+00:00,2020-01-01T00:00:00+00:00,False
19_102_260_1640_2019-07-15 20:07:42.935199,5d42328cf9af8b089d7478fe,office001,19-102-260-1640,08,0102,,2019-07-15T20:07:43+00:00,2019-07-16T04:02:06+00:00,2019-07-16T04:01:54+00:00,25.835,,[],office001_2019_raw.jsonl,269,2019-01-01T00:00:00+00:00,2020-01-01T00:00:00+00:00,False
19_102_260_1636_2019-07-15 18:48:56.283611,5d42328cf9af8b089d7478fd,office001,19-102-260-1636,06,0102,,2019-07-15T18:48:56+00:00,2019-07-16T01:14:36+00:00,2019-07-15T22:04:19+00:00,10.499,,[],office001_2019_raw.jsonl,270,2019-01-01T00:00:00+00:00,2020-01-01T00:00:00+00:00,False
19_102_260_1636_2019-07-12 21:35:41.588147,5d3e3e0cf9af8b7bb15cdfe0,office001,19-102-260-1636,06,0102,,2019-07-12T21:35:42+00:00,2019-07-13T01:43:22+00:00,2019-07-13T00:57:19+00:00,10.87,,[],office001_2019_raw.jsonl,271,2019-01-01T00:00:00+00:00,2020-01-01T00:00:00+00:00,False
19_102_260_1635_2019-07-12 18:13:57.928958,5d3e3e0cf9af8b7bb15cdfdf,office001,19-102-260-1635,01,0102,,2019-07-12T18:13:58+00:00,2019-07-12T19:16:06+00:00,2019-07-12T19:15:57+00:00,6.497,,[],office001_2019_raw.jsonl,272,2019-01-01T00:00:00+00:00,2020-01-01T00:00:00+00:00,False
19_102_260_1634_2019-07-12 16:25:42.100149,5d3e3e0cf9af8b7bb15cdfde,office001,19-102-260-1634,03,0102,,2019-07-12T16:25:42+00:00,2019-07-12T21:35:03+00:00,2019-07-12T21:34:59+00:00,17.015,,[],office001_2019_raw.jsonl,273,2019-01-01T00:00:00+00:00,2020-01-01T00:00:00+00:00,False
19_102_260_1633_2019-07-12 14:43:16.664197,5d3e3e0cf9af8b7bb15cdfdd,office001,19-102-260-1633,02,0102,,2019-07-12T14:43:17+00:00,2019-07-13T00:05:10+00:00,2019-07-12T22:45:29+00:00,43.23,,[],office001_2019_raw.jsonl,274,2019-01-01T00:00:00+00:00,2020-01-01T00:00:00+00:00,False
19_102_260_1640_2019-07-11 20:53:01.445123,5d3cec8bf9af8b77d3cd32c3,office001,19-102-260-1640,08,0102,,2019-07-11T20:53:01+00:00,2019-07-12T03:58:17+00:00,2019-07-12T03:40:56+00:00,36.557,,[],office001_2019_raw.jsonl,275,2019-01-01T00:00:00+00:00,2020-01-01T00:00:00+00:00,False
19_102_260_1636_2019-07-11 18:39:32.789550,5d3cec8bf9af8b77d3cd32c2,office001,19-102-260-1636,06,0102,,2019-07-11T18:39:33+00:00,2019-07-12T00:46:21+00:00,2019-07-11T21:50:20+00:00,10.241,,[],office001_2019_raw.jsonl,276,2019-01-01T00:00:00+00:00,2020-01-01T00:00:00+00:00,False
19_102_260_1633_2019-07-11 14:55:09.969116,5d3cec8bf9af8b77d3cd32c1,office001,19-102-260-1633,02,0102,,2019-07-11T14:55:10+00:00,2019-07-11T21:07:10+00:00,2019-07-11T21:07:06+00:00,38.382,,[],office001_2019_raw.jsonl,277,2019-01-01T00:00:00+00:00,2020-01-01T00:00:00+00:00,False
19_102_260_1633_2019-07-10 19:36:55.591382,5d3b9b0cf9af8b739020b050,office001,19-102-260-1633,02,0102,,2019-07-10T19:36:56+00:00,2019-07-10T20:40:34+00:00,2019-07-10T20:20:20+00:00,1.886,,[],office001_2019_raw.jsonl,278,2019-01-01T00:00:00+00:00,2020-01-01T00:00:00+00:00,False
19_102_260_1636_2019-07-10 18:42:10.124627,5d3b9b0cf9af8b739020b04f,office001,19-102-260-1636,06,0102,,2019-07-10T18:42:10+00:00,2019-07-11T00:13:27+00:00,2019-07-10T22:21:51+00:00,11.805,,[],office001_2019_raw.jsonl,279,2019-01-01T00:00:00+00:00,2020-01-01T00:00:00+00:00,False
19_102_260_1639_2019-07-10 17:21:45.176099,5d3b9b0cf9af8b739020b04e,office001,19-102-260-1639,05,0102,,2019-07-10T17:21:45+00:00,2019-07-10T23:51:26+00:00,2019-07-10T21:55:30+00:00,28.505,,[],office001_2019_raw.jsonl,280,2019-01-01T00:00:00+00:00,2020-01-01T00:00:00+00:00,False
19_102_260_1635_2019-07-10 15:59:26.582270,5d3b9b0cf9af8b739020b04d,office001,19-102-260-1635,01,0102,,2019-07-10T15:59:27+00:00,2019-07-10T16:34:23+00:00,2019-07-10T16:34:18+00:00,1.925,,[],office001_2019_raw.jsonl,281,2019-01-01T00:00:00+00:00,2020-01-01T00:00:00+00:00,False
19_102_260_1633_2019-07-09 19:40:28.397587,5d3a498cf9af8b6e75f21108,office001,19-102-260-1633,02,0102,,2019-07-09T19:40:28+00:00,2019-07-10T00:48:03+00:00,2019-07-09T21:04:52+00:00,2.688,,[],office001_2019_raw.jsonl,282,2019-01-01T00:00:00+00:00,2020-01-01T00:00:00+00:00,False
19_102_260_1639_2019-07-09 17:34:21.433900,5d3a498cf9af8b6e75f21107,office001,19-102-260-1639,05,0102,,2019-07-09T17:34:21+00:00,2019-07-10T00:12:03+00:00,2019-07-09T23:58:54+00:00,40.374,,[],office001_2019_raw.jsonl,283,2019-01-01T00:00:00+00:00,2020-01-01T00:00:00+00:00,False
19_102_260_1633_2019-07-09 15:05:28.592387,5d3a498cf9af8b6e75f21106,office001,19-102-260-1633,02,0102,,2019-07-09T15:05:29+00:00,2019-07-09T18:55:01+00:00,2019-07-09T18:54:53+00:00,23.787,,[],office001_2019_raw.jsonl,284,2019-01-01T00:00:00+00:00,2020-01-01T00:00:00+00:00,False
19_102_260_1633_2019-07-08 21:24:58.087145,5d38f80ef9af8b69fd255d27,office001,19-102-260-1633,02,0102,,2019-07-08T21:24:58+00:00,2019-07-08T23:46:54+00:00,2019-07-08T23:46:49+00:00,7.758,,[],office001_2019_raw.jsonl,285,2019-01-01T00:00:00+00:00,2020-01-01T00:00:00+00:00,False
19_102_260_1640_2019-07-08 20:50:18.138258,5d38f80ef9af8b69fd255d26,office001,19-102-260-1640,08,0102,,2019-07-08T20:50:18+00:00,2019-07-09T03:58:47+00:00,2019-07-09T03:53:43+00:00,37.265,,[],office001_2019_raw.jsonl,286,2019-01-01T00:00:00+00:00,2020-01-01T00:00:00+00:00,False
19_102_260_1636_2019-07-08 18:24:10.312555,5d38f80ef9af8b69fd255d25,office001,19-102-260-1636,06,0102,,2019-07-08T18:24:10+00:00,2019-07-09T01:54:44+00:00,2019-07-08T22:54:06+00:00,14.622,,[],office001_2019_raw.jsonl,287,2019-01-01T00:00:00+00:00,2020-01-01T00:00:00+00:00,False
19_102_260_1634_2019-07-08 17:22:19.131659,5d38f80ef9af8b69fd255d24,office001,19-102-260-1634,03,0102,,2019-07-08T17:22:19+00:00,2019-07-08T19:00:19+00:00,2019-07-08T19:00:10+00:00,10.242,,[],office001_2019_raw.jsonl,288,2019-01-01T00:00:00+00:00,2020-01-01T00:00:00+00:00,False
19_102_260_1633_2019-07-08 17:12:45.755916,5d38f80ef9af8b69fd255d23,office001,19-102-260-1633,02,0102,,2019-07-08T17:12:46+00:00,2019-07-08T17:29:03+00:00,2019-07-08T17:28:59+00:00,0.868,,[],office001_2019_raw.jsonl,289,2019-01-01T00:00:00+00:00,2020-01-01T00:00:00+00:00,False
19_102_260_1640_2019-09-05 19:43:24.151587,5d86c08df9af8b102051f162,office001,19-102-260-1640,08,0102,,2019-09-05T19:43:24+00:00,2019-09-06T04:25:17+00:00,2019-09-06T04:25:00+00:00,30.245,,[],office001_2019_raw.jsonl,290,2019-01-01T00:00:00+00:00,2020-01-01T00:00:00+00:00,False
19_102_260_1635_2019-09-05 17:52:49.729038,5d86c08df9af8b102051f161,office001,19-102-260-1635,01,0102,,2019-09-05T17:52:50+00:00,2019-09-06T00:42:40+00:00,2019-09-05T23:05:39+00:00,31.493,,[],office001_2019_raw.jsonl,291,2019-01-01T00:00:00+00:00,2020-01-01T00:00:00+00:00,False
19_102_260_1633_2019-09-05 15:40:00.418715,5d86c08df9af8b102051f160,office001,19-102-260-1633,02,0102,,2019-09-05T15:40:00+00:00,2019-09-06T02:30:17+00:00,2019-09-05T17:41:30+00:00,5.911,,[],office001_2019_raw.jsonl,292,2019-01-01T00:00:00+00:00,2020-01-01T00:00:00+00:00,False
19_102_260_1634_2019-09-05 15:35:36.303280,5d86c08df9af8b102051f15f,office001,19-102-260-1634,03,0102,,2019-09-05T15:35:36+00:00,2019-09-05T18:53:06+00:00,2019-09-05T17:53:59+00:00,10.9,,[],office001_2019_raw.jsonl,293,2019-01-01T00:00:00+00:00,2020-01-01T00:00:00+00:00,False
19_102_260_1638_2019-09-04 21:55:29.770980,5d856f0ef9af8b0c798ed4be,office001,19-102-260-1638,04,0102,,2019-09-04T21:55:30+00:00,2019-09-04T23:36:31+00:00,2019-09-04T23:36:26+00:00,4.644,,[],office001_2019_raw.jsonl,294,2019-01-01T00:00:00+00:00,2020-01-01T00:00:00+00:00,False
19_102_260_1640_2019-09-04 20:38:58.631559,5d856f0ef9af8b0c798ed4bd,office001,19-102-260-1640,08,0102,,2019-09-04T20:38:59+00:00,2019-09-05T04:04:36+00:00,2019-09-05T04:04:12+00:00,22.884,,[],office001_2019_raw.jsonl,295,2019-01-01T00:00:00+00:00,2020-01-01T00:00:00+00:00,False
19_102_260_1635_2019-09-04 19:59:27.014520,5d856f0ef9af8b0c798ed4bc,office001,19-102-260-1635,01,0102,,2019-09-04T19:59:27+00:00,2019-09-04T23:30:40+00:00,2019-09-04T22:00:17+00:00,0.603,,[],office001_2019_raw.jsonl,296,2019-01-01T00:00:00+00:00,2020-01-01T00:00:00+00:00,False
19_102_260_1638_2019-09-04 19:33:14.211501,5d856f0ef9af8b0c798ed4bb,office001,19-102-260-1638,04,0102,,2019-09-04T19:33:14+00:00,2019-09-04T20:03:39+00:00,2019-09-04T20:03:30+00:00,1.633,,[],office001_2019_raw.jsonl,297,2019-01-01T00:00:00+00:00,2020-01-01T00:00:00+00:00,False
19_102_260_1636_2019-09-04 18:27:16.273004,5d856f0ef9af8b0c798ed4ba,office001,19-102-260-1636,06,0102,,2019-09-04T18:27:16+00:00,2019-09-05T00:03:49+00:00,2019-09-04T23:00:29+00:00,14.901,,[],office001_2019_raw.jsonl,298,2019-01-01T00:00:00+00:00,2020-01-01T00:00:00+00:00,False
19_102_260_1638_2019-09-04 17:10:27.179382,5d856f0ef9af8b0c798ed4b9,office001,19-102-260-1638,04,0102,,2019-09-04T17:10:27+00:00,2019-09-04T17:52:13+00:00,2019-09-04T17:52:01+00:00,4.287,,[],office001_2019_raw.jsonl,299,2019-01-01T00:00:00+00:00,2020-01-01T00:00:00+00:00,False
19_102_260_1633_2019-09-04 16:13:02.656889,5d856f0ef9af8b0c798ed4b8,office001,19-102-260-1633,02,0102,,2019-09-04T16:13:03+00:00,2019-09-05T01:17:43+00:00,2019-09-04T18:16:11+00:00,6.1,,[],office001_2019_raw.jsonl,300,2019-01-01T00:00:00+00:00,2020-01-01T00:00:00+00:00,False
19_102_260_1635_2019-09-04 14:24:41.051255,5d856f0ef9af8b0c798ed4b7,office001,19-102-260-1635,01,0102,,2019-09-04T14:24:41+00:00,2019-09-04T19:35:01+00:00,2019-09-04T18:40:53+00:00,26.09,,[],office001_2019_raw.jsonl,301,2019-01-01T00:00:00+00:00,2020-01-01T00:00:00+00:00,False
19_102_260_1634_2019-09-03 20:37:25.961615,5d841d8ef9af8b08a7505569,office001,19-102-260-1634,03,0102,,2019-09-03T20:37:26+00:00,2019-09-04T01:04:29+00:00,2019-09-04T01:04:21+00:00,18.19,,[],office001_2019_raw.jsonl,302,2019-01-01T00:00:00+00:00,2020-01-01T00:00:00+00:00,False
19_102_260_1633_2019-09-03 20:28:00.466341,5d841d8ef9af8b08a7505568,office001,19-102-260-1633,02,0102,,2019-09-03T20:28:00+00:00,2019-09-04T03:00:42+00:00,2019-09-03T22:32:39+00:00,6.074,,[],office001_2019_raw.jsonl,303,2019-01-01T00:00:00+00:00,2020-01-01T00:00:00+00:00,False
19_102_260_1638_2019-09-03 19:06:26.460631,5d841d8ef9af8b08a7505567,office001,19-102-260-1638,04,0102,,2019-09-03T19:06:26+00:00,2019-09-03T19:51:46+00:00,2019-09-03T19:41:14+00:00,3.681,,[],office001_2019_raw.jsonl,304,2019-01-01T00:00:00+00:00,2020-01-01T00:00:00+00:00,False
19_102_260_1635_2019-09-03 14:03:04.135215,5d841d8ef9af8b08a7505566,office001,19-102-260-1635,01,0102,,2019-09-03T14:03:04+00:00,2019-09-04T00:10:04+00:00,2019-09-03T15:53:48+00:00,11.554,,[],office001_2019_raw.jsonl,305,2019-01-01T00:00:00+00:00,2020-01-01T00:00:00+00:00,False
19_102_260_1633_2019-08-31 01:03:16.394310,5d7ed78df9af8b6fd3d5527b,office001,19-102-260-1633,02,0102,,2019-08-31T01:03:16+00:00,2019-08-31T02:17:21+00:00,2019-08-31T01:32:33+00:00,0.637,,[],office001_2019_raw.jsonl,306,2019-01-01T00:00:00+00:00,2020-01-01T00:00:00+00:00,False
19_102_260_1635_2019-08-30 21:05:17.269070,5d7ed78df9af8b6fd3d5527a,office001,19-102-260-1635,01,0102,,2019-08-30T21:05:17+00:00,2019-08-30T22:26:40+00:00,2019-08-30T22:22:43+00:00,7.718,,[],office001_2019_raw.jsonl,307,2019-01-01T00:00:00+00:00,2020-01-01T00:00:00+00:00,False
19_102_260_1640_2019-08-30 20:48:49.822837,5d7ed78df9af8b6fd3d55279,office001,19-102-260-1640,08,0102,,2019-08-30T20:48:50+00:00,2019-08-31T04:19:43+00:00,2019-08-31T04:19:30+00:00,16.5,,[],office001_2019_raw.jsonl,308,2019-01-01T00:00:00+00:00,2020-01-01T00:00:00+00:00,False
19_102_260_1634_2019-08-30 15:14:56.791046,5d7ed78df9af8b6fd3d55278,office001,19-102-260-1634,03,0102,,2019-08-30T15:14:57+00:00,2019-08-30T22:08:08+00:00,2019-08-30T17:29:27+00:00,13.921,,[],office001_2019_raw.jsonl,309,2019-01-01T00:00:00+00:00,2020-01-01T00:00:00+00:00,False
19_102_260_1633_2019-08-30 15:04:24.949548,5d7ed78df9af8b6fd3d55277,office001,19-102-260-1633,02,0102,,2019-08-30T15:04:25+00:00,2019-08-30T19:56:45+00:00,2019-08-30T17:06:46+00:00,6.038,,[],office001_2019_raw.jsonl,310,2019-01-01T00:00:00+00:00,2020-01-01T00:00:00+00:00,False
19_102_260_1635_2019-08-30 13:50:57.144227,5d7ed78df9af8b6fd3d55276,office001,19-102-260-1635,01,0102,,2019-08-30T13:50:57+00:00,2019-08-30T17:43:23+00:00,2019-08-30T17:43:19+00:00,23.791,,[],office001_2019_raw.jsonl,311,2019-01-01T00:00:00+00:00,2020-01-01T00:00:00+00:00,False
19_102_260_1640_2019-08-29 20:25:31.652844,5d7d860ef9af8b6bcbe6c82c,office001,19-102-260-1640,08,0102,,2019-08-29T20:25:32+00:00,2019-08-30T04:09:21+00:00,2019-08-30T04:09:08+00:00,24.624,,[],office001_2019_raw.jsonl,312,2019-01-01T00:00:00+00:00,2020-01-01T00:00:00+00:00,False
19_102_260_1633_2019-08-29 20:24:35.962337,5d7d860ef9af8b6bcbe6c82b,office001,19-102-260-1633,02,0102,,2019-08-29T20:24:36+00:00,2019-08-30T03:15:05+00:00,2019-08-29T22:29:23+00:00,6.017,,[],office001_2019_raw.jsonl,313,2019-01-01T00:00:00+00:00,2020-01-01T00:00:00+00:00,False
19_102_260_1634_2019-08-29 20:12:54.948176,5d7d860ef9af8b6bcbe6c82a,office001,19-102-260-1634,03,0102,,2019-08-29T20:12:55+00:00,2019-08-30T00:36:17+00:00,2019-08-29T22:28:16+00:00,6.9,,[],office001_2019_raw.jsonl,314,2019-01-01T00:00:00+00:00,2020-01-01T00:00:00+00:00,False
19_102_260_1636_2019-08-29 18:27:23.722233,5d7d860ef9af8b6bcbe6c829,office001,19-102-260-1636,06,0102,,2019-08-29T18:27:24+00:00,2019-08-30T01:46:39+00:00,2019-08-29T23:08:29+00:00,15.225,,[],office001_2019_raw.jsonl,315,2019-01-01T00:00:00+00:00,2020-01-01T00:00:00+00:00,False
19_102_260_1635_2019-08-29 16:12:52.513096,5d7d860ef9af8b6bcbe6c828,office001,19-102-260-1635,01,0102,,2019-08-29T16:12:53+00:00,2019-08-29T21:16:38+00:00,2019-08-29T21:13:48+00:00,30.519,,[],office001_2019_raw.jsonl,316,2019-01-01T00:00:00+00:00,2020-01-01T00:00:00+00:00,False
19_102_260_1634_2019-08-29 15:19:59.155295,5d7d860ef9af8b6bcbe6c827,office001,19-102-260-1634,03,0102,,2019-08-29T15:19:59+00:00,2019-08-29T18:33:05+00:00,2019-08-29T18:33:01+00:00,20.255,,[],office001_2019_raw.jsonl,317,2019-01-01T00:00:00+00:00,2020-01-01T00:00:00+00:00,False
19_102_260_1634_2019-08-28 19:52:24.264882,5d7c348df9af8b66e522ef3d,office001,19-102-260-1634,03,0102,,2019-08-28T19:52:24+00:00,2019-08-28T22:47:07+00:00,2019-08-28T22:27:00+00:00,15.492,,[],office001_2019_raw.jsonl,318,2019-01-01T00:00:00+00:00,2020-01-01T00:00:00+00:00,False
19_102_260_1635_2019-08-28 19:37:27.496268,5d7c348df9af8b66e522ef3c,office001,19-102-260-1635,01,0102,,2019-08-28T19:37:27+00:00,2019-08-28T21:47:54+00:00,2019-08-28T21:10:11+00:00,4.924,,[],office001_2019_raw.jsonl,319,2019-01-01T00:00:00+00:00,2020-01-01T00:00:00+00:00,False
19_102_260_1636_2019-08-28 18:39:12.979484,5d7c348df9af8b66e522ef3b,office001,19-102-260-1636,06,0102,,2019-08-28T18:39:13+00:00,2019-08-28T22:44:32+00:00,2019-08-28T22:44:27+00:00,13.709,,[],office001_2019_raw.jsonl,320,2019-01-01T00:00:00+00:00,2020-01-01T00:00:00+00:00,False
19_102_260_1638_2019-08-28 15:47:26.167109,5d7c348df9af8b66e522ef3a,office001,19-102-260-1638,04,0102,,2019-08-28T15:47:26+00:00,2019-08-28T20:24:48+00:00,2019-08-28T17:50:07+00:00,6.057,,[],office001_2019_raw.jsonl,321,2019-01-01T00:00:00+00:00,2020-01-01T00:00:00+00:00,False
19_102_260_1633_2019-08-28 14:38:00.750721,5d7c348df9af8b66e522ef39,office001,19-102-260-1633,02,0102,,2019-08-28T14:38:01+00:00,2019-08-28T23:53:59+00:00,2019-08-28T19:36:35+00:00,24.972,,[],office001_2019_raw.jsonl,322,2019-01-01T00:00:00+00:00,2020-01-01T00:00:00+00:00,False
19_102_260_1639_2019-08-28 14:33:04.804231,5d7c348df9af8b66e522ef38,office001,19-102-260-1639,05,0102,,2019-08-28T14:33:05+00:00,2019-08-28T23:58:23+00:00,2019-08-28T20:57:41+00:00,27.517,,[],office001_2019_raw.jsonl,323,2019-01-01T00:00:00+00:00,2020-01-01T00:00:00+00:00,False
19_102_260_1636_2019-08-27 16:30:32.927269,5d7ae30df9af8b6206677675,office001,19-102-260-1636,06,0102,,2019-08-27T16:30:33+00:00,2019-08-27T22:18:03+00:00,2019-08-27T20:36:34+00:00,13.551,,[],office001_2019_raw.jsonl,324,2019-01-01T00:00:00+00:00,2020-01-01T00:00:00+00:00,False
19_102_260_1638_2019-08-27 15:50:07.690160,5d7ae30df9af8b6206677674,office001,19-102-260-1638,04,0102,,2019-08-27T15:50:08+00:00,2019-08-27T20:23:45+00:00,2019-08-27T17:53:28+00:00,6.073,,[],office001_2019_raw.jsonl,325,2019-01-01T00:00:00+00:00,2020-01-01T00:00:00+00:00,False
19_102_260_1639_2019-08-27 15:27:15.571202,5d7ae30df9af8b6206677673,office001,19-102-260-1639,05,0102,,2019-08-27T15:27:16+00:00,2019-08-27T18:18:13+00:00,2019-08-27T18:18:05+00:00,17.534,,[],office001_2019_raw.jsonl,326,2019-01-01T00:00:00+00:00,2020-01-01T00:00:00+00:00,False
19_102_260_1633_2019-08-27 14:50:01.849639,5d7ae30df9af8b6206677672,office001,19-102-260-1633,02,0102,,2019-08-27T14:50:02+00:00,2019-08-28T00:33:47+00:00,2019-08-27T19:35:32+00:00,23.683,,[],office001_2019_raw.jsonl,327,2019-01-01T00:00:00+00:00,2020-01-01T00:00:00+00:00,False
19_102_260_1640_2019-08-26 20:44:09.153831,5d79918ef9af8b5d27676dee,office001,19-102-260-1640,08,0102,,2019-08-26T20:44:09+00:00,2019-08-27T03:44:53+00:00,2019-08-27T03:44:45+00:00,21.46,,[],office001_2019_raw.jsonl,328,2019-01-01T00:00:00+00:00,2020-01-01T00:00:00+00:00,False
19_102_260_1638_2019-08-26 19:21:01.237121,5d79918ef9af8b5d27676ded,office001,19-102-260-1638,04,0102,,2019-08-26T19:21:01+00:00,2019-08-27T02:47:03+00:00,2019-08-26T21:26:31+00:00,6.165,,[],office001_2019_raw.jsonl,329,2019-01-01T00:00:00+00:00,2020-01-01T00:00:00+00:00,False
19_102_260_1636_2019-08-26 18:08:56.066883,5d79918ef9af8b5d27676dec,office001,19-102-260-1636,06,0102,,2019-08-26T18:08:56+00:00,2019-08-26T23:48:22+00:00,2019-08-26T20:19:14+00:00,6.8,,[],office001_2019_raw.jsonl,330,2019-01-01T00:00:00+00:00,2020-01-01T00:00:00+00:00,False
19_102_260_1633_2019-08-26 14:43:04.055736,5d79918ef9af8b5d27676deb,office001,19-102-260-1633,02,0102,,2019-08-26T14:43:04+00:00,2019-08-27T00:34:18+00:00,2019-08-26T23:22:58+00:00,47.165,,[],office001_2019_raw.jsonl,331,2019-01-01T00:00:00+00:00,2020-01-01T00:00:00+00:00,False
19_102_260_1640_2019-08-23 22:19:01.873957,5d759d0ef9af8b4f41b4db82,office001,19-102-260-1640,08,0102,,2019-08-23T22:19:02+00:00,2019-08-24T04:16:15+00:00,2019-08-24T04:16:03+00:00,13.434,,[],office001_2019_raw.jsonl,332,2019-01-01T00:00:00+00:00,2020-01-01T00:00:00+00:00,False
19_102_260_1639_2019-08-23 20:34:01.721103,5d759d0ef9af8b4f41b4db81,office001,19-102-260-1639,05,0102,,2019-08-23T20:34:02+00:00,2019-08-23T22:47:14+00:00,2019-08-23T21:37:36+00:00,6.466,,[],office001_2019_raw.jsonl,333,2019-01-01T00:00:00+00:00,2020-01-01T00:00:00+00:00,False
19_102_260_1640_2019-08-23 18:17:24.055663,5d759d0ef9af8b4f41b4db80,office001,19-102-260-1640,08,0102,,2019-08-23T18:17:24+00:00,2019-08-23T19:47:58+00:00,2019-08-23T19:14:28+00:00,5.871,,[],office001_2019_raw.jsonl,334,2019-01-01T00:00:00+00:00,2020-01-01T00:00:00+00:00,False
19_102_260_1636_2019-08-23 18:16:25.092384,5d759d0ef9af8b4f41b4db7f,office001,19-102-260-1636,06,0102,,2019-08-23T18:16:25+00:00,2019-08-24T00:19:37+00:00,2019-08-23T21:38:03+00:00,10.721,,[],office001_2019_raw.jsonl,335,2019-01-01T00:00:00+00:00,2020-01-01T00:00:00+00:00,False
19_102_260_1634_2019-08-23 16:35:20.926005,5d759d0ef9af8b4f41b4db7e,office001,19-102-260-1634,03,0102,,2019-08-23T16:35:21+00:00,2019-08-24T00:25:09+00:00,2019-08-23T21:14:05+00:00,26.559,,[],office001_2019_raw.jsonl,336,2019-01-01T00:00:00+00:00,2020-01-01T00:00:00+00:00,False
19_102_260_1639_2019-08-23 15:24:09.347584,5d759d0ef9af8b4f41b4db7d,office001,19-102-260-1639,05,0102,,2019-08-23T15:24:09+00:00,2019-08-23T19:07:28+00:00,2019-08-23T19:07:19+00:00,22.876,,[],office001_2019_raw.jsonl,337,2019-01-01T00:00:00+00:00,2020-01-01T00:00:00+00:00,False
19_102_260_1633_2019-08-23 14:42:13.052902,5d759d0ef9af8b4f41b4db7c,office001,19-102-260-1633,02,0102,,2019-08-23T14:42:13+00:00,2019-08-24T01:21:28+00:00,2019-08-23T16:44:42+00:00,6.014,,[],office001_2019_raw.jsonl,338,2019-01-01T00:00:00+00:00,2020-01-01T00:00:00+00:00,False
19_102_260_1639_2019-08-22 21:03:11.018982,5d744b8ef9af8b4ae78c84bc,office001,19-102-260-1639,05,0102,,2019-08-22T21:03:11+00:00,2019-08-23T00:20:17+00:00,2019-08-23T00:20:09+00:00,13.614,,[],office001_2019_raw.jsonl,339,2019-01-01T00:00:00+00:00,2020-01-01T00:00:00+00:00,False
19_102_260_1636_2019-08-22 21:00:36.687365,5d744b8ef9af8b4ae78c84bb,office001,19-102-260-1636,06,0102,,2019-08-22T21:00:37+00:00,2019-08-23T04:49:26+00:00,2019-08-23T04:49:13+00:00,25.784,,[],office001_2019_raw.jsonl,340,2019-01-01T00:00:00+00:00,2020-01-01T00:00:00+00:00,False
19_102_260_1640_2019-08-22 19:22:57.646692,5d744b8ef9af8b4ae78c84ba,office001,19-102-260-1640,08,0102,,2019-08-22T19:22:58+00:00,2019-08-23T00:37:22+00:00,2019-08-22T19:40:25+00:00,1.651,,[],office001_2019_raw.jsonl,341,2019-01-01T00:00:00+00:00,2020-01-01T00:00:00+00:00,False
19_102_260_1640_2019-08-22 16:42:54.238911,5d744b8ef9af8b4ae78c84b9,office001,19-102-260-1640,08,0102,,2019-08-22T16:42:54+00:00,2019-08-22T18:47:38+00:00,2019-08-22T17:35:10+00:00,5.001,,[],office001_2019_raw.jsonl,342,2019-01-01T00:00:00+00:00,2020-01-01T00:00:00+00:00,False
19_102_260_1633_2019-08-22 15:27:12.381957,5d744b8ef9af8b4ae78c84b8,office001,19-102-260-1633,02,0102,,2019-08-22T15:27:12+00:00,2019-08-22T19:48:32+00:00,2019-08-22T17:28:34+00:00,5.96,,[],office001_2019_raw.jsonl,343,2019-01-01T00:00:00+00:00,2020-01-01T00:00:00+00:00,False
19_102_260_1635_2019-08-22 15:10:13.943983,5d744b8ef9af8b4ae78c84b7,office001,19-102-260-1635,01,0102,,2019-08-22T15:10:14+00:00,2019-08-22T18:49:40+00:00,2019-08-22T18:49:31+00:00,14.397,,[],office001_2019_raw.jsonl,344,2019-01-01T00:00:00+00:00,2020-01-01T00:00:00+00:00,False
19_102_260_1633_2019-08-22 02:00:08.914379,5d72fa0df9af8b473486b563,office001,19-102-260-1633,02,0102,,2019-08-22T02:00:09+00:00,2019-08-22T04:37:03+00:00,2019-08-22T04:36:55+00:00,7.054,,[],office001_2019_raw.jsonl,345,2019-01-01T00:00:00+00:00,2020-01-01T00:00:00+00:00,False
19_102_260_1638_2019-08-21 20:22:02.264666,5d72fa0df9af8b473486b562,office001,19-102-260-1638,04,0102,,2019-08-21T20:22:02+00:00,2019-08-22T02:20:35+00:00,2019-08-21T20:43:03+00:00,0.652,,[],office001_2019_raw.jsonl,346,2019-01-01T00:00:00+00:00,2020-01-01T00:00:00+00:00,False
19_102_260_1640_2019-08-21 18:16:54.088865,5d72fa0df9af8b473486b561,office001,19-102-260-1640,08,0102,,2019-08-21T18:16:54+00:00,2019-08-22T00:01:19+00:00,2019-08-21T23:30:11+00:00,16.181,,[],office001_2019_raw.jsonl,347,2019-01-01T00:00:00+00:00,2020-01-01T00:00:00+00:00,False
19_102_260_1638_2019-08-21 16:26:22.929707,5d72fa0df9af8b473486b560,office001,19-102-260-1638,04,0102,,2019-08-21T16:26:23+00:00,2019-08-21T18:50:25+00:00,2019-08-21T18:29:00+00:00,6.027,,[],office001_2019_raw.jsonl,348,2019-01-01T00:00:00+00:00,2020-01-01T00:00:00+00:00,False
19_102_260_1633_2019-08-21 15:27:43.768461,5d72fa0df9af8b473486b55f,office001,19-102-260-1633,02,0102,,2019-08-21T15:27:44+00:00,2019-08-21T20:34:03+00:00,2019-08-21T20:33:59+00:00,31.435,,[],office001_2019_raw.jsonl,349,2019-01-01T00:00:00+00:00,2020-01-01T00:00:00+00:00,False
19_102_260_1634_2019-08-20 21:55:44.798766,5d71a88df9af8b43560be792,office001,19-102-260-1634,03,0102,,2019-08-20T21:55:45+00:00,2019-08-21T01:21:11+00:00,2019-08-21T01:21:07+00:00,10.26,,[],office001_2019_raw.jsonl,350,2019-01-01T00:00:00+00:00,2020-01-01T00:00:00+00:00,False
19_102_260_1640_2019-08-20 21:11:52.758945,5d71a88df9af8b43560be791,office001,19-102-260-1640,08,0102,,2019-08-20T21:11:53+00:00,2019-08-21T04:21:05+00:00,2019-08-21T04:20:57+00:00,21.357,,[],office001_2019_raw.jsonl,351,2019-01-01T00:00:00+00:00,2020-01-01T00:00:00+00:00,False
19_102_260_1634_2019-08-20 15:18:27.111890,5d71a88df9af8b43560be790,office001,19-102-260-1634,03,0102,,2019-08-20T15:18:27+00:00,2019-08-20T18:14:28+00:00,2019-08-20T18:14:24+00:00,18.643,,[],office001_2019_raw.jsonl,352,2019-01-01T00:00:00+00:00,2020-01-01T00:00:00+00:00,False
19_102_260_1633_2019-08-20 14:32:33.683598,5d71a88df9af8b43560be78f,office001,19-102-260-1633,02,0102,,2019-08-20T14:32:34+00:00,2019-08-21T01:35:39+00:00,2019-08-20T16:36:06+00:00,6.102,,[],office001_2019_raw.jsonl,353,2019-01-01T00:00:00+00:00,2020-01-01T00:00:00+00:00,False
19_102_260_1638_2019-08-19 18:25:51.206265,5d70570ff9af8b3ded235680,office001,19-102-260-1638,04,0102,,2019-08-19T18:25:51+00:00,2019-08-20T01:13:23+00:00,2019-08-19T20:27:37+00:00,6.265,,[],office001_2019_raw.jsonl,354,2019-01-01T00:00:00+00:00,2020-01-01T00:00:00+00:00,False
19_102_260_1636_2019-08-19 18:09:23.020625,5d70570ff9af8b3ded23567f,office001,19-102-260-1636,06,0102,,2019-08-19T18:09:23+00:00,2019-08-19T18:39:16+00:00,2019-08-19T18:39:08+00:00,3.111,,[],office001_2019_raw.jsonl,355,2019-01-01T00:00:00+00:00,2020-01-01T00:00:00+00:00,False
19_102_260_1639_2019-08-19 17:54:08.952234,5d70570ff9af8b3ded23567e,office001,19-102-260-1639,05,0102,,2019-08-19T17:54:09+00:00,2019-08-19T23:25:38+00:00,2019-08-19T21:59:11+00:00,22.445,,[],office001_2019_raw.jsonl,356,2019-01-01T00:00:00+00:00,2020-01-01T00:00:00+00:00,False
19_102_260_1640_2019-08-19 16:45:45.904977,5d70570ff9af8b3ded23567d,office001,19-102-260-1640,08,0102,,2019-08-19T16:45:46+00:00,2019-08-19T22:34:43+00:00,2019-08-19T22:34:30+00:00,35.609,,[],office001_2019_raw.jsonl,357,2019-01-01T00:00:00+00:00,2020-01-01T00:00:00+00:00,False
19_102_260_1633_2019-08-19 15:57:40.829396,5d70570ff9af8b3ded23567c,office001,19-102-260-1633,02,0102,,2019-08-19T15:57:41+00:00,2019-08-20T02:48:10+00:00,2019-08-19T17:59:58+00:00,6.012,,[],office001_2019_raw.jsonl,358,2019-01-01T00:00:00+00:00,2020-01-01T00:00:00+00:00,False
19_102_260_1635_2019-08-19 15:28:28.004579,5d70570ff9af8b3ded23567b,office001,19-102-260-1635,01,0102,,2019-08-19T15:28:28+00:00,2019-08-20T00:29:52+00:00,2019-08-20T00:29:43+00:00,48.588,,[],office001_2019_raw.jsonl,359,2019-01-01T00:00:00+00:00,2020-01-01T00:00:00+00:00,False
19_102_260_1634_2019-08-19 15:06:28.879374,5d70570ff9af8b3ded23567a,office001,19-102-260-1634,03,0102,,2019-08-19T15:06:29+00:00,2019-08-19T19:24:32+00:00,2019-08-19T16:16:41+00:00,7.361,,[],office001_2019_raw.jsonl,360,2019-01-01T00:00:00+00:00,2020-01-01T00:00:00+00:00,False
19_102_260_1640_2019-08-16 20:24:30.662560,5d6c628cf9af8b1080cd7142,office001,19-102-260-1640,08,0102,,2019-08-16T20:24:31+00:00,2019-08-17T04:08:20+00:00,2019-08-17T03:36:48+00:00,21.952,,[],office001_2019_raw.jsonl,361,2019-01-01T00:00:00+00:00,2020-01-01T00:00:00+00:00,False
19_102_260_1633_2019-08-16 16:17:50.758931,5d6c628cf9af8b1080cd7141,office001,19-102-260-1633,02,0102,,2019-08-16T16:17:51+00:00,2019-08-17T02:14:32+00:00,2019-08-16T18:21:23+00:00,6.037,,[],office001_2019_raw.jsonl,362,2019-01-01T00:00:00+00:00,2020-01-01T00:00:00+00:00,False
19_102_260_1633_2019-08-15 23:38:21.053975,5d6b110ff9af8b08b9d8bbb0,office001,19-102-260-1633,02,0102,,2019-08-15T23:38:21+00:00,2019-08-16T02:08:49+00:00,2019-08-16T00:27:28+00:00,1.134,,[],office001_2019_raw.jsonl,363,2019-01-01T00:00:00+00:00,2020-01-01T00:00:00+00:00,False
19_102_260_1636_2019-08-15 18:37:48.991479,5d6b110ff9af8b08b9d8bbaf,office001,19-102-260-1636,06,0102,,2019-08-15T18:37:49+00:00,2019-08-16T00:41:29+00:00,2019-08-15T22:15:28+00:00,11.577,,[],office001_2019_raw.jsonl,364,2019-01-01T00:00:00+00:00,2020-01-01T00:00:00+00:00,False
19_102_260_1634_2019-08-15 18:22:27.907671,5d6b110ff9af8b08b9d8bbae,office001,19-102-260-1634,03,0102,,2019-08-15T18:22:28+00:00,2019-08-15T23:35:26+00:00,2019-08-15T23:12:14+00:00,27.826,,[],office001_2019_raw.jsonl,365,2019-01-01T00:00:00+00:00,2020-01-01T00:00:00+00:00,False
19_102_260_1635_2019-08-15 17:08:23.980377,5d6b110ff9af8b08b9d8bbad,office001,19-102-260-1635,01,0102,,2019-08-15T17:08:24+00:00,2019-08-15T22:42:03+00:00,2019-08-15T18:51:26+00:00,10.163,,[],office001_2019_raw.jsonl,366,2019-01-01T00:00:00+00:00,2020-01-01T00:00:00+00:00,False
19_102_260_1637_2019-08-15 16:53:03.942449,5d6b110ff9af8b08b9d8bbac,office001,19-102-260-1637,07,0102,,2019-08-15T16:53:04+00:00,2019-08-15T22:19:41+00:00,2019-08-15T22:15:48+00:00,27.321,,[],office001_2019_raw.jsonl,367,2019-01-01T00:00:00+00:00,2020-01-01T00:00:00+00:00,False
19_102_260_1640_2019-08-15 16:45:41.013037,5d6b110ff9af8b08b9d8bbab,office001,19-102-260-1640,08,0102,,2019-08-15T16:45:41+00:00,2019-08-15T20:16:47+00:00,2019-08-15T20:16:42+00:00,21.702,,[],office001_2019_raw.jsonl,368,2019-01-01T00:00:00+00:00,2020-01-01T00:00:00+00:00,False
19_102_260_1638_2019-08-15 15:19:23.351880,5d6b110ff9af8b08b9d8bbaa,office001,19-102-260-1638,04,0102,,2019-08-15T15:19:23+00:00,2019-08-16T01:43:36+00:00,2019-08-15T16:28:21+00:00,3.188,,[],office001_2019_raw.jsonl,369,2019-01-01T00:00:00+00:00,2020-01-01T00:00:00+00:00,False
19_102_260_1633_2019-08-15 14:38:59.924183,5d6b110ff9af8b08b9d8bba9,office001,19-102-260-1633,02,0102,,2019-08-15T14:39:00+00:00,2019-08-15T23:22:31+00:00,2019-08-15T19:07:21+00:00,22.059,,[],office001_2019_raw.jsonl,370,2019-01-01T00:00:00+00:00,2020-01-01T00:00:00+00:00,False
19_102_260_1637_2019-08-14 20:32:45.436873,5d69bf8ff9af8b0680ac99ae,office001,19-102-260-1637,07,0102,,2019-08-14T20:32:45+00:00,2019-08-15T04:03:58+00:00,2019-08-15T03:46:49+00:00,18.488,,[],office001_2019_raw.jsonl,371,2019-01-01T00:00:00+00:00,2020-01-01T00:00:00+00:00,False
19_102_260_1634_2019-08-14 18:28:01.830754,5d69bf8ff9af8b0680ac99ad,office001,19-102-260-1634,03,0102,,2019-08-14T18:28:02+00:00,2019-08-14T23:58:40+00:00,2019-08-14T21:47:29+00:00,10.588,,[],office001_2019_raw.jsonl,372,2019-01-01T00:00:00+00:00,2020-01-01T00:00:00+00:00,False
19_102_260_1640_2019-08-14 17:07:30.077308,5d69bf8ff9af8b0680ac99ac,office001,19-102-260-1640,08,0102,,2019-08-14T17:07:30+00:00,2019-08-15T01:19:06+00:00,2019-08-14T19:10:26+00:00,5.948,,[],office001_2019_raw.jsonl,373,2019-01-01T00:00:00+00:00,2020-01-01T00:00:00+00:00,False
19_102_260_1636_2019-08-14 16:58:02.929770,5d69bf8ff9af8b0680ac99ab,office001,19-102-260-1636,06,0102,,2019-08-14T16:58:03+00:00,2019-08-14T19:00:13+00:00,2019-08-14T19:00:08+00:00,6.805,,[],office001_2019_raw.jsonl,374,2019-01-01T00:00:00+00:00,2020-01-01T00:00:00+00:00,False
19_102_260_1638_2019-08-14 14:43:19.831610,5d69bf8ff9af8b0680ac99aa,office001,19-102-260-1638,04,0102,,2019-08-14T14:43:20+00:00,2019-08-14T23:44:43+00:00,2019-08-14T19:36:38+00:00,24.488,,[],office001_2019_raw.jsonl,375,2019-01-01T00:00:00+00:00,2020-01-01T00:00:00+00:00,False
19_102_260_1633_2019-08-14 14:21:55.243869,5d69bf8ff9af8b0680ac99a9,office001,19-102-260-1633,02,0102,,2019-08-14T14:21:55+00:00,2019-08-15T04:22:48+00:00,2019-08-14T20:32:32+00:00,26.631,,[],office001_2019_raw.jsonl,376,2019-01-01T00:00:00+00:00,2020-01-01T00:00:00+00:00,False
19_102_260_1633_2019-08-13 22:37:59.519847,5d686e0ff9af8b028ea54229,office001,19-102-260-1633,02,0102,,2019-08-13T22:38:00+00:00,2019-08-13T23:13:20+00:00,2019-08-13T23:13:07+00:00,1.442,,[],office001_2019_raw.jsonl,377,2019-01-01T00:00:00+00:00,2020-01-01T00:00:00+00:00,False
19_102_260_1638_2019-08-13 21:28:10.312766,5d686e0ff9af8b028ea54228,office001,19-102-260-1638,04,0102,,2019-08-13T21:28:10+00:00,2019-08-14T00:42:39+00:00,2019-08-14T00:42:30+00:00,12.164,,[],office001_2019_raw.jsonl,378,2019-01-01T00:00:00+00:00,2020-01-01T00:00:00+00:00,False
19_102_260_1640_2019-08-13 20:43:31.687349,5d686e0ff9af8b028ea54227,office001,19-102-260-1640,08,0102,,2019-08-13T20:43:32+00:00,2019-08-14T04:34:30+00:00,2019-08-14T04:34:06+00:00,25.057,,[],office001_2019_raw.jsonl,379,2019-01-01T00:00:00+00:00,2020-01-01T00:00:00+00:00,False
19_102_260_1634_2019-08-13 20:34:26.628431,5d686e0ff9af8b028ea54226,office001,19-102-260-1634,03,0102,,2019-08-13T20:34:27+00:00,2019-08-14T01:06:33+00:00,2019-08-14T01:02:17+00:00,18.18,,[],office001_2019_raw.jsonl,380,2019-01-01T00:00:00+00:00,2020-01-01T00:00:00+00:00,False
19_102_260_1635_2019-08-13 19:38:19.655694,5d686e0ff9af8b028ea54225,office001,19-102-260-1635,01,0102,,2019-08-13T19:38:20+00:00,2019-08-14T02:14:50+00:00,2019-08-13T22:46:21+00:00,5.771,,[],office001_2019_raw.jsonl,381,2019-01-01T00:00:00+00:00,2020-01-01T00:00:00+00:00,False
19_102_260_1636_2019-08-13 18:08:58.774579,5d686e0ff9af8b028ea54224,office001,19-102-260-1636,06,0102,,2019-08-13T18:08:59+00:00,2019-08-14T00:30:42+00:00,2019-08-13T21:40:23+00:00,11.417,,[],office001_2019_raw.jsonl,382,2019-01-01T00:00:00+00:00,2020-01-01T00:00:00+00:00,False
19_102_260_1639_2019-08-13 17:42:14.108040,5d686e0ff9af8b028ea54223,office001,19-102-260-1639,05,0102,,2019-08-13T17:42:14+00:00,2019-08-14T01:07:56+00:00,2019-08-14T01:07:44+00:00,36.095,,[],office001_2019_raw.jsonl,383,2019-01-01T00:00:00+00:00,2020-01-01T00:00:00+00:00,False
19_102_260_1633_2019-08-13 16:22:06.709199,5d686e0ff9af8b028ea54222,office001,19-102-260-1633,02,0102,,2019-08-13T16:22:07+00:00,2019-08-13T18:47:04+00:00,2019-08-13T18:24:00+00:00,5.949,,[],office001_2019_raw.jsonl,384,2019-01-01T00:00:00+00:00,2020-01-01T00:00:00+00:00,False
19_102_260_1634_2019-08-13 16:07:03.819093,5d686e0ff9af8b028ea54221,office001,19-102-260-1634,03,0102,,2019-08-13T16:07:04+00:00,2019-08-13T20:07:43+00:00,2019-08-13T20:07:34+00:00,18.197,,[],office001_2019_raw.jsonl,385,2019-01-01T00:00:00+00:00,2020-01-01T00:00:00+00:00,False
19_102_260_1635_2019-08-13 14:30:05.721457,5d686e0ff9af8b028ea54220,office001,19-102-260-1635,01,0102,,2019-08-13T14:30:06+00:00,2019-08-13T19:19:41+00:00,2019-08-13T19:19:36+00:00,29.324,,[],office001_2019_raw.jsonl,386,2019-01-01T00:00:00+00:00,2020-01-01T00:00:00+00:00,False
19_102_260_1637_2019-08-12 21:38:02.083320,5d671c8ff9af8b7d8b349119,office001,19-102-260-1637,07,0102,,2019-08-12T21:38:02+00:00,2019-08-13T01:51:33+00:00,2019-08-13T01:51:29+00:00,12.334,,[],office001_2019_raw.jsonl,387,2019-01-01T00:00:00+00:00,2020-01-01T00:00:00+00:00,False
19_102_260_1640_2019-08-12 20:48:55.564437,5d671c8ff9af8b7d8b349118,office001,19-102-260-1640,08,0102,,2019-08-12T20:48:56+00:00,2019-08-13T04:57:22+00:00,2019-08-13T04:57:14+00:00,27.169,,[],office001_2019_raw.jsonl,388,2019-01-01T00:00:00+00:00,2020-01-01T00:00:00+00:00,False
19_102_260_1636_2019-08-12 18:48:26.993651,5d671c8ff9af8b7d8b349117,office001,19-102-260-1636,06,0102,,2019-08-12T18:48:27+00:00,2019-08-13T01:24:14+00:00,2019-08-12T20:40:06+00:00,5.805,,[],office001_2019_raw.jsonl,389,2019-01-01T00:00:00+00:00,2020-01-01T00:00:00+00:00,False
19_102_260_1639_2019-08-12 17:21:32.612687,5d671c8ff9af8b7d8b349116,office001,19-102-260-1639,05,0102,,2019-08-12T17:21:33+00:00,2019-08-12T17:51:49+00:00,2019-08-12T17:51:45+00:00,3.086,,[],office001_2019_raw.jsonl,390,2019-01-01T00:00:00+00:00,2020-01-01T00:00:00+00:00,False
19_102_260_1638_2019-08-12 16:45:13.696175,5d671c8ff9af8b7d8b349115,office001,19-102-260-1638,04,0102,,2019-08-12T16:45:14+00:00,2019-08-13T02:29:58+00:00,2019-08-12T18:45:09+00:00,5.895,,[],office001_2019_raw.jsonl,391,2019-01-01T00:00:00+00:00,2020-01-01T00:00:00+00:00,False
19_102_260_1634_2019-08-12 16:30:29.576874,5d671c8ff9af8b7d8b349114,office001,19-102-260-1634,03,0102,,2019-08-12T16:30:30+00:00,2019-08-13T01:48:26+00:00,2019-08-12T21:22:06+00:00,30.398,,[],office001_2019_raw.jsonl,392,2019-01-01T00:00:00+00:00,2020-01-01T00:00:00+00:00,False
19_102_260_1633_2019-08-12 15:25:45.534537,5d671c8ff9af8b7d8b349113,office001,19-102-260-1633,02,0102,,2019-08-12T15:25:46+00:00,2019-08-13T00:42:03+00:00,2019-08-12T23:59:25+00:00,46.306,,[],office001_2019_raw.jsonl,393,2019-01-01T00:00:00+00:00,2020-01-01T00:00:00+00:00,False
19_102_260_1640_2019-08-10 00:15:27.426349,5d63280df9af8b716287e05b,office001,19-102-260-1640,08,0102,,2019-08-10T00:15:27+00:00,2019-08-10T04:36:20+00:00,2019-08-10T04:35:48+00:00,9.656,,[],office001_2019_raw.jsonl,394,2019-01-01T00:00:00+00:00,2020-01-01T00:00:00+00:00,False
19_102_260_1635_2019-08-09 18:33:04.783510,5d63280df9af8b716287e05a,office001,19-102-260-1635,01,0102,,2019-08-09T18:33:05+00:00,2019-08-09T19:13:24+00:00,2019-08-09T19:12:48+00:00,4.108,,[],office001_2019_raw.jsonl,395,2019-01-01T00:00:00+00:00,2020-01-01T00:00:00+00:00,False
19_102_260_1634_2019-08-09 16:28:00.766641,5d63280df9af8b716287e059,office001,19-102-260-1634,03,0102,,2019-08-09T16:28:01+00:00,2019-08-09T18:49:13+00:00,2019-08-09T18:49:05+00:00,14.95,,[],office001_2019_raw.jsonl,396,2019-01-01T00:00:00+00:00,2020-01-01T00:00:00+00:00,False
19_102_260_1638_2019-08-09 15:56:02.253511,5d63280df9af8b716287e058,office001,19-102-260-1638,04,0102,,2019-08-09T15:56:02+00:00,2019-08-09T22:08:02+00:00,2019-08-09T17:17:56+00:00,3.891,,[],office001_2019_raw.jsonl,397,2019-01-01T00:00:00+00:00,2020-01-01T00:00:00+00:00,False
19_102_260_1633_2019-08-09 14:37:25.337003,5d63280df9af8b716287e057,office001,19-102-260-1633,02,0102,,2019-08-09T14:37:25+00:00,2019-08-09T23:39:00+00:00,2019-08-09T18:36:21+00:00,19.217,,[],office001_2019_raw.jsonl,398,2019-01-01T00:00:00+00:00,2020-01-01T00:00:00+00:00,False
19_102_260_1637_2019-08-08 23:00:03.482091,5d61d68ef9af8b6d6b1cef5a,office001,19-102-260-1637,07,0102,,2019-08-08T23:00:03+00:00,2019-08-09T00:28:59+00:00,2019-08-09T00:28:51+00:00,2.553,,[],office001_2019_raw.jsonl,399,2019-01-01T00:00:00+00:00,2020-01-01T00:00:00+00:00,False
19_102_260_1635_2019-08-08 22:59:12.076873,5d61d68ef9af8b6d6b1cef59,office001,19-102-260-1635,01,0102,,2019-08-08T22:59:12+00:00,2019-08-09T01:28:45+00:00,2019-08-09T01:28:37+00:00,3.655,,[],office001_2019_raw.jsonl,400,2019-01-01T00:00:00+00:00,2020-01-01T00:00:00+00:00,False
19_102_260_1634_2019-08-08 20:28:15.024248,5d61d68ef9af8b6d6b1cef58,office001,19-102-260-1634,03,0102,,2019-08-08T20:28:15+00:00,2019-08-09T03:48:42+00:00,2019-08-09T02:56:40+00:00,16.189,,[],office001_2019_raw.jsonl,401,2019-01-01T00:00:00+00:00,2020-01-01T00:00:00+00:00,False
19_102_260_1633_2019-08-08 20:25:19.280695,5d61d68ef9af8b6d6b1cef57,office001,19-102-260-1633,02,0102,,2019-08-08T20:25:19+00:00,2019-08-09T00:54:17+00:00,2019-08-08T21:26:59+00:00,2.322,,[],office001_2019_raw.jsonl,402,2019-01-01T00:00:00+00:00,2020-01-01T00:00:00+00:00,False
19_102_260_1638_2019-08-08 18:37:04.812750,5d61d68ef9af8b6d6b1cef56,office001,19-102-260-1638,04,0102,,2019-08-08T18:37:05+00:00,2019-08-09T01:58:58+00:00,2019-08-08T22:27:44+00:00,12.363,,[],office001_2019_raw.jsonl,403,2019-01-01T00:00:00+00:00,2020-01-01T00:00:00+00:00,False
19_102_260_1640_2019-08-08 17:06:47.368608,5d61d68ef9af8b6d6b1cef55,office001,19-102-260-1640,08,0102,,2019-08-08T17:06:47+00:00,2019-08-09T00:17:58+00:00,2019-08-08T19:42:03+00:00,16.178,,[],office001_2019_raw.jsonl,404,2019-01-01T00:00:00+00:00,2020-01-01T00:00:00+00:00,False
19_102_260_1636_2019-08-08 16:27:18.277575,5d61d68ef9af8b6d6b1cef54,office001,19-102-260-1636,06,0102,,2019-08-08T16:27:18+00:00,2019-08-09T01:19:38+00:00,2019-08-08T18:25:47+00:00,6.036,,[],office001_2019_raw.jsonl,405,2019-01-01T00:00:00+00:00,2020-01-01T00:00:00+00:00,False
19_102_260_1633_2019-08-08 14:47:55.835522,5d61d68ef9af8b6d6b1cef53,office001,19-102-260-1633,02,0102,,2019-08-08T14:47:56+00:00,2019-08-08T18:58:53+00:00,2019-08-08T18:58:45+00:00,22.22,,[],office001_2019_raw.jsonl,406,2019-01-01T00:00:00+00:00,2020-01-01T00:00:00+00:00,False
19_102_260_1640_2019-08-07 22:13:03.557457,5d60850ef9af8b6926377997,office001,19-102-260-1640,08,0102,,2019-08-07T22:13:04+00:00,2019-08-08T03:38:26+00:00,2019-08-08T03:38:13+00:00,12.48,,[],office001_2019_raw.jsonl,407,2019-01-01T00:00:00+00:00,2020-01-01T00:00:00+00:00,False
19_102_260_1638_2019-08-07 22:01:32.183734,5d60850ef9af8b6926377996,office001,19-102-260-1638,04,0102,,2019-08-07T22:01:32+00:00,2019-08-07T23:11:49+00:00,2019-08-07T23:11:40+00:00,6.435,,[],office001_2019_raw.jsonl,408,2019-01-01T00:00:00+00:00,2020-01-01T00:00:00+00:00,False
19_102_260_1640_2019-08-07 20:39:31.981604,5d60850ef9af8b6926377995,office001,19-102-260-1640,08,0102,,2019-08-07T20:39:32+00:00,2019-08-07T21:57:49+00:00,2019-08-07T21:57:37+00:00,8.234,,[],office001_2019_raw.jsonl,409,2019-01-01T00:00:00+00:00,2020-01-01T00:00:00+00:00,False
19_102_260_1636_2019-08-07 18:20:16.155766,5d60850ef9af8b6926377994,office001,19-102-260-1636,06,0102,,2019-08-07T18:20:16+00:00,2019-08-08T00:28:44+00:00,2019-08-07T22:21:50+00:00,13.431,,[],office001_2019_raw.jsonl,410,2019-01-01T00:00:00+00:00,2020-01-01T00:00:00+00:00,False
19_102_260_1634_2019-08-07 16:50:38.226727,5d60850ef9af8b6926377993,office001,19-102-260-1634,03,0102,,2019-08-07T16:50:38+00:00,2019-08-07T22:33:05+00:00,2019-08-07T20:06:25+00:00,20.788,,[],office001_2019_raw.jsonl,411,2019-01-01T00:00:00+00:00,2020-01-01T00:00:00+00:00,False
19_102_260_1633_2019-08-07 16:47:31.970127,5d60850ef9af8b6926377992,office001,19-102-260-1633,02,0102,,2019-08-07T16:47:32+00:00,2019-08-08T02:17:21+00:00,2019-08-07T18:46:12+00:00,5.829,,[],office001_2019_raw.jsonl,412,2019-01-01T00:00:00+00:00,2020-01-01T00:00:00+00:00,False
19_102_260_1638_2019-08-06 16:42:47.886625,5d5f338bf9af8b650a191778,office001,19-102-260-1638,04,0102,,2019-08-06T16:42:48+00:00,2019-08-06T18:48:26+00:00,2019-08-06T17:51:17+00:00,3.18,,[],office001_2019_raw.jsonl,413,2019-01-01T00:00:00+00:00,2020-01-01T00:00:00+00:00,False
19_102_260_1633_2019-08-06 15:20:06.792255,5d5f338bf9af8b650a191777,office001,19-102-260-1633,02,0102,,2019-08-06T15:20:07+00:00,2019-08-07T01:59:38+00:00,2019-08-06T20:16:54+00:00,24.681,,[],office001_2019_raw.jsonl,414,2019-01-01T00:00:00+00:00,2020-01-01T00:00:00+00:00,False
19_102_260_1636_2019-10-04 23:23:54.092676,5dacfc11f9af8b14d005d57a,office001,19-102-260-1636,06,0102,,2019-10-04T23:23:54+00:00,2019-10-05T02:03:14+00:00,2019-10-05T02:02:58+00:00,4.426,,[],office001_2019_raw.jsonl,415,2019-01-01T00:00:00+00:00,2020-01-01T00:00:00+00:00,False
19_102_260_1633_2019-10-04 23:06:13.967648,5dacfc11f9af8b14d005d579,office001,19-102-260-1633,02,0102,,2019-10-04T23:06:14+00:00,2019-10-05T00:47:03+00:00,2019-10-05T00:46:51+00:00,2.436,,[],office001_2019_raw.jsonl,416,2019-01-01T00:00:00+00:00,2020-01-01T00:00:00+00:00,False
19_102_260_1634_2019-10-04 22:05:49.427539,5dacfc11f9af8b14d005d578,office001,19-102-260-1634,03,0102,,2019-10-04T22:05:49+00:00,2019-10-05T02:16:27+00:00,2019-10-05T02:16:23+00:00,10.393,,[],office001_2019_raw.jsonl,417,2019-01-01T00:00:00+00:00,2020-01-01T00:00:00+00:00,False
19_102_260_1638_2019-10-04 21:31:58.858610,5dacfc11f9af8b14d005d577,office001,19-102-260-1638,04,0102,,2019-10-04T21:31:59+00:00,2019-10-05T00:22:49+00:00,2019-10-05T00:22:40+00:00,7.274,,[],office001_2019_raw.jsonl,418,2019-01-01T00:00:00+00:00,2020-01-01T00:00:00+00:00,False
19_102_260_1637_2019-10-04 20:39:34.836196,5dacfc11f9af8b14d005d576,office001,19-102-260-1637,07,0102,,2019-10-04T20:39:35+00:00,2019-10-05T04:11:15+00:00,2019-10-05T04:11:03+00:00,23.992,,[],office001_2019_raw.jsonl,419,2019-01-01T00:00:00+00:00,2020-01-01T00:00:00+00:00,False
19_102_260_1639_2019-10-04 20:15:17.299727,5dacfc11f9af8b14d005d575,office001,19-102-260-1639,05,0102,,2019-10-04T20:15:17+00:00,2019-10-04T23:11:34+00:00,2019-10-04T23:11:26+00:00,17.786,,[],office001_2019_raw.jsonl,420,2019-01-01T00:00:00+00:00,2020-01-01T00:00:00+00:00,False
19_102_260_1640_2019-10-04 17:02:54.325203,5dacfc11f9af8b14d005d574,office001,19-102-260-1640,08,0102,,2019-10-04T17:02:54+00:00,2019-10-05T01:34:24+00:00,2019-10-04T19:00:55+00:00,5.861,,[],office001_2019_raw.jsonl,421,2019-01-01T00:00:00+00:00,2020-01-01T00:00:00+00:00,False
19_102_260_1634_2019-10-04 15:17:06.022125,5dacfc11f9af8b14d005d573,office001,19-102-260-1634,03,0102,,2019-10-04T15:17:06+00:00,2019-10-04T20:24:09+00:00,2019-10-04T20:24:05+00:00,32.216,,[],office001_2019_raw.jsonl,422,2019-01-01T00:00:00+00:00,2020-01-01T00:00:00+00:00,False
19_102_260_1633_2019-10-04 14:42:44.524077,5dacfc11f9af8b14d005d572,office001,19-102-260-1633,02,0102,,2019-10-04T14:42:45+00:00,2019-10-04T22:50:36+00:00,2019-10-04T19:07:53+00:00,21.535,,[],office001_2019_raw.jsonl,423,2019-01-01T00:00:00+00:00,2020-01-01T00:00:00+00:00,False
19_102_260_1635_2019-10-04 13:53:50.684567,5dacfc11f9af8b14d005d571,office001,19-102-260-1635,01,0102,,2019-10-04T13:53:51+00:00,2019-10-04T23:37:04+00:00,2019-10-04T18:41:34+00:00,29.732,,[],office001_2019_raw.jsonl,424,2019-01-01T00:00:00+00:00,2020-01-01T00:00:00+00:00,False
19_102_260_1639_2019-10-03 18:30:04.179969,5dabaa8ff9af8b10bf29b0e7,office001,19-102-260-1639,05,0102,,2019-10-03T18:30:04+00:00,2019-10-04T00:29:24+00:00,2019-10-03T20:03:00+00:00,9.244,,[],office001_2019_raw.jsonl,425,2019-01-01T00:00:00+00:00,2020-01-01T00:00:00+00:00,False
19_102_260_1634_2019-10-03 17:12:01.365472,5dabaa8ff9af8b10bf29b0e6,office001,19-102-260-1634,03,0102,,2019-10-03T17:12:01+00:00,2019-10-03T23:47:01+00:00,2019-10-03T21:00:54+00:00,19.374,,[],office001_2019_raw.jsonl,426,2019-01-01T00:00:00+00:00,2020-01-01T00:00:00+00:00,False
19_102_260_1636_2019-10-03 16:06:52.815559,5dabaa8ff9af8b10bf29b0e5,office001,19-102-260-1636,06,0102,,2019-10-03T16:06:53+00:00,2019-10-03T18:56:59+00:00,2019-10-03T16:46:17+00:00,3.847,,[],office001_2019_raw.jsonl,427,2019-01-01T00:00:00+00:00,2020-01-01T00:00:00+00:00,False
19_102_260_1638_2019-10-03 15:46:58.449203,5dabaa8ff9af8b10bf29b0e4,office001,19-102-260-1638,04,0102,,2019-10-03T15:46:58+00:00,2019-10-03T23:41:38+00:00,2019-10-03T22:23:16+00:00,34.99,,[],office001_2019_raw.jsonl,428,2019-01-01T00:00:00+00:00,2020-01-01T00:00:00+00:00,False
19_102_260_1633_2019-10-03 14:33:52.608457,5dabaa8ff9af8b10bf29b0e3,office001,19-102-260-1633,02,0102,,2019-10-03T14:33:53+00:00,2019-10-03T20:15:24+00:00,2019-10-03T16:31:57+00:00,5.898,,[],office001_2019_raw.jsonl,429,2019-01-01T00:00:00+00:00,2020-01-01T00:00:00+00:00,False
19_102_260_1635_2019-10-03 13:56:55.514027,5dabaa8ff9af8b10bf29b0e2,office001,19-102-260-1635,01,0102,,2019-10-03T13:56:56+00:00,2019-10-03T20:20:29+00:00,2019-10-03T18:11:10+00:00,27.978570277777777,,[],office001_2019_raw.jsonl,430,2019-01-01T00:00:00+00:00,2020-01-01T00:00:00+00:00,False
19_102_260_1640_2019-10-02 19:55:04.635811,5daa590ef9af8b0c8b439eff,office001,19-102-260-1640,08,0102,,2019-10-02T19:55:05+00:00,2019-10-03T03:23:32+00:00,2019-10-03T03:23:19+00:00,26.237,,[],office001_2019_raw.jsonl,431,2019-01-01T00:00:00+00:00,2020-01-01T00:00:00+00:00,False
19_102_260_1634_2019-10-02 17:13:15.286055,5daa590ef9af8b0c8b439efe,office001,19-102-260-1634,03,0102,,2019-10-02T17:13:15+00:00,2019-10-02T21:35:11+00:00,2019-10-02T21:35:07+00:00,27.737,,[],office001_2019_raw.jsonl,432,2019-01-01T00:00:00+00:00,2020-01-01T00:00:00+00:00,False
19_102_260_1639_2019-10-02 16:38:20.871772,5daa590ef9af8b0c8b439efd,office001,19-102-260-1639,05,0102,,2019-10-02T16:38:21+00:00,2019-10-03T00:52:07+00:00,2019-10-03T00:51:27+00:00,43.02,,[],office001_2019_raw.jsonl,433,2019-01-01T00:00:00+00:00,2020-01-01T00:00:00+00:00,False
19_102_260_1633_2019-10-02 15:32:12.101524,5daa590ef9af8b0c8b439efc,office001,19-102-260-1633,02,0102,,2019-10-02T15:32:12+00:00,2019-10-03T01:06:10+00:00,2019-10-02T16:54:21+00:00,3.937,,[],office001_2019_raw.jsonl,434,2019-01-01T00:00:00+00:00,2020-01-01T00:00:00+00:00,False
19_102_260_1635_2019-10-02 13:53:18.414659,5daa590ef9af8b0c8b439efb,office001,19-102-260-1635,01,0102,,2019-10-02T13:53:18+00:00,2019-10-02T23:49:32+00:00,2019-10-02T18:50:34+00:00,30.624,,[],office001_2019_raw.jsonl,435,2019-01-01T00:00:00+00:00,2020-01-01T00:00:00+00:00,False
19_102_260_1638_2019-10-01 20:25:58.876334,5da9078ef9af8b08605ff73b,office001,19-102-260-1638,04,0102,,2019-10-01T20:25:59+00:00,2019-10-01T21:26:01+00:00,2019-10-01T21:25:52+00:00,2.724,,[],office001_2019_raw.jsonl,436,2019-01-01T00:00:00+00:00,2020-01-01T00:00:00+00:00,False
19_102_260_1640_2019-10-01 20:17:37.104725,5da9078ef9af8b08605ff73a,office001,19-102-260-1640,08,0102,,2019-10-01T20:17:37+00:00,2019-10-02T03:34:15+00:00,2019-10-02T03:34:06+00:00,24.39,,[],office001_2019_raw.jsonl,437,2019-01-01T00:00:00+00:00,2020-01-01T00:00:00+00:00,False
19_102_260_1633_2019-10-01 20:08:34.852452,5da9078ef9af8b08605ff739,office001,19-102-260-1633,02,0102,,2019-10-01T20:08:35+00:00,2019-10-01T22:56:27+00:00,2019-10-01T20:57:30+00:00,0.939,,[],office001_2019_raw.jsonl,438,2019-01-01T00:00:00+00:00,2020-01-01T00:00:00+00:00,False
19_102_260_1636_2019-10-01 18:55:48.391823,5da9078ef9af8b08605ff738,office001,19-102-260-1636,06,0102,,2019-10-01T18:55:48+00:00,2019-10-02T02:11:27+00:00,2019-10-01T20:48:22+00:00,11.18,,[],office001_2019_raw.jsonl,439,2019-01-01T00:00:00+00:00,2020-01-01T00:00:00+00:00,False
19_102_260_1634_2019-10-01 17:33:47.867212,5da9078ef9af8b08605ff737,office001,19-102-260-1634,03,0102,,2019-10-01T17:33:48+00:00,2019-10-01T22:50:58+00:00,2019-10-01T22:50:53+00:00,32.972,,[],office001_2019_raw.jsonl,440,2019-01-01T00:00:00+00:00,2020-01-01T00:00:00+00:00,False
19_102_260_1638_2019-10-01 16:13:46.604715,5da9078ef9af8b08605ff736,office001,19-102-260-1638,04,0102,,2019-10-01T16:13:47+00:00,2019-10-01T18:43:20+00:00,2019-10-01T16:50:49+00:00,3.576,,[],office001_2019_raw.jsonl,441,2019-01-01T00:00:00+00:00,2020-01-01T00:00:00+00:00,False
19_102_260_1638_2019-10-01 15:26:52.938829,5da9078ef9af8b08605ff735,office001,19-102-260-1638,04,0102,,2019-10-01T15:26:53+00:00,2019-10-01T15:41:51+00:00,2019-10-01T15:41:47+00:00,0.643,,[],office001_2019_raw.jsonl,442,2019-01-01T00:00:00+00:00,2020-01-01T00:00:00+00:00,False
19_102_260_1633_2019-10-01 14:39:23.912693,5da9078ef9af8b08605ff734,office001,19-102-260-1633,02,0102,,2019-10-01T14:39:24+00:00,2019-10-01T19:28:11+00:00,2019-10-01T19:28:03+00:00,28.258,,[],office001_2019_raw.jsonl,443,2019-01-01T00:00:00+00:00,2020-01-01T00:00:00+00:00,False
19_102_260_1635_2019-10-01 14:00:51.233546,5da9078ef9af8b08605ff733,office001,19-102-260-1635,01,0102,,2019-10-01T14:00:51+00:00,2019-10-02T00:03:12+00:00,2019-10-01T19:52:18+00:00,36.1,,[],office001_2019_raw.jsonl,444,2019-01-01T00:00:00+00:00,2020-01-01T00:00:00+00:00,False
19_102_260_1634_2019-09-30 20:11:12.946393,5da7b610f9af8b04604275a7,office001,19-102-260-1634,03,0102,,2019-09-30T20:11:13+00:00,2019-10-01T00:03:51+00:00,2019-09-30T20:39:15+00:00,2.291,,[],office001_2019_raw.jsonl,445,2019-01-01T00:00:00+00:00,2020-01-01T00:00:00+00:00,False
19_102_260_1639_2019-09-30 18:16:32.189218,5da7b610f9af8b04604275a6,office001,19-102-260-1639,05,0102,,2019-09-30T18:16:32+00:00,2019-10-01T01:57:52+00:00,2019-09-30T21:49:51+00:00,22.033,,[],office001_2019_raw.jsonl,446,2019-01-01T00:00:00+00:00,2020-01-01T00:00:00+00:00,False
19_102_260_1634_2019-09-30 16:18:23.000538,5da7b610f9af8b04604275a5,office001,19-102-260-1634,03,0102,,2019-09-30T16:18:23+00:00,2019-09-30T18:57:00+00:00,2019-09-30T18:08:04+00:00,10.426,,[],office001_2019_raw.jsonl,447,2019-01-01T00:00:00+00:00,2020-01-01T00:00:00+00:00,False
19_102_260_1636_2019-09-30 16:00:50.494168,5da7b610f9af8b04604275a4,office001,19-102-260-1636,06,0102,,2019-09-30T16:00:50+00:00,2019-09-30T22:00:49+00:00,2019-09-30T16:22:46+00:00,2.116,,[],office001_2019_raw.jsonl,448,2019-01-01T00:00:00+00:00,2020-01-01T00:00:00+00:00,False
19_102_260_1638_2019-09-30 15:28:27.603286,5da7b610f9af8b04604275a3,office001,19-102-260-1638,04,0102,,2019-09-30T15:28:28+00:00,2019-09-30T19:57:41+00:00,2019-09-30T17:32:27+00:00,6.096,,[],office001_2019_raw.jsonl,449,2019-01-01T00:00:00+00:00,2020-01-01T00:00:00+00:00,False
19_102_260_1633_2019-09-30 15:11:26.929405,5da7b610f9af8b04604275a2,office001,19-102-260-1633,02,0102,,2019-09-30T15:11:27+00:00,2019-09-30T22:20:59+00:00,2019-09-30T19:34:33+00:00,21.081,,[],office001_2019_raw.jsonl,450,2019-01-01T00:00:00+00:00,2020-01-01T00:00:00+00:00,False
19_102_260_1635_2019-09-30 14:17:08.352508,5da7b610f9af8b04604275a1,office001,19-102-260-1635,01,0102,,2019-09-30T14:17:08+00:00,2019-09-30T22:21:27+00:00,2019-09-30T17:17:17+00:00,18.428,,[],office001_2019_raw.jsonl,451,2019-01-01T00:00:00+00:00,2020-01-01T00:00:00+00:00,False
19_102_260_1639_2019-09-27 20:40:59.069786,5da3c18ff9af8b75a1124adf,office001,19-102-260-1639,05,0102,,2019-09-27T20:40:59+00:00,2019-09-28T03:38:19+00:00,2019-09-28T03:38:06+00:00,22.063,,[],office001_2019_raw.jsonl,452,2019-01-01T00:00:00+00:00,2020-01-01T00:00:00+00:00,False
19_102_260_1637_2019-09-27 20:02:20.064270,5da3c18ff9af8b75a1124ade,office001,19-102-260-1637,07,0102,,2019-09-27T20:02:20+00:00,2019-09-28T00:54:05+00:00,2019-09-27T20:20:43+00:00,1.331,,[],office001_2019_raw.jsonl,453,2019-01-01T00:00:00+00:00,2020-01-01T00:00:00+00:00,False
19_102_260_1637_2019-09-27 18:26:50.248060,5da3c18ff9af8b75a1124add,office001,19-102-260-1637,07,0102,,2019-09-27T18:26:50+00:00,2019-09-27T19:45:23+00:00,2019-09-27T19:45:15+00:00,8.329,,[],office001_2019_raw.jsonl,454,2019-01-01T00:00:00+00:00,2020-01-01T00:00:00+00:00,False
19_102_260_1639_2019-09-27 16:30:13.491743,5da3c18ff9af8b75a1124adc,office001,19-102-260-1639,05,0102,,2019-09-27T16:30:13+00:00,2019-09-27T18:45:00+00:00,2019-09-27T18:44:55+00:00,13.946,,[],office001_2019_raw.jsonl,455,2019-01-01T00:00:00+00:00,2020-01-01T00:00:00+00:00,False
19_102_260_1636_2019-09-27 16:01:05.434537,5da3c18ff9af8b75a1124adb,office001,19-102-260-1636,06,0102,,2019-09-27T16:01:05+00:00,2019-09-27T21:10:30+00:00,2019-09-27T19:05:19+00:00,18.017,,[],office001_2019_raw.jsonl,456,2019-01-01T00:00:00+00:00,2020-01-01T00:00:00+00:00,False
19_102_260_1638_2019-09-27 15:30:04.972903,5da3c18ff9af8b75a1124ada,office001,19-102-260-1638,04,0102,,2019-09-27T15:30:05+00:00,2019-09-28T02:49:55+00:00,2019-09-27T17:31:54+00:00,5.992,,[],office001_2019_raw.jsonl,457,2019-01-01T00:00:00+00:00,2020-01-01T00:00:00+00:00,False
19_102_260_1634_2019-09-27 15:24:56.257438,5da3c18ff9af8b75a1124ad9,office001,19-102-260-1634,03,0102,,2019-09-27T15:24:56+00:00,2019-09-27T22:56:21+00:00,2019-09-27T17:10:28+00:00,10.924,,[],office001_2019_raw.jsonl,458,2019-01-01T00:00:00+00:00,2020-01-01T00:00:00+00:00,False
19_102_260_1633_2019-09-27 14:30:26.564650,5da3c18ff9af8b75a1124ad8,office001,19-102-260-1633,02,0102,,2019-09-27T14:30:27+00:00,2019-09-27T20:10:43+00:00,2019-09-27T19:32:45+00:00,24.787,,[],office001_2019_raw.jsonl,459,2019-01-01T00:00:00+00:00,2020-01-01T00:00:00+00:00,False
19_102_260_1635_2019-09-27 14:22:13.409140,5da3c18ff9af8b75a1124ad7,office001,19-102-260-1635,01,0102,,2019-09-27T14:22:13+00:00,2019-09-27T18:55:58+00:00,2019-09-27T17:40:34+00:00,20.136,,[],office001_2019_raw.jsonl,460,2019-01-01T00:00:00+00:00,2020-01-01T00:00:00+00:00,False
19_102_260_1639_2019-09-26 18:57:16.469110,5da2700ef9af8b7196f13b84,office001,19-102-260-1639,05,0102,,2019-09-26T18:57:16+00:00,2019-09-26T19:44:38+00:00,2019-09-26T19:44:33+00:00,2.404,,[],office001_2019_raw.jsonl,461,2019-01-01T00:00:00+00:00,2020-01-01T00:00:00+00:00,False
19_102_260_1634_2019-09-26 18:43:24.166760,5da2700ef9af8b7196f13b83,office001,19-102-260-1634,03,0102,,2019-09-26T18:43:24+00:00,2019-09-26T20:17:43+00:00,2019-09-26T20:17:35+00:00,9.814,,[],office001_2019_raw.jsonl,462,2019-01-01T00:00:00+00:00,2020-01-01T00:00:00+00:00,False
19_102_260_1636_2019-09-26 18:28:51.896970,5da2700ef9af8b7196f13b82,office001,19-102-260-1636,06,0102,,2019-09-26T18:28:52+00:00,2019-09-27T01:46:49+00:00,2019-09-26T20:03:30+00:00,9.448,,[],office001_2019_raw.jsonl,463,2019-01-01T00:00:00+00:00,2020-01-01T00:00:00+00:00,False
19_102_260_1633_2019-09-26 14:42:19.890260,5da2700ef9af8b7196f13b81,office001,19-102-260-1633,02,0102,,2019-09-26T14:42:20+00:00,2019-09-27T01:11:08+00:00,2019-09-26T16:44:21+00:00,6.055,,[],office001_2019_raw.jsonl,464,2019-01-01T00:00:00+00:00,2020-01-01T00:00:00+00:00,False
19_102_260_1638_2019-09-26 14:39:30.560784,5da2700ef9af8b7196f13b80,office001,19-102-260-1638,04,0102,,2019-09-26T14:39:31+00:00,2019-09-26T22:26:53+00:00,2019-09-26T22:26:44+00:00,48.361,,[],office001_2019_raw.jsonl,465,2019-01-01T00:00:00+00:00,2020-01-01T00:00:00+00:00,False
19_102_260_1635_2019-09-26 14:16:06.438683,5da2700ef9af8b7196f13b7f,office001,19-102-260-1635,01,0102,,2019-09-26T14:16:06+00:00,2019-09-26T23:29:03+00:00,2019-09-26T20:03:32+00:00,33.009,,[],office001_2019_raw.jsonl,466,2019-01-01T00:00:00+00:00,2020-01-01T00:00:00+00:00,False
19_102_260_1637_2019-09-25 20:25:34.649545,5da11e91f9af8b6dc7e12535,office001,19-102-260-1637,07,0102,,2019-09-25T20:25:35+00:00,2019-09-26T03:25:39+00:00,2019-09-26T02:58:35+00:00,19.516,,[],office001_2019_raw.jsonl,467,2019-01-01T00:00:00+00:00,2020-01-01T00:00:00+00:00,False
19_102_260_1640_2019-09-25 19:22:15.170146,5da11e91f9af8b6dc7e12534,office001,19-102-260-1640,08,0102,,2019-09-25T19:22:15+00:00,2019-09-28T04:48:46+00:00,2019-09-27T14:29:26+00:00,52.744,,[],office001_2019_raw.jsonl,468,2019-01-01T00:00:00+00:00,2020-01-01T00:00:00+00:00,False
19_102_260_1638_2019-09-25 18:41:39.925295,5da11e91f9af8b6dc7e12533,office001,19-102-260-1638,04,0102,,2019-09-25T18:41:40+00:00,2019-09-25T21:14:18+00:00,2019-09-25T20:14:51+00:00,8.941,,[],office001_2019_raw.jsonl,469,2019-01-01T00:00:00+00:00,2020-01-01T00:00:00+00:00,False
19_102_260_1636_2019-09-25 18:36:28.964715,5da11e91f9af8b6dc7e12532,office001,19-102-260-1636,06,0102,,2019-09-25T18:36:29+00:00,2019-09-26T00:26:37+00:00,2019-09-25T20:33:19+00:00,11.625,,[],office001_2019_raw.jsonl,470,2019-01-01T00:00:00+00:00,2020-01-01T00:00:00+00:00,False
19_102_260_1634_2019-09-25 15:58:47.666457,5da11e91f9af8b6dc7e12531,office001,19-102-260-1634,03,0102,,2019-09-25T15:58:48+00:00,2019-09-25T16:30:03+00:00,2019-09-25T16:29:59+00:00,3.267,,[],office001_2019_raw.jsonl,471,2019-01-01T00:00:00+00:00,2020-01-01T00:00:00+00:00,False
19_102_260_1633_2019-09-25 15:04:27.939144,5da11e91f9af8b6dc7e12530,office001,19-102-260-1633,02,0102,,2019-09-25T15:04:28+00:00,2019-09-25T19:55:06+00:00,2019-09-25T17:04:55+00:00,5.925,,[],office001_2019_raw.jsonl,472,2019-01-01T00:00:00+00:00,2020-01-01T00:00:00+00:00,False
19_102_260_1635_2019-09-25 13:57:03.022840,5da11e91f9af8b6dc7e1252f,office001,19-102-260-1635,01,0102,,2019-09-25T13:57:03+00:00,2019-09-25T20:47:29+00:00,2019-09-25T18:52:36+00:00,27.853,,[],office001_2019_raw.jsonl,473,2019-01-01T00:00:00+00:00,2020-01-01T00:00:00+00:00,False
19_102_260_1634_2019-09-24 22:19:43.027448,5d9fcd0ef9af8b68322adaf2,office001,19-102-260-1634,03,0102,,2019-09-24T22:19:43+00:00,2019-09-25T00:50:11+00:00,2019-09-25T00:50:07+00:00,6.873,,[],office001_2019_raw.jsonl,474,2019-01-01T00:00:00+00:00,2020-01-01T00:00:00+00:00,False
19_102_260_1640_2019-09-24 20:22:53.167651,5d9fcd0ef9af8b68322adaf1,office001,19-102-260-1640,08,0102,,2019-09-24T20:22:53+00:00,2019-09-25T04:00:44+00:00,2019-09-25T04:00:31+00:00,24.454,,[],office001_2019_raw.jsonl,475,2019-01-01T00:00:00+00:00,2020-01-01T00:00:00+00:00,False
19_102_260_1635_2019-09-24 18:31:50.542660,5d9fcd0ef9af8b68322adaf0,office001,19-102-260-1635,01,0102,,2019-09-24T18:31:51+00:00,2019-09-25T00:39:39+00:00,2019-09-24T23:12:49+00:00,25.487,,[],office001_2019_raw.jsonl,476,2019-01-01T00:00:00+00:00,2020-01-01T00:00:00+00:00,False
19_102_260_1638_2019-09-24 15:01:34.606843,5d9fcd0ef9af8b68322adaef,office001,19-102-260-1638,04,0102,,2019-09-24T15:01:35+00:00,2019-09-25T01:37:01+00:00,2019-09-24T17:03:08+00:00,6.06,,[],office001_2019_raw.jsonl,477,2019-01-01T00:00:00+00:00,2020-01-01T00:00:00+00:00,False
19_102_260_1633_2019-09-24 14:48:53.956440,5d9fcd0ef9af8b68322adaee,office001,19-102-260-1633,02,0102,,2019-09-24T14:48:54+00:00,2019-09-24T23:04:38+00:00,2019-09-24T22:59:38+00:00,46.018,,[],office001_2019_raw.jsonl,478,2019-01-01T00:00:00+00:00,2020-01-01T00:00:00+00:00,False
19_102_260_1636_2019-09-23 18:37:59.426606,5d9e7b8ff9af8b61136edc80,office001,19-102-260-1636,06,0102,,2019-09-23T18:37:59+00:00,2019-09-24T02:34:53+00:00,2019-09-23T23:46:52+00:00,28.883,,[],office001_2019_raw.jsonl,479,2019-01-01T00:00:00+00:00,2020-01-01T00:00:00+00:00,False
19_102_260_1639_2019-09-23 17:33:19.581762,5d9e7b8ff9af8b61136edc7f,office001,19-102-260-1639,05,0102,,2019-09-23T17:33:20+00:00,2019-09-23T23:48:29+00:00,2019-09-23T21:25:26+00:00,23.45,,[],office001_2019_raw.jsonl,480,2019-01-01T00:00:00+00:00,2020-01-01T00:00:00+00:00,False
19_102_260_1638_2019-09-23 16:05:01.412829,5d9e7b8ff9af8b61136edc7e,office001,19-102-260-1638,04,0102,,2019-09-23T16:05:01+00:00,2019-09-23T22:22:13+00:00,2019-09-23T16:38:11+00:00,3.2,,[],office001_2019_raw.jsonl,481,2019-01-01T00:00:00+00:00,2020-01-01T00:00:00+00:00,False
19_102_260_1634_2019-09-23 15:35:30.596788,5d9e7b8ff9af8b61136edc7d,office001,19-102-260-1634,03,0102,,2019-09-23T15:35:31+00:00,2019-09-23T20:27:47+00:00,2019-09-23T19:19:16+00:00,20.076,,[],office001_2019_raw.jsonl,482,2019-01-01T00:00:00+00:00,2020-01-01T00:00:00+00:00,False
19_102_260_1633_2019-09-23 15:13:04.123117,5d9e7b8ff9af8b61136edc7c,office001,19-102-260-1633,02,0102,,2019-09-23T15:13:04+00:00,2019-09-23T22:13:56+00:00,2019-09-23T17:12:28+00:00,5.908,,[],office001_2019_raw.jsonl,483,2019-01-01T00:00:00+00:00,2020-01-01T00:00:00+00:00,False
19_102_260_1635_2019-09-23 14:07:28.742396,5d9e7b8ff9af8b61136edc7b,office001,19-102-260-1635,01,0102,,2019-09-23T14:07:29+00:00,2019-09-23T19:06:31+00:00,2019-09-23T15:54:08+00:00,11.019,,[],office001_2019_raw.jsonl,484,2019-01-01T00:00:00+00:00,2020-01-01T00:00:00+00:00,False
19_102_260_1640_2019-09-20 19:46:53.229595,5d9a8710f9af8b557a05a457,office001,19-102-260-1640,08,0102,,2019-09-20T19:46:53+00:00,2019-09-21T03:47:23+00:00,2019-09-21T02:35:08+00:00,17.653,,[],office001_2019_raw.jsonl,485,2019-01-01T00:00:00+00:00,2020-01-01T00:00:00+00:00,False
19_102_260_1639_2019-09-20 17:00:28.689876,5d9a8710f9af8b557a05a456,office001,19-102-260-1639,05,0102,,2019-09-20T17:00:29+00:00,2019-09-21T01:14:43+00:00,2019-09-20T20:35:50+00:00,22.431,,[],office001_2019_raw.jsonl,486,2019-01-01T00:00:00+00:00,2020-01-01T00:00:00+00:00,False
19_102_260_1637_2019-09-20 16:17:53.607745,5d9a8710f9af8b557a05a455,office001,19-102-260-1637,07,0102,,2019-09-20T16:17:54+00:00,2019-09-20T18:32:36+00:00,2019-09-20T18:32:32+00:00,14.141,,[],office001_2019_raw.jsonl,487,2019-01-01T00:00:00+00:00,2020-01-01T00:00:00+00:00,False
19_102_260_1634_2019-09-20 15:44:35.508198,5d9a8710f9af8b557a05a454,office001,19-102-260-1634,03,0102,,2019-09-20T15:44:35+00:00,2019-09-20T21:01:06+00:00,2019-09-20T21:00:58+00:00,32.918,,[],office001_2019_raw.jsonl,488,2019-01-01T00:00:00+00:00,2020-01-01T00:00:00+00:00,False
19_102_260_1638_2019-09-20 14:56:00.079185,5d9a8710f9af8b557a05a453,office001,19-102-260-1638,04,0102,,2019-09-20T14:56:00+00:00,2019-09-20T21:30:16+00:00,2019-09-20T16:54:52+00:00,5.9,,[],office001_2019_raw.jsonl,489,2019-01-01T00:00:00+00:00,2020-01-01T00:00:00+00:00,False
19_102_260_1633_2019-09-20 14:46:28.281113,5d9a8710f9af8b557a05a452,office001,19-102-260-1633,02,0102,,2019-09-20T14:46:28+00:00,2019-09-20T21:55:33+00:00,2019-09-20T20:52:57+00:00,32.154,,[],office001_2019_raw.jsonl,490,2019-01-01T00:00:00+00:00,2020-01-01T00:00:00+00:00,False
19_102_260_1635_2019-09-20 13:55:53.990541,5d9a8710f9af8b557a05a451,office001,19-102-260-1635,01,0102,,2019-09-20T13:55:54+00:00,2019-09-20T20:42:19+00:00,2019-09-20T19:14:34+00:00,32.59,,[],office001_2019_raw.jsonl,491,2019-01-01T00:00:00+00:00,2020-01-01T00:00:00+00:00,False
19_102_260_1640_2019-09-19 20:29:39.227302,5d99358ef9af8b51866496b9,office001,19-102-260-1640,08,0102,,2019-09-19T20:29:39+00:00,2019-09-20T04:08:49+00:00,2019-09-20T04:08:40+00:00,24.297,,[],office001_2019_raw.jsonl,492,2019-01-01T00:00:00+00:00,2020-01-01T00:00:00+00:00,False
19_102_260_1639_2019-09-19 18:48:34.891951,5d99358ef9af8b51866496b8,office001,19-102-260-1639,05,0102,,2019-09-19T18:48:35+00:00,2019-09-19T20:15:13+00:00,2019-09-19T20:14:49+00:00,9.162,,[],office001_2019_raw.jsonl,493,2019-01-01T00:00:00+00:00,2020-01-01T00:00:00+00:00,False
19_102_260_1636_2019-09-19 18:26:06.185671,5d99358ef9af8b51866496b7,office001,19-102-260-1636,06,0102,,2019-09-19T18:26:06+00:00,2019-09-20T00:24:35+00:00,2019-09-19T19:58:58+00:00,9.351,,[],office001_2019_raw.jsonl,494,2019-01-01T00:00:00+00:00,2020-01-01T00:00:00+00:00,False
19_102_260_1634_2019-09-19 18:02:41.893718,5d99358ef9af8b51866496b6,office001,19-102-260-1634,03,0102,,2019-09-19T18:02:42+00:00,2019-09-19T21:15:16+00:00,2019-09-19T21:15:12+00:00,20.207,,[],office001_2019_raw.jsonl,495,2019-01-01T00:00:00+00:00,2020-01-01T00:00:00+00:00,False
19_102_260_1633_2019-09-19 15:50:02.952554,5d99358ef9af8b51866496b5,office001,19-102-260-1633,02,0102,,2019-09-19T15:50:03+00:00,2019-09-20T01:27:45+00:00,2019-09-19T17:50:34+00:00,5.974,,[],office001_2019_raw.jsonl,496,2019-01-01T00:00:00+00:00,2020-01-01T00:00:00+00:00,False
19_102_260_1634_2019-09-19 15:25:23.824530,5d99358ef9af8b51866496b4,office001,19-102-260-1634,03,0102,,2019-09-19T15:25:24+00:00,2019-09-19T16:08:09+00:00,2019-09-19T16:08:01+00:00,4.495,,[],office001_2019_raw.jsonl,497,2019-01-01T00:00:00+00:00,2020-01-01T00:00:00+00:00,False
19_102_260_1635_2019-09-19 13:58:58.724468,5d99358ef9af8b51866496b3,office001,19-102-260-1635,01,0102,,2019-09-19T13:58:59+00:00,2019-09-19T16:23:17+00:00,2019-09-19T15:50:53+00:00,11.664,,[],office001_2019_raw.jsonl,498,2019-01-01T00:00:00+00:00,2020-01-01T00:00:00+00:00,False
19_102_260_1640_2019-09-18 20:48:15.230928,5d97e40ff9af8b4d38bcfefe,office001,19-102-260-1640,08,0102,,2019-09-18T20:48:15+00:00,2019-09-19T04:07:15+00:00,2019-09-19T04:07:06+00:00,22.527,,[],office001_2019_raw.jsonl,499,2019-01-01T00:00:00+00:00,2020-01-01T00:00:00+00:00,False
19_102_260_1639_2019-09-18 19:39:40.620199,5d97e40ff9af8b4d38bcfefd,office001,19-102-260-1639,05,0102,,2019-09-18T19:39:41+00:00,2019-09-18T22:58:13+00:00,2019-09-18T20:17:14+00:00,3.173,,[],office001_2019_raw.jsonl,500,2019-01-01T00:00:00+00:00,2020-01-01T00:00:00+00:00,False
19_102_260_1636_2019-09-18 18:28:47.726104,5d97e40ff9af8b4d38bcfefc,office001,19-102-260-1636,06,0102,,2019-09-18T18:28:48+00:00,2019-09-19T02:12:21+00:00,2019-09-18T20:13:48+00:00,10.621,,[],office001_2019_raw.jsonl,501,2019-01-01T00:00:00+00:00,2020-01-01T00:00:00+00:00,False
19_102_260_1637_2019-09-18 17:09:22.810463,5d97e40ff9af8b4d38bcfefb,office001,19-102-260-1637,07,0102,,2019-09-18T17:09:23+00:00,2019-09-18T17:56:40+00:00,2019-09-18T17:56:36+00:00,4.885,,[],office001_2019_raw.jsonl,502,2019-01-01T00:00:00+00:00,2020-01-01T00:00:00+00:00,False
19_102_260_1639_2019-09-18 16:08:23.287775,5d97e40ff9af8b4d38bcfefa,office001,19-102-260-1639,05,0102,,2019-09-18T16:08:23+00:00,2019-09-18T18:33:40+00:00,2019-09-18T18:33:36+00:00,15.542,,[],office001_2019_raw.jsonl,503,2019-01-01T00:00:00+00:00,2020-01-01T00:00:00+00:00,False
19_102_260_1634_2019-09-18 15:46:08.052339,5d97e40ff9af8b4d38bcfef9,office001,19-102-260-1634,03,0102,,2019-09-18T15:46:08+00:00,2019-09-18T22:36:26+00:00,2019-09-18T19:11:18+00:00,21.461,,[],office001_2019_raw.jsonl,504,2019-01-01T00:00:00+00:00,2020-01-01T00:00:00+00:00,False
19_102_260_1633_2019-09-18 15:06:10.555084,5d97e40ff9af8b4d38bcfef8,office001,19-102-260-1633,02,0102,,2019-09-18T15:06:11+00:00,2019-09-19T02:10:07+00:00,2019-09-18T17:07:36+00:00,6.016,,[],office001_2019_raw.jsonl,505,2019-01-01T00:00:00+00:00,2020-01-01T00:00:00+00:00,False
19_102_260_1638_2019-09-18 14:51:51.750934,5d97e40ff9af8b4d38bcfef7,office001,19-102-260-1638,04,0102,,2019-09-18T14:51:52+00:00,2019-09-18T23:00:58+00:00,2019-09-18T19:20:25+00:00,22.308,,[],office001_2019_raw.jsonl,506,2019-01-01T00:00:00+00:00,2020-01-01T00:00:00+00:00,False
19_102_260_1635_2019-09-18 14:12:53.765947,5d97e40ff9af8b4d38bcfef6,office001,19-102-260-1635,01,0102,,2019-09-18T14:12:54+00:00,2019-09-18T23:16:19+00:00,2019-09-18T15:57:50+00:00,10.805,,[],office001_2019_raw.jsonl,507,2019-01-01T00:00:00+00:00,2020-01-01T00:00:00+00:00,False
19_102_260_1640_2019-09-17 21:16:02.913369,5d96928ef9af8b492828b6a4,office001,19-102-260-1640,08,0102,,2019-09-17T21:16:03+00:00,2019-09-18T03:19:31+00:00,2019-09-18T03:19:22+00:00,17.838,,[],office001_2019_raw.jsonl,508,2019-01-01T00:00:00+00:00,2020-01-01T00:00:00+00:00,False
19_102_260_1634_2019-09-17 18:43:27.066672,5d96928ef9af8b492828b6a3,office001,19-102-260-1634,03,0102,,2019-09-17T18:43:27+00:00,2019-09-18T00:40:21+00:00,2019-09-18T00:40:13+00:00,22.207,,[],office001_2019_raw.jsonl,509,2019-01-01T00:00:00+00:00,2020-01-01T00:00:00+00:00,False
19_102_260_1639_2019-09-17 15:34:02.051764,5d96928ef9af8b492828b6a2,office001,19-102-260-1639,05,0102,,2019-09-17T15:34:02+00:00,2019-09-17T19:15:58+00:00,2019-09-17T19:15:53+00:00,22.387,,[],office001_2019_raw.jsonl,510,2019-01-01T00:00:00+00:00,2020-01-01T00:00:00+00:00,False
19_102_260_1638_2019-09-17 15:26:44.255649,5d96928ef9af8b492828b6a1,office001,19-102-260-1638,04,0102,,2019-09-17T15:26:44+00:00,2019-09-18T02:21:57+00:00,2019-09-17T17:26:39+00:00,5.957,,[],office001_2019_raw.jsonl,511,2019-01-01T00:00:00+00:00,2020-01-01T00:00:00+00:00,False
19_102_260_1633_2019-09-17 14:40:37.501973,5d96928ef9af8b492828b6a0,office001,19-102-260-1633,02,0102,,2019-09-17T14:40:37+00:00,2019-09-18T00:20:26+00:00,2019-09-17T23:40:06+00:00,49.278,,[],office001_2019_raw.jsonl,512,2019-01-01T00:00:00+00:00,2020-01-01T00:00:00+00:00,False
19_102_260_1637_2019-09-16 22:44:24.123624,5d95410ff9af8b44feca190a,office001,19-102-260-1637,07,0102,,2019-09-16T22:44:24+00:00,2019-09-17T04:07:13+00:00,2019-09-17T04:07:04+00:00,10.182,,[],office001_2019_raw.jsonl,513,2019-01-01T00:00:00+00:00,2020-01-01T00:00:00+00:00,False
19_102_260_1635_2019-09-16 20:59:53.633872,5d95410ff9af8b44feca1909,office001,19-102-260-1635,01,0102,,2019-09-16T20:59:54+00:00,2019-09-16T21:35:06+00:00,2019-09-16T21:35:01+00:00,3.595,,[],office001_2019_raw.jsonl,514,2019-01-01T00:00:00+00:00,2020-01-01T00:00:00+00:00,False
19_102_260_1637_2019-09-16 20:54:43.112292,5d95410ff9af8b44feca1908,office001,19-102-260-1637,07,0102,,2019-09-16T20:54:43+00:00,2019-09-16T21:46:17+00:00,2019-09-16T21:46:08+00:00,5.334,,[],office001_2019_raw.jsonl,515,2019-01-01T00:00:00+00:00,2020-01-01T00:00:00+00:00,False
19_102_260_1634_2019-09-16 20:24:58.509247,5d95410ff9af8b44feca1907,office001,19-102-260-1634,03,0102,,2019-09-16T20:24:58+00:00,2019-09-16T23:15:09+00:00,2019-09-16T22:40:44+00:00,7.254,,[],office001_2019_raw.jsonl,516,2019-01-01T00:00:00+00:00,2020-01-01T00:00:00+00:00,False
19_102_260_1638_2019-09-16 19:17:35.849003,5d95410ff9af8b44feca1906,office001,19-102-260-1638,04,0102,,2019-09-16T19:17:36+00:00,2019-09-16T22:41:16+00:00,2019-09-16T22:41:11+00:00,21.072,,[],office001_2019_raw.jsonl,517,2019-01-01T00:00:00+00:00,2020-01-01T00:00:00+00:00,False
19_102_260_1640_2019-09-16 18:58:20.081127,5d95410ff9af8b44feca1905,office001,19-102-260-1640,08,0102,,2019-09-16T18:58:20+00:00,2019-09-17T01:52:50+00:00,2019-09-17T01:52:37+00:00,30.098,,[],office001_2019_raw.jsonl,518,2019-01-01T00:00:00+00:00,2020-01-01T00:00:00+00:00,False
19_102_260_1636_2019-09-16 18:38:18.928494,5d95410ff9af8b44feca1904,office001,19-102-260-1636,06,0102,,2019-09-16T18:38:19+00:00,2019-09-17T01:27:30+00:00,2019-09-16T23:01:25+00:00,27.343,,[],office001_2019_raw.jsonl,519,2019-01-01T00:00:00+00:00,2020-01-01T00:00:00+00:00,False
19_102_260_1633_2019-09-16 15:49:35.279725,5d95410ff9af8b44feca1903,office001,19-102-260-1633,02,0102,,2019-09-16T15:49:35+00:00,2019-09-17T01:23:41+00:00,2019-09-16T16:59:08+00:00,3.234,,[],office001_2019_raw.jsonl,520,2019-01-01T00:00:00+00:00,2020-01-01T00:00:00+00:00,False
19_102_260_1635_2019-09-16 15:25:11.707578,5d95410ff9af8b44feca1902,office001,19-102-260-1635,01,0102,,2019-09-16T15:25:12+00:00,2019-09-16T17:48:42+00:00,2019-09-16T17:48:38+00:00,14.924,,[],office001_2019_raw.jsonl,521,2019-01-01T00:00:00+00:00,2020-01-01T00:00:00+00:00,False
19_102_260_1639_2019-09-13 21:39:31.331168,5d914c8ef9af8b3687351122,office001,19-102-260-1639,05,0102,,2019-09-13T21:39:31+00:00,2019-09-14T01:22:54+00:00,2019-09-14T00:46:18+00:00,11.1,,[],office001_2019_raw.jsonl,522,2019-01-01T00:00:00+00:00,2020-01-01T00:00:00+00:00,False
19_102_260_1640_2019-09-13 21:09:00.429979,5d914c8ef9af8b3687351121,office001,19-102-260-1640,08,0102,,2019-09-13T21:09:00+00:00,2019-09-14T04:12:58+00:00,2019-09-14T03:39:15+00:00,14.613,,[],office001_2019_raw.jsonl,523,2019-01-01T00:00:00+00:00,2020-01-01T00:00:00+00:00,False
19_102_260_1636_2019-09-13 20:29:42.211389,5d914c8ef9af8b3687351120,office001,19-102-260-1636,06,0102,,2019-09-13T20:29:42+00:00,2019-09-14T01:54:57+00:00,2019-09-13T22:15:18+00:00,9.804,,[],office001_2019_raw.jsonl,524,2019-01-01T00:00:00+00:00,2020-01-01T00:00:00+00:00,False
19_102_260_1640_2019-09-13 18:08:11.744353,5d914c8ef9af8b368735111f,office001,19-102-260-1640,08,0102,,2019-09-13T18:08:12+00:00,2019-09-13T20:54:45+00:00,2019-09-13T20:54:33+00:00,17.358,,[],office001_2019_raw.jsonl,525,2019-01-01T00:00:00+00:00,2020-01-01T00:00:00+00:00,False
19_102_260_1639_2019-09-13 16:05:36.748052,5d914c8ef9af8b368735111e,office001,19-102-260-1639,05,0102,,2019-09-13T16:05:37+00:00,2019-09-13T20:00:33+00:00,2019-09-13T20:00:28+00:00,2.701,,[],office001_2019_raw.jsonl,526,2019-01-01T00:00:00+00:00,2020-01-01T00:00:00+00:00,False
19_102_260_1634_2019-09-13 15:21:01.600815,5d914c8ef9af8b368735111d,office001,19-102-260-1634,03,0102,,2019-09-13T15:21:02+00:00,2019-09-13T23:23:54+00:00,2019-09-13T21:38:21+00:00,25.784,,[],office001_2019_raw.jsonl,527,2019-01-01T00:00:00+00:00,2020-01-01T00:00:00+00:00,False
19_102_260_1635_2019-09-13 14:24:56.720559,5d914c8ef9af8b368735111c,office001,19-102-260-1635,01,0102,,2019-09-13T14:24:57+00:00,2019-09-13T23:31:47+00:00,2019-09-13T21:07:17+00:00,29.71,,[],office001_2019_raw.jsonl,528,2019-01-01T00:00:00+00:00,2020-01-01T00:00:00+00:00,False
19_102_260_1633_2019-09-13 14:23:25.370526,5d914c8ef9af8b368735111b,office001,19-102-260-1633,02,0102,,2019-09-13T14:23:25+00:00,2019-09-13T19:01:15+00:00,2019-09-13T16:26:38+00:00,6.154,,[],office001_2019_raw.jsonl,529,2019-01-01T00:00:00+00:00,2020-01-01T00:00:00+00:00,False
19_102_260_1640_2019-09-12 21:07:10.830144,5d8ffb0ef9af8b327ceed374,office001,19-102-260-1640,08,0102,,2019-09-12T21:07:11+00:00,2019-09-13T04:19:56+00:00,2019-09-13T04:15:35+00:00,21.14,,[],office001_2019_raw.jsonl,530,2019-01-01T00:00:00+00:00,2020-01-01T00:00:00+00:00,False
19_102_260_1634_2019-09-12 20:14:00.276004,5d8ffb0ef9af8b327ceed373,office001,19-102-260-1634,03,0102,,2019-09-12T20:14:00+00:00,2019-09-13T00:03:14+00:00,2019-09-13T00:03:09+00:00,18.683,,[],office001_2019_raw.jsonl,531,2019-01-01T00:00:00+00:00,2020-01-01T00:00:00+00:00,False
19_102_260_1636_2019-09-12 18:31:52.544267,5d8ffb0ef9af8b327ceed372,office001,19-102-260-1636,06,0102,,2019-09-12T18:31:53+00:00,2019-09-13T02:14:15+00:00,2019-09-12T20:18:32+00:00,10.645,,[],office001_2019_raw.jsonl,532,2019-01-01T00:00:00+00:00,2020-01-01T00:00:00+00:00,False
19_102_260_1639_2019-09-12 15:28:14.095461,5d8ffb0ef9af8b327ceed371,office001,19-102-260-1639,05,0102,,2019-09-12T15:28:14+00:00,2019-09-12T19:11:25+00:00,2019-09-12T19:11:16+00:00,22.763,,[],office001_2019_raw.jsonl,533,2019-01-01T00:00:00+00:00,2020-01-01T00:00:00+00:00,False
19_102_260_1633_2019-09-12 15:15:10.666459,5d8ffb0ef9af8b327ceed370,office001,19-102-260-1633,02,0102,,2019-09-12T15:15:11+00:00,2019-09-12T19:33:10+00:00,2019-09-12T16:27:21+00:00,3.377,,[],office001_2019_raw.jsonl,534,2019-01-01T00:00:00+00:00,2020-01-01T00:00:00+00:00,False
19_102_260_1635_2019-09-12 14:35:30.792026,5d8ffb0ef9af8b327ceed36f,office001,19-102-260-1635,01,0102,,2019-09-12T14:35:31+00:00,2019-09-13T01:06:14+00:00,2019-09-12T17:06:57+00:00,15.55,,[],office001_2019_raw.jsonl,535,2019-01-01T00:00:00+00:00,2020-01-01T00:00:00+00:00,False
19_102_260_1640_2019-09-11 21:25:11.337500,5d8ea98ef9af8b2eab163d5e,office001,19-102-260-1640,08,0102,,2019-09-11T21:25:11+00:00,2019-09-12T04:30:23+00:00,2019-09-12T04:30:11+00:00,20.868,,[],office001_2019_raw.jsonl,536,2019-01-01T00:00:00+00:00,2020-01-01T00:00:00+00:00,False
19_102_260_1636_2019-09-11 18:33:34.892916,5d8ea98ef9af8b2eab163d5d,office001,19-102-260-1636,06,0102,,2019-09-11T18:33:35+00:00,2019-09-12T01:03:15+00:00,2019-09-11T20:10:55+00:00,9.627,,[],office001_2019_raw.jsonl,537,2019-01-01T00:00:00+00:00,2020-01-01T00:00:00+00:00,False
19_102_260_1635_2019-09-11 15:57:32.238505,5d8ea98ef9af8b2eab163d5c,office001,19-102-260-1635,01,0102,,2019-09-11T15:57:32+00:00,2019-09-11T20:56:07+00:00,2019-09-11T16:19:59+00:00,2.147,,[],office001_2019_raw.jsonl,538,2019-01-01T00:00:00+00:00,2020-01-01T00:00:00+00:00,False
19_102_260_1633_2019-09-11 15:38:21.751729,5d8ea98ef9af8b2eab163d5b,office001,19-102-260-1633,02,0102,,2019-09-11T15:38:22+00:00,2019-09-12T01:43:28+00:00,2019-09-11T17:39:52+00:00,5.986,,[],office001_2019_raw.jsonl,539,2019-01-01T00:00:00+00:00,2020-01-01T00:00:00+00:00,False
19_102_260_1634_2019-09-11 15:05:17.684322,5d8ea98ef9af8b2eab163d5a,office001,19-102-260-1634,03,0102,,2019-09-11T15:05:18+00:00,2019-09-11T18:50:15+00:00,2019-09-11T18:50:10+00:00,23.602,,[],office001_2019_raw.jsonl,540,2019-01-01T00:00:00+00:00,2020-01-01T00:00:00+00:00,False
19_102_260_1639_2019-09-10 23:09:05.734276,5d8d580ef9af8b2ac09fae9a,office001,19-102-260-1639,05,0102,,2019-09-10T23:09:06+00:00,2019-09-11T02:08:32+00:00,2019-09-11T02:08:27+00:00,4.798,,[],office001_2019_raw.jsonl,541,2019-01-01T00:00:00+00:00,2020-01-01T00:00:00+00:00,False
19_102_260_1640_2019-09-10 21:48:38.990527,5d8d580ef9af8b2ac09fae99,office001,19-102-260-1640,08,0102,,2019-09-10T21:48:39+00:00,2019-09-11T04:09:23+00:00,2019-09-11T04:09:15+00:00,15.886,,[],office001_2019_raw.jsonl,542,2019-01-01T00:00:00+00:00,2020-01-01T00:00:00+00:00,False
19_102_260_1639_2019-09-10 17:30:39.140963,5d8d580ef9af8b2ac09fae98,office001,19-102-260-1639,05,0102,,2019-09-10T17:30:39+00:00,2019-09-10T23:07:15+00:00,2019-09-10T23:08:10+00:00,34.247,,[],office001_2019_raw.jsonl,543,2019-01-01T00:00:00+00:00,2020-01-01T00:00:00+00:00,False
19_102_260_1633_2019-09-10 15:43:48.859013,5d8d580ef9af8b2ac09fae97,office001,19-102-260-1633,02,0102,,2019-09-10T15:43:49+00:00,2019-09-11T01:34:04+00:00,2019-09-10T17:46:02+00:00,5.994,,[],office001_2019_raw.jsonl,544,2019-01-01T00:00:00+00:00,2020-01-01T00:00:00+00:00,False
19_102_260_1634_2019-09-10 15:25:46.174121,5d8d580ef9af8b2ac09fae96,office001,19-102-260-1634,03,0102,,2019-09-10T15:25:46+00:00,2019-09-10T21:10:12+00:00,2019-09-10T19:44:01+00:00,20.006,,[],office001_2019_raw.jsonl,545,2019-01-01T00:00:00+00:00,2020-01-01T00:00:00+00:00,False
19_102_260_1640_2019-09-09 21:27:34.939252,5d8c068ef9af8b2130c15428,office001,19-102-260-1640,08,0102,,2019-09-09T21:27:35+00:00,2019-09-10T04:34:06+00:00,2019-09-10T04:33:53+00:00,20.95,,[],office001_2019_raw.jsonl,546,2019-01-01T00:00:00+00:00,2020-01-01T00:00:00+00:00,False
19_102_260_1633_2019-09-09 21:23:49.924938,5d8c068ef9af8b2130c15427,office001,19-102-260-1633,02,0102,,2019-09-09T21:23:50+00:00,2019-09-10T01:26:54+00:00,2019-09-09T21:41:53+00:00,0.52,,[],office001_2019_raw.jsonl,547,2019-01-01T00:00:00+00:00,2020-01-01T00:00:00+00:00,False
19_102_260_1638_2019-09-09 19:50:50.120613,5d8c068ef9af8b2130c15426,office001,19-102-260-1638,04,0102,,2019-09-09T19:50:50+00:00,2019-09-09T22:25:58+00:00,2019-09-09T22:25:42+00:00,16.368,,[],office001_2019_raw.jsonl,548,2019-01-01T00:00:00+00:00,2020-01-01T00:00:00+00:00,False
19_102_260_1636_2019-09-09 18:15:58.715544,5d8c068ef9af8b2130c15425,office001,19-102-260-1636,06,0102,,2019-09-09T18:15:59+00:00,2019-09-10T00:30:29+00:00,2019-09-09T21:54:53+00:00,22.087,,[],office001_2019_raw.jsonl,549,2019-01-01T00:00:00+00:00,2020-01-01T00:00:00+00:00,False
19_102_260_1633_2019-09-09 16:02:28.102124,5d8c068ef9af8b2130c15424,office001,19-102-260-1633,02,0102,,2019-09-09T16:02:28+00:00,2019-09-09T21:04:00+00:00,2019-09-09T18:05:17+00:00,5.989,,[],office001_2019_raw.jsonl,550,2019-01-01T00:00:00+00:00,2020-01-01T00:00:00+00:00,False
19_102_260_1634_2019-09-09 15:33:06.433010,5d8c068ef9af8b2130c15423,office001,19-102-260-1634,03,0102,,2019-09-09T15:33:06+00:00,2019-09-10T00:24:55+00:00,2019-09-09T23:45:30+00:00,47.09,,[],office001_2019_raw.jsonl,551,2019-01-01T00:00:00+00:00,2020-01-01T00:00:00+00:00,False
19_102_260_1638_2019-09-06 22:07:54.495296,5d88120ef9af8b15278d7fe6,office001,19-102-260-1638,04,0102,,2019-09-06T22:07:54+00:00,2019-09-06T22:53:57+00:00,2019-09-06T22:53:49+00:00,4.695,,[],office001_2019_raw.jsonl,552,2019-01-01T00:00:00+00:00,2020-01-01T00:00:00+00:00,False
19_102_260_1640_2019-09-06 20:15:26.451153,5d88120ef9af8b15278d7fe5,office001,19-102-260-1640,08,0102,,2019-09-06T20:15:26+00:00,2019-09-07T04:39:35+00:00,2019-09-07T04:16:35+00:00,26.448,,[],office001_2019_raw.jsonl,553,2019-01-01T00:00:00+00:00,2020-01-01T00:00:00+00:00,False
19_102_260_1636_2019-09-06 18:31:24.638056,5d88120ef9af8b15278d7fe4,office001,19-102-260-1636,06,0102,,2019-09-06T18:31:25+00:00,2019-09-07T00:50:23+00:00,2019-09-06T20:37:54+00:00,12.026,,[],office001_2019_raw.jsonl,554,2019-01-01T00:00:00+00:00,2020-01-01T00:00:00+00:00,False
19_102_260_1639_2019-09-06 16:29:57.210201,5d88120ef9af8b15278d7fe3,office001,19-102-260-1639,05,0102,,2019-09-06T16:29:57+00:00,2019-09-06T18:30:52+00:00,2019-09-06T18:30:40+00:00,12.322,,[],office001_2019_raw.jsonl,555,2019-01-01T00:00:00+00:00,2020-01-01T00:00:00+00:00,False
19_102_260_1633_2019-09-06 14:50:37.027135,5d88120ef9af8b15278d7fe2,office001,19-102-260-1633,02,0102,,2019-09-06T14:50:37+00:00,2019-09-07T01:15:57+00:00,2019-09-06T16:52:54+00:00,6.081,,[],office001_2019_raw.jsonl,556,2019-01-01T00:00:00+00:00,2020-01-01T00:00:00+00:00,False
19_102_260_1635_2019-09-06 14:15:53.995253,5d88120ef9af8b15278d7fe1,office001,19-102-260-1635,01,0102,,2019-09-06T14:15:54+00:00,2019-09-07T00:29:17+00:00,2019-09-06T19:22:09+00:00,30.414,,[],office001_2019_raw.jsonl,557,2019-01-01T00:00:00+00:00,2020-01-01T00:00:00+00:00,False
19_102_260_1640_2019-11-06 22:03:57.630124,5dd88b9ef9af8b7afaf9098a,office001,19-102-260-1640,08,0102,,2019-11-06T22:03:58+00:00,2019-11-07T05:14:37+00:00,2019-11-07T05:14:24+00:00,21.974,,[],office001_2019_raw.jsonl,558,2019-01-01T00:00:00+00:00,2020-01-01T00:00:00+00:00,False
19_102_260_1638_2019-11-06 20:34:10.071294,5dd88b9ef9af8b7afaf90989,office001,19-102-260-1638,04,0102,,2019-11-06T20:34:10+00:00,2019-11-06T23:23:33+00:00,2019-11-06T22:45:51+00:00,13.405,,[],office001_2019_raw.jsonl,559,2019-01-01T00:00:00+00:00,2020-01-01T00:00:00+00:00,False
19_102_260_1636_2019-11-06 19:35:55.696217,5dd88b9ef9af8b7afaf90988,office001,19-102-260-1636,06,0102,,2019-11-06T19:35:56+00:00,2019-11-07T01:47:05+00:00,2019-11-06T22:56:22+00:00,20.693,,[],office001_2019_raw.jsonl,560,2019-01-01T00:00:00+00:00,2020-01-01T00:00:00+00:00,False
19_102_260_1634_2019-11-06 17:15:09.696490,5dd88b9ef9af8b7afaf90987,office001,19-102-260-1634,03,0102,,2019-11-06T17:15:10+00:00,2019-11-06T18:29:19+00:00,2019-11-06T18:29:14+00:00,8.118,,[],office001_2019_raw.jsonl,561,2019-01-01T00:00:00+00:00,2020-01-01T00:00:00+00:00,False
19_102_260_1640_2019-11-06 16:58:41.398549,5dd88b9ef9af8b7afaf90986,office001,19-102-260-1640,08,0102,,2019-11-06T16:58:41+00:00,2019-11-06T21:38:40+00:00,2019-11-06T19:37:29+00:00,6.36,,[],office001_2019_raw.jsonl,562,2019-01-01T00:00:00+00:00,2020-01-01T00:00:00+00:00,False
19_102_260_1635_2019-11-06 15:23:32.675945,5dd88b9ef9af8b7afaf90985,office001,19-102-260-1635,01,0102,,2019-11-06T15:23:33+00:00,2019-11-06T21:38:37+00:00,2019-11-06T20:57:17+00:00,28.397,,[],office001_2019_raw.jsonl,563,2019-01-01T00:00:00+00:00,2020-01-01T00:00:00+00:00,False
19_102_260_1636_2019-11-05 21:59:06.565087,5dd73a1df9af8b76cfa34ea8,office001,19-102-260-1636,06,0102,,2019-11-05T21:59:07+00:00,2019-11-06T04:39:45+00:00,2019-11-06T04:39:36+00:00,18.756,,[],office001_2019_raw.jsonl,564,2019-01-01T00:00:00+00:00,2020-01-01T00:00:00+00:00,False
19_102_260_1634_2019-11-05 17:59:24.355484,5dd73a1df9af8b76cfa34ea7,office001,19-102-260-1634,03,0102,,2019-11-05T17:59:24+00:00,2019-11-05T23:23:37+00:00,2019-11-05T23:23:32+00:00,27.399,,[],office001_2019_raw.jsonl,565,2019-01-01T00:00:00+00:00,2020-01-01T00:00:00+00:00,False
19_102_260_1640_2019-11-05 17:03:26.131681,5dd73a1df9af8b76cfa34ea6,office001,19-102-260-1640,08,0102,,2019-11-05T17:03:26+00:00,2019-11-05T22:48:58+00:00,2019-11-05T19:32:23+00:00,5.649,,[],office001_2019_raw.jsonl,566,2019-01-01T00:00:00+00:00,2020-01-01T00:00:00+00:00,False
19_102_260_1633_2019-11-05 14:09:21.999264,5dd73a1df9af8b76cfa34ea5,office001,19-102-260-1633,02,0102,,2019-11-05T14:09:22+00:00,2019-11-06T02:19:31+00:00,2019-11-05T16:05:25+00:00,5.734,,[],office001_2019_raw.jsonl,567,2019-01-01T00:00:00+00:00,2020-01-01T00:00:00+00:00,False
19_102_260_1633_2019-11-04 21:43:55.821619,5dd49720f9af8b358eb14845,office001,19-102-260-1633,02,0102,,2019-11-04T21:43:56+00:00,2019-11-05T02:17:09+00:00,2019-11-04T22:06:47+00:00,0.754,,[],office001_2019_raw.jsonl,568,2019-01-01T00:00:00+00:00,2020-01-01T00:00:00+00:00,False
19_102_260_1639_2019-11-04 21:30:42.859095,5dd49720f9af8b358eb14844,office001,19-102-260-1639,05,0102,,2019-11-04T21:30:43+00:00,2019-11-05T04:26:16+00:00,2019-11-05T04:26:07+00:00,19.868,,[],office001_2019_raw.jsonl,569,2019-01-01T00:00:00+00:00,2020-01-01T00:00:00+00:00,False
19_102_260_1635_2019-11-04 20:20:42.588226,5dd49720f9af8b358eb14843,office001,19-102-260-1635,01,0102,,2019-11-04T20:20:43+00:00,2019-11-05T00:07:42+00:00,2019-11-04T20:34:41+00:00,0.868,,[],office001_2019_raw.jsonl,570,2019-01-01T00:00:00+00:00,2020-01-01T00:00:00+00:00,False
19_102_260_1636_2019-11-04 19:45:43.131138,5dd49720f9af8b358eb14842,office001,19-102-260-1636,06,0102,,2019-11-04T19:45:43+00:00,2019-11-05T02:11:58+00:00,2019-11-04T22:15:12+00:00,15.391,,[],office001_2019_raw.jsonl,571,2019-01-01T00:00:00+00:00,2020-01-01T00:00:00+00:00,False
19_102_260_1635_2019-11-04 16:41:00.781860,5dd49720f9af8b358eb14841,office001,19-102-260-1635,01,0102,,2019-11-04T16:41:01+00:00,2019-11-04T19:42:33+00:00,2019-11-04T17:45:10+00:00,5.851,,[],office001_2019_raw.jsonl,572,2019-01-01T00:00:00+00:00,2020-01-01T00:00:00+00:00,False
19_102_260_1640_2019-11-04 16:32:03.539339,5dd49720f9af8b358eb14840,office001,19-102-260-1640,08,0102,,2019-11-04T16:32:04+00:00,2019-11-05T00:35:43+00:00,2019-11-04T19:03:30+00:00,5.82,,[],office001_2019_raw.jsonl,573,2019-01-01T00:00:00+00:00,2020-01-01T00:00:00+00:00,False
19_102_260_1634_2019-11-04 16:21:40.233387,5dd49720f9af8b358eb1483f,office001,19-102-260-1634,03,0102,,2019-11-04T16:21:40+00:00,2019-11-05T00:49:38+00:00,2019-11-05T00:49:34+00:00,43.608,,[],office001_2019_raw.jsonl,574,2019-01-01T00:00:00+00:00,2020-01-01T00:00:00+00:00,False
19_102_260_1633_2019-11-04 15:49:08.163075,5dd49720f9af8b358eb1483e,office001,19-102-260-1633,02,0102,,2019-11-04T15:49:08+00:00,2019-11-04T20:41:12+00:00,2019-11-04T17:39:04+00:00,5.371,,[],office001_2019_raw.jsonl,575,2019-01-01T00:00:00+00:00,2020-01-01T00:00:00+00:00,False
19_102_260_1640_2019-11-01 20:23:21.631277,5dd1f41ef9af8b2deaac58cd,office001,19-102-260-1640,08,0102,,2019-11-01T20:23:22+00:00,2019-11-02T04:02:39+00:00,2019-11-02T04:02:30+00:00,24.876,,[],office001_2019_raw.jsonl,576,2019-01-01T00:00:00+00:00,2020-01-01T00:00:00+00:00,False
19_102_260_1640_2019-11-01 17:25:02.756655,5dd1f41ef9af8b2deaac58cc,office001,19-102-260-1640,08,0102,,2019-11-01T17:25:03+00:00,2019-11-01T19:12:45+00:00,2019-11-01T19:12:41+00:00,5.703,,[],office001_2019_raw.jsonl,577,2019-01-01T00:00:00+00:00,2020-01-01T00:00:00+00:00,False
19_102_260_1637_2019-11-01 16:48:06.200767,5dd1f41ef9af8b2deaac58cb,office001,19-102-260-1637,07,0102,,2019-11-01T16:48:06+00:00,2019-11-01T18:28:35+00:00,2019-11-01T18:28:27+00:00,10.801,,[],office001_2019_raw.jsonl,578,2019-01-01T00:00:00+00:00,2020-01-01T00:00:00+00:00,False
19_102_260_1634_2019-11-01 15:10:38.255284,5dd1f41ef9af8b2deaac58ca,office001,19-102-260-1634,03,0102,,2019-11-01T15:10:38+00:00,2019-11-01T20:19:04+00:00,2019-11-01T17:06:29+00:00,5.844,,[],office001_2019_raw.jsonl,579,2019-01-01T00:00:00+00:00,2020-01-01T00:00:00+00:00,False
19_102_260_1633_2019-11-01 14:24:29.364122,5dd1f41ef9af8b2deaac58c9,office001,19-102-260-1633,02,0102,,2019-11-01T14:24:29+00:00,2019-11-01T22:20:20+00:00,2019-11-01T20:56:55+00:00,34.153,,[],office001_2019_raw.jsonl,580,2019-01-01T00:00:00+00:00,2020-01-01T00:00:00+00:00,False
19_102_260_1635_2019-11-01 14:13:25.539059,5dd1f41ef9af8b2deaac58c8,office001,19-102-260-1635,01,0102,,2019-11-01T14:13:26+00:00,2019-11-01T23:22:07+00:00,2019-11-01T16:11:42+00:00,12.26,,[],office001_2019_raw.jsonl,581,2019-01-01T00:00:00+00:00,2020-01-01T00:00:00+00:00,False
19_102_260_1633_2019-10-31 22:21:58.549766,5dd0a29ff9af8b29e939cd4c,office001,19-102-260-1633,02,0102,,2019-10-31T22:21:59+00:00,2019-10-31T23:18:00+00:00,2019-10-31T23:17:55+00:00,2.499,,[],office001_2019_raw.jsonl,582,2019-01-01T00:00:00+00:00,2020-01-01T00:00:00+00:00,False
19_102_260_1640_2019-10-31 20:48:08.229463,5dd0a29ff9af8b29e939cd4b,office001,19-102-260-1640,08,0102,,2019-10-31T20:48:08+00:00,2019-11-01T03:41:35+00:00,2019-11-01T03:41:22+00:00,21.346,,[],office001_2019_raw.jsonl,583,2019-01-01T00:00:00+00:00,2020-01-01T00:00:00+00:00,False
19_102_260_1639_2019-10-31 18:41:24.033414,5dd0a29ff9af8b29e939cd4a,office001,19-102-260-1639,05,0102,,2019-10-31T18:41:24+00:00,2019-10-31T20:42:03+00:00,2019-10-31T20:41:59+00:00,12.607,,[],office001_2019_raw.jsonl,584,2019-01-01T00:00:00+00:00,2020-01-01T00:00:00+00:00,False
19_102_260_1637_2019-10-31 15:48:24.183462,5dd0a29ff9af8b29e939cd49,office001,19-102-260-1637,07,0102,,2019-10-31T15:48:24+00:00,2019-10-31T22:56:26+00:00,2019-10-31T18:34:22+00:00,6.469,,[],office001_2019_raw.jsonl,585,2019-01-01T00:00:00+00:00,2020-01-01T00:00:00+00:00,False
19_102_260_1638_2019-10-31 14:44:23.405556,5dd0a29ff9af8b29e939cd48,office001,19-102-260-1638,04,0102,,2019-10-31T14:44:23+00:00,2019-10-31T22:26:07+00:00,2019-10-31T22:26:02+00:00,48.29,,[],office001_2019_raw.jsonl,586,2019-01-01T00:00:00+00:00,2020-01-01T00:00:00+00:00,False
19_102_260_1633_2019-10-31 14:30:12.414611,5dd0a29ff9af8b29e939cd47,office001,19-102-260-1633,02,0102,,2019-10-31T14:30:12+00:00,2019-10-31T21:45:27+00:00,2019-10-31T16:28:21+00:00,5.918,,[],office001_2019_raw.jsonl,587,2019-01-01T00:00:00+00:00,2020-01-01T00:00:00+00:00,False
19_102_260_1635_2019-10-31 14:21:10.330888,5dd0a29ff9af8b29e939cd46,office001,19-102-260-1635,01,0102,,2019-10-31T14:21:10+00:00,2019-10-31T23:36:53+00:00,2019-10-31T16:13:40+00:00,11.589,,[],office001_2019_raw.jsonl,588,2019-01-01T00:00:00+00:00,2020-01-01T00:00:00+00:00,False
19_102_260_1640_2019-10-30 23:14:05.336785,5dcf511ef9af8b25f58235d2,office001,19-102-260-1640,08,0102,,2019-10-30T23:14:05+00:00,2019-10-31T04:21:20+00:00,2019-10-31T04:21:11+00:00,9.918,,[],office001_2019_raw.jsonl,589,2019-01-01T00:00:00+00:00,2020-01-01T00:00:00+00:00,False
19_102_260_1633_2019-10-30 21:38:49.569177,5dcf511ef9af8b25f58235d1,office001,19-102-260-1633,02,0102,,2019-10-30T21:38:50+00:00,2019-10-31T01:25:33+00:00,2019-10-30T21:57:52+00:00,0.576,,[],office001_2019_raw.jsonl,590,2019-01-01T00:00:00+00:00,2020-01-01T00:00:00+00:00,False
19_102_260_1634_2019-10-30 19:13:13.828242,5dcf511ef9af8b25f58235d0,office001,19-102-260-1634,03,0102,,2019-10-30T19:13:14+00:00,2019-10-30T21:00:37+00:00,2019-10-30T20:21:55+00:00,6.256,,[],office001_2019_raw.jsonl,591,2019-01-01T00:00:00+00:00,2020-01-01T00:00:00+00:00,False
19_102_260_1636_2019-10-30 18:35:27.735182,5dcf511ef9af8b25f58235cf,office001,19-102-260-1636,06,0102,,2019-10-30T18:35:28+00:00,2019-10-31T00:34:08+00:00,2019-10-30T20:08:47+00:00,9.276,,[],office001_2019_raw.jsonl,592,2019-01-01T00:00:00+00:00,2020-01-01T00:00:00+00:00,False
19_102_260_1634_2019-10-30 16:13:12.209514,5dcf511ef9af8b25f58235ce,office001,19-102-260-1634,03,0102,,2019-10-30T16:13:12+00:00,2019-10-30T18:13:44+00:00,2019-10-30T18:13:39+00:00,13.105,,[],office001_2019_raw.jsonl,593,2019-01-01T00:00:00+00:00,2020-01-01T00:00:00+00:00,False
19_102_260_1633_2019-10-30 15:22:05.730083,5dcf511ef9af8b25f58235cd,office001,19-102-260-1633,02,0102,,2019-10-30T15:22:06+00:00,2019-10-30T20:51:36+00:00,2019-10-30T16:46:21+00:00,4.053,,[],office001_2019_raw.jsonl,594,2019-01-01T00:00:00+00:00,2020-01-01T00:00:00+00:00,False
19_102_260_1635_2019-10-30 14:10:47.446121,5dcf511ef9af8b25f58235cc,office001,19-102-260-1635,01,0102,,2019-10-30T14:10:47+00:00,2019-10-30T21:47:15+00:00,2019-10-30T16:06:46+00:00,12.021,,[],office001_2019_raw.jsonl,595,2019-01-01T00:00:00+00:00,2020-01-01T00:00:00+00:00,False
19_102_260_1640_2019-10-29 20:31:37.079712,5dcdff9df9af8b220997c2fe,office001,19-102-260-1640,08,0102,,2019-10-29T20:31:37+00:00,2019-10-30T03:49:18+00:00,2019-10-30T03:49:09+00:00,23.736,,[],office001_2019_raw.jsonl,596,2019-01-01T00:00:00+00:00,2020-01-01T00:00:00+00:00,False
19_102_260_1638_2019-10-29 19:49:48.109316,5dcdff9df9af8b220997c2fd,office001,19-102-260-1638,04,0102,,2019-10-29T19:49:48+00:00,2019-10-30T01:29:57+00:00,2019-10-29T23:50:07+00:00,9.591,,[],office001_2019_raw.jsonl,597,2019-01-01T00:00:00+00:00,2020-01-01T00:00:00+00:00,False
19_102_260_1634_2019-10-29 19:08:13.568729,5dcdff9df9af8b220997c2fc,office001,19-102-260-1634,03,0102,,2019-10-29T19:08:14+00:00,2019-10-29T20:30:16+00:00,2019-10-29T19:20:14+00:00,0.678,,[],office001_2019_raw.jsonl,598,2019-01-01T00:00:00+00:00,2020-01-01T00:00:00+00:00,False
19_102_260_1634_2019-10-29 16:23:02.669945,5dcdff9df9af8b220997c2fb,office001,19-102-260-1634,03,0102,,2019-10-29T16:23:03+00:00,2019-10-29T18:22:23+00:00,2019-10-29T17:52:45+00:00,8.687,,[],office001_2019_raw.jsonl,599,2019-01-01T00:00:00+00:00,2020-01-01T00:00:00+00:00,False
19_102_260_1633_2019-10-29 15:56:38.814607,5dcdff9df9af8b220997c2fa,office001,19-102-260-1633,02,0102,,2019-10-29T15:56:39+00:00,2019-10-29T20:40:11+00:00,2019-10-29T17:53:17+00:00,5.777,,[],office001_2019_raw.jsonl,600,2019-01-01T00:00:00+00:00,2020-01-01T00:00:00+00:00,False
19_102_260_1639_2019-10-28 19:45:38.086213,5dccae20f9af8b1dd9002211,office001,19-102-260-1639,05,0102,,2019-10-28T19:45:38+00:00,2019-10-28T23:43:12+00:00,2019-10-28T23:43:07+00:00,22.039,,[],office001_2019_raw.jsonl,601,2019-01-01T00:00:00+00:00,2020-01-01T00:00:00+00:00,False
19_102_260_1640_2019-10-28 19:43:05.897900,5dccae20f9af8b1dd9002210,office001,19-102-260-1640,08,0102,,2019-10-28T19:43:06+00:00,2019-10-29T03:53:03+00:00,2019-10-29T03:52:55+00:00,28.718,,[],office001_2019_raw.jsonl,602,2019-01-01T00:00:00+00:00,2020-01-01T00:00:00+00:00,False
19_102_260_1636_2019-10-28 18:44:51.494292,5dccae20f9af8b1dd900220f,office001,19-102-260-1636,06,0102,,2019-10-28T18:44:51+00:00,2019-10-29T00:39:55+00:00,2019-10-28T23:41:35+00:00,29.045,,[],office001_2019_raw.jsonl,603,2019-01-01T00:00:00+00:00,2020-01-01T00:00:00+00:00,False
19_102_260_1638_2019-10-28 16:03:16.859327,5dccae20f9af8b1dd900220e,office001,19-102-260-1638,04,0102,,2019-10-28T16:03:17+00:00,2019-10-28T19:46:59+00:00,2019-10-28T17:41:47+00:00,4.86,,[],office001_2019_raw.jsonl,604,2019-01-01T00:00:00+00:00,2020-01-01T00:00:00+00:00,False
19_102_260_1634_2019-10-28 15:28:03.409917,5dccae20f9af8b1dd900220d,office001,19-102-260-1634,03,0102,,2019-10-28T15:28:03+00:00,2019-10-28T20:15:56+00:00,2019-10-28T20:15:47+00:00,11.603,,[],office001_2019_raw.jsonl,605,2019-01-01T00:00:00+00:00,2020-01-01T00:00:00+00:00,False
19_102_260_1633_2019-10-28 14:49:39.394720,5dccae20f9af8b1dd900220c,office001,19-102-260-1633,02,0102,,2019-10-28T14:49:39+00:00,2019-10-28T22:49:46+00:00,2019-10-28T20:49:22+00:00,31.066,,[],office001_2019_raw.jsonl,606,2019-01-01T00:00:00+00:00,2020-01-01T00:00:00+00:00,False
19_102_260_1635_2019-10-28 14:15:22.899235,5dccae20f9af8b1dd900220b,office001,19-102-260-1635,01,0102,,2019-10-28T14:15:23+00:00,2019-10-28T23:27:56+00:00,2019-10-28T16:33:30+00:00,14.33,,[],office001_2019_raw.jsonl,607,2019-01-01T00:00:00+00:00,2020-01-01T00:00:00+00:00,False
19_102_260_1634_2019-10-25 21:16:50.226391,5dc8b99ef9af8b0d658df509,office001,19-102-260-1634,03,0102,,2019-10-25T21:16:50+00:00,2019-10-25T22:45:58+00:00,2019-10-25T21:45:48+00:00,3.042,,[],office001_2019_raw.jsonl,608,2019-01-01T00:00:00+00:00,2020-01-01T00:00:00+00:00,False
19_102_260_1640_2019-10-25 20:39:37.634290,5dc8b99ef9af8b0d658df508,office001,19-102-260-1640,08,0102,,2019-10-25T20:39:38+00:00,2019-10-26T04:08:12+00:00,2019-10-26T04:08:04+00:00,23.192,,[],office001_2019_raw.jsonl,609,2019-01-01T00:00:00+00:00,2020-01-01T00:00:00+00:00,False
19_102_260_1638_2019-10-25 16:33:06.343709,5dc8b99ef9af8b0d658df507,office001,19-102-260-1638,04,0102,,2019-10-25T16:33:06+00:00,2019-10-26T00:33:48+00:00,2019-10-25T19:36:20+00:00,15.602,,[],office001_2019_raw.jsonl,610,2019-01-01T00:00:00+00:00,2020-01-01T00:00:00+00:00,False
19_102_260_1634_2019-10-25 15:56:27.179621,5dc8b99ef9af8b0d658df506,office001,19-102-260-1634,03,0102,,2019-10-25T15:56:27+00:00,2019-10-25T19:10:56+00:00,2019-10-25T19:10:51+00:00,16.256,,[],office001_2019_raw.jsonl,611,2019-01-01T00:00:00+00:00,2020-01-01T00:00:00+00:00,False
19_102_260_1633_2019-10-25 15:24:55.955980,5dc8b99ef9af8b0d658df505,office001,19-102-260-1633,02,0102,,2019-10-25T15:24:56+00:00,2019-10-25T21:36:17+00:00,2019-10-25T17:21:22+00:00,5.751,,[],office001_2019_raw.jsonl,612,2019-01-01T00:00:00+00:00,2020-01-01T00:00:00+00:00,False
19_102_260_1635_2019-10-25 14:45:22.768007,5dc8b99ef9af8b0d658df504,office001,19-102-260-1635,01,0102,,2019-10-25T14:45:23+00:00,2019-10-25T21:42:38+00:00,2019-10-25T21:21:33+00:00,35.456,,[],office001_2019_raw.jsonl,613,2019-01-01T00:00:00+00:00,2020-01-01T00:00:00+00:00,False
19_102_260_1634_2019-10-24 19:28:54.701520,5dc7681df9af8b096fdc2b1f,office001,19-102-260-1634,03,0102,,2019-10-24T19:28:55+00:00,2019-10-24T23:06:22+00:00,2019-10-24T20:01:52+00:00,2.797,,[],office001_2019_raw.jsonl,614,2019-01-01T00:00:00+00:00,2020-01-01T00:00:00+00:00,False
19_102_260_1636_2019-10-24 18:53:43.890126,5dc7681df9af8b096fdc2b1e,office001,19-102-260-1636,06,0102,,2019-10-24T18:53:44+00:00,2019-10-24T23:43:46+00:00,2019-10-24T20:30:20+00:00,9.718,,[],office001_2019_raw.jsonl,615,2019-01-01T00:00:00+00:00,2020-01-01T00:00:00+00:00,False
19_102_260_1638_2019-10-24 16:06:06.789786,5dc7681df9af8b096fdc2b1d,office001,19-102-260-1638,04,0102,,2019-10-24T16:06:07+00:00,2019-10-24T21:52:46+00:00,2019-10-24T19:10:20+00:00,19.761,,[],office001_2019_raw.jsonl,616,2019-01-01T00:00:00+00:00,2020-01-01T00:00:00+00:00,False
19_102_260_1634_2019-10-24 15:39:05.913266,5dc7681df9af8b096fdc2b1c,office001,19-102-260-1634,03,0102,,2019-10-24T15:39:06+00:00,2019-10-24T18:10:29+00:00,2019-10-24T17:36:00+00:00,11.79,,[],office001_2019_raw.jsonl,617,2019-01-01T00:00:00+00:00,2020-01-01T00:00:00+00:00,False
19_102_260_1633_2019-10-24 15:35:30.562415,5dc7681df9af8b096fdc2b1b,office001,19-102-260-1633,02,0102,,2019-10-24T15:35:31+00:00,2019-10-24T22:33:13+00:00,2019-10-24T17:36:37+00:00,5.961,,[],office001_2019_raw.jsonl,618,2019-01-01T00:00:00+00:00,2020-01-01T00:00:00+00:00,False
19_102_260_1634_2019-10-24 00:15:39.077465,5dc6169ef9af8b05a11b0e45,office001,19-102-260-1634,03,0102,,2019-10-24T00:15:39+00:00,2019-10-24T00:57:57+00:00,2019-10-24T00:57:52+00:00,1.143,,[],office001_2019_raw.jsonl,619,2019-01-01T00:00:00+00:00,2020-01-01T00:00:00+00:00,False
19_102_260_1638_2019-10-24 00:01:57.313704,5dc6169ef9af8b05a11b0e44,office001,19-102-260-1638,04,0102,,2019-10-24T00:01:57+00:00,2019-10-24T01:24:15+00:00,2019-10-24T01:24:11+00:00,2.241,,[],office001_2019_raw.jsonl,620,2019-01-01T00:00:00+00:00,2020-01-01T00:00:00+00:00,False
19_102_260_1640_2019-10-23 20:16:12.601624,5dc6169ef9af8b05a11b0e43,office001,19-102-260-1640,08,0102,,2019-10-23T20:16:13+00:00,2019-10-24T03:42:29+00:00,2019-10-24T03:11:17+00:00,23.951,,[],office001_2019_raw.jsonl,621,2019-01-01T00:00:00+00:00,2020-01-01T00:00:00+00:00,False
19_102_260_1634_2019-10-23 19:22:39.399356,5dc6169ef9af8b05a11b0e42,office001,19-102-260-1634,03,0102,,2019-10-23T19:22:39+00:00,2019-10-23T23:02:53+00:00,2019-10-23T19:35:15+00:00,0.75,,[],office001_2019_raw.jsonl,622,2019-01-01T00:00:00+00:00,2020-01-01T00:00:00+00:00,False
19_102_260_1636_2019-10-23 18:38:06.051709,5dc6169ef9af8b05a11b0e41,office001,19-102-260-1636,06,0102,,2019-10-23T18:38:06+00:00,2019-10-24T00:01:50+00:00,2019-10-23T20:21:52+00:00,10.441,,[],office001_2019_raw.jsonl,623,2019-01-01T00:00:00+00:00,2020-01-01T00:00:00+00:00,False
19_102_260_1638_2019-10-23 16:28:03.053689,5dc6169ef9af8b05a11b0e40,office001,19-102-260-1638,04,0102,,2019-10-23T16:28:03+00:00,2019-10-23T22:09:58+00:00,2019-10-23T22:09:07+00:00,36.138,,[],office001_2019_raw.jsonl,624,2019-01-01T00:00:00+00:00,2020-01-01T00:00:00+00:00,False
19_102_260_1634_2019-10-23 16:10:36.585967,5dc6169ef9af8b05a11b0e3f,office001,19-102-260-1634,03,0102,,2019-10-23T16:10:37+00:00,2019-10-23T18:36:05+00:00,2019-10-23T18:23:08+00:00,13.322,,[],office001_2019_raw.jsonl,625,2019-01-01T00:00:00+00:00,2020-01-01T00:00:00+00:00,False
19_102_260_1633_2019-10-23 14:52:57.114090,5dc6169ef9af8b05a11b0e3e,office001,19-102-260-1633,02,0102,,2019-10-23T14:52:57+00:00,2019-10-23T21:10:36+00:00,2019-10-23T16:53:43+00:00,5.976,,[],office001_2019_raw.jsonl,626,2019-01-01T00:00:00+00:00,2020-01-01T00:00:00+00:00,False
19_102_260_1634_2019-10-22 19:26:07.366628,5dc4c51df9af8b015ac665c9,office001,19-102-260-1634,03,0102,,2019-10-22T19:26:07+00:00,2019-10-22T22:41:47+00:00,2019-10-22T19:39:19+00:00,0.829,,[],office001_2019_raw.jsonl,627,2019-01-01T00:00:00+00:00,2020-01-01T00:00:00+00:00,False
19_102_260_1640_2019-10-22 19:01:44.761921,5dc4c51df9af8b015ac665c8,office001,19-102-260-1640,08,0102,,2019-10-22T19:01:45+00:00,2019-10-23T04:06:33+00:00,2019-10-23T04:06:24+00:00,33.128,,[],office001_2019_raw.jsonl,628,2019-01-01T00:00:00+00:00,2020-01-01T00:00:00+00:00,False
19_102_260_1638_2019-10-22 17:19:16.881143,5dc4c51df9af8b015ac665c7,office001,19-102-260-1638,04,0102,,2019-10-22T17:19:17+00:00,2019-10-22T19:39:03+00:00,2019-10-22T19:38:54+00:00,14.813,,[],office001_2019_raw.jsonl,629,2019-01-01T00:00:00+00:00,2020-01-01T00:00:00+00:00,False
19_102_260_1634_2019-10-22 15:59:10.049581,5dc4c51df9af8b015ac665c6,office001,19-102-260-1634,03,0102,,2019-10-22T15:59:10+00:00,2019-10-22T18:24:35+00:00,2019-10-22T18:15:19+00:00,13.533,,[],office001_2019_raw.jsonl,630,2019-01-01T00:00:00+00:00,2020-01-01T00:00:00+00:00,False
19_102_260_1633_2019-10-22 15:12:23.674081,5dc4c51df9af8b015ac665c5,office001,19-102-260-1633,02,0102,,2019-10-22T15:12:24+00:00,2019-10-23T01:30:30+00:00,2019-10-22T17:12:39+00:00,5.93,,[],office001_2019_raw.jsonl,631,2019-01-01T00:00:00+00:00,2020-01-01T00:00:00+00:00,False
19_102_260_1640_2019-10-21 20:31:48.244503,5dc373a0f9af8b7afe6b3b05,office001,19-102-260-1640,08,0102,,2019-10-21T20:31:48+00:00,2019-10-22T03:19:12+00:00,2019-10-22T03:19:00+00:00,22.445,,[],office001_2019_raw.jsonl,632,2019-01-01T00:00:00+00:00,2020-01-01T00:00:00+00:00,False
19_102_260_1639_2019-10-21 20:22:00.981837,5dc373a0f9af8b7afe6b3b04,office001,19-102-260-1639,05,0102,,2019-10-21T20:22:01+00:00,2019-10-22T00:41:11+00:00,2019-10-22T00:41:07+00:00,18.333,,[],office001_2019_raw.jsonl,633,2019-01-01T00:00:00+00:00,2020-01-01T00:00:00+00:00,False
19_102_260_1636_2019-10-21 18:23:07.746972,5dc373a0f9af8b7afe6b3b03,office001,19-102-260-1636,06,0102,,2019-10-21T18:23:08+00:00,2019-10-22T01:05:09+00:00,2019-10-21T21:00:17+00:00,15.884,,[],office001_2019_raw.jsonl,634,2019-01-01T00:00:00+00:00,2020-01-01T00:00:00+00:00,False
19_102_260_1634_2019-10-21 18:11:21.880877,5dc373a0f9af8b7afe6b3b02,office001,19-102-260-1634,03,0102,,2019-10-21T18:11:22+00:00,2019-10-22T02:07:24+00:00,2019-10-21T20:06:41+00:00,5.729,,[],office001_2019_raw.jsonl,635,2019-01-01T00:00:00+00:00,2020-01-01T00:00:00+00:00,False
19_102_260_1638_2019-10-21 16:34:45.331538,5dc373a0f9af8b7afe6b3b01,office001,19-102-260-1638,04,0102,,2019-10-21T16:34:45+00:00,2019-10-21T17:55:56+00:00,2019-10-21T17:55:51+00:00,8.52,,[],office001_2019_raw.jsonl,636,2019-01-01T00:00:00+00:00,2020-01-01T00:00:00+00:00,False
19_102_260_1634_2019-10-21 15:24:40.246574,5dc373a0f9af8b7afe6b3b00,office001,19-102-260-1634,03,0102,,2019-10-21T15:24:40+00:00,2019-10-21T17:14:53+00:00,2019-10-21T17:14:48+00:00,11.683,,[],office001_2019_raw.jsonl,637,2019-01-01T00:00:00+00:00,2020-01-01T00:00:00+00:00,False
19_102_260_1633_2019-10-21 14:26:01.556493,5dc373a0f9af8b7afe6b3aff,office001,19-102-260-1633,02,0102,,2019-10-21T14:26:02+00:00,2019-10-21T23:25:15+00:00,2019-10-21T23:21:57+00:00,50.137,,[],office001_2019_raw.jsonl,638,2019-01-01T00:00:00+00:00,2020-01-01T00:00:00+00:00,False
19_102_260_1635_2019-10-21 13:58:08.271458,5dc373a0f9af8b7afe6b3afe,office001,19-102-260-1635,01,0102,,2019-10-21T13:58:08+00:00,2019-10-21T23:45:03+00:00,2019-10-21T15:47:37+00:00,11.377,,[],office001_2019_raw.jsonl,639,2019-01-01T00:00:00+00:00,2020-01-01T00:00:00+00:00,False
19_102_260_1640_2019-10-18 22:48:35.579654,5dbf7f1ff9af8b69f4503784,office001,19-102-260-1640,08,0102,,2019-10-18T22:48:36+00:00,2019-10-19T00:50:53+00:00,2019-10-19T00:50:37+00:00,4.295,,[],office001_2019_raw.jsonl,640,2019-01-01T00:00:00+00:00,2020-01-01T00:00:00+00:00,False
19_102_260_1636_2019-10-18 21:59:13.083676,5dbf7f1ff9af8b69f4503783,office001,19-102-260-1636,06,0102,,2019-10-18T21:59:13+00:00,2019-10-19T00:31:08+00:00,2019-10-18T22:21:56+00:00,1.605,,[],office001_2019_raw.jsonl,641,2019-01-01T00:00:00+00:00,2020-01-01T00:00:00+00:00,False
19_102_260_1637_2019-10-18 20:40:36.535263,5dbf7f1ff9af8b69f4503782,office001,19-102-260-1637,07,0102,,2019-10-18T20:40:37+00:00,2019-10-19T02:01:19+00:00,2019-10-19T02:01:11+00:00,19.554,,[],office001_2019_raw.jsonl,642,2019-01-01T00:00:00+00:00,2020-01-01T00:00:00+00:00,False
19_102_260_1636_2019-10-18 18:28:35.345098,5dbf7f1ff9af8b69f4503781,office001,19-102-260-1636,06,0102,,2019-10-18T18:28:35+00:00,2019-10-18T21:44:15+00:00,2019-10-18T21:44:10+00:00,21.347,,[],office001_2019_raw.jsonl,643,2019-01-01T00:00:00+00:00,2020-01-01T00:00:00+00:00,False
19_102_260_1640_2019-10-18 17:54:05.566318,5dbf7f1ff9af8b69f4503780,office001,19-102-260-1640,08,0102,,2019-10-18T17:54:06+00:00,2019-10-18T22:02:21+00:00,2019-10-18T22:02:09+00:00,26.173,,[],office001_2019_raw.jsonl,644,2019-01-01T00:00:00+00:00,2020-01-01T00:00:00+00:00,False
19_102_260_1637_2019-10-18 16:50:04.589660,5dbf7f1ff9af8b69f450377f,office001,19-102-260-1637,07,0102,,2019-10-18T16:50:05+00:00,2019-10-18T19:12:00+00:00,2019-10-18T19:11:56+00:00,14.839,,[],office001_2019_raw.jsonl,645,2019-01-01T00:00:00+00:00,2020-01-01T00:00:00+00:00,False
19_102_260_1638_2019-10-18 15:57:23.632534,5dbf7f1ff9af8b69f450377e,office001,19-102-260-1638,04,0102,,2019-10-18T15:57:24+00:00,2019-10-18T16:39:57+00:00,2019-10-18T16:39:53+00:00,4.417,,[],office001_2019_raw.jsonl,646,2019-01-01T00:00:00+00:00,2020-01-01T00:00:00+00:00,False
19_102_260_1639_2019-10-18 15:22:35.262000,5dbf7f1ff9af8b69f450377d,office001,19-102-260-1639,05,0102,,2019-10-18T15:22:35+00:00,2019-10-19T00:28:54+00:00,2019-10-18T22:16:53+00:00,39.203,,[],office001_2019_raw.jsonl,647,2019-01-01T00:00:00+00:00,2020-01-01T00:00:00+00:00,False
19_102_260_1634_2019-10-18 15:18:35.356242,5dbf7f1ff9af8b69f450377c,office001,19-102-260-1634,03,0102,,2019-10-18T15:18:35+00:00,2019-10-19T01:37:01+00:00,2019-10-18T17:13:43+00:00,5.812,,[],office001_2019_raw.jsonl,648,2019-01-01T00:00:00+00:00,2020-01-01T00:00:00+00:00,False
19_102_260_1633_2019-10-18 14:48:53.411596,5dbf7f1ff9af8b69f450377b,office001,19-102-260-1633,02,0102,,2019-10-18T14:48:53+00:00,2019-10-18T22:45:59+00:00,2019-10-18T22:24:14+00:00,40.78,,[],office001_2019_raw.jsonl,649,2019-01-01T00:00:00+00:00,2020-01-01T00:00:00+00:00,False
19_102_260_1635_2019-10-18 14:02:47.369880,5dbf7f1ff9af8b69f450377a,office001,19-102-260-1635,01,0102,,2019-10-18T14:02:47+00:00,2019-10-18T16:37:59+00:00,2019-10-18T15:45:10+00:00,10.579,,[],office001_2019_raw.jsonl,650,2019-01-01T00:00:00+00:00,2020-01-01T00:00:00+00:00,False
19_102_260_1640_2019-10-17 21:09:43.391994,5dbe1f8cf9af8b65e70fdc5d,office001,19-102-260-1640,08,0102,,2019-10-17T21:09:43+00:00,2019-10-18T00:23:35+00:00,2019-10-17T21:37:57+00:00,11.022,,[],office001_2019_raw.jsonl,651,2019-01-01T00:00:00+00:00,2020-01-01T00:00:00+00:00,False
19_102_260_1638_2019-10-17 20:38:17.409884,5dbe1f8cf9af8b65e70fdc5c,office001,19-102-260-1638,04,0102,,2019-10-17T20:38:17+00:00,2019-10-17T22:48:29+00:00,2019-10-17T21:37:59+00:00,3.853,,[],office001_2019_raw.jsonl,652,2019-01-01T00:00:00+00:00,2020-01-01T00:00:00+00:00,False
19_102_260_1634_2019-10-17 18:37:12.829219,5dbe1f8cf9af8b65e70fdc5b,office001,19-102-260-1634,03,0102,,2019-10-17T18:37:13+00:00,2019-10-18T00:11:10+00:00,2019-10-17T21:37:57+00:00,0.639,,[],office001_2019_raw.jsonl,653,2019-01-01T00:00:00+00:00,2020-01-01T00:00:00+00:00,False
19_102_260_1640_2019-10-17 17:15:46.704896,5dbe1f8cf9af8b65e70fdc5a,office001,19-102-260-1640,08,0102,,2019-10-17T17:15:47+00:00,2019-10-17T19:52:06+00:00,2019-10-17T19:51:53+00:00,16.883,,[],office001_2019_raw.jsonl,654,2019-01-01T00:00:00+00:00,2020-01-01T00:00:00+00:00,False
19_102_260_1633_2019-10-17 14:25:46.084134,5dbe1f8cf9af8b65e70fdc59,office001,19-102-260-1633,02,0102,,2019-10-17T14:25:46+00:00,2019-10-18T00:57:28+00:00,2019-10-17T16:24:15+00:00,6.142626111111111,,[],office001_2019_raw.jsonl,655,2019-01-01T00:00:00+00:00,2020-01-01T00:00:00+00:00,False
19_102_260_1638_2019-10-16 21:51:19.593738,5dbcce0ef9af8b61e1f060d4,office001,19-102-260-1638,04,0102,,2019-10-16T21:51:20+00:00,2019-10-16T22:52:40+00:00,2019-10-16T22:36:34+00:00,2.024,,[],office001_2019_raw.jsonl,656,2019-01-01T00:00:00+00:00,2020-01-01T00:00:00+00:00,False
19_102_260_1633_2019-10-16 21:12:15.204557,5dbcce0ef9af8b61e1f060d3,office001,19-102-260-1633,02,0102,,2019-10-16T21:12:15+00:00,2019-10-17T01:33:51+00:00,2019-10-16T21:30:26+00:00,0.527,,[],office001_2019_raw.jsonl,657,2019-01-01T00:00:00+00:00,2020-01-01T00:00:00+00:00,False
19_102_260_1640_2019-10-16 20:32:10.139578,5dbcce0ef9af8b61e1f060d2,office001,19-102-260-1640,08,0102,,2019-10-16T20:32:10+00:00,2019-10-17T03:31:20+00:00,2019-10-17T03:12:48+00:00,21.293,,[],office001_2019_raw.jsonl,658,2019-01-01T00:00:00+00:00,2020-01-01T00:00:00+00:00,False
19_102_260_1636_2019-10-16 18:25:53.930938,5dbcce0ef9af8b61e1f060d1,office001,19-102-260-1636,06,0102,,2019-10-16T18:25:54+00:00,2019-10-16T23:12:55+00:00,2019-10-16T21:12:23+00:00,17.089,,[],office001_2019_raw.jsonl,659,2019-01-01T00:00:00+00:00,2020-01-01T00:00:00+00:00,False
19_102_260_1638_2019-10-16 17:56:27.565856,5dbcce0ef9af8b61e1f060d0,office001,19-102-260-1638,04,0102,,2019-10-16T17:56:28+00:00,2019-10-16T19:48:38+00:00,2019-10-16T19:10:48+00:00,7.951,,[],office001_2019_raw.jsonl,660,2019-01-01T00:00:00+00:00,2020-01-01T00:00:00+00:00,False
19_102_260_1634_2019-10-16 15:58:07.487140,5dbcce0ef9af8b61e1f060cf,office001,19-102-260-1634,03,0102,,2019-10-16T15:58:07+00:00,2019-10-16T18:26:18+00:00,2019-10-16T18:26:13+00:00,16.305,,[],office001_2019_raw.jsonl,661,2019-01-01T00:00:00+00:00,2020-01-01T00:00:00+00:00,False
19_102_260_1633_2019-10-16 15:05:26.413055,5dbcce0ef9af8b61e1f060ce,office001,19-102-260-1633,02,0102,,2019-10-16T15:05:26+00:00,2019-10-16T20:19:39+00:00,2019-10-16T17:03:47+00:00,5.785,,[],office001_2019_raw.jsonl,662,2019-01-01T00:00:00+00:00,2020-01-01T00:00:00+00:00,False
19_102_260_1634_2019-10-15 22:16:13.532378,5dbb7c8ff9af8b5cb4718184,office001,19-102-260-1634,03,0102,,2019-10-15T22:16:14+00:00,2019-10-15T22:56:02+00:00,2019-10-15T22:55:57+00:00,4.206,,[],office001_2019_raw.jsonl,663,2019-01-01T00:00:00+00:00,2020-01-01T00:00:00+00:00,False
19_102_260_1637_2019-10-15 20:51:40.114212,5dbb7c8ff9af8b5cb4718183,office001,19-102-260-1637,07,0102,,2019-10-15T20:51:40+00:00,2019-10-16T03:28:46+00:00,2019-10-16T03:28:37+00:00,21.032,,[],office001_2019_raw.jsonl,664,2019-01-01T00:00:00+00:00,2020-01-01T00:00:00+00:00,False
19_102_260_1638_2019-10-15 19:41:09.173845,5dbb7c8ff9af8b5cb4718182,office001,19-102-260-1638,04,0102,,2019-10-15T19:41:09+00:00,2019-10-15T23:45:52+00:00,2019-10-15T23:45:44+00:00,22.231,,[],office001_2019_raw.jsonl,665,2019-01-01T00:00:00+00:00,2020-01-01T00:00:00+00:00,False
19_102_260_1640_2019-10-15 18:32:07.642996,5dbb7c8ff9af8b5cb4718181,office001,19-102-260-1640,08,0102,,2019-10-15T18:32:08+00:00,2019-10-15T21:44:38+00:00,2019-10-15T20:42:53+00:00,13.975,,[],office001_2019_raw.jsonl,666,2019-01-01T00:00:00+00:00,2020-01-01T00:00:00+00:00,False
19_102_260_1634_2019-10-15 16:01:43.430006,5dbb7c8ff9af8b5cb4718180,office001,19-102-260-1634,03,0102,,2019-10-15T16:01:43+00:00,2019-10-15T18:32:08+00:00,2019-10-15T17:02:12+00:00,5.796,,[],office001_2019_raw.jsonl,667,2019-01-01T00:00:00+00:00,2020-01-01T00:00:00+00:00,False
19_102_260_1635_2019-10-15 15:58:05.833486,5dbb7c8ff9af8b5cb471817f,office001,19-102-260-1635,01,0102,,2019-10-15T15:58:06+00:00,2019-10-16T00:43:47+00:00,2019-10-15T21:36:59+00:00,29.208,,[],office001_2019_raw.jsonl,668,2019-01-01T00:00:00+00:00,2020-01-01T00:00:00+00:00,False
19_102_260_1633_2019-10-15 15:17:04.039045,5dbb7c8ff9af8b5cb471817e,office001,19-102-260-1633,02,0102,,2019-10-15T15:17:04+00:00,2019-10-16T01:04:34+00:00,2019-10-15T17:15:09+00:00,5.884,,[],office001_2019_raw.jsonl,669,2019-01-01T00:00:00+00:00,2020-01-01T00:00:00+00:00,False
19_102_260_1640_2019-10-14 20:29:14.691847,5dba2b0df9af8b58a24e8a1c,office001,19-102-260-1640,08,0102,,2019-10-14T20:29:15+00:00,2019-10-15T04:01:30+00:00,2019-10-15T04:01:18+00:00,24.409,,[],office001_2019_raw.jsonl,670,2019-01-01T00:00:00+00:00,2020-01-01T00:00:00+00:00,False
19_102_260_1634_2019-10-14 18:19:10.504366,5dba2b0df9af8b58a24e8a1b,office001,19-102-260-1634,03,0102,,2019-10-14T18:19:10+00:00,2019-10-15T00:39:04+00:00,2019-10-15T00:38:59+00:00,32.573,,[],office001_2019_raw.jsonl,671,2019-01-01T00:00:00+00:00,2020-01-01T00:00:00+00:00,False
19_102_260_1633_2019-10-14 14:40:48.988593,5dba2b0df9af8b58a24e8a1a,office001,19-102-260-1633,02,0102,,2019-10-14T14:40:49+00:00,2019-10-14T19:19:45+00:00,2019-10-14T16:43:18+00:00,6.097,,[],office001_2019_raw.jsonl,672,2019-01-01T00:00:00+00:00,2020-01-01T00:00:00+00:00,False
19_102_260_1640_2019-10-11 20:35:08.281932,5db6368cf9af8b4b00b9d3a9,office001,19-102-260-1640,08,0102,,2019-10-11T20:35:08+00:00,2019-10-12T04:14:17+00:00,2019-10-12T04:14:05+00:00,24.743,,[],office001_2019_raw.jsonl,673,2019-01-01T00:00:00+00:00,2020-01-01T00:00:00+00:00,False
19_102_260_1633_2019-10-11 14:44:22.284659,5db6368cf9af8b4b00b9d3a8,office001,19-102-260-1633,02,0102,,2019-10-11T14:44:22+00:00,2019-10-12T01:03:47+00:00,2019-10-11T16:46:00+00:00,6.071,,[],office001_2019_raw.jsonl,674,2019-01-01T00:00:00+00:00,2020-01-01T00:00:00+00:00,False
19_102_260_1634_2019-10-10 21:28:40.191748,5db4e50ef9af8b4709eb72a4,office001,19-102-260-1634,03,0102,,2019-10-10T21:28:40+00:00,2019-10-11T01:17:42+00:00,2019-10-11T01:17:37+00:00,12.802,,[],office001_2019_raw.jsonl,675,2019-01-01T00:00:00+00:00,2020-01-01T00:00:00+00:00,False
19_102_260_1636_2019-10-10 18:57:41.990828,5db4e50ef9af8b4709eb72a3,office001,19-102-260-1636,06,0102,,2019-10-10T18:57:42+00:00,2019-10-10T23:52:56+00:00,2019-10-10T20:38:19+00:00,9.89,,[],office001_2019_raw.jsonl,676,2019-01-01T00:00:00+00:00,2020-01-01T00:00:00+00:00,False
19_102_260_1640_2019-10-10 17:22:46.841138,5db4e50ef9af8b4709eb72a2,office001,19-102-260-1640,08,0102,,2019-10-10T17:22:47+00:00,2019-10-11T00:33:53+00:00,2019-10-11T00:33:45+00:00,37.849,,[],office001_2019_raw.jsonl,677,2019-01-01T00:00:00+00:00,2020-01-01T00:00:00+00:00,False
19_102_260_1634_2019-10-10 15:06:36.912454,5db4e50ef9af8b4709eb72a1,office001,19-102-260-1634,03,0102,,2019-10-10T15:06:37+00:00,2019-10-10T16:32:20+00:00,2019-10-10T16:32:11+00:00,8.591,,[],office001_2019_raw.jsonl,678,2019-01-01T00:00:00+00:00,2020-01-01T00:00:00+00:00,False
19_102_260_1638_2019-10-10 14:43:19.028284,5db4e50ef9af8b4709eb72a0,office001,19-102-260-1638,04,0102,,2019-10-10T14:43:19+00:00,2019-10-11T01:51:16+00:00,2019-10-10T16:43:34+00:00,6.012,,[],office001_2019_raw.jsonl,679,2019-01-01T00:00:00+00:00,2020-01-01T00:00:00+00:00,False
19_102_260_1633_2019-10-10 14:41:17.122428,5db4e50ef9af8b4709eb729f,office001,19-102-260-1633,02,0102,,2019-10-10T14:41:17+00:00,2019-10-10T23:04:15+00:00,2019-10-10T22:47:06+00:00,44.067,,[],office001_2019_raw.jsonl,680,2019-01-01T00:00:00+00:00,2020-01-01T00:00:00+00:00,False
19_102_260_1635_2019-10-10 13:58:28.466506,5db4e50ef9af8b4709eb729e,office001,19-102-260-1635,01,0102,,2019-10-10T13:58:28+00:00,2019-10-10T23:28:18+00:00,2019-10-10T15:55:03+00:00,12.087,,[],office001_2019_raw.jsonl,681,2019-01-01T00:00:00+00:00,2020-01-01T00:00:00+00:00,False
19_102_260_1636_2019-10-09 18:30:46.461588,5db3938ef9af8b42ddf39587,office001,19-102-260-1636,06,0102,,2019-10-09T18:30:46+00:00,2019-10-10T00:12:38+00:00,2019-10-09T20:14:40+00:00,10.26,,[],office001_2019_raw.jsonl,682,2019-01-01T00:00:00+00:00,2020-01-01T00:00:00+00:00,False
19_102_260_1634_2019-10-09 16:03:56.354431,5db3938ef9af8b42ddf39586,office001,19-102-260-1634,03,0102,,2019-10-09T16:03:56+00:00,2019-10-10T01:11:11+00:00,2019-10-09T21:16:42+00:00,26.706,,[],office001_2019_raw.jsonl,683,2019-01-01T00:00:00+00:00,2020-01-01T00:00:00+00:00,False
19_102_260_1633_2019-10-09 14:47:23.704248,5db3938ef9af8b42ddf39585,office001,19-102-260-1633,02,0102,,2019-10-09T14:47:24+00:00,2019-10-09T22:53:05+00:00,2019-10-09T16:46:39+00:00,5.948,,[],office001_2019_raw.jsonl,684,2019-01-01T00:00:00+00:00,2020-01-01T00:00:00+00:00,False
19_102_260_1635_2019-10-09 13:59:39.110708,5db3938ef9af8b42ddf39584,office001,19-102-260-1635,01,0102,,2019-10-09T13:59:39+00:00,2019-10-09T23:42:49+00:00,2019-10-09T15:50:58+00:00,11.508,,[],office001_2019_raw.jsonl,685,2019-01-01T00:00:00+00:00,2020-01-01T00:00:00+00:00,False
19_102_260_1640_2019-10-08 20:20:32.028442,5db2420ef9af8b2528d1d076,office001,19-102-260-1640,08,0102,,2019-10-08T20:20:32+00:00,2019-10-09T03:42:13+00:00,2019-10-09T03:41:45+00:00,24.135,,[],office001_2019_raw.jsonl,686,2019-01-01T00:00:00+00:00,2020-01-01T00:00:00+00:00,False
19_102_260_1639_2019-10-08 19:02:11.557903,5db2420ef9af8b2528d1d075,office001,19-102-260-1639,05,0102,,2019-10-08T19:02:12+00:00,2019-10-08T22:08:47+00:00,2019-10-08T22:08:43+00:00,19.237,,[],office001_2019_raw.jsonl,687,2019-01-01T00:00:00+00:00,2020-01-01T00:00:00+00:00,False
19_102_260_1634_2019-10-08 15:32:59.159860,5db2420ef9af8b2528d1d074,office001,19-102-260-1634,03,0102,,2019-10-08T15:32:59+00:00,2019-10-08T22:51:51+00:00,2019-10-08T21:26:59+00:00,32.982,,[],office001_2019_raw.jsonl,688,2019-01-01T00:00:00+00:00,2020-01-01T00:00:00+00:00,False
19_102_260_1633_2019-10-08 15:25:13.667907,5db2420ef9af8b2528d1d073,office001,19-102-260-1633,02,0102,,2019-10-08T15:25:14+00:00,2019-10-08T21:49:11+00:00,2019-10-08T17:25:21+00:00,5.931,,[],office001_2019_raw.jsonl,689,2019-01-01T00:00:00+00:00,2020-01-01T00:00:00+00:00,False
19_102_260_1635_2019-10-08 15:07:33.488560,5db2420ef9af8b2528d1d072,office001,19-102-260-1635,01,0102,,2019-10-08T15:07:33+00:00,2019-10-08T21:45:30+00:00,2019-10-08T20:43:45+00:00,28.656,,[],office001_2019_raw.jsonl,690,2019-01-01T00:00:00+00:00,2020-01-01T00:00:00+00:00,False
19_102_260_1639_2019-10-07 20:08:19.817043,5db0f091f9af8b20d05f2c33,office001,19-102-260-1639,05,0102,,2019-10-07T20:08:20+00:00,2019-10-07T23:05:28+00:00,2019-10-07T20:32:33+00:00,1.91,,[],office001_2019_raw.jsonl,691,2019-01-01T00:00:00+00:00,2020-01-01T00:00:00+00:00,False
19_102_260_1637_2019-10-07 18:19:05.820216,5db0f091f9af8b20d05f2c32,office001,19-102-260-1637,07,0102,,2019-10-07T18:19:06+00:00,2019-10-08T01:13:59+00:00,2019-10-07T21:02:42+00:00,16.459,,[],office001_2019_raw.jsonl,692,2019-01-01T00:00:00+00:00,2020-01-01T00:00:00+00:00,False
19_102_260_1640_2019-10-07 17:28:55.907908,5db0f091f9af8b20d05f2c31,office001,19-102-260-1640,08,0102,,2019-10-07T17:28:56+00:00,2019-10-08T00:33:52+00:00,2019-10-08T00:33:48+00:00,19.002,,[],office001_2019_raw.jsonl,693,2019-01-01T00:00:00+00:00,2020-01-01T00:00:00+00:00,False
19_102_260_1636_2019-10-07 16:30:54.706103,5db0f091f9af8b20d05f2c30,office001,19-102-260-1636,06,0102,,2019-10-07T16:30:55+00:00,2019-10-07T21:49:27+00:00,2019-10-07T20:29:19+00:00,21.636,,[],office001_2019_raw.jsonl,694,2019-01-01T00:00:00+00:00,2020-01-01T00:00:00+00:00,False
19_102_260_1639_2019-10-07 15:26:30.151277,5db0f091f9af8b20d05f2c2f,office001,19-102-260-1639,05,0102,,2019-10-07T15:26:30+00:00,2019-10-07T18:37:53+00:00,2019-10-07T16:23:46+00:00,5.375,,[],office001_2019_raw.jsonl,695,2019-01-01T00:00:00+00:00,2020-01-01T00:00:00+00:00,False
19_102_260_1638_2019-10-07 15:12:32.992854,5db0f091f9af8b20d05f2c2e,office001,19-102-260-1638,04,0102,,2019-10-07T15:12:33+00:00,2019-10-07T20:21:54+00:00,2019-10-07T19:35:15+00:00,21.228,,[],office001_2019_raw.jsonl,696,2019-01-01T00:00:00+00:00,2020-01-01T00:00:00+00:00,False
19_102_260_1634_2019-10-07 15:04:24.049190,5db0f091f9af8b20d05f2c2d,office001,19-102-260-1634,03,0102,,2019-10-07T15:04:24+00:00,2019-10-08T01:03:51+00:00,2019-10-07T17:06:37+00:00,6.117,,[],office001_2019_raw.jsonl,697,2019-01-01T00:00:00+00:00,2020-01-01T00:00:00+00:00,False
19_102_260_1633_2019-10-07 14:10:56.741115,5db0f091f9af8b20d05f2c2c,office001,19-102-260-1633,02,0102,,2019-10-07T14:10:57+00:00,2019-10-07T22:53:21+00:00,2019-10-07T21:07:05+00:00,36.648,,[],office001_2019_raw.jsonl,698,2019-01-01T00:00:00+00:00,2020-01-01T00:00:00+00:00,False
19_102_260_1635_2019-10-07 14:00:37.463670,5db0f091f9af8b20d05f2c2b,office001,19-102-260-1635,01,0102,,2019-10-07T14:00:37+00:00,2019-10-07T21:54:50+00:00,2019-10-07T15:43:52+00:00,10.725,,[],office001_2019_raw.jsonl,699,2019-01-01T00:00:00+00:00,2020-01-01T00:00:00+00:00,False
19_102_260_1634_2019-12-06 21:38:42.051359,5e2a54bbf9af8b76743d2725,office001,19-102-260-1634,03,0102,,2019-12-06T21:38:42+00:00,2019-12-07T01:46:34+00:00,2019-12-07T01:46:22+00:00,12.337,,[],office001_2019_raw.jsonl,700,2019-01-01T00:00:00+00:00,2020-01-01T00:00:00+00:00,False
19_102_260_1636_2019-12-06 21:38:03.382746,5e2a54bbf9af8b76743d2724,office001,19-102-260-1636,06,0102,,2019-12-06T21:38:03+00:00,2019-12-07T00:55:45+00:00,2019-12-06T22:51:05+00:00,6.994,,[],office001_2019_raw.jsonl,701,2019-01-01T00:00:00+00:00,2020-01-01T00:00:00+00:00,False
19_102_260_1637_2019-12-06 21:24:01.932721,5e2a54bbf9af8b76743d2723,office001,19-102-260-1637,07,0102,,2019-12-06T21:24:02+00:00,2019-12-07T05:14:49+00:00,2019-12-07T05:14:37+00:00,26.3,,[],office001_2019_raw.jsonl,702,2019-01-01T00:00:00+00:00,2020-01-01T00:00:00+00:00,False
19_102_260_1636_2019-12-06 19:31:37.543282,5e2a54bbf9af8b76743d2722,office001,19-102-260-1636,06,0102,,2019-12-06T19:31:38+00:00,2019-12-06T20:27:51+00:00,2019-12-06T20:27:46+00:00,6.095,,[],office001_2019_raw.jsonl,703,2019-01-01T00:00:00+00:00,2020-01-01T00:00:00+00:00,False
19_102_260_1640_2019-12-06 17:01:36.308791,5e2a54bbf9af8b76743d2721,office001,19-102-260-1640,08,0102,,2019-12-06T17:01:36+00:00,2019-12-07T01:17:01+00:00,2019-12-06T19:48:05+00:00,6.575,,[],office001_2019_raw.jsonl,704,2019-01-01T00:00:00+00:00,2020-01-01T00:00:00+00:00,False
19_102_260_1638_2019-12-06 16:16:58.104136,5e2a54bbf9af8b76743d2720,office001,19-102-260-1638,04,0102,,2019-12-06T16:16:58+00:00,2019-12-06T21:50:33+00:00,2019-12-06T18:14:39+00:00,5.801,,[],office001_2019_raw.jsonl,705,2019-01-01T00:00:00+00:00,2020-01-01T00:00:00+00:00,False
19_102_260_1633_2019-12-06 15:18:51.249237,5e2a54bbf9af8b76743d271f,office001,19-102-260-1633,02,0102,,2019-12-06T15:18:51+00:00,2019-12-06T23:20:56+00:00,2019-12-06T19:51:09+00:00,22.105,,[],office001_2019_raw.jsonl,706,2019-01-01T00:00:00+00:00,2020-01-01T00:00:00+00:00,False
19_102_260_1635_2019-12-06 14:56:21.666048,5e2a54bbf9af8b76743d271e,office001,19-102-260-1635,01,0102,,2019-12-06T14:56:22+00:00,2019-12-06T23:55:15+00:00,2019-12-06T19:41:59+00:00,29.264,,[],office001_2019_raw.jsonl,707,2019-01-01T00:00:00+00:00,2020-01-01T00:00:00+00:00,False
19_102_260_1634_2019-12-05 20:06:08.741458,5e2a54b4f9af8b76743d271d,office001,19-102-260-1634,03,0102,,2019-12-05T20:06:09+00:00,2019-12-06T00:04:22+00:00,2019-12-06T00:04:13+00:00,19.805,,[],office001_2019_raw.jsonl,708,2019-01-01T00:00:00+00:00,2020-01-01T00:00:00+00:00,False
19_102_260_1639_2019-12-05 19:25:02.319095,5e2a54b4f9af8b76743d271c,office001,19-102-260-1639,05,0102,,2019-12-05T19:25:02+00:00,2019-12-06T00:43:31+00:00,2019-12-05T22:12:15+00:00,16.444,,[],office001_2019_raw.jsonl,709,2019-01-01T00:00:00+00:00,2020-01-01T00:00:00+00:00,False
19_102_260_1636_2019-12-05 18:02:49.874396,5e2a54b4f9af8b76743d271b,office001,19-102-260-1636,06,0102,,2019-12-05T18:02:50+00:00,2019-12-05T21:14:49+00:00,2019-12-05T21:14:40+00:00,18.808,,[],office001_2019_raw.jsonl,710,2019-01-01T00:00:00+00:00,2020-01-01T00:00:00+00:00,False
19_102_260_1638_2019-12-05 17:54:57.892478,5e2a54b4f9af8b76743d271a,office001,19-102-260-1638,04,0102,,2019-12-05T17:54:58+00:00,2019-12-06T03:02:35+00:00,2019-12-05T19:55:25+00:00,5.972,,[],office001_2019_raw.jsonl,711,2019-01-01T00:00:00+00:00,2020-01-01T00:00:00+00:00,False
19_102_260_1640_2019-12-05 17:04:54.375946,5e2a54b4f9af8b76743d2719,office001,19-102-260-1640,08,0102,,2019-12-05T17:04:54+00:00,2019-12-06T00:17:47+00:00,2019-12-05T20:48:24+00:00,8.785,,[],office001_2019_raw.jsonl,712,2019-01-01T00:00:00+00:00,2020-01-01T00:00:00+00:00,False
19_102_260_1633_2019-12-05 15:29:49.469867,5e2a54b4f9af8b76743d2718,office001,19-102-260-1633,02,0102,,2019-12-05T15:29:49+00:00,2019-12-06T00:04:29+00:00,2019-12-05T20:39:21+00:00,25.556,,[],office001_2019_raw.jsonl,713,2019-01-01T00:00:00+00:00,2020-01-01T00:00:00+00:00,False
19_102_260_1635_2019-12-05 15:11:59.303825,5e2a54b4f9af8b76743d2717,office001,19-102-260-1635,01,0102,,2019-12-05T15:11:59+00:00,2019-12-05T20:15:53+00:00,2019-12-05T19:53:48+00:00,28.991,,[],office001_2019_raw.jsonl,714,2019-01-01T00:00:00+00:00,2020-01-01T00:00:00+00:00,False
19_102_260_1638_2019-12-04 22:00:56.107032,5e2a54adf9af8b76743d2716,office001,19-102-260-1638,04,0102,,2019-12-04T22:00:56+00:00,2019-12-05T02:12:21+00:00,2019-12-04T22:30:17+00:00,0.697,,[],office001_2019_raw.jsonl,715,2019-01-01T00:00:00+00:00,2020-01-01T00:00:00+00:00,False
19_102_260_1640_2019-12-04 21:16:32.030867,5e2a54adf9af8b76743d2715,office001,19-102-260-1640,08,0102,,2019-12-04T21:16:32+00:00,2019-12-05T04:42:09+00:00,2019-12-05T04:41:57+00:00,23.456,,[],office001_2019_raw.jsonl,716,2019-01-01T00:00:00+00:00,2020-01-01T00:00:00+00:00,False
19_102_260_1636_2019-12-04 20:11:18.025395,5e2a54adf9af8b76743d2714,office001,19-102-260-1636,06,0102,,2019-12-04T20:11:18+00:00,2019-12-05T02:20:45+00:00,2019-12-05T02:20:40+00:00,24.151,,[],office001_2019_raw.jsonl,717,2019-01-01T00:00:00+00:00,2020-01-01T00:00:00+00:00,False
19_102_260_1635_2019-12-04 19:22:05.275688,5e2a54adf9af8b76743d2713,office001,19-102-260-1635,01,0102,,2019-12-04T19:22:05+00:00,2019-12-05T03:05:35+00:00,2019-12-05T03:05:31+00:00,28.68,,[],office001_2019_raw.jsonl,718,2019-01-01T00:00:00+00:00,2020-01-01T00:00:00+00:00,False
19_102_260_1639_2019-12-04 18:59:41.225005,5e2a54adf9af8b76743d2712,office001,19-102-260-1639,05,0102,,2019-12-04T18:59:41+00:00,2019-12-05T00:58:37+00:00,2019-12-04T20:16:16+00:00,8.239,,[],office001_2019_raw.jsonl,719,2019-01-01T00:00:00+00:00,2020-01-01T00:00:00+00:00,False
19_102_260_1640_2019-12-04 16:52:06.921404,5e2a54adf9af8b76743d2711,office001,19-102-260-1640,08,0102,,2019-12-04T16:52:07+00:00,2019-12-04T21:12:55+00:00,2019-12-04T19:25:55+00:00,5.934,,[],office001_2019_raw.jsonl,720,2019-01-01T00:00:00+00:00,2020-01-01T00:00:00+00:00,False
19_102_260_1633_2019-12-04 15:46:34.627345,5e2a54adf9af8b76743d2710,office001,19-102-260-1633,02,0102,,2019-12-04T15:46:35+00:00,2019-12-05T02:18:08+00:00,2019-12-04T17:15:02+00:00,4.265,,[],office001_2019_raw.jsonl,721,2019-01-01T00:00:00+00:00,2020-01-01T00:00:00+00:00,False
19_102_260_1634_2019-12-03 22:55:10.776105,5e2a54a6f9af8b76743d270f,office001,19-102-260-1634,03,0102,,2019-12-03T22:55:11+00:00,2019-12-04T03:06:08+00:00,2019-12-04T03:07:07+00:00,6.513,,[],office001_2019_raw.jsonl,722,2019-01-01T00:00:00+00:00,2020-01-01T00:00:00+00:00,False
19_102_260_1633_2019-12-03 22:01:48.168548,5e2a54a6f9af8b76743d270e,office001,19-102-260-1633,02,0102,,2019-12-03T22:01:48+00:00,2019-12-04T02:17:53+00:00,2019-12-03T22:19:59+00:00,0.546,,[],office001_2019_raw.jsonl,723,2019-01-01T00:00:00+00:00,2020-01-01T00:00:00+00:00,False
19_102_260_1637_2019-12-03 21:14:26.807415,5e2a54a6f9af8b76743d270d,office001,19-102-260-1637,07,0102,,2019-12-03T21:14:27+00:00,2019-12-04T04:40:40+00:00,2019-12-04T04:40:16+00:00,23.757,,[],office001_2019_raw.jsonl,724,2019-01-01T00:00:00+00:00,2020-01-01T00:00:00+00:00,False
19_102_260_1634_2019-12-03 19:20:24.516327,5e2a54a6f9af8b76743d270c,office001,19-102-260-1634,03,0102,,2019-12-03T19:20:25+00:00,2019-12-03T20:51:03+00:00,2019-12-03T20:50:58+00:00,9.644,,[],office001_2019_raw.jsonl,725,2019-01-01T00:00:00+00:00,2020-01-01T00:00:00+00:00,False
19_102_260_1636_2019-12-03 18:46:23.029836,5e2a54a6f9af8b76743d270b,office001,19-102-260-1636,06,0102,,2019-12-03T18:46:23+00:00,2019-12-03T19:16:28+00:00,2019-12-03T19:16:19+00:00,1.622,,[],office001_2019_raw.jsonl,726,2019-01-01T00:00:00+00:00,2020-01-01T00:00:00+00:00,False
19_102_260_1640_2019-12-03 18:37:20.867164,5e2a54a6f9af8b76743d270a,office001,19-102-260-1640,08,0102,,2019-12-03T18:37:21+00:00,2019-12-04T01:07:13+00:00,2019-12-04T00:18:40+00:00,30.174,,[],office001_2019_raw.jsonl,727,2019-01-01T00:00:00+00:00,2020-01-01T00:00:00+00:00,False
19_102_260_1633_2019-12-03 15:46:34.961144,5e2a54a6f9af8b76743d2709,office001,19-102-260-1633,02,0102,,2019-12-03T15:46:35+00:00,2019-12-03T21:47:13+00:00,2019-12-03T17:48:40+00:00,6.088,,[],office001_2019_raw.jsonl,728,2019-01-01T00:00:00+00:00,2020-01-01T00:00:00+00:00,False
19_102_260_1635_2019-12-03 15:01:40.169842,5e2a54a6f9af8b76743d2708,office001,19-102-260-1635,01,0102,,2019-12-03T15:01:40+00:00,2019-12-03T23:35:05+00:00,2019-12-03T19:17:09+00:00,26.258,,[],office001_2019_raw.jsonl,729,2019-01-01T00:00:00+00:00,2020-01-01T00:00:00+00:00,False
19_102_260_1637_2019-12-02 21:23:46.496491,5e2a549ff9af8b76743d2707,office001,19-102-260-1637,07,0102,,2019-12-02T21:23:46+00:00,2019-12-03T05:08:55+00:00,2019-12-03T05:08:42+00:00,25.766,,[],office001_2019_raw.jsonl,730,2019-01-01T00:00:00+00:00,2020-01-01T00:00:00+00:00,False
19_102_260_1633_2019-12-02 20:29:59.272723,5e2a549ff9af8b76743d2706,office001,19-102-260-1633,02,0102,,2019-12-02T20:29:59+00:00,2019-12-02T21:52:01+00:00,2019-12-02T20:44:37+00:00,0.746,,[],office001_2019_raw.jsonl,731,2019-01-01T00:00:00+00:00,2020-01-01T00:00:00+00:00,False
19_102_260_1639_2019-12-02 19:28:47.150611,5e2a549ff9af8b76743d2705,office001,19-102-260-1639,05,0102,,2019-12-02T19:28:47+00:00,2019-12-03T01:33:34+00:00,2019-12-02T23:22:00+00:00,9.136,,[],office001_2019_raw.jsonl,732,2019-01-01T00:00:00+00:00,2020-01-01T00:00:00+00:00,False
19_102_260_1635_2019-12-02 19:27:08.309238,5e2a549ff9af8b76743d2704,office001,19-102-260-1635,01,0102,,2019-12-02T19:27:08+00:00,2019-12-03T00:31:42+00:00,2019-12-02T22:01:40+00:00,15.596,,[],office001_2019_raw.jsonl,733,2019-01-01T00:00:00+00:00,2020-01-01T00:00:00+00:00,False
19_102_260_1636_2019-12-02 19:25:16.039170,5e2a549ff9af8b76743d2703,office001,19-102-260-1636,06,0102,,2019-12-02T19:25:16+00:00,2019-12-03T02:14:58+00:00,2019-12-03T02:14:54+00:00,28.588,,[],office001_2019_raw.jsonl,734,2019-01-01T00:00:00+00:00,2020-01-01T00:00:00+00:00,False
19_102_260_1640_2019-12-02 18:15:45.317524,5e2a549ff9af8b76743d2702,office001,19-102-260-1640,08,0102,,2019-12-02T18:15:45+00:00,2019-12-03T01:37:50+00:00,2019-12-03T01:37:38+00:00,34.502,,[],office001_2019_raw.jsonl,735,2019-01-01T00:00:00+00:00,2020-01-01T00:00:00+00:00,False
19_102_260_1638_2019-12-02 17:43:25.247731,5e2a549ff9af8b76743d2701,office001,19-102-260-1638,04,0102,,2019-12-02T17:43:25+00:00,2019-12-03T02:39:57+00:00,2019-12-02T19:16:36+00:00,4.505,,[],office001_2019_raw.jsonl,736,2019-01-01T00:00:00+00:00,2020-01-01T00:00:00+00:00,False
19_102_260_1633_2019-12-02 16:20:32.464833,5e2a549ff9af8b76743d2700,office001,19-102-260-1633,02,0102,,2019-12-02T16:20:32+00:00,2019-12-02T19:31:24+00:00,2019-12-02T19:31:20+00:00,20.452,,[],office001_2019_raw.jsonl,737,2019-01-01T00:00:00+00:00,2020-01-01T00:00:00+00:00,False
19_102_260_1639_2019-11-27 22:31:31.053109,5e2a5498f9af8b76743d26ff,office001,19-102-260-1639,05,0102,,2019-11-27T22:31:31+00:00,2019-11-28T01:52:06+00:00,2019-11-28T01:34:06+00:00,7.278,,[],office001_2019_raw.jsonl,738,2019-01-01T00:00:00+00:00,2020-01-01T00:00:00+00:00,False
19_102_260_1640_2019-11-27 22:19:18.813563,5e2a5498f9af8b76743d26fe,office001,19-102-260-1640,08,0102,,2019-11-27T22:19:19+00:00,2019-11-28T05:10:51+00:00,2019-11-28T05:10:43+00:00,19.894,,[],office001_2019_raw.jsonl,739,2019-01-01T00:00:00+00:00,2020-01-01T00:00:00+00:00,False
19_102_260_1640_2019-11-27 18:38:14.525461,5e2a5498f9af8b76743d26fd,office001,19-102-260-1640,08,0102,,2019-11-27T18:38:15+00:00,2019-11-27T20:53:52+00:00,2019-11-27T20:53:44+00:00,14.684,,[],office001_2019_raw.jsonl,740,2019-01-01T00:00:00+00:00,2020-01-01T00:00:00+00:00,False
19_102_260_1633_2019-11-27 16:15:22.963845,5e2a5498f9af8b76743d26fc,office001,19-102-260-1633,02,0102,,2019-11-27T16:15:23+00:00,2019-11-28T03:04:25+00:00,2019-11-27T18:13:00+00:00,5.847,,[],office001_2019_raw.jsonl,741,2019-01-01T00:00:00+00:00,2020-01-01T00:00:00+00:00,False
19_102_260_1637_2019-11-26 21:26:48.819822,5e2a5493f9af8b76743d26fb,office001,19-102-260-1637,07,0102,,2019-11-26T21:26:49+00:00,2019-11-27T05:11:14+00:00,2019-11-27T05:11:01+00:00,25.78,,[],office001_2019_raw.jsonl,742,2019-01-01T00:00:00+00:00,2020-01-01T00:00:00+00:00,False
19_102_260_1636_2019-11-26 19:43:29.505302,5e2a5493f9af8b76743d26fa,office001,19-102-260-1636,06,0102,,2019-11-26T19:43:29+00:00,2019-11-27T01:58:27+00:00,2019-11-27T01:58:22+00:00,26.511,,[],office001_2019_raw.jsonl,743,2019-01-01T00:00:00+00:00,2020-01-01T00:00:00+00:00,False
19_102_260_1640_2019-11-26 17:38:45.245048,5e2a5493f9af8b76743d26f9,office001,19-102-260-1640,08,0102,,2019-11-26T17:38:45+00:00,2019-11-27T02:34:49+00:00,2019-11-27T02:34:41+00:00,40.344,,[],office001_2019_raw.jsonl,744,2019-01-01T00:00:00+00:00,2020-01-01T00:00:00+00:00,False
19_102_260_1633_2019-11-26 16:16:57.854423,5e2a5493f9af8b76743d26f8,office001,19-102-260-1633,02,0102,,2019-11-26T16:16:58+00:00,2019-11-27T02:01:26+00:00,2019-11-26T18:10:50+00:00,5.645,,[],office001_2019_raw.jsonl,745,2019-01-01T00:00:00+00:00,2020-01-01T00:00:00+00:00,False
19_102_260_1635_2019-11-26 15:04:28.898503,5e2a5493f9af8b76743d26f7,office001,19-102-260-1635,01,0102,,2019-11-26T15:04:29+00:00,2019-11-27T00:42:11+00:00,2019-11-26T17:57:56+00:00,19.18827472222222,,[],office001_2019_raw.jsonl,746,2019-01-01T00:00:00+00:00,2020-01-01T00:00:00+00:00,False
19_102_260_1637_2019-11-25 21:31:05.051467,5e2a548df9af8b76743d26f6,office001,19-102-260-1637,07,0102,,2019-11-25T21:31:05+00:00,2019-11-26T03:14:03+00:00,2019-11-26T03:13:51+00:00,16.627,,[],office001_2019_raw.jsonl,747,2019-01-01T00:00:00+00:00,2020-01-01T00:00:00+00:00,False
19_102_260_1636_2019-11-25 19:46:58.507213,5e2a548df9af8b76743d26f5,office001,19-102-260-1636,06,0102,,2019-11-25T19:46:58+00:00,2019-11-26T02:22:02+00:00,2019-11-26T02:21:57+00:00,26.556,,[],office001_2019_raw.jsonl,748,2019-01-01T00:00:00+00:00,2020-01-01T00:00:00+00:00,False
19_102_260_1634_2019-11-25 17:28:12.662021,5e2a548df9af8b76743d26f4,office001,19-102-260-1634,03,0102,,2019-11-25T17:28:13+00:00,2019-11-25T19:30:18+00:00,2019-11-25T19:30:10+00:00,13.088,,[],office001_2019_raw.jsonl,749,2019-01-01T00:00:00+00:00,2020-01-01T00:00:00+00:00,False
19_102_260_1639_2019-11-25 17:27:29.564121,5e2a548df9af8b76743d26f3,office001,19-102-260-1639,05,0102,,2019-11-25T17:27:30+00:00,2019-11-25T22:55:10+00:00,2019-11-25T22:55:05+00:00,34.38,,[],office001_2019_raw.jsonl,750,2019-01-01T00:00:00+00:00,2020-01-01T00:00:00+00:00,False
19_102_260_1640_2019-11-25 16:52:00.604665,5e2a548df9af8b76743d26f2,office001,19-102-260-1640,08,0102,,2019-11-25T16:52:01+00:00,2019-11-26T00:20:19+00:00,2019-11-25T19:42:22+00:00,6.445,,[],office001_2019_raw.jsonl,751,2019-01-01T00:00:00+00:00,2020-01-01T00:00:00+00:00,False
19_102_260_1633_2019-11-25 16:16:18.766863,5e2a548df9af8b76743d26f1,office001,19-102-260-1633,02,0102,,2019-11-25T16:16:19+00:00,2019-11-25T22:01:11+00:00,2019-11-25T17:39:51+00:00,4.006,,[],office001_2019_raw.jsonl,752,2019-01-01T00:00:00+00:00,2020-01-01T00:00:00+00:00,False
19_102_260_1636_2019-11-22 23:06:46.834957,5e2a5486f9af8b76743d26f0,office001,19-102-260-1636,06,0102,,2019-11-22T23:06:47+00:00,2019-11-23T00:47:12+00:00,2019-11-23T00:18:18+00:00,1.85,,[],office001_2019_raw.jsonl,753,2019-01-01T00:00:00+00:00,2020-01-01T00:00:00+00:00,False
19_102_260_1637_2019-11-22 21:32:00.512052,5e2a5486f9af8b76743d26ef,office001,19-102-260-1637,07,0102,,2019-11-22T21:32:01+00:00,2019-11-23T05:03:45+00:00,2019-11-23T04:38:23+00:00,15.905,,[],office001_2019_raw.jsonl,754,2019-01-01T00:00:00+00:00,2020-01-01T00:00:00+00:00,False
19_102_260_1639_2019-11-22 17:34:03.812353,5e2a5486f9af8b76743d26ee,office001,19-102-260-1639,05,0102,,2019-11-22T17:34:04+00:00,2019-11-23T01:15:23+00:00,2019-11-23T01:15:19+00:00,31.641,,[],office001_2019_raw.jsonl,755,2019-01-01T00:00:00+00:00,2020-01-01T00:00:00+00:00,False
19_102_260_1637_2019-11-22 17:29:47.149661,5e2a5486f9af8b76743d26ed,office001,19-102-260-1637,07,0102,,2019-11-22T17:29:47+00:00,2019-11-22T19:44:06+00:00,2019-11-22T18:57:12+00:00,2.881,,[],office001_2019_raw.jsonl,756,2019-01-01T00:00:00+00:00,2020-01-01T00:00:00+00:00,False
19_102_260_1640_2019-11-22 16:48:42.710146,5e2a5486f9af8b76743d26ec,office001,19-102-260-1640,08,0102,,2019-11-22T16:48:43+00:00,2019-11-22T23:32:50+00:00,2019-11-22T18:57:46+00:00,4.728,,[],office001_2019_raw.jsonl,757,2019-01-01T00:00:00+00:00,2020-01-01T00:00:00+00:00,False
19_102_260_1635_2019-11-22 16:08:22.631432,5e2a5486f9af8b76743d26eb,office001,19-102-260-1635,01,0102,,2019-11-22T16:08:23+00:00,2019-11-23T00:41:43+00:00,2019-11-22T18:38:39+00:00,15.399,,[],office001_2019_raw.jsonl,758,2019-01-01T00:00:00+00:00,2020-01-01T00:00:00+00:00,False
19_102_260_1633_2019-11-22 15:49:19.964065,5e2a5486f9af8b76743d26ea,office001,19-102-260-1633,02,0102,,2019-11-22T15:49:20+00:00,2019-11-23T02:44:36+00:00,2019-11-22T17:12:40+00:00,4.026,,[],office001_2019_raw.jsonl,759,2019-01-01T00:00:00+00:00,2020-01-01T00:00:00+00:00,False
19_102_260_1639_2019-11-21 23:59:27.828626,5e2a5480f9af8b76743d26e9,office001,19-102-260-1639,05,0102,,2019-11-21T23:59:28+00:00,2019-11-22T04:45:02+00:00,2019-11-22T04:44:50+00:00,11.294,,[],office001_2019_raw.jsonl,760,2019-01-01T00:00:00+00:00,2020-01-01T00:00:00+00:00,False
19_102_260_1635_2019-11-21 20:09:36.670675,5e2a5480f9af8b76743d26e8,office001,19-102-260-1635,01,0102,,2019-11-21T20:09:37+00:00,2019-11-21T23:29:24+00:00,2019-11-21T20:44:25+00:00,2.698,,[],office001_2019_raw.jsonl,761,2019-01-01T00:00:00+00:00,2020-01-01T00:00:00+00:00,False
19_102_260_1636_2019-11-21 19:32:08.777464,5e2a5480f9af8b76743d26e7,office001,19-102-260-1636,06,0102,,2019-11-21T19:32:09+00:00,2019-11-22T02:21:08+00:00,2019-11-21T21:29:07+00:00,11.727,,[],office001_2019_raw.jsonl,762,2019-01-01T00:00:00+00:00,2020-01-01T00:00:00+00:00,False
19_102_260_1640_2019-11-21 18:50:02.030471,5e2a5480f9af8b76743d26e6,office001,19-102-260-1640,08,0102,,2019-11-21T18:50:02+00:00,2019-11-22T01:53:32+00:00,2019-11-22T01:53:19+00:00,31.639,,[],office001_2019_raw.jsonl,763,2019-01-01T00:00:00+00:00,2020-01-01T00:00:00+00:00,False
19_102_260_1635_2019-11-21 16:54:09.042165,5e2a5480f9af8b76743d26e5,office001,19-102-260-1635,01,0102,,2019-11-21T16:54:09+00:00,2019-11-21T19:24:45+00:00,2019-11-21T19:24:41+00:00,16.314,,[],office001_2019_raw.jsonl,764,2019-01-01T00:00:00+00:00,2020-01-01T00:00:00+00:00,False
19_102_260_1633_2019-11-21 15:57:28.793492,5e2a5480f9af8b76743d26e4,office001,19-102-260-1633,02,0102,,2019-11-21T15:57:29+00:00,2019-11-21T21:05:46+00:00,2019-11-21T17:21:13+00:00,3.997,,[],office001_2019_raw.jsonl,765,2019-01-01T00:00:00+00:00,2020-01-01T00:00:00+00:00,False
19_102_260_1633_2019-11-20 22:06:39.709894,5e2a547af9af8b76743d26e3,office001,19-102-260-1633,02,0102,,2019-11-20T22:06:40+00:00,2019-11-21T02:02:58+00:00,2019-11-20T22:27:36+00:00,0.666,,[],office001_2019_raw.jsonl,766,2019-01-01T00:00:00+00:00,2020-01-01T00:00:00+00:00,False
19_102_260_1640_2019-11-20 21:32:55.901863,5e2a547af9af8b76743d26e2,office001,19-102-260-1640,08,0102,,2019-11-20T21:32:56+00:00,2019-11-21T04:50:05+00:00,2019-11-21T04:35:41+00:00,21.242,,[],office001_2019_raw.jsonl,767,2019-01-01T00:00:00+00:00,2020-01-01T00:00:00+00:00,False
19_102_260_1637_2019-11-20 19:39:30.166427,5e2a547af9af8b76743d26e1,office001,19-102-260-1637,07,0102,,2019-11-20T19:39:30+00:00,2019-11-20T22:37:57+00:00,2019-11-20T22:37:53+00:00,18.778,,[],office001_2019_raw.jsonl,768,2019-01-01T00:00:00+00:00,2020-01-01T00:00:00+00:00,False
19_102_260_1636_2019-11-20 19:23:16.880163,5e2a547af9af8b76743d26e0,office001,19-102-260-1636,06,0102,,2019-11-20T19:23:17+00:00,2019-11-21T00:58:07+00:00,2019-11-21T00:58:02+00:00,26.579,,[],office001_2019_raw.jsonl,769,2019-01-01T00:00:00+00:00,2020-01-01T00:00:00+00:00,False
19_102_260_1634_2019-11-20 16:28:07.162602,5e2a547af9af8b76743d26df,office001,19-102-260-1634,03,0102,,2019-11-20T16:28:07+00:00,2019-11-21T02:46:25+00:00,2019-11-20T20:48:08+00:00,22.816,,[],office001_2019_raw.jsonl,770,2019-01-01T00:00:00+00:00,2020-01-01T00:00:00+00:00,False
19_102_260_1633_2019-11-20 16:27:14.168433,5e2a547af9af8b76743d26de,office001,19-102-260-1633,02,0102,,2019-11-20T16:27:14+00:00,2019-11-20T21:06:34+00:00,2019-11-20T18:26:50+00:00,5.909,,[],office001_2019_raw.jsonl,771,2019-01-01T00:00:00+00:00,2020-01-01T00:00:00+00:00,False
19_102_260_1635_2019-11-20 15:31:19.529674,5e2a547af9af8b76743d26dd,office001,19-102-260-1635,01,0102,,2019-11-20T15:31:20+00:00,2019-11-20T22:17:41+00:00,2019-11-20T20:58:20+00:00,27.553,,[],office001_2019_raw.jsonl,772,2019-01-01T00:00:00+00:00,2020-01-01T00:00:00+00:00,False
19_102_260_1636_2019-11-19 23:06:07.858393,5e2a5474f9af8b76743d26dc,office001,19-102-260-1636,06,0102,,2019-11-19T23:06:08+00:00,2019-11-20T00:18:54+00:00,2019-11-20T00:18:50+00:00,1.908,,[],office001_2019_raw.jsonl,773,2019-01-01T00:00:00+00:00,2020-01-01T00:00:00+00:00,False
19_102_260_1640_2019-11-19 21:30:23.052108,5e2a5474f9af8b76743d26db,office001,19-102-260-1640,08,0102,,2019-11-19T21:30:23+00:00,2019-11-20T04:18:26+00:00,2019-11-20T04:18:18+00:00,19.597,,[],office001_2019_raw.jsonl,774,2019-01-01T00:00:00+00:00,2020-01-01T00:00:00+00:00,False
19_102_260_1634_2019-11-19 17:17:57.439656,5e2a5474f9af8b76743d26da,office001,19-102-260-1634,03,0102,,2019-11-19T17:17:57+00:00,2019-11-20T00:02:40+00:00,2019-11-19T19:14:04+00:00,11.53,,[],office001_2019_raw.jsonl,775,2019-01-01T00:00:00+00:00,2020-01-01T00:00:00+00:00,False
19_102_260_1640_2019-11-19 17:03:08.512450,5e2a5474f9af8b76743d26d9,office001,19-102-260-1640,08,0102,,2019-11-19T17:03:08+00:00,2019-11-19T20:09:32+00:00,2019-11-19T19:38:12+00:00,6.237,,[],office001_2019_raw.jsonl,776,2019-01-01T00:00:00+00:00,2020-01-01T00:00:00+00:00,False
19_102_260_1638_2019-11-19 15:50:35.186580,5e2a5474f9af8b76743d26d8,office001,19-102-260-1638,04,0102,,2019-11-19T15:50:35+00:00,2019-11-19T20:11:32+00:00,2019-11-19T20:10:16+00:00,22.723,,[],office001_2019_raw.jsonl,777,2019-01-01T00:00:00+00:00,2020-01-01T00:00:00+00:00,False
19_102_260_1633_2019-11-19 15:42:26.787966,5e2a5474f9af8b76743d26d7,office001,19-102-260-1633,02,0102,,2019-11-19T15:42:27+00:00,2019-11-19T20:26:15+00:00,2019-11-19T16:59:01+00:00,3.628,,[],office001_2019_raw.jsonl,778,2019-01-01T00:00:00+00:00,2020-01-01T00:00:00+00:00,False
19_102_260_1635_2019-11-19 15:00:31.129165,5e2a5474f9af8b76743d26d6,office001,19-102-260-1635,01,0102,,2019-11-19T15:00:31+00:00,2019-11-20T02:17:44+00:00,2019-11-19T16:54:04+00:00,11.657,,[],office001_2019_raw.jsonl,779,2019-01-01T00:00:00+00:00,2020-01-01T00:00:00+00:00,False
19_102_260_1637_2019-11-18 21:27:12.933255,5e2a546df9af8b76743d26d5,office001,19-102-260-1637,07,0102,,2019-11-18T21:27:13+00:00,2019-11-19T04:55:20+00:00,2019-11-19T04:55:12+00:00,23.873,,[],office001_2019_raw.jsonl,780,2019-01-01T00:00:00+00:00,2020-01-01T00:00:00+00:00,False
19_102_260_1636_2019-11-18 19:45:29.034112,5e2a546df9af8b76743d26d4,office001,19-102-260-1636,06,0102,,2019-11-18T19:45:29+00:00,2019-11-19T03:08:45+00:00,2019-11-19T03:08:40+00:00,27.551,,[],office001_2019_raw.jsonl,781,2019-01-01T00:00:00+00:00,2020-01-01T00:00:00+00:00,False
19_102_260_1638_2019-11-18 19:05:31.339098,5e2a546df9af8b76743d26d3,office001,19-102-260-1638,04,0102,,2019-11-18T19:05:31+00:00,2019-11-19T03:32:41+00:00,2019-11-18T21:05:30+00:00,5.964,,[],office001_2019_raw.jsonl,782,2019-01-01T00:00:00+00:00,2020-01-01T00:00:00+00:00,False
19_102_260_1634_2019-11-18 17:53:00.933352,5e2a546df9af8b76743d26d2,office001,19-102-260-1634,03,0102,,2019-11-18T17:53:01+00:00,2019-11-19T00:49:02+00:00,2019-11-18T23:15:22+00:00,32.49,,[],office001_2019_raw.jsonl,783,2019-01-01T00:00:00+00:00,2020-01-01T00:00:00+00:00,False
19_102_260_1640_2019-11-18 16:55:36.328184,5e2a546df9af8b76743d26d1,office001,19-102-260-1640,08,0102,,2019-11-18T16:55:36+00:00,2019-11-18T20:15:00+00:00,2019-11-18T19:15:29+00:00,5.326,,[],office001_2019_raw.jsonl,784,2019-01-01T00:00:00+00:00,2020-01-01T00:00:00+00:00,False
19_102_260_1635_2019-11-18 15:27:02.829382,5e2a546df9af8b76743d26d0,office001,19-102-260-1635,01,0102,,2019-11-18T15:27:03+00:00,2019-11-18T23:47:04+00:00,2019-11-18T20:42:37+00:00,26.304,,[],office001_2019_raw.jsonl,785,2019-01-01T00:00:00+00:00,2020-01-01T00:00:00+00:00,False
19_102_260_1640_2019-11-15 21:21:27.102132,5de4691ef9af8b3af3636a72,office001,19-102-260-1640,08,0102,,2019-11-15T21:21:27+00:00,2019-11-16T05:00:01+00:00,2019-11-16T04:38:36+00:00,22.619,,[],office001_2019_raw.jsonl,786,2019-01-01T00:00:00+00:00,2020-01-01T00:00:00+00:00,False
19_102_260_1633_2019-11-15 20:59:17.628945,5de4691ef9af8b3af3636a71,office001,19-102-260-1633,02,0102,,2019-11-15T20:59:18+00:00,2019-11-16T02:28:48+00:00,2019-11-15T21:21:17+00:00,0.72,,[],office001_2019_raw.jsonl,787,2019-01-01T00:00:00+00:00,2020-01-01T00:00:00+00:00,False
19_102_260_1636_2019-11-15 19:36:02.152371,5de4691ef9af8b3af3636a70,office001,19-102-260-1636,06,0102,,2019-11-15T19:36:02+00:00,2019-11-16T01:17:18+00:00,2019-11-15T21:58:09+00:00,14.293,,[],office001_2019_raw.jsonl,788,2019-01-01T00:00:00+00:00,2020-01-01T00:00:00+00:00,False
19_102_260_1633_2019-11-15 16:25:20.938863,5de4691ef9af8b3af3636a6f,office001,19-102-260-1633,02,0102,,2019-11-15T16:25:21+00:00,2019-11-15T20:39:27+00:00,2019-11-15T18:21:59+00:00,5.752,,[],office001_2019_raw.jsonl,789,2019-01-01T00:00:00+00:00,2020-01-01T00:00:00+00:00,False
19_102_260_1635_2019-11-15 15:10:21.076257,5de4691ef9af8b3af3636a6e,office001,19-102-260-1635,01,0102,,2019-11-15T15:10:21+00:00,2019-11-15T22:41:46+00:00,2019-11-15T22:41:41+00:00,47.605,,[],office001_2019_raw.jsonl,790,2019-01-01T00:00:00+00:00,2020-01-01T00:00:00+00:00,False
19_102_260_1633_2019-11-14 22:00:50.243655,5de3179cf9af8b36c9538e41,office001,19-102-260-1633,02,0102,,2019-11-14T22:00:50+00:00,2019-11-15T02:54:53+00:00,2019-11-14T22:20:12+00:00,0.604,,[],office001_2019_raw.jsonl,791,2019-01-01T00:00:00+00:00,2020-01-01T00:00:00+00:00,False
19_102_260_1638_2019-11-14 19:01:51.539463,5de3179cf9af8b36c9538e40,office001,19-102-260-1638,04,0102,,2019-11-14T19:01:52+00:00,2019-11-14T22:51:12+00:00,2019-11-14T21:20:42+00:00,14.375,,[],office001_2019_raw.jsonl,792,2019-01-01T00:00:00+00:00,2020-01-01T00:00:00+00:00,False
19_102_260_1637_2019-11-14 17:48:38.418589,5de3179cf9af8b36c9538e3f,office001,19-102-260-1637,07,0102,,2019-11-14T17:48:38+00:00,2019-11-14T21:46:36+00:00,2019-11-14T21:46:27+00:00,25.601,,[],office001_2019_raw.jsonl,793,2019-01-01T00:00:00+00:00,2020-01-01T00:00:00+00:00,False
19_102_260_1633_2019-11-14 15:39:06.831660,5de3179cf9af8b36c9538e3e,office001,19-102-260-1633,02,0102,,2019-11-14T15:39:07+00:00,2019-11-14T21:37:47+00:00,2019-11-14T17:11:11+00:00,4.457,,[],office001_2019_raw.jsonl,794,2019-01-01T00:00:00+00:00,2020-01-01T00:00:00+00:00,False
19_102_260_1635_2019-11-13 20:41:29.739972,5de1c61df9af8b3308970c2d,office001,19-102-260-1635,01,0102,,2019-11-13T20:41:30+00:00,2019-11-13T23:08:53+00:00,2019-11-13T20:59:21+00:00,1.189,,[],office001_2019_raw.jsonl,795,2019-01-01T00:00:00+00:00,2020-01-01T00:00:00+00:00,False
19_102_260_1636_2019-11-13 19:40:34.318589,5de1c61df9af8b3308970c2c,office001,19-102-260-1636,06,0102,,2019-11-13T19:40:34+00:00,2019-11-14T01:07:04+00:00,2019-11-13T22:11:22+00:00,15.577,,[],office001_2019_raw.jsonl,796,2019-01-01T00:00:00+00:00,2020-01-01T00:00:00+00:00,False
19_102_260_1635_2019-11-13 16:33:53.204149,5de1c61df9af8b3308970c2b,office001,19-102-260-1635,01,0102,,2019-11-13T16:33:53+00:00,2019-11-13T19:27:21+00:00,2019-11-13T19:17:09+00:00,16.403,,[],office001_2019_raw.jsonl,797,2019-01-01T00:00:00+00:00,2020-01-01T00:00:00+00:00,False
19_102_260_1633_2019-11-13 16:03:56.610948,5de1c61df9af8b3308970c2a,office001,19-102-260-1633,02,0102,,2019-11-13T16:03:57+00:00,2019-11-14T01:40:40+00:00,2019-11-13T17:30:26+00:00,4.178,,[],office001_2019_raw.jsonl,798,2019-01-01T00:00:00+00:00,2020-01-01T00:00:00+00:00,False
19_102_260_1634_2019-11-12 20:16:34.674441,5de0749ff9af8b2f01a05e16,office001,19-102-260-1634,03,0102,,2019-11-12T20:16:35+00:00,2019-11-12T21:54:11+00:00,2019-11-12T21:54:06+00:00,10.473,,[],office001_2019_raw.jsonl,799,2019-01-01T00:00:00+00:00,2020-01-01T00:00:00+00:00,False
19_102_260_1640_2019-11-12 19:58:21.080308,5de0749ff9af8b2f01a05e15,office001,19-102-260-1640,08,0102,,2019-11-12T19:58:21+00:00,2019-11-13T21:07:26+00:00,2019-11-13T20:29:55+00:00,39.457,,[],office001_2019_raw.jsonl,800,2019-01-01T00:00:00+00:00,2020-01-01T00:00:00+00:00,False
19_102_260_1639_2019-11-12 19:12:58.800118,5de0749ff9af8b2f01a05e14,office001,19-102-260-1639,05,0102,,2019-11-12T19:12:59+00:00,2019-11-13T01:15:08+00:00,2019-11-13T01:15:03+00:00,26.636,,[],office001_2019_raw.jsonl,801,2019-01-01T00:00:00+00:00,2020-01-01T00:00:00+00:00,False
19_102_260_1638_2019-11-12 17:36:01.449233,5de0749ff9af8b2f01a05e13,office001,19-102-260-1638,04,0102,,2019-11-12T17:36:01+00:00,2019-11-13T01:58:04+00:00,2019-11-12T19:14:20+00:00,4.821,,[],office001_2019_raw.jsonl,802,2019-01-01T00:00:00+00:00,2020-01-01T00:00:00+00:00,False
19_102_260_1634_2019-11-12 17:28:06.698340,5de0749ff9af8b2f01a05e12,office001,19-102-260-1634,03,0102,,2019-11-12T17:28:07+00:00,2019-11-12T19:32:54+00:00,2019-11-12T19:32:50+00:00,13.458,,[],office001_2019_raw.jsonl,803,2019-01-01T00:00:00+00:00,2020-01-01T00:00:00+00:00,False
19_102_260_1633_2019-11-12 15:39:58.360108,5de0749ff9af8b2f01a05e11,office001,19-102-260-1633,02,0102,,2019-11-12T15:39:58+00:00,2019-11-12T23:04:17+00:00,2019-11-12T23:04:13+00:00,45.171,,[],office001_2019_raw.jsonl,804,2019-01-01T00:00:00+00:00,2020-01-01T00:00:00+00:00,False
19_102_260_1635_2019-11-12 15:02:43.294195,5de0749ff9af8b2f01a05e10,office001,19-102-260-1635,01,0102,,2019-11-12T15:02:43+00:00,2019-11-12T23:52:37+00:00,2019-11-12T17:07:10+00:00,12.938,,[],office001_2019_raw.jsonl,805,2019-01-01T00:00:00+00:00,2020-01-01T00:00:00+00:00,False
19_102_260_1633_2019-11-11 23:59:00.083524,5ddf231ff9af8b2af0444eff,office001,19-102-260-1633,02,0102,,2019-11-11T23:59:00+00:00,2019-11-12T03:42:46+00:00,2019-11-12T00:25:00+00:00,0.56,,[],office001_2019_raw.jsonl,806,2019-01-01T00:00:00+00:00,2020-01-01T00:00:00+00:00,False
19_102_260_1640_2019-11-11 21:33:39.904031,5ddf231ff9af8b2af0444efe,office001,19-102-260-1640,08,0102,,2019-11-11T21:33:40+00:00,2019-11-12T04:34:28+00:00,2019-11-12T04:34:15+00:00,20.869,,[],office001_2019_raw.jsonl,807,2019-01-01T00:00:00+00:00,2020-01-01T00:00:00+00:00,False
19_102_260_1636_2019-11-11 19:31:19.015229,5ddf231ff9af8b2af0444efd,office001,19-102-260-1636,06,0102,,2019-11-11T19:31:19+00:00,2019-11-12T01:24:40+00:00,2019-11-11T22:05:08+00:00,15.348,,[],office001_2019_raw.jsonl,808,2019-01-01T00:00:00+00:00,2020-01-01T00:00:00+00:00,False
19_102_260_1634_2019-11-11 17:40:18.882889,5ddf231ff9af8b2af0444efc,office001,19-102-260-1634,03,0102,,2019-11-11T17:40:19+00:00,2019-11-11T21:53:42+00:00,2019-11-11T21:53:34+00:00,26.686,,[],office001_2019_raw.jsonl,809,2019-01-01T00:00:00+00:00,2020-01-01T00:00:00+00:00,False
19_102_260_1633_2019-11-11 15:57:58.356199,5ddf231ff9af8b2af0444efb,office001,19-102-260-1633,02,0102,,2019-11-11T15:57:58+00:00,2019-11-11T23:48:02+00:00,2019-11-11T17:57:10+00:00,5.894,,[],office001_2019_raw.jsonl,810,2019-01-01T00:00:00+00:00,2020-01-01T00:00:00+00:00,False
19_102_260_1635_2019-11-08 21:39:04.677991,5ddb2e9ef9af8b03ef46ac9a,office001,19-102-260-1635,01,0102,,2019-11-08T21:39:05+00:00,2019-11-09T05:12:20+00:00,2019-11-09T04:40:48+00:00,13.364,,[],office001_2019_raw.jsonl,811,2019-01-01T00:00:00+00:00,2020-01-01T00:00:00+00:00,False
19_102_260_1636_2019-11-08 19:24:21.904072,5ddb2e9ef9af8b03ef46ac99,office001,19-102-260-1636,06,0102,,2019-11-08T19:24:22+00:00,2019-11-09T02:30:53+00:00,2019-11-08T21:33:17+00:00,13.096,,[],office001_2019_raw.jsonl,812,2019-01-01T00:00:00+00:00,2020-01-01T00:00:00+00:00,False
19_102_260_1639_2019-11-08 17:44:03.271550,5ddb2e9ef9af8b03ef46ac98,office001,19-102-260-1639,05,0102,,2019-11-08T17:44:03+00:00,2019-11-09T01:16:59+00:00,2019-11-09T01:16:50+00:00,35.369,,[],office001_2019_raw.jsonl,813,2019-01-01T00:00:00+00:00,2020-01-01T00:00:00+00:00,False
19_102_260_1634_2019-11-08 17:30:37.339709,5ddb2e9ef9af8b03ef46ac97,office001,19-102-260-1634,03,0102,,2019-11-08T17:30:37+00:00,2019-11-09T01:19:38+00:00,2019-11-08T22:00:02+00:00,24.562,,[],office001_2019_raw.jsonl,814,2019-01-01T00:00:00+00:00,2020-01-01T00:00:00+00:00,False
19_102_260_1637_2019-11-08 17:26:07.277959,5ddb2e9ef9af8b03ef46ac96,office001,19-102-260-1637,07,0102,,2019-11-08T17:26:07+00:00,2019-11-08T19:38:24+00:00,2019-11-08T19:38:19+00:00,14.299,,[],office001_2019_raw.jsonl,815,2019-01-01T00:00:00+00:00,2020-01-01T00:00:00+00:00,False
19_102_260_1640_2019-11-08 16:55:02.748514,5ddb2e9ef9af8b03ef46ac95,office001,19-102-260-1640,08,0102,,2019-11-08T16:55:03+00:00,2019-11-08T22:33:41+00:00,2019-11-08T19:33:59+00:00,6.14,,[],office001_2019_raw.jsonl,816,2019-01-01T00:00:00+00:00,2020-01-01T00:00:00+00:00,False
19_102_260_1635_2019-11-08 14:56:35.917020,5ddb2e9ef9af8b03ef46ac94,office001,19-102-260-1635,01,0102,,2019-11-08T14:56:36+00:00,2019-11-08T19:45:35+00:00,2019-11-08T16:48:54+00:00,11.638,,[],office001_2019_raw.jsonl,817,2019-01-01T00:00:00+00:00,2020-01-01T00:00:00+00:00,False
19_102_260_1634_2019-11-07 22:12:22.328929,5dd9dd20f9af8b7ec77dd046,office001,19-102-260-1634,03,0102,,2019-11-07T22:12:22+00:00,2019-11-08T01:14:54+00:00,2019-11-08T01:14:49+00:00,6.576,,[],office001_2019_raw.jsonl,818,2019-01-01T00:00:00+00:00,2020-01-01T00:00:00+00:00,False
19_102_260_1636_2019-11-07 21:26:19.923683,5dd9dd20f9af8b7ec77dd045,office001,19-102-260-1636,06,0102,,2019-11-07T21:26:20+00:00,2019-11-08T04:34:45+00:00,2019-11-08T04:34:37+00:00,17.749,,[],office001_2019_raw.jsonl,819,2019-01-01T00:00:00+00:00,2020-01-01T00:00:00+00:00,False
19_102_260_1633_2019-11-07 20:45:23.886412,5dd9dd20f9af8b7ec77dd044,office001,19-102-260-1633,02,0102,,2019-11-07T20:45:24+00:00,2019-11-07T22:55:07+00:00,2019-11-07T21:14:17+00:00,2.35,,[],office001_2019_raw.jsonl,820,2019-01-01T00:00:00+00:00,2020-01-01T00:00:00+00:00,False
19_102_260_1637_2019-11-07 18:20:30.121143,5dd9dd20f9af8b7ec77dd043,office001,19-102-260-1637,07,0102,,2019-11-07T18:20:30+00:00,2019-11-08T03:35:45+00:00,2019-11-08T03:35:40+00:00,37.502,,[],office001_2019_raw.jsonl,821,2019-01-01T00:00:00+00:00,2020-01-01T00:00:00+00:00,False
19_102_260_1638_2019-11-07 18:07:49.983026,5dd9dd20f9af8b7ec77dd042,office001,19-102-260-1638,04,0102,,2019-11-07T18:07:50+00:00,2019-11-08T01:17:22+00:00,2019-11-07T22:27:23+00:00,20.986,,[],office001_2019_raw.jsonl,822,2019-01-01T00:00:00+00:00,2020-01-01T00:00:00+00:00,False
19_102_260_1640_2019-11-07 17:16:04.779575,5dd9dd20f9af8b7ec77dd041,office001,19-102-260-1640,08,0102,,2019-11-07T17:16:05+00:00,2019-11-08T01:03:07+00:00,2019-11-07T19:42:16+00:00,5.707,,[],office001_2019_raw.jsonl,823,2019-01-01T00:00:00+00:00,2020-01-01T00:00:00+00:00,False
19_102_260_1633_2019-11-07 17:07:36.530372,5dd9dd20f9af8b7ec77dd040,office001,19-102-260-1633,02,0102,,2019-11-07T17:07:37+00:00,2019-11-07T19:23:53+00:00,2019-11-07T18:04:40+00:00,5.306,,[],office001_2019_raw.jsonl,824,2019-01-01T00:00:00+00:00,2020-01-01T00:00:00+00:00,False
19_102_260_1635_2019-11-07 15:10:31.095107,5dd9dd20f9af8b7ec77dd03f,office001,19-102-260-1635,01,0102,,2019-11-07T15:10:31+00:00,2019-11-08T00:32:28+00:00,2019-11-08T00:32:51+00:00,14.755,,[],office001_2019_raw.jsonl,825,2019-01-01T00:00:00+00:00,2020-01-01T00:00:00+00:00,False
19_102_260_1637_2019-11-07 00:16:24.863789,5dd88b9ef9af8b7afaf9098b,office001,19-102-260-1637,07,0102,,2019-11-07T00:16:25+00:00,2019-11-07T02:57:51+00:00,2019-11-07T02:57:47+00:00,4.081,,[],office001_2019_raw.jsonl,826,2019-01-01T00:00:00+00:00,2020-01-01T00:00:00+00:00,False
19_102_260_1640_2019-12-31 21:35:42.590441,5e2a550ff9af8b76743d2784,office001,19-102-260-1640,08,0102,,2019-12-31T21:35:43+00:00,2020-01-01T03:28:36+00:00,2020-01-01T03:28:27+00:00,16.505,,[],office001_2019_raw.jsonl,827,2019-01-01T00:00:00+00:00,2020-01-01T00:00:00+00:00,False
19_102_260_1640_2019-12-31 17:19:33.955344,5e2a550ff9af8b76743d2783,office001,19-102-260-1640,08,0102,,2019-12-31T17:19:34+00:00,2019-12-31T19:55:13+00:00,2019-12-31T19:55:01+00:00,11.453,,[],office001_2019_raw.jsonl,828,2019-01-01T00:00:00+00:00,2020-01-01T00:00:00+00:00,False
19_102_260_1640_2019-12-31 01:20:40.381385,5e2a550df9af8b76743d2782,office001,19-102-260-1640,08,0102,,2019-12-31T01:20:40+00:00,2019-12-31T04:57:36+00:00,2019-12-31T04:57:24+00:00,10.147,,[],office001_2019_raw.jsonl,829,2019-01-01T00:00:00+00:00,2020-01-01T00:00:00+00:00,False
19_102_260_1640_2019-12-30 21:35:55.413076,5e2a550df9af8b76743d2781,office001,19-102-260-1640,08,0102,,2019-12-30T21:35:55+00:00,2019-12-30T23:53:55+00:00,2019-12-30T23:53:42+00:00,10.551,,[],office001_2019_raw.jsonl,830,2019-01-01T00:00:00+00:00,2020-01-01T00:00:00+00:00,False
19_102_260_1637_2019-12-30 21:17:52.624493,5e2a550df9af8b76743d2780,office001,19-102-260-1637,07,0102,,2019-12-30T21:17:53+00:00,2019-12-30T22:45:22+00:00,2019-12-30T22:45:17+00:00,9.113,,[],office001_2019_raw.jsonl,831,2019-01-01T00:00:00+00:00,2020-01-01T00:00:00+00:00,False
19_102_260_1636_2019-12-30 19:36:31.346035,5e2a550df9af8b76743d277f,office001,19-102-260-1636,06,0102,,2019-12-30T19:36:31+00:00,2019-12-31T01:45:58+00:00,2019-12-31T01:45:53+00:00,26.449,,[],office001_2019_raw.jsonl,832,2019-01-01T00:00:00+00:00,2020-01-01T00:00:00+00:00,False
19_102_260_1637_2019-12-30 17:10:04.341574,5e2a550df9af8b76743d277e,office001,19-102-260-1637,07,0102,,2019-12-30T17:10:04+00:00,2019-12-30T18:41:49+00:00,2019-12-30T18:41:45+00:00,9.801,,[],office001_2019_raw.jsonl,833,2019-01-01T00:00:00+00:00,2020-01-01T00:00:00+00:00,False
19_102_260_1638_2019-12-30 17:03:44.705783,5e2a550df9af8b76743d277d,office001,19-102-260-1638,04,0102,,2019-12-30T17:03:45+00:00,2019-12-31T00:55:43+00:00,2019-12-31T00:55:34+00:00,40.33,,[],office001_2019_raw.jsonl,834,2019-01-01T00:00:00+00:00,2020-01-01T00:00:00+00:00,False
19_102_260_1639_2019-12-27 22:29:17.898474,5e2a5508f9af8b76743d277c,office001,19-102-260-1639,05,0102,,2019-12-27T22:29:18+00:00,2019-12-28T01:24:44+00:00,2019-12-28T01:24:31+00:00,7.32,,[],office001_2019_raw.jsonl,835,2019-01-01T00:00:00+00:00,2020-01-01T00:00:00+00:00,False
19_102_260_1640_2019-12-27 21:29:44.344250,5e2a5508f9af8b76743d277b,office001,19-102-260-1640,08,0102,,2019-12-27T21:29:44+00:00,2019-12-28T04:25:01+00:00,2019-12-28T04:24:49+00:00,20.594,,[],office001_2019_raw.jsonl,836,2019-01-01T00:00:00+00:00,2020-01-01T00:00:00+00:00,False
19_102_260_1634_2019-12-27 17:55:58.245506,5e2a5508f9af8b76743d277a,office001,19-102-260-1634,03,0102,,2019-12-27T17:55:58+00:00,2019-12-27T21:02:22+00:00,2019-12-27T21:02:14+00:00,20.195,,[],office001_2019_raw.jsonl,837,2019-01-01T00:00:00+00:00,2020-01-01T00:00:00+00:00,False
19_102_260_1633_2019-12-27 16:09:47.582695,5e2a5508f9af8b76743d2779,office001,19-102-260-1633,02,0102,,2019-12-27T16:09:48+00:00,2019-12-28T02:36:57+00:00,2019-12-27T18:09:27+00:00,5.977,,[],office001_2019_raw.jsonl,838,2019-01-01T00:00:00+00:00,2020-01-01T00:00:00+00:00,False
19_102_260_1639_2019-12-26 23:04:26.377031,5e2a5504f9af8b76743d2778,office001,19-102-260-1639,05,0102,,2019-12-26T23:04:26+00:00,2019-12-27T01:02:36+00:00,2019-12-27T01:01:52+00:00,3.6023472222222224,,[],office001_2019_raw.jsonl,839,2019-01-01T00:00:00+00:00,2020-01-01T00:00:00+00:00,False
19_102_260_1637_2019-12-26 21:35:45.197934,5e2a5504f9af8b76743d2777,office001,19-102-260-1637,07,0102,,2019-12-26T21:35:45+00:00,2019-12-27T05:55:22+00:00,2019-12-27T05:55:02+00:00,29.467,,[],office001_2019_raw.jsonl,840,2019-01-01T00:00:00+00:00,2020-01-01T00:00:00+00:00,False
19_102_260_1640_2019-12-26 18:54:09.918487,5e2a5504f9af8b76743d2776,office001,19-102-260-1640,08,0102,,2019-12-26T18:54:10+00:00,2019-12-27T03:01:02+00:00,2019-12-27T03:00:50+00:00,33.242,,[],office001_2019_raw.jsonl,841,2019-01-01T00:00:00+00:00,2020-01-01T00:00:00+00:00,False
19_102_260_1633_2019-12-26 17:32:52.844452,5e2a5504f9af8b76743d2775,office001,19-102-260-1633,02,0102,,2019-12-26T17:32:53+00:00,2019-12-27T02:16:44+00:00,2019-12-26T19:13:02+00:00,4.911,,[],office001_2019_raw.jsonl,842,2019-01-01T00:00:00+00:00,2020-01-01T00:00:00+00:00,False
19_102_260_1640_2019-12-23 20:40:40.997008,5e2a5500f9af8b76743d2774,office001,19-102-260-1640,08,0102,,2019-12-23T20:40:41+00:00,2019-12-24T03:44:18+00:00,2019-12-24T03:44:06+00:00,22.924,,[],office001_2019_raw.jsonl,843,2019-01-01T00:00:00+00:00,2020-01-01T00:00:00+00:00,False
19_102_260_1636_2019-12-23 19:41:09.389695,5e2a5500f9af8b76743d2773,office001,19-102-260-1636,06,0102,,2019-12-23T19:41:09+00:00,2019-12-24T01:33:39+00:00,2019-12-24T01:33:35+00:00,26.433,,[],office001_2019_raw.jsonl,844,2019-01-01T00:00:00+00:00,2020-01-01T00:00:00+00:00,False
19_102_260_1633_2019-12-23 19:24:17.282208,5e2a5500f9af8b76743d2772,office001,19-102-260-1633,02,0102,,2019-12-23T19:24:17+00:00,2019-12-24T02:36:03+00:00,2019-12-24T02:35:55+00:00,28.858,,[],office001_2019_raw.jsonl,845,2019-01-01T00:00:00+00:00,2020-01-01T00:00:00+00:00,False
19_102_260_1640_2019-12-20 23:45:17.372002,5e2a54fcf9af8b76743d2771,office001,19-102-260-1640,08,0102,,2019-12-20T23:45:17+00:00,2019-12-21T05:24:19+00:00,2019-12-21T05:24:11+00:00,15.516,,[],office001_2019_raw.jsonl,846,2019-01-01T00:00:00+00:00,2020-01-01T00:00:00+00:00,False
19_102_260_1640_2019-12-20 21:01:29.401966,5e2a54fcf9af8b76743d2770,office001,19-102-260-1640,08,0102,,2019-12-20T21:01:29+00:00,2019-12-20T23:06:44+00:00,2019-12-20T23:06:36+00:00,13.025,,[],office001_2019_raw.jsonl,847,2019-01-01T00:00:00+00:00,2020-01-01T00:00:00+00:00,False
19_102_260_1636_2019-12-20 20:30:13.924736,5e2a54fcf9af8b76743d276f,office001,19-102-260-1636,06,0102,,2019-12-20T20:30:14+00:00,2019-12-20T23:47:24+00:00,2019-12-20T23:47:19+00:00,17.901,,[],office001_2019_raw.jsonl,848,2019-01-01T00:00:00+00:00,2020-01-01T00:00:00+00:00,False
19_102_260_1633_2019-12-20 16:46:16.906258,5e2a54fcf9af8b76743d276e,office001,19-102-260-1633,02,0102,,2019-12-20T16:46:17+00:00,2019-12-21T02:50:04+00:00,2019-12-20T18:44:57+00:00,5.894,,[],office001_2019_raw.jsonl,849,2019-01-01T00:00:00+00:00,2020-01-01T00:00:00+00:00,False
19_102_260_1640_2019-12-20 00:20:54.270482,5e2a54f9f9af8b76743d276d,office001,19-102-260-1640,08,0102,,2019-12-20T00:20:54+00:00,2019-12-20T04:34:09+00:00,2019-12-20T04:33:53+00:00,9.258,,[],office001_2019_raw.jsonl,850,2019-01-01T00:00:00+00:00,2020-01-01T00:00:00+00:00,False
19_102_260_1633_2019-12-19 22:46:47.664941,5e2a54f9f9af8b76743d276c,office001,19-102-260-1633,02,0102,,2019-12-19T22:46:48+00:00,2019-12-20T02:29:42+00:00,2019-12-19T23:05:38+00:00,0.569,,[],office001_2019_raw.jsonl,851,2019-01-01T00:00:00+00:00,2020-01-01T00:00:00+00:00,False
19_102_260_1640_2019-12-19 20:56:23.056276,5e2a54f9f9af8b76743d276b,office001,19-102-260-1640,08,0102,,2019-12-19T20:56:23+00:00,2019-12-19T21:08:24+00:00,2019-12-19T21:08:16+00:00,1.217,,[],office001_2019_raw.jsonl,852,2019-01-01T00:00:00+00:00,2020-01-01T00:00:00+00:00,False
19_102_260_1640_2019-12-19 17:55:30.435872,5e2a54f9f9af8b76743d276a,office001,19-102-260-1640,08,0102,,2019-12-19T17:55:30+00:00,2019-12-19T19:06:22+00:00,2019-12-19T19:06:10+00:00,7.551,,[],office001_2019_raw.jsonl,853,2019-01-01T00:00:00+00:00,2020-01-01T00:00:00+00:00,False
19_102_260_1633_2019-12-19 15:49:56.053620,5e2a54f9f9af8b76743d2769,office001,19-102-260-1633,02,0102,,2019-12-19T15:49:56+00:00,2019-12-19T22:25:31+00:00,2019-12-19T17:46:07+00:00,5.77,,[],office001_2019_raw.jsonl,854,2019-01-01T00:00:00+00:00,2020-01-01T00:00:00+00:00,False
19_102_260_1636_2019-12-18 19:32:14.715746,5e2a54f5f9af8b76743d2768,office001,19-102-260-1636,06,0102,,2019-12-18T19:32:15+00:00,2019-12-19T00:18:24+00:00,2019-12-19T00:18:20+00:00,24.531,,[],office001_2019_raw.jsonl,855,2019-01-01T00:00:00+00:00,2020-01-01T00:00:00+00:00,False
19_102_260_1634_2019-12-18 17:42:32.360669,5e2a54f5f9af8b76743d2767,office001,19-102-260-1634,03,0102,,2019-12-18T17:42:32+00:00,2019-12-18T22:06:11+00:00,2019-12-18T22:06:06+00:00,27.608,,[],office001_2019_raw.jsonl,856,2019-01-01T00:00:00+00:00,2020-01-01T00:00:00+00:00,False
19_102_260_1633_2019-12-18 16:34:28.105259,5e2a54f5f9af8b76743d2766,office001,19-102-260-1633,02,0102,,2019-12-18T16:34:28+00:00,2019-12-19T02:27:41+00:00,2019-12-18T18:36:53+00:00,6.086,,[],office001_2019_raw.jsonl,857,2019-01-01T00:00:00+00:00,2020-01-01T00:00:00+00:00,False
19_102_260_1637_2019-12-17 21:43:31.658131,5e2a54f2f9af8b76743d2765,office001,19-102-260-1637,07,0102,,2019-12-17T21:43:32+00:00,2019-12-18T04:50:38+00:00,2019-12-18T04:32:42+00:00,14.36,,[],office001_2019_raw.jsonl,858,2019-01-01T00:00:00+00:00,2020-01-01T00:00:00+00:00,False
19_102_260_1640_2019-12-17 20:00:59.145543,5e2a54f2f9af8b76743d2764,office001,19-102-260-1640,08,0102,,2019-12-17T20:00:59+00:00,2019-12-17T23:55:27+00:00,2019-12-17T23:55:15+00:00,20.382,,[],office001_2019_raw.jsonl,859,2019-01-01T00:00:00+00:00,2020-01-01T00:00:00+00:00,False
19_102_260_1634_2019-12-17 17:34:42.589672,5e2a54f2f9af8b76743d2763,office001,19-102-260-1634,03,0102,,2019-12-17T17:34:43+00:00,2019-12-18T01:51:58+00:00,2019-12-18T01:51:50+00:00,38.762,,[],office001_2019_raw.jsonl,860,2019-01-01T00:00:00+00:00,2020-01-01T00:00:00+00:00,False
19_102_260_1639_2019-12-17 17:05:43.505047,5e2a54f2f9af8b76743d2762,office001,19-102-260-1639,05,0102,,2019-12-17T17:05:43+00:00,2019-12-18T00:06:28+00:00,2019-12-17T17:26:05+00:00,1.997,,[],office001_2019_raw.jsonl,861,2019-01-01T00:00:00+00:00,2020-01-01T00:00:00+00:00,False
19_102_260_1637_2019-12-16 21:18:22.528911,5e2a54edf9af8b76743d2761,office001,19-102-260-1637,07,0102,,2019-12-16T21:18:23+00:00,2019-12-17T04:58:59+00:00,2019-12-17T04:58:46+00:00,19.19,,[],office001_2019_raw.jsonl,862,2019-01-01T00:00:00+00:00,2020-01-01T00:00:00+00:00,False
19_102_260_1633_2019-12-16 20:04:07.382882,5e2a54edf9af8b76743d2760,office001,19-102-260-1633,02,0102,,2019-12-16T20:04:07+00:00,2019-12-16T21:53:17+00:00,2019-12-16T21:31:08+00:00,7.83,,[],office001_2019_raw.jsonl,863,2019-01-01T00:00:00+00:00,2020-01-01T00:00:00+00:00,False
19_102_260_1640_2019-12-16 19:30:23.800023,5e2a54edf9af8b76743d275f,office001,19-102-260-1640,08,0102,,2019-12-16T19:30:24+00:00,2019-12-17T02:56:13+00:00,2019-12-17T02:56:05+00:00,28.584,,[],office001_2019_raw.jsonl,864,2019-01-01T00:00:00+00:00,2020-01-01T00:00:00+00:00,False
19_102_260_1636_2019-12-16 19:22:16.119844,5e2a54edf9af8b76743d275e,office001,19-102-260-1636,06,0102,,2019-12-16T19:22:16+00:00,2019-12-17T01:53:03+00:00,2019-12-17T01:52:59+00:00,28.418,,[],office001_2019_raw.jsonl,865,2019-01-01T00:00:00+00:00,2020-01-01T00:00:00+00:00,False
19_102_260_1634_2019-12-16 18:34:04.455029,5e2a54edf9af8b76743d275d,office001,19-102-260-1634,03,0102,,2019-12-16T18:34:04+00:00,2019-12-16T22:33:32+00:00,2019-12-16T22:33:28+00:00,25.329,,[],office001_2019_raw.jsonl,866,2019-01-01T00:00:00+00:00,2020-01-01T00:00:00+00:00,False
19_102_260_1638_2019-12-16 16:31:46.353356,5e2a54edf9af8b76743d275c,office001,19-102-260-1638,04,0102,,2019-12-16T16:31:46+00:00,2019-12-17T02:16:46+00:00,2019-12-16T18:30:15+00:00,5.877,,[],office001_2019_raw.jsonl,867,2019-01-01T00:00:00+00:00,2020-01-01T00:00:00+00:00,False
19_102_260_1633_2019-12-16 16:22:51.170298,5e2a54edf9af8b76743d275b,office001,19-102-260-1633,02,0102,,2019-12-16T16:22:51+00:00,2019-12-16T19:20:47+00:00,2019-12-16T19:20:42+00:00,19.219,,[],office001_2019_raw.jsonl,868,2019-01-01T00:00:00+00:00,2020-01-01T00:00:00+00:00,False
19_102_260_1635_2019-12-16 15:09:24.372327,5e2a54edf9af8b76743d275a,office001,19-102-260-1635,01,0102,,2019-12-16T15:09:24+00:00,2019-12-16T23:25:21+00:00,2019-12-16T19:05:50+00:00,24.426,,[],office001_2019_raw.jsonl,869,2019-01-01T00:00:00+00:00,2020-01-01T00:00:00+00:00,False
19_102_260_1633_2019-12-13 23:20:12.210124,5e2a54e5f9af8b76743d2759,office001,19-102-260-1633,02,0102,,2019-12-13T23:20:12+00:00,2019-12-14T02:31:03+00:00,2019-12-14T02:30:58+00:00,4.501,,[],office001_2019_raw.jsonl,870,2019-01-01T00:00:00+00:00,2020-01-01T00:00:00+00:00,False
19_102_260_1634_2019-12-13 23:07:55.268735,5e2a54e5f9af8b76743d2758,office001,19-102-260-1634,03,0102,,2019-12-13T23:07:55+00:00,2019-12-14T02:32:43+00:00,2019-12-14T02:32:30+00:00,5.013,,[],office001_2019_raw.jsonl,871,2019-01-01T00:00:00+00:00,2020-01-01T00:00:00+00:00,False
19_102_260_1640_2019-12-13 21:25:58.456621,5e2a54e5f9af8b76743d2757,office001,19-102-260-1640,08,0102,,2019-12-13T21:25:58+00:00,2019-12-14T04:51:04+00:00,2019-12-14T04:50:52+00:00,23.513,,[],office001_2019_raw.jsonl,872,2019-01-01T00:00:00+00:00,2020-01-01T00:00:00+00:00,False
19_102_260_1634_2019-12-13 21:07:32.691040,5e2a54e5f9af8b76743d2756,office001,19-102-260-1634,03,0102,,2019-12-13T21:07:33+00:00,2019-12-13T21:52:35+00:00,2019-12-13T21:26:02+00:00,1.329,,[],office001_2019_raw.jsonl,873,2019-01-01T00:00:00+00:00,2020-01-01T00:00:00+00:00,False
19_102_260_1636_2019-12-13 21:07:14.221850,5e2a54e5f9af8b76743d2755,office001,19-102-260-1636,06,0102,,2019-12-13T21:07:14+00:00,2019-12-13T23:51:38+00:00,2019-12-13T22:44:41+00:00,9.608,,[],office001_2019_raw.jsonl,874,2019-01-01T00:00:00+00:00,2020-01-01T00:00:00+00:00,False
19_102_260_1639_2019-12-13 17:25:25.897233,5e2a54e5f9af8b76743d2754,office001,19-102-260-1639,05,0102,,2019-12-13T17:25:26+00:00,2019-12-13T20:35:54+00:00,2019-12-13T20:35:49+00:00,20.045,,[],office001_2019_raw.jsonl,875,2019-01-01T00:00:00+00:00,2020-01-01T00:00:00+00:00,False
19_102_260_1637_2019-12-13 17:16:53.139003,5e2a54e5f9af8b76743d2753,office001,19-102-260-1637,07,0102,,2019-12-13T17:16:53+00:00,2019-12-13T22:47:40+00:00,2019-12-13T22:47:30+00:00,34.377,,[],office001_2019_raw.jsonl,876,2019-01-01T00:00:00+00:00,2020-01-01T00:00:00+00:00,False
19_102_260_1634_2019-12-13 17:00:09.958595,5e2a54e5f9af8b76743d2752,office001,19-102-260-1634,03,0102,,2019-12-13T17:00:10+00:00,2019-12-13T19:26:47+00:00,2019-12-13T18:20:53+00:00,7.875,,[],office001_2019_raw.jsonl,877,2019-01-01T00:00:00+00:00,2020-01-01T00:00:00+00:00,False
19_102_260_1638_2019-12-13 16:17:00.939647,5e2a54e5f9af8b76743d2751,office001,19-102-260-1638,04,0102,,2019-12-13T16:17:01+00:00,2019-12-14T01:57:36+00:00,2019-12-13T18:16:04+00:00,5.891,,[],office001_2019_raw.jsonl,878,2019-01-01T00:00:00+00:00,2020-01-01T00:00:00+00:00,False
19_102_260_1633_2019-12-13 15:37:52.979287,5e2a54e5f9af8b76743d2750,office001,19-102-260-1633,02,0102,,2019-12-13T15:37:53+00:00,2019-12-13T21:26:22+00:00,2019-12-13T20:53:59+00:00,26.223,,[],office001_2019_raw.jsonl,879,2019-01-01T00:00:00+00:00,2020-01-01T00:00:00+00:00,False
19_102_260_1635_2019-12-13 14:59:50.373334,5e2a54e5f9af8b76743d274f,office001,19-102-260-1635,01,0102,,2019-12-13T14:59:50+00:00,2019-12-14T00:00:08+00:00,2019-12-13T20:20:07+00:00,32.62,,[],office001_2019_raw.jsonl,880,2019-01-01T00:00:00+00:00,2020-01-01T00:00:00+00:00,False
19_102_260_1639_2019-12-13 00:18:49.686975,5e2a54dcf9af8b76743d274e,office001,19-102-260-1639,05,0102,,2019-12-13T00:18:49+00:00,2019-12-13T02:02:28+00:00,2019-12-13T02:02:11+00:00,2.449,,[],office001_2019_raw.jsonl,881,2019-01-01T00:00:00+00:00,2020-01-01T00:00:00+00:00,False
19_102_260_1633_2019-12-13 00:11:56.513203,5e2a54dcf9af8b76743d274d,office001,19-102-260-1633,02,0102,,2019-12-13T00:11:57+00:00,2019-12-13T04:27:58+00:00,2019-12-13T01:57:17+00:00,2.616,,[],office001_2019_raw.jsonl,882,2019-01-01T00:00:00+00:00,2020-01-01T00:00:00+00:00,False
19_102_260_1637_2019-12-12 22:47:34.186117,5e2a54dcf9af8b76743d274c,office001,19-102-260-1637,07,0102,,2019-12-12T22:47:34+00:00,2019-12-13T04:42:35+00:00,2019-12-13T04:42:13+00:00,13.801,,[],office001_2019_raw.jsonl,883,2019-01-01T00:00:00+00:00,2020-01-01T00:00:00+00:00,False
19_102_260_1637_2019-12-12 21:41:53.409083,5e2a54dcf9af8b76743d274b,office001,19-102-260-1637,07,0102,,2019-12-12T21:41:53+00:00,2019-12-12T22:16:58+00:00,2019-12-12T22:16:49+00:00,3.627,,[],office001_2019_raw.jsonl,884,2019-01-01T00:00:00+00:00,2020-01-01T00:00:00+00:00,False
19_102_260_1636_2019-12-12 19:53:01.180469,5e2a54dcf9af8b76743d274a,office001,19-102-260-1636,06,0102,,2019-12-12T19:53:01+00:00,2019-12-13T03:14:53+00:00,2019-12-12T21:31:04+00:00,9.722,,[],office001_2019_raw.jsonl,885,2019-01-01T00:00:00+00:00,2020-01-01T00:00:00+00:00,False
19_102_260_1637_2019-12-12 19:19:22.081910,5e2a54dcf9af8b76743d2749,office001,19-102-260-1637,07,0102,,2019-12-12T19:19:22+00:00,2019-12-12T21:28:14+00:00,2019-12-12T21:28:09+00:00,13.666,,[],office001_2019_raw.jsonl,886,2019-01-01T00:00:00+00:00,2020-01-01T00:00:00+00:00,False
19_102_260_1638_2019-12-12 17:33:39.498087,5e2a54dcf9af8b76743d2748,office001,19-102-260-1638,04,0102,,2019-12-12T17:33:39+00:00,2019-12-12T18:19:34+00:00,2019-12-12T18:19:30+00:00,4.797,,[],office001_2019_raw.jsonl,887,2019-01-01T00:00:00+00:00,2020-01-01T00:00:00+00:00,False
19_102_260_1640_2019-12-12 17:16:48.517316,5e2a54dcf9af8b76743d2747,office001,19-102-260-1640,08,0102,,2019-12-12T17:16:49+00:00,2019-12-13T03:45:21+00:00,2019-12-12T19:31:22+00:00,5.369,,[],office001_2019_raw.jsonl,888,2019-01-01T00:00:00+00:00,2020-01-01T00:00:00+00:00,False
19_102_260_1633_2019-12-12 15:59:25.166682,5e2a54dcf9af8b76743d2746,office001,19-102-260-1633,02,0102,,2019-12-12T15:59:25+00:00,2019-12-12T21:21:50+00:00,2019-12-12T17:56:11+00:00,5.793,,[],office001_2019_raw.jsonl,889,2019-01-01T00:00:00+00:00,2020-01-01T00:00:00+00:00,False
19_102_260_1635_2019-12-12 15:07:21.183590,5e2a54dcf9af8b76743d2745,office001,19-102-260-1635,01,0102,,2019-12-12T15:07:21+00:00,2019-12-13T03:35:13+00:00,2019-12-13T03:35:06+00:00,54.757,,[],office001_2019_raw.jsonl,890,2019-01-01T00:00:00+00:00,2020-01-01T00:00:00+00:00,False
19_102_260_1636_2019-12-11 23:11:26.168509,5e2a54d4f9af8b76743d2744,office001,19-102-260-1636,06,0102,,2019-12-11T23:11:26+00:00,2019-12-12T04:47:54+00:00,2019-12-12T04:47:42+00:00,13.086,,[],office001_2019_raw.jsonl,891,2019-01-01T00:00:00+00:00,2020-01-01T00:00:00+00:00,False
19_102_260_1635_2019-12-11 22:58:39.564504,5e2a54d4f9af8b76743d2743,office001,19-102-260-1635,01,0102,,2019-12-11T22:58:40+00:00,2019-12-12T01:49:10+00:00,2019-12-12T00:54:23+00:00,3.408,,[],office001_2019_raw.jsonl,892,2019-01-01T00:00:00+00:00,2020-01-01T00:00:00+00:00,False
19_102_260_1634_2019-12-11 22:41:13.536523,5e2a54d4f9af8b76743d2742,office001,19-102-260-1634,03,0102,,2019-12-11T22:41:14+00:00,2019-12-12T02:26:15+00:00,2019-12-12T02:26:06+00:00,7.027,,[],office001_2019_raw.jsonl,893,2019-01-01T00:00:00+00:00,2020-01-01T00:00:00+00:00,False
19_102_260_1636_2019-12-11 21:26:52.501777,5e2a54d4f9af8b76743d2741,office001,19-102-260-1636,06,0102,,2019-12-11T21:26:52+00:00,2019-12-11T22:19:01+00:00,2019-12-11T22:18:49+00:00,5.532,,[],office001_2019_raw.jsonl,894,2019-01-01T00:00:00+00:00,2020-01-01T00:00:00+00:00,False
19_102_260_1634_2019-12-11 18:59:25.575587,5e2a54d4f9af8b76743d2740,office001,19-102-260-1634,03,0102,,2019-12-11T18:59:26+00:00,2019-12-11T19:52:38+00:00,2019-12-11T19:52:29+00:00,5.634,,[],office001_2019_raw.jsonl,895,2019-01-01T00:00:00+00:00,2020-01-01T00:00:00+00:00,False
19_102_260_1640_2019-12-11 16:50:37.184013,5e2a54d4f9af8b76743d273f,office001,19-102-260-1640,08,0102,,2019-12-11T16:50:37+00:00,2019-12-12T00:40:25+00:00,2019-12-11T19:22:00+00:00,5.64,,[],office001_2019_raw.jsonl,896,2019-01-01T00:00:00+00:00,2020-01-01T00:00:00+00:00,False
19_102_260_1638_2019-12-11 15:23:25.214114,5e2a54d4f9af8b76743d273e,office001,19-102-260-1638,04,0102,,2019-12-11T15:23:25+00:00,2019-12-11T23:08:57+00:00,2019-12-11T19:47:22+00:00,21.366,,[],office001_2019_raw.jsonl,897,2019-01-01T00:00:00+00:00,2020-01-01T00:00:00+00:00,False
19_102_260_1633_2019-12-11 15:22:30.716230,5e2a54d4f9af8b76743d273d,office001,19-102-260-1633,02,0102,,2019-12-11T15:22:31+00:00,2019-12-12T02:31:27+00:00,2019-12-11T17:17:54+00:00,5.733,,[],office001_2019_raw.jsonl,898,2019-01-01T00:00:00+00:00,2020-01-01T00:00:00+00:00,False
19_102_260_1637_2019-12-10 21:25:40.141762,5e2a54cdf9af8b76743d273c,office001,19-102-260-1637,07,0102,,2019-12-10T21:25:40+00:00,2019-12-11T04:17:17+00:00,2019-12-11T04:17:00+00:00,19.836,,[],office001_2019_raw.jsonl,899,2019-01-01T00:00:00+00:00,2020-01-01T00:00:00+00:00,False
19_102_260_1635_2019-12-10 21:04:26.468983,5e2a54cdf9af8b76743d273b,office001,19-102-260-1635,01,0102,,2019-12-10T21:04:26+00:00,2019-12-10T22:56:57+00:00,2019-12-10T21:43:50+00:00,3.506,,[],office001_2019_raw.jsonl,900,2019-01-01T00:00:00+00:00,2020-01-01T00:00:00+00:00,False
19_102_260_1636_2019-12-10 20:03:59.545968,5e2a54cdf9af8b76743d273a,office001,19-102-260-1636,06,0102,,2019-12-10T20:04:00+00:00,2019-12-11T03:19:46+00:00,2019-12-10T23:59:22+00:00,20.658,,[],office001_2019_raw.jsonl,901,2019-01-01T00:00:00+00:00,2020-01-01T00:00:00+00:00,False
19_102_260_1635_2019-12-10 17:31:34.558486,5e2a54cdf9af8b76743d2739,office001,19-102-260-1635,01,0102,,2019-12-10T17:31:35+00:00,2019-12-10T19:48:39+00:00,2019-12-10T19:00:22+00:00,8.465,,[],office001_2019_raw.jsonl,902,2019-01-01T00:00:00+00:00,2020-01-01T00:00:00+00:00,False
19_102_260_1640_2019-12-10 17:14:32.610438,5e2a54cdf9af8b76743d2738,office001,19-102-260-1640,08,0102,,2019-12-10T17:14:33+00:00,2019-12-10T22:46:05+00:00,2019-12-10T20:03:51+00:00,6.296,,[],office001_2019_raw.jsonl,903,2019-01-01T00:00:00+00:00,2020-01-01T00:00:00+00:00,False
19_102_260_1633_2019-12-10 16:08:13.679962,5e2a54cdf9af8b76743d2737,office001,19-102-260-1633,02,0102,,2019-12-10T16:08:14+00:00,2019-12-11T02:47:52+00:00,2019-12-10T17:32:13+00:00,4.008,,[],office001_2019_raw.jsonl,904,2019-01-01T00:00:00+00:00,2020-01-01T00:00:00+00:00,False
19_102_260_1639_2019-12-10 16:08:11.808833,5e2a54cdf9af8b76743d2736,office001,19-102-260-1639,05,0102,,2019-12-10T16:08:12+00:00,2019-12-10T23:49:59+00:00,2019-12-10T17:50:39+00:00,10.479,,[],office001_2019_raw.jsonl,905,2019-01-01T00:00:00+00:00,2020-01-01T00:00:00+00:00,False
19_102_260_1634_2019-12-10 15:28:19.268424,5e2a54cdf9af8b76743d2735,office001,19-102-260-1634,03,0102,,2019-12-10T15:28:19+00:00,2019-12-10T22:46:00+00:00,2019-12-10T22:04:29+00:00,34.981,,[],office001_2019_raw.jsonl,906,2019-01-01T00:00:00+00:00,2020-01-01T00:00:00+00:00,False
19_102_260_1635_2019-12-10 15:08:51.421668,5e2a54cdf9af8b76743d2734,office001,19-102-260-1635,01,0102,,2019-12-10T15:08:51+00:00,2019-12-10T15:57:39+00:00,2019-12-10T15:57:35+00:00,5.031,,[],office001_2019_raw.jsonl,907,2019-01-01T00:00:00+00:00,2020-01-01T00:00:00+00:00,False
19_102_260_1637_2019-12-09 22:31:32.725991,5e2a54c5f9af8b76743d2733,office001,19-102-260-1637,07,0102,,2019-12-09T22:31:33+00:00,2019-12-10T01:18:10+00:00,2019-12-10T01:18:06+00:00,6.427,,[],office001_2019_raw.jsonl,908,2019-01-01T00:00:00+00:00,2020-01-01T00:00:00+00:00,False
19_102_260_1638_2019-12-09 21:46:47.538219,5e2a54c5f9af8b76743d2732,office001,19-102-260-1638,04,0102,,2019-12-09T21:46:48+00:00,2019-12-10T01:08:22+00:00,2019-12-09T22:58:58+00:00,2.177,,[],office001_2019_raw.jsonl,909,2019-01-01T00:00:00+00:00,2020-01-01T00:00:00+00:00,False
19_102_260_1640_2019-12-09 21:03:58.302963,5e2a54c5f9af8b76743d2731,office001,19-102-260-1640,08,0102,,2019-12-09T21:03:58+00:00,2019-12-10T04:51:24+00:00,2019-12-10T04:51:08+00:00,26.07,,[],office001_2019_raw.jsonl,910,2019-01-01T00:00:00+00:00,2020-01-01T00:00:00+00:00,False
19_102_260_1634_2019-12-09 20:52:53.588444,5e2a54c5f9af8b76743d2730,office001,19-102-260-1634,03,0102,,2019-12-09T20:52:54+00:00,2019-12-09T21:42:21+00:00,2019-12-09T21:22:18+00:00,2.453,,[],office001_2019_raw.jsonl,911,2019-01-01T00:00:00+00:00,2020-01-01T00:00:00+00:00,False
19_102_260_1638_2019-12-09 19:53:57.404473,5e2a54c5f9af8b76743d272f,office001,19-102-260-1638,04,0102,,2019-12-09T19:53:57+00:00,2019-12-09T20:30:01+00:00,2019-12-09T20:29:56+00:00,1.915,,[],office001_2019_raw.jsonl,912,2019-01-01T00:00:00+00:00,2020-01-01T00:00:00+00:00,False
19_102_260_1634_2019-12-09 19:50:22.006139,5e2a54c5f9af8b76743d272e,office001,19-102-260-1634,03,0102,,2019-12-09T19:50:22+00:00,2019-12-09T20:11:47+00:00,2019-12-09T20:11:38+00:00,2.187,,[],office001_2019_raw.jsonl,913,2019-01-01T00:00:00+00:00,2020-01-01T00:00:00+00:00,False
19_102_260_1636_2019-12-09 19:34:02.769711,5e2a54c5f9af8b76743d272d,office001,19-102-260-1636,06,0102,,2019-12-09T19:34:03+00:00,2019-12-10T02:26:15+00:00,2019-12-09T22:37:01+00:00,18.844,,[],office001_2019_raw.jsonl,914,2019-01-01T00:00:00+00:00,2020-01-01T00:00:00+00:00,False
19_102_260_1640_2019-12-09 18:52:48.754149,5e2a54c5f9af8b76743d272c,office001,19-102-260-1640,08,0102,,2019-12-09T18:52:49+00:00,2019-12-09T20:12:09+00:00,2019-12-09T20:12:01+00:00,3.512,,[],office001_2019_raw.jsonl,915,2019-01-01T00:00:00+00:00,2020-01-01T00:00:00+00:00,False
19_102_260_1637_2019-12-09 17:51:53.430126,5e2a54c5f9af8b76743d272b,office001,19-102-260-1637,07,0102,,2019-12-09T17:51:53+00:00,2019-12-09T19:22:04+00:00,2019-12-09T19:21:55+00:00,9.357,,[],office001_2019_raw.jsonl,916,2019-01-01T00:00:00+00:00,2020-01-01T00:00:00+00:00,False
19_102_260_1640_2019-12-09 16:59:46.880540,5e2a54c5f9af8b76743d272a,office001,19-102-260-1640,08,0102,,2019-12-09T16:59:47+00:00,2019-12-09T18:31:40+00:00,2019-12-09T18:31:35+00:00,4.588,,[],office001_2019_raw.jsonl,917,2019-01-01T00:00:00+00:00,2020-01-01T00:00:00+00:00,False
19_102_260_1639_2019-12-09 16:46:33.128540,5e2a54c5f9af8b76743d2729,office001,19-102-260-1639,05,0102,,2019-12-09T16:46:33+00:00,2019-12-10T00:35:22+00:00,2019-12-09T21:56:13+00:00,28.377,,[],office001_2019_raw.jsonl,918,2019-01-01T00:00:00+00:00,2020-01-01T00:00:00+00:00,False
19_102_260_1634_2019-12-09 16:40:25.380594,5e2a54c5f9af8b76743d2728,office001,19-102-260-1634,03,0102,,2019-12-09T16:40:25+00:00,2019-12-09T19:47:33+00:00,2019-12-09T17:49:07+00:00,6.658,,[],office001_2019_raw.jsonl,919,2019-01-01T00:00:00+00:00,2020-01-01T00:00:00+00:00,False
19_102_260_1633_2019-12-09 16:20:18.974584,5e2a54c5f9af8b76743d2727,office001,19-102-260-1633,02,0102,,2019-12-09T16:20:19+00:00,2019-12-10T03:41:36+00:00,2019-12-09T17:49:57+00:00,4.313,,[],office001_2019_raw.jsonl,920,2019-01-01T00:00:00+00:00,2020-01-01T00:00:00+00:00,False
19_102_260_1635_2019-12-09 15:33:01.218773,5e2a54c5f9af8b76743d2726,office001,19-102-260-1635,01,0102,,2019-12-09T15:33:01+00:00,2019-12-09T23:01:52+00:00,2019-12-09T23:01:48+00:00,46.338,,[],office001_2019_raw.jsonl,921,2019-01-01T00:00:00+00:00,2020-01-01T00:00:00+00:00,False
