scenario_id,strategy,vehicle_id,arrival_time,departure_time,energy_required_kwh,original_start,recommended_start,start_delay_minutes,changed_intervals,schedule_distance_kwh,additional_surplus_window_energy_kwh,connection_feasible,power_feasible,energy_feasible,delivered_kwh,counterfactual_feasible,explanation
20230707_pooled_F10_P025_S42,optimised_actual,EV001,2023-07-07 13:20:00,2023-07-07 15:38:00,0.883,2023-07-07 13:20:00,2023-07-07 13:20:00,0.0,27,14.418888875015682,14.41888887372792,True,True,True,13.859999986355128,True,"For EV001, move the charging start from 13:20 to 13:20 and use an average of 6.6 kW until approximately 15:40. This shifts 14.4 kWh more charging into observed surplus intervals while targeting completion before the 15:38 departure."
20230707_pooled_F10_P025_S42,optimised_actual,EV002,2023-07-07 11:57:00,2023-07-07 15:35:00,13.842,2023-07-07 12:00:00,2023-07-07 12:00:00,0.0,16,8.2700000059585,8.269999976581332,True,True,True,21.284999978923206,True,"For EV002, move the charging start from 12:00 to 12:00 and use an average of 6.6 kW until approximately 15:35. This shifts 8.3 kWh more charging into observed surplus intervals while targeting completion before the 15:35 departure."
20230707_pooled_F10_P025_S43,optimised_actual,EV001,2023-07-07 09:45:00,2023-07-07 17:17:00,4.957,2023-07-07 09:45:00,2023-07-07 09:45:00,0.0,70,38.49222217415568,38.49222215749387,True,True,True,39.599999941744485,True,"For EV001, move the charging start from 09:45 to 09:45 and use an average of 6.6 kW until approximately 16:25. This shifts 38.5 kWh more charging into observed surplus intervals while targeting completion before the 17:17 departure."
20230707_pooled_F10_P025_S43,optimised_actual,EV002,2023-07-07 08:17:00,2023-07-07 16:14:00,11.806,2023-07-07 08:20:00,2023-07-07 08:20:00,0.0,72,39.13222218244289,39.1322221439743,True,True,True,47.02499992957688,True,"For EV002, move the charging start from 08:20 to 08:20 and use an average of 6.6 kW until approximately 16:15. This shifts 39.1 kWh more charging into observed surplus intervals while targeting completion before the 16:14 departure."
20230707_pooled_F10_P050_S42,optimised_actual,EV001,2023-07-07 13:20:00,2023-07-07 15:38:00,0.883,2023-07-07 13:20:00,2023-07-07 13:20:00,0.0,27,14.41888888385298,14.418888883396836,True,True,True,13.859999995057153,True,"For EV001, move the charging start from 13:20 to 13:20 and use an average of 6.6 kW until approximately 15:40. This shifts 14.4 kWh more charging into observed surplus intervals while targeting completion before the 15:38 departure."
20230707_pooled_F10_P050_S42,optimised_actual,EV002,2023-07-07 11:57:00,2023-07-07 15:35:00,13.842,2023-07-07 12:00:00,2023-07-07 12:00:00,0.0,16,8.270000002110407,8.269999991700388,True,True,True,21.28499999253036,True,"For EV002, move the charging start from 12:00 to 12:00 and use an average of 6.6 kW until approximately 15:35. This shifts 8.3 kWh more charging into observed surplus intervals while targeting completion before the 15:35 departure."
20230707_pooled_F10_P050_S42,optimised_actual,EV003,2023-07-07 15:51:00,2023-07-07 20:37:00,28.313999999999997,2023-07-07 15:55:00,2023-07-07 15:55:00,0.0,0,1.1239897901305085e-12,-1.234568003383174e-13,True,True,True,28.214999999998987,True,"For EV003, move the charging start from 15:55 to 15:55 and use an average of 6.6 kW until approximately 20:40. This shifts -0.0 kWh more charging into observed surplus intervals while targeting completion before the 20:37 departure."
20230707_pooled_F10_P050_S42,optimised_actual,EV004,2023-07-07 15:38:00,2023-07-07 17:44:00,12.474,2023-07-07 15:40:00,2023-07-07 15:40:00,0.0,0,5.001924800277872e-13,-1.865174681370263e-13,True,True,True,12.374999999999549,True,"For EV004, move the charging start from 15:40 to 15:40 and use an average of 6.6 kW until approximately 17:45. This shifts -0.0 kWh more charging into observed surplus intervals while targeting completion before the 17:44 departure."
20230707_pooled_F10_P050_S42,optimised_actual,EV005,2023-07-07 06:23:00,2023-07-07 15:50:00,8.969,2023-07-07 06:25:00,2023-07-07 07:35:00,70.0,109,59.88444442671211,52.18444442508651,True,True,True,49.00499998257786,True,"For EV005, move the charging start from 06:25 to 07:35 and use an average of 6.6 kW until approximately 15:50. This shifts 52.2 kWh more charging into observed surplus intervals while targeting completion before the 15:50 departure."
20230707_pooled_F10_P050_S43,optimised_actual,EV001,2023-07-07 09:45:00,2023-07-07 17:17:00,4.957,2023-07-07 09:45:00,2023-07-07 09:45:00,0.0,70,38.492221926861234,38.49222182704327,True,True,True,39.599999644338936,True,"For EV001, move the charging start from 09:45 to 09:45 and use an average of 6.6 kW until approximately 16:25. This shifts 38.5 kWh more charging into observed surplus intervals while targeting completion before the 17:17 departure."
20230707_pooled_F10_P050_S43,optimised_actual,EV002,2023-07-07 08:17:00,2023-07-07 16:14:00,11.806,2023-07-07 08:20:00,2023-07-07 08:20:00,0.0,72,39.13222198122071,39.132221753517555,True,True,True,47.0249995781658,True,"For EV002, move the charging start from 08:20 to 08:20 and use an average of 6.6 kW until approximately 16:15. This shifts 39.1 kWh more charging into observed surplus intervals while targeting completion before the 16:14 departure."
20230707_pooled_F10_P050_S43,optimised_actual,EV003,2023-07-07 16:05:00,2023-07-07 18:03:00,11.681999999999999,2023-07-07 16:05:00,2023-07-07 16:05:00,0.0,18,0.4107033890893968,-3.1940454725543077e-09,True,True,True,11.682000000858217,True,"For EV003, move the charging start from 16:05 to 16:05 and use an average of 6.5 kW until approximately 18:05. This shifts -0.0 kWh more charging into observed surplus intervals while targeting completion before the 18:03 departure."
20230707_pooled_F10_P050_S43,optimised_actual,EV004,2023-07-07 12:55:00,2023-07-07 13:44:00,4.850999999999999,2023-07-07 12:55:00,2023-07-07 12:55:00,0.0,1,0.11000002857162212,0.10999996171546744,True,True,True,4.949999965543919,True,"For EV004, move the charging start from 12:55 to 12:55 and use an average of 6.6 kW until approximately 13:45. This shifts 0.1 kWh more charging into observed surplus intervals while targeting completion before the 13:44 departure."
20230707_pooled_F10_P050_S43,optimised_actual,EV005,2023-07-07 06:34:00,2023-07-07 15:03:00,6.121,2023-07-07 06:35:00,2023-07-07 07:35:00,60.0,102,55.89888844491893,49.29888844491894,True,True,True,44.54999960042704,True,"For EV005, move the charging start from 06:35 to 07:35 and use an average of 6.6 kW until approximately 15:05. This shifts 49.3 kWh more charging into observed surplus intervals while targeting completion before the 15:03 departure."
20230707_pooled_F10_P075_S42,optimised_actual,EV001,2023-07-07 13:20:00,2023-07-07 15:38:00,0.883,2023-07-07 13:20:00,2023-07-07 13:20:00,0.0,27,14.418888850035415,14.41888884617916,True,True,True,13.859999961561245,True,"For EV001, move the charging start from 13:20 to 13:20 and use an average of 6.6 kW until approximately 15:40. This shifts 14.4 kWh more charging into observed surplus intervals while targeting completion before the 15:38 departure."
20230707_pooled_F10_P075_S42,optimised_actual,EV002,2023-07-07 11:57:00,2023-07-07 15:35:00,13.842,2023-07-07 12:00:00,2023-07-07 12:00:00,0.0,16,8.270000015874455,8.26999993350191,True,True,True,21.284999940151728,True,"For EV002, move the charging start from 12:00 to 12:00 and use an average of 6.6 kW until approximately 15:35. This shifts 8.3 kWh more charging into observed surplus intervals while targeting completion before the 15:35 departure."
20230707_pooled_F10_P075_S42,optimised_actual,EV003,2023-07-07 15:51:00,2023-07-07 20:37:00,28.313999999999997,2023-07-07 15:55:00,2023-07-07 15:55:00,0.0,0,9.724517487560053e-12,-1.028954699222595e-12,True,True,True,28.21499999999125,True,"For EV003, move the charging start from 15:55 to 15:55 and use an average of 6.6 kW until approximately 20:40. This shifts -0.0 kWh more charging into observed surplus intervals while targeting completion before the 20:37 departure."
20230707_pooled_F10_P075_S42,optimised_actual,EV004,2023-07-07 15:38:00,2023-07-07 17:44:00,12.474,2023-07-07 15:40:00,2023-07-07 15:40:00,0.0,0,4.27132403520621e-12,-1.5436540934388177e-12,True,True,True,12.374999999996154,True,"For EV004, move the charging start from 15:40 to 15:40 and use an average of 6.6 kW until approximately 17:45. This shifts -0.0 kWh more charging into observed surplus intervals while targeting completion before the 17:44 departure."
20230707_pooled_F10_P075_S42,optimised_actual,EV005,2023-07-07 06:23:00,2023-07-07 15:50:00,8.969,2023-07-07 06:25:00,2023-07-07 07:35:00,70.0,109,59.88444430702778,52.18444428955432,True,True,True,49.004999860598886,True,"For EV005, move the charging start from 06:25 to 07:35 and use an average of 6.6 kW until approximately 15:50. This shifts 52.2 kWh more charging into observed surplus intervals while targeting completion before the 15:50 departure."
20230707_pooled_F10_P075_S42,optimised_actual,EV006,2023-07-07 07:33:00,2023-07-07 15:35:00,17.596,2023-07-07 07:35:00,2023-07-07 07:35:00,0.0,61,33.248888852094254,33.24888873862765,True,True,True,47.51999986476489,True,"For EV006, move the charging start from 07:35 to 07:35 and use an average of 6.6 kW until approximately 15:35. This shifts 33.2 kWh more charging into observed surplus intervals while targeting completion before the 15:35 departure."
20230707_pooled_F10_P075_S42,optimised_actual,EV007,2023-07-07 08:36:00,2023-07-07 15:52:00,13.875,2023-07-07 08:40:00,2023-07-07 08:40:00,0.0,59,32.43333328667751,32.4333331995866,True,True,True,43.06499987962795,True,"For EV007, move the charging start from 08:40 to 08:40 and use an average of 6.6 kW until approximately 15:55. This shifts 32.4 kWh more charging into observed surplus intervals while targeting completion before the 15:52 departure."
20230707_pooled_F10_P075_S42,optimised_actual,EV008,2023-07-07 06:21:00,2023-07-07 15:00:00,0.754,2023-07-07 06:25:00,2023-07-07 07:35:00,70.0,91,49.7877776390535,48.949999861275714,True,True,True,44.05499987514814,True,"For EV008, move the charging start from 06:25 to 07:35 and use an average of 6.6 kW until approximately 15:00. This shifts 48.9 kWh more charging into observed surplus intervals while targeting completion before the 15:00 departure."
20230707_pooled_F10_P075_S43,optimised_actual,EV001,2023-07-07 09:45:00,2023-07-07 17:17:00,4.957,2023-07-07 09:45:00,2023-07-07 09:45:00,0.0,70,38.49222103382887,38.49222064341441,True,True,True,39.599998579072974,True,"For EV001, move the charging start from 09:45 to 09:45 and use an average of 6.6 kW until approximately 16:25. This shifts 38.5 kWh more charging into observed surplus intervals while targeting completion before the 17:17 departure."
20230707_pooled_F10_P075_S43,optimised_actual,EV002,2023-07-07 08:17:00,2023-07-07 16:14:00,11.806,2023-07-07 08:20:00,2023-07-07 08:20:00,0.0,72,39.13222127396424,39.13222038352659,True,True,True,47.02499834517394,True,"For EV002, move the charging start from 08:20 to 08:20 and use an average of 6.6 kW until approximately 16:15. This shifts 39.1 kWh more charging into observed surplus intervals while targeting completion before the 16:14 departure."
20230707_pooled_F10_P075_S43,optimised_actual,EV003,2023-07-07 16:05:00,2023-07-07 18:03:00,11.681999999999999,2023-07-07 16:05:00,2023-07-07 16:05:00,0.0,18,0.41102266199894527,-1.2814010297290679e-08,True,True,True,11.682000003350872,True,"For EV003, move the charging start from 16:05 to 16:05 and use an average of 6.5 kW until approximately 18:05. This shifts -0.0 kWh more charging into observed surplus intervals while targeting completion before the 18:03 departure."
20230707_pooled_F10_P075_S43,optimised_actual,EV004,2023-07-07 12:55:00,2023-07-07 13:44:00,4.850999999999999,2023-07-07 12:55:00,2023-07-07 12:55:00,0.0,1,0.11000014627365869,0.10999980975825618,True,True,True,4.9499998287824285,True,"For EV004, move the charging start from 12:55 to 12:55 and use an average of 6.6 kW until approximately 13:45. This shifts 0.1 kWh more charging into observed surplus intervals while targeting completion before the 13:44 departure."
20230707_pooled_F10_P075_S43,optimised_actual,EV005,2023-07-07 06:34:00,2023-07-07 15:03:00,6.121,2023-07-07 06:35:00,2023-07-07 07:35:00,60.0,102,55.89888714257417,49.29888714257415,True,True,True,44.54999842831674,True,"For EV005, move the charging start from 06:35 to 07:35 and use an average of 6.6 kW until approximately 15:05. This shifts 49.3 kWh more charging into observed surplus intervals while targeting completion before the 15:03 departure."
20230707_pooled_F10_P075_S43,optimised_actual,EV006,2023-07-07 11:02:00,2023-07-07 17:54:00,10.007,2023-07-07 11:05:00,2023-07-07 11:05:00,0.0,44,24.081110616884743,24.0811098402379,True,True,True,31.679998856214112,True,"For EV006, move the charging start from 11:05 to 11:05 and use an average of 6.6 kW until approximately 16:25. This shifts 24.1 kWh more charging into observed surplus intervals while targeting completion before the 17:54 departure."
20230707_pooled_F10_P075_S43,optimised_actual,EV007,2023-07-07 06:44:00,2023-07-07 17:07:00,5.603,2023-07-07 06:45:00,2023-07-07 07:35:00,50.0,115,63.074442415529816,57.574442360435036,True,True,True,52.46999812439153,True,"For EV007, move the charging start from 06:45 to 07:35 and use an average of 6.6 kW until approximately 16:25. This shifts 57.6 kWh more charging into observed surplus intervals while targeting completion before the 17:07 departure."
20230707_pooled_F10_P075_S43,optimised_actual,EV008,2023-07-07 10:59:00,2023-07-07 17:58:00,0.847,2023-07-07 11:00:00,2023-07-07 11:00:00,0.0,64,34.80888763710087,34.808887598665045,True,True,True,32.17499883879854,True,"For EV008, move the charging start from 11:00 to 11:00 and use an average of 6.6 kW until approximately 16:25. This shifts 34.8 kWh more charging into observed surplus intervals while targeting completion before the 17:58 departure."
20230707_pooled_F10_P100_S42,optimised_actual,EV001,2023-07-07 13:20:00,2023-07-07 15:38:00,0.883,2023-07-07 13:20:00,2023-07-07 13:20:00,0.0,28,13.896582814472469,13.838620876481523,True,True,True,13.337758788833371,True,"For EV001, move the charging start from 13:20 to 13:20 and use an average of 6.4 kW until approximately 15:40. This shifts 13.8 kWh more charging into observed surplus intervals while targeting completion before the 15:38 departure."
20230707_pooled_F10_P100_S42,optimised_actual,EV002,2023-07-07 11:57:00,2023-07-07 15:35:00,13.842,2023-07-07 12:00:00,2023-07-07 12:00:00,0.0,27,8.35189540273443,7.662591371047398,True,True,True,20.738332233942668,True,"For EV002, move the charging start from 12:00 to 12:00 and use an average of 6.4 kW until approximately 15:35. This shifts 7.7 kWh more charging into observed surplus intervals while targeting completion before the 15:35 departure."
20230707_pooled_F10_P100_S42,optimised_actual,EV003,2023-07-07 15:51:00,2023-07-07 20:37:00,28.313999999999997,2023-07-07 15:55:00,2023-07-07 15:55:00,0.0,0,1.0489091077185245e-11,-1.1088907569956064e-12,True,True,True,28.214999999990557,True,"For EV003, move the charging start from 15:55 to 15:55 and use an average of 6.6 kW until approximately 20:40. This shifts -0.0 kWh more charging into observed surplus intervals while targeting completion before the 20:37 departure."
20230707_pooled_F10_P100_S42,optimised_actual,EV004,2023-07-07 15:38:00,2023-07-07 17:44:00,12.474,2023-07-07 15:40:00,2023-07-07 15:40:00,0.0,0,4.572934623562711e-12,-1.6502355038028327e-12,True,True,True,12.374999999995882,True,"For EV004, move the charging start from 15:40 to 15:40 and use an average of 6.6 kW until approximately 17:45. This shifts -0.0 kWh more charging into observed surplus intervals while targeting completion before the 17:44 departure."
20230707_pooled_F10_P100_S42,optimised_actual,EV005,2023-07-07 06:23:00,2023-07-07 15:50:00,8.969,2023-07-07 06:25:00,2023-07-07 07:35:00,70.0,109,59.30406823930279,51.60406822262928,True,True,True,48.482661400366354,True,"For EV005, move the charging start from 06:25 to 07:35 and use an average of 6.5 kW until approximately 15:50. This shifts 51.6 kWh more charging into observed surplus intervals while targeting completion before the 15:50 departure."
20230707_pooled_F10_P100_S42,optimised_actual,EV006,2023-07-07 07:33:00,2023-07-07 15:35:00,17.596,2023-07-07 07:35:00,2023-07-07 07:35:00,0.0,61,32.670752169686736,32.67075204894501,True,True,True,46.99967684405052,True,"For EV006, move the charging start from 07:35 to 07:35 and use an average of 6.5 kW until approximately 15:35. This shifts 32.7 kWh more charging into observed surplus intervals while targeting completion before the 15:35 departure."
20230707_pooled_F10_P100_S42,optimised_actual,EV007,2023-07-07 08:36:00,2023-07-07 15:52:00,13.875,2023-07-07 08:40:00,2023-07-07 08:40:00,0.0,59,31.85477533930541,31.854775244969705,True,True,True,42.54429772047274,True,"For EV007, move the charging start from 08:40 to 08:40 and use an average of 6.5 kW until approximately 15:55. This shifts 31.9 kWh more charging into observed surplus intervals while targeting completion before the 15:52 departure."
20230707_pooled_F10_P100_S42,optimised_actual,EV008,2023-07-07 06:21:00,2023-07-07 15:00:00,0.754,2023-07-07 06:25:00,2023-07-07 07:35:00,70.0,91,49.20725985724971,48.369482079471936,True,True,True,43.53253387152474,True,"For EV008, move the charging start from 06:25 to 07:35 and use an average of 6.5 kW until approximately 15:00. This shifts 48.4 kWh more charging into observed surplus intervals while targeting completion before the 15:00 departure."
20230707_pooled_F10_P100_S42,optimised_actual,EV009,2023-07-07 09:33:00,2023-07-07 19:16:00,5.673,2023-07-07 09:35:00,2023-07-07 09:35:00,0.0,71,38.215496385759884,38.215496348362755,True,True,True,40.066946713526484,True,"For EV009, move the charging start from 09:35 to 09:35 and use an average of 6.5 kW until approximately 16:25. This shifts 38.2 kWh more charging into observed surplus intervals while targeting completion before the 19:16 departure."
20230707_pooled_F10_P100_S42,optimised_actual,EV010,2023-07-07 08:24:00,2023-07-07 15:24:00,4.301,2023-07-07 08:25:00,2023-07-07 08:25:00,0.0,76,40.840879670669835,40.84087964306973,True,True,True,41.057791678762754,True,"For EV010, move the charging start from 08:25 to 08:25 and use an average of 6.5 kW until approximately 15:25. This shifts 40.8 kWh more charging into observed surplus intervals while targeting completion before the 15:24 departure."
20230707_pooled_F10_P100_S43,optimised_actual,EV001,2023-07-07 09:45:00,2023-07-07 17:17:00,4.957,2023-07-07 09:45:00,2023-07-07 09:45:00,0.0,70,38.174643107238666,38.17464300824559,True,True,True,39.31417870742103,True,"For EV001, move the charging start from 09:45 to 09:45 and use an average of 6.6 kW until approximately 16:25. This shifts 38.2 kWh more charging into observed surplus intervals while targeting completion before the 17:17 departure."
20230707_pooled_F10_P100_S43,optimised_actual,EV002,2023-07-07 08:17:00,2023-07-07 16:14:00,11.806,2023-07-07 08:20:00,2023-07-07 08:20:00,0.0,72,38.81423514635176,38.81423492004653,True,True,True,46.73881142804187,True,"For EV002, move the charging start from 08:20 to 08:20 and use an average of 6.6 kW until approximately 16:15. This shifts 38.8 kWh more charging into observed surplus intervals while targeting completion before the 16:14 departure."
20230707_pooled_F10_P100_S43,optimised_actual,EV003,2023-07-07 16:05:00,2023-07-07 18:03:00,11.681999999999999,2023-07-07 16:05:00,2023-07-07 16:05:00,0.0,2,0.03668277318111586,-3.3525400233713754e-09,True,True,True,11.682000000864434,True,"For EV003, move the charging start from 16:05 to 16:05 and use an average of 6.5 kW until approximately 18:05. This shifts -0.0 kWh more charging into observed surplus intervals while targeting completion before the 18:03 departure."
20230707_pooled_F10_P100_S43,optimised_actual,EV004,2023-07-07 12:55:00,2023-07-07 13:44:00,4.850999999999999,2023-07-07 12:55:00,2023-07-07 12:55:00,0.0,10,0.198296973832844,6.589799676248731e-05,True,True,True,4.851059308197084,True,"For EV004, move the charging start from 12:55 to 12:55 and use an average of 6.5 kW until approximately 13:45. This shifts 0.0 kWh more charging into observed surplus intervals while targeting completion before the 13:44 departure."
20230707_pooled_F10_P100_S43,optimised_actual,EV005,2023-07-07 06:34:00,2023-07-07 15:03:00,6.121,2023-07-07 06:35:00,2023-07-07 07:35:00,60.0,102,55.58107054048336,48.98107054048335,True,True,True,44.26396348643502,True,"For EV005, move the charging start from 06:35 to 07:35 and use an average of 6.6 kW until approximately 15:05. This shifts 49.0 kWh more charging into observed surplus intervals while targeting completion before the 15:03 departure."
20230707_pooled_F10_P100_S43,optimised_actual,EV006,2023-07-07 11:02:00,2023-07-07 17:54:00,10.007,2023-07-07 11:05:00,2023-07-07 11:05:00,0.0,44,23.764934923489164,23.76493472729294,True,True,True,31.395441254563647,True,"For EV006, move the charging start from 11:05 to 11:05 and use an average of 6.5 kW until approximately 16:25. This shifts 23.8 kWh more charging into observed surplus intervals while targeting completion before the 17:54 departure."
20230707_pooled_F10_P100_S43,optimised_actual,EV007,2023-07-07 06:44:00,2023-07-07 17:07:00,5.603,2023-07-07 06:45:00,2023-07-07 07:35:00,50.0,115,62.756234030419435,57.25623401191532,True,True,True,52.18361061072378,True,"For EV007, move the charging start from 06:45 to 07:35 and use an average of 6.6 kW until approximately 16:25. This shifts 57.3 kWh more charging into observed surplus intervals while targeting completion before the 17:07 departure."
20230707_pooled_F10_P100_S43,optimised_actual,EV008,2023-07-07 10:59:00,2023-07-07 17:58:00,0.847,2023-07-07 11:00:00,2023-07-07 11:00:00,0.0,64,34.491737332978595,34.49173732326154,True,True,True,31.88956359093538,True,"For EV008, move the charging start from 11:00 to 11:00 and use an average of 6.5 kW until approximately 16:25. This shifts 34.5 kWh more charging into observed surplus intervals while targeting completion before the 17:58 departure."
20230707_pooled_F10_P100_S43,optimised_actual,EV009,2023-07-07 07:54:00,2023-07-07 08:29:00,0.843,2023-07-07 07:55:00,2023-07-07 07:55:00,0.0,6,2.913333308792901,2.9133332972493995,True,True,True,3.4649999675244594,True,"For EV009, move the charging start from 07:55 to 07:55 and use an average of 6.6 kW until approximately 08:30. This shifts 2.9 kWh more charging into observed surplus intervals while targeting completion before the 08:29 departure."
20230707_pooled_F10_P100_S43,optimised_actual,EV010,2023-07-07 06:58:00,2023-07-07 18:33:00,0.731,2023-07-07 07:00:00,2023-07-07 07:35:00,35.0,108,58.79374346918502,57.9815212469628,True,True,True,52.18336912226652,True,"For EV010, move the charging start from 07:00 to 07:35 and use an average of 6.6 kW until approximately 16:25. This shifts 58.0 kWh more charging into observed surplus intervals while targeting completion before the 18:33 departure."
20230707_pooled_F25_P025_S42,optimised_actual,EV001,2023-07-07 13:20:00,2023-07-07 15:38:00,0.883,2023-07-07 13:20:00,2023-07-07 13:20:00,0.0,27,14.418888844662641,14.41888884005566,True,True,True,13.859999956050094,True,"For EV001, move the charging start from 13:20 to 13:20 and use an average of 6.6 kW until approximately 15:40. This shifts 14.4 kWh more charging into observed surplus intervals while targeting completion before the 15:38 departure."
20230707_pooled_F25_P025_S42,optimised_actual,EV002,2023-07-07 11:57:00,2023-07-07 15:35:00,13.842,2023-07-07 12:00:00,2023-07-07 12:00:00,0.0,16,8.270000017828854,8.269999924532655,True,True,True,21.284999932079398,True,"For EV002, move the charging start from 12:00 to 12:00 and use an average of 6.6 kW until approximately 15:35. This shifts 8.3 kWh more charging into observed surplus intervals while targeting completion before the 15:35 departure."
20230707_pooled_F25_P025_S42,optimised_actual,EV003,2023-07-07 15:51:00,2023-07-07 20:37:00,28.313999999999997,2023-07-07 15:55:00,2023-07-07 15:55:00,0.0,0,1.0594636279392944e-11,-1.119992987241858e-12,True,True,True,28.21499999999046,True,"For EV003, move the charging start from 15:55 to 15:55 and use an average of 6.6 kW until approximately 20:40. This shifts -0.0 kWh more charging into observed surplus intervals while targeting completion before the 20:37 departure."
20230707_pooled_F25_P025_S42,optimised_actual,EV004,2023-07-07 15:38:00,2023-07-07 17:44:00,12.474,2023-07-07 15:40:00,2023-07-07 15:40:00,0.0,0,4.6475416108175214e-12,-1.6786572132332367e-12,True,True,True,12.374999999995815,True,"For EV004, move the charging start from 15:40 to 15:40 and use an average of 6.6 kW until approximately 17:45. This shifts -0.0 kWh more charging into observed surplus intervals while targeting completion before the 17:44 departure."
20230707_pooled_F25_P025_S42,optimised_actual,EV005,2023-07-07 06:23:00,2023-07-07 15:50:00,8.969,2023-07-07 06:25:00,2023-07-07 07:35:00,70.0,109,59.8844442914651,52.184444275185726,True,True,True,49.00499984766715,True,"For EV005, move the charging start from 06:25 to 07:35 and use an average of 6.6 kW until approximately 15:50. This shifts 52.2 kWh more charging into observed surplus intervals while targeting completion before the 15:50 departure."
20230707_pooled_F25_P025_S42,optimised_actual,EV006,2023-07-07 07:33:00,2023-07-07 15:35:00,17.596,2023-07-07 07:35:00,2023-07-07 07:35:00,0.0,61,33.24888884474245,33.24888872423336,True,True,True,47.519999851810034,True,"For EV006, move the charging start from 07:35 to 07:35 and use an average of 6.6 kW until approximately 15:35. This shifts 33.2 kWh more charging into observed surplus intervals while targeting completion before the 15:35 departure."
20230707_pooled_F25_P025_S43,optimised_actual,EV001,2023-07-07 09:45:00,2023-07-07 17:17:00,4.957,2023-07-07 09:45:00,2023-07-07 09:45:00,0.0,70,38.49220511465693,38.492199369517806,True,True,True,39.59997943256602,True,"For EV001, move the charging start from 09:45 to 09:45 and use an average of 6.6 kW until approximately 16:25. This shifts 38.5 kWh more charging into observed surplus intervals while targeting completion before the 17:17 departure."
20230707_pooled_F25_P025_S43,optimised_actual,EV002,2023-07-07 08:17:00,2023-07-07 16:14:00,11.806,2023-07-07 08:20:00,2023-07-07 08:20:00,0.0,72,39.13220832873098,39.13219521423399,True,True,True,47.024975692810585,True,"For EV002, move the charging start from 08:20 to 08:20 and use an average of 6.6 kW until approximately 16:15. This shifts 39.1 kWh more charging into observed surplus intervals while targeting completion before the 16:14 departure."
20230707_pooled_F25_P025_S43,optimised_actual,EV003,2023-07-07 16:05:00,2023-07-07 18:03:00,11.681999999999999,2023-07-07 16:05:00,2023-07-07 16:05:00,0.0,18,0.41087741702253205,-1.826521489611821e-07,True,True,True,11.682000049154528,True,"For EV003, move the charging start from 16:05 to 16:05 and use an average of 6.5 kW until approximately 18:05. This shifts -0.0 kWh more charging into observed surplus intervals while targeting completion before the 18:03 departure."
20230707_pooled_F25_P025_S43,optimised_actual,EV004,2023-07-07 12:55:00,2023-07-07 13:44:00,4.850999999999999,2023-07-07 12:55:00,2023-07-07 12:55:00,0.0,1,0.11000206011280429,0.10999736874803379,True,True,True,4.949997631873229,True,"For EV004, move the charging start from 12:55 to 12:55 and use an average of 6.6 kW until approximately 13:45. This shifts 0.1 kWh more charging into observed surplus intervals while targeting completion before the 13:44 departure."
20230707_pooled_F25_P025_S43,optimised_actual,EV005,2023-07-07 06:34:00,2023-07-07 15:03:00,6.121,2023-07-07 06:35:00,2023-07-07 07:35:00,60.0,102,55.89886330462204,49.29886330462204,True,True,True,44.54997697415983,True,"For EV005, move the charging start from 06:35 to 07:35 and use an average of 6.6 kW until approximately 15:05. This shifts 49.3 kWh more charging into observed surplus intervals while targeting completion before the 15:03 departure."
20230707_pooled_F25_P025_S43,optimised_actual,EV006,2023-07-07 11:02:00,2023-07-07 17:54:00,10.007,2023-07-07 11:05:00,2023-07-07 11:05:00,0.0,44,24.0811041872768,24.081092795007784,True,True,True,31.679983515507008,True,"For EV006, move the charging start from 11:05 to 11:05 and use an average of 6.6 kW until approximately 16:25. This shifts 24.1 kWh more charging into observed surplus intervals while targeting completion before the 17:54 departure."
20230707_pooled_F25_P050_S42,optimised_actual,EV001,2023-07-07 13:20:00,2023-07-07 15:38:00,0.883,2023-07-07 13:20:00,2023-07-07 13:20:00,0.0,27,14.418888830617215,14.41888882459062,True,True,True,13.859999942131559,True,"For EV001, move the charging start from 13:20 to 13:20 and use an average of 6.6 kW until approximately 15:40. This shifts 14.4 kWh more charging into observed surplus intervals while targeting completion before the 15:38 departure."
20230707_pooled_F25_P050_S42,optimised_actual,EV002,2023-07-07 11:57:00,2023-07-07 15:35:00,13.842,2023-07-07 12:00:00,2023-07-07 12:00:00,0.0,16,8.27000002216508,8.269999903763619,True,True,True,21.28499991338727,True,"For EV002, move the charging start from 12:00 to 12:00 and use an average of 6.6 kW until approximately 15:35. This shifts 8.3 kWh more charging into observed surplus intervals while targeting completion before the 15:35 departure."
20230707_pooled_F25_P050_S42,optimised_actual,EV003,2023-07-07 15:51:00,2023-07-07 20:37:00,28.313999999999997,2023-07-07 15:55:00,2023-07-07 15:55:00,0.0,0,1.3683424763636745e-11,-1.446398556481654e-12,True,True,True,28.214999999987686,True,"For EV003, move the charging start from 15:55 to 15:55 and use an average of 6.6 kW until approximately 20:40. This shifts -0.0 kWh more charging into observed surplus intervals while targeting completion before the 20:37 departure."
20230707_pooled_F25_P050_S42,optimised_actual,EV004,2023-07-07 15:38:00,2023-07-07 17:44:00,12.474,2023-07-07 15:40:00,2023-07-07 15:40:00,0.0,0,5.977514779450151e-12,-2.157385381451604e-12,True,True,True,12.374999999994618,True,"For EV004, move the charging start from 15:40 to 15:40 and use an average of 6.6 kW until approximately 17:45. This shifts -0.0 kWh more charging into observed surplus intervals while targeting completion before the 17:44 departure."
20230707_pooled_F25_P050_S42,optimised_actual,EV005,2023-07-07 06:23:00,2023-07-07 15:50:00,8.969,2023-07-07 06:25:00,2023-07-07 07:35:00,70.0,109,59.8844442431248,52.18444421802462,True,True,True,49.00499979622216,True,"For EV005, move the charging start from 06:25 to 07:35 and use an average of 6.6 kW until approximately 15:50. This shifts 52.2 kWh more charging into observed surplus intervals while targeting completion before the 15:50 departure."
20230707_pooled_F25_P050_S42,optimised_actual,EV006,2023-07-07 07:33:00,2023-07-07 15:35:00,17.596,2023-07-07 07:35:00,2023-07-07 07:35:00,0.0,61,33.248888833528646,33.248888669085225,True,True,True,47.51999980217671,True,"For EV006, move the charging start from 07:35 to 07:35 and use an average of 6.6 kW until approximately 15:35. This shifts 33.2 kWh more charging into observed surplus intervals while targeting completion before the 15:35 departure."
20230707_pooled_F25_P050_S42,optimised_actual,EV007,2023-07-07 08:36:00,2023-07-07 15:52:00,13.875,2023-07-07 08:40:00,2023-07-07 08:40:00,0.0,59,32.43333326365662,32.43333313746315,True,True,True,43.064999823716846,True,"For EV007, move the charging start from 08:40 to 08:40 and use an average of 6.6 kW until approximately 15:55. This shifts 32.4 kWh more charging into observed surplus intervals while targeting completion before the 15:52 departure."
20230707_pooled_F25_P050_S42,optimised_actual,EV008,2023-07-07 06:21:00,2023-07-07 15:00:00,0.754,2023-07-07 06:25:00,2023-07-07 07:35:00,70.0,91,49.78777757538956,48.94999979761178,True,True,True,44.05499981785061,True,"For EV008, move the charging start from 06:25 to 07:35 and use an average of 6.6 kW until approximately 15:00. This shifts 48.9 kWh more charging into observed surplus intervals while targeting completion before the 15:00 departure."
20230707_pooled_F25_P050_S42,optimised_actual,EV009,2023-07-07 09:33:00,2023-07-07 19:16:00,5.673,2023-07-07 09:35:00,2023-07-07 09:35:00,0.0,71,38.796666529798756,38.796666479945664,True,True,True,40.589999831951104,True,"For EV009, move the charging start from 09:35 to 09:35 and use an average of 6.6 kW until approximately 16:25. This shifts 38.8 kWh more charging into observed surplus intervals while targeting completion before the 19:16 departure."
20230707_pooled_F25_P050_S42,optimised_actual,EV010,2023-07-07 08:24:00,2023-07-07 15:24:00,4.301,2023-07-07 08:25:00,2023-07-07 08:25:00,0.0,76,41.42111096070607,41.421110922922,True,True,True,41.579999830629795,True,"For EV010, move the charging start from 08:25 to 08:25 and use an average of 6.6 kW until approximately 15:25. This shifts 41.4 kWh more charging into observed surplus intervals while targeting completion before the 15:24 departure."
20230707_pooled_F25_P050_S42,optimised_actual,EV011,2023-07-07 08:54:00,2023-07-07 17:54:00,7.108,2023-07-07 08:55:00,2023-07-07 08:55:00,0.0,76,41.60222208126754,41.60222201747975,True,True,True,44.549999815731766,True,"For EV011, move the charging start from 08:55 to 08:55 and use an average of 6.6 kW until approximately 16:25. This shifts 41.6 kWh more charging into observed surplus intervals while targeting completion before the 17:54 departure."
20230707_pooled_F25_P050_S42,optimised_actual,EV012,2023-07-07 09:26:00,2023-07-07 17:24:00,9.272,2023-07-07 09:30:00,2023-07-07 09:30:00,0.0,65,35.347777669585476,35.34777758883743,True,True,True,41.084999829953695,True,"For EV012, move the charging start from 09:30 to 09:30 and use an average of 6.6 kW until approximately 16:25. This shifts 35.3 kWh more charging into observed surplus intervals while targeting completion before the 17:24 departure."
20230707_pooled_F25_P050_S43,optimised_actual,EV001,2023-07-07 09:45:00,2023-07-07 17:17:00,4.957,2023-07-07 09:45:00,2023-07-07 09:45:00,0.0,70,38.44085170580851,38.44085161982195,True,True,True,39.55376645783975,True,"For EV001, move the charging start from 09:45 to 09:45 and use an average of 6.6 kW until approximately 16:25. This shifts 38.4 kWh more charging into observed surplus intervals while targeting completion before the 17:17 departure."
20230707_pooled_F25_P050_S43,optimised_actual,EV002,2023-07-07 08:17:00,2023-07-07 16:14:00,11.806,2023-07-07 08:20:00,2023-07-07 08:20:00,0.0,72,39.13222201479511,39.13222181822218,True,True,True,47.02499963639996,True,"For EV002, move the charging start from 08:20 to 08:20 and use an average of 6.6 kW until approximately 16:15. This shifts 39.1 kWh more charging into observed surplus intervals while targeting completion before the 16:14 departure."
20230707_pooled_F25_P050_S43,optimised_actual,EV003,2023-07-07 16:05:00,2023-07-07 18:03:00,11.681999999999999,2023-07-07 16:05:00,2023-07-07 16:05:00,0.0,2,0.036684952952988195,-2.9612023944025623e-09,True,True,True,11.682000000752172,True,"For EV003, move the charging start from 16:05 to 16:05 and use an average of 6.5 kW until approximately 18:05. This shifts -0.0 kWh more charging into observed surplus intervals while targeting completion before the 18:03 departure."
20230707_pooled_F25_P050_S43,optimised_actual,EV004,2023-07-07 12:55:00,2023-07-07 13:44:00,4.850999999999999,2023-07-07 12:55:00,2023-07-07 12:55:00,0.0,1,0.11000003376212482,0.10999995620889624,True,True,True,4.949999960588005,True,"For EV004, move the charging start from 12:55 to 12:55 and use an average of 6.6 kW until approximately 13:45. This shifts 0.1 kWh more charging into observed surplus intervals while targeting completion before the 13:44 departure."
20230707_pooled_F25_P050_S43,optimised_actual,EV005,2023-07-07 06:34:00,2023-07-07 15:03:00,6.121,2023-07-07 06:35:00,2023-07-07 07:35:00,60.0,102,55.8988884907256,49.298888490725595,True,True,True,44.54999964165304,True,"For EV005, move the charging start from 06:35 to 07:35 and use an average of 6.6 kW until approximately 15:05. This shifts 49.3 kWh more charging into observed surplus intervals while targeting completion before the 15:03 departure."
20230707_pooled_F25_P050_S43,optimised_actual,EV006,2023-07-07 11:02:00,2023-07-07 17:54:00,10.007,2023-07-07 11:05:00,2023-07-07 11:05:00,0.0,44,24.029765771090286,24.029765600705524,True,True,True,31.633789040634973,True,"For EV006, move the charging start from 11:05 to 11:05 and use an average of 6.6 kW until approximately 16:25. This shifts 24.0 kWh more charging into observed surplus intervals while targeting completion before the 17:54 departure."
20230707_pooled_F25_P050_S43,optimised_actual,EV007,2023-07-07 06:44:00,2023-07-07 17:07:00,5.603,2023-07-07 06:45:00,2023-07-07 07:35:00,50.0,115,63.02306296558246,57.523062925029,True,True,True,52.4237566325261,True,"For EV007, move the charging start from 06:45 to 07:35 and use an average of 6.6 kW until approximately 16:25. This shifts 57.5 kWh more charging into observed surplus intervals while targeting completion before the 17:07 departure."
20230707_pooled_F25_P050_S43,optimised_actual,EV008,2023-07-07 10:59:00,2023-07-07 17:58:00,0.847,2023-07-07 11:00:00,2023-07-07 11:00:00,0.0,64,34.75751989350588,34.757519885066046,True,True,True,32.128767896559445,True,"For EV008, move the charging start from 11:00 to 11:00 and use an average of 6.6 kW until approximately 16:25. This shifts 34.8 kWh more charging into observed surplus intervals while targeting completion before the 17:58 departure."
20230707_pooled_F25_P050_S43,optimised_actual,EV009,2023-07-07 07:54:00,2023-07-07 08:29:00,0.843,2023-07-07 07:55:00,2023-07-07 07:55:00,0.0,6,2.9133333120166207,2.913333301988446,True,True,True,3.464999971789601,True,"For EV009, move the charging start from 07:55 to 07:55 and use an average of 6.6 kW until approximately 08:30. This shifts 2.9 kWh more charging into observed surplus intervals while targeting completion before the 08:29 departure."
20230707_pooled_F25_P050_S43,optimised_actual,EV010,2023-07-07 06:58:00,2023-07-07 18:33:00,0.731,2023-07-07 07:00:00,2023-07-07 07:35:00,35.0,108,59.06083631025861,58.24861408803639,True,True,True,52.423752679232756,True,"For EV010, move the charging start from 07:00 to 07:35 and use an average of 6.6 kW until approximately 16:25. This shifts 58.2 kWh more charging into observed surplus intervals while targeting completion before the 18:33 departure."
20230707_pooled_F25_P050_S43,optimised_actual,EV011,2023-07-07 07:31:00,2023-07-07 20:03:00,27.122,2023-07-07 07:35:00,2023-07-07 07:35:00,0.0,52,28.11308617431107,28.113085684275088,True,True,True,52.42377711584757,True,"For EV011, move the charging start from 07:35 to 07:35 and use an average of 6.6 kW until approximately 16:25. This shifts 28.1 kWh more charging into observed surplus intervals while targeting completion before the 20:03 departure."
20230707_pooled_F25_P050_S43,optimised_actual,EV012,2023-07-07 06:56:00,2023-07-07 17:23:00,5.888,2023-07-07 07:00:00,2023-07-07 07:35:00,35.0,109,59.40639662460618,55.55639655988693,True,True,True,52.42375690389824,True,"For EV012, move the charging start from 07:00 to 07:35 and use an average of 6.6 kW until approximately 16:25. This shifts 55.6 kWh more charging into observed surplus intervals while targeting completion before the 17:23 departure."
20230707_pooled_F25_P075_S42,optimised_actual,EV001,2023-07-07 13:20:00,2023-07-07 15:38:00,0.883,2023-07-07 13:20:00,2023-07-07 13:20:00,0.0,27,14.418888534204928,14.418888501886928,True,True,True,13.859999651698235,True,"For EV001, move the charging start from 13:20 to 13:20 and use an average of 6.6 kW until approximately 15:40. This shifts 14.4 kWh more charging into observed surplus intervals while targeting completion before the 15:38 departure."
20230707_pooled_F25_P075_S42,optimised_actual,EV002,2023-07-07 11:57:00,2023-07-07 15:35:00,13.842,2023-07-07 12:00:00,2023-07-07 12:00:00,0.0,16,8.270000152008897,8.269999403317613,True,True,True,21.284999462985862,True,"For EV002, move the charging start from 12:00 to 12:00 and use an average of 6.6 kW until approximately 15:35. This shifts 8.3 kWh more charging into observed surplus intervals while targeting completion before the 15:35 departure."
20230707_pooled_F25_P075_S42,optimised_actual,EV003,2023-07-07 15:51:00,2023-07-07 20:37:00,28.313999999999997,2023-07-07 15:55:00,2023-07-07 15:55:00,0.0,0,8.603717738253636e-11,-9.050982185954126e-12,True,True,True,28.21499999992256,True,"For EV003, move the charging start from 15:55 to 15:55 and use an average of 6.6 kW until approximately 20:40. This shifts -0.0 kWh more charging into observed surplus intervals while targeting completion before the 20:37 departure."
20230707_pooled_F25_P075_S42,optimised_actual,EV004,2023-07-07 15:38:00,2023-07-07 17:44:00,12.474,2023-07-07 15:40:00,2023-07-07 15:40:00,0.0,0,3.7729153135046545e-11,-1.3576695323536114e-11,True,True,True,12.374999999966043,True,"For EV004, move the charging start from 15:40 to 15:40 and use an average of 6.6 kW until approximately 17:45. This shifts -0.0 kWh more charging into observed surplus intervals while targeting completion before the 17:44 departure."
20230707_pooled_F25_P075_S42,optimised_actual,EV005,2023-07-07 06:23:00,2023-07-07 15:50:00,8.969,2023-07-07 06:25:00,2023-07-07 07:35:00,70.0,109,59.88444344571887,52.184442831530774,True,True,True,49.00499854837769,True,"For EV005, move the charging start from 06:25 to 07:35 and use an average of 6.6 kW until approximately 15:50. This shifts 52.2 kWh more charging into observed surplus intervals while targeting completion before the 15:50 departure."
20230707_pooled_F25_P075_S42,optimised_actual,EV006,2023-07-07 07:33:00,2023-07-07 15:35:00,17.596,2023-07-07 07:35:00,2023-07-07 07:35:00,0.0,61,33.248888780809764,33.248887317501065,True,True,True,47.51999858575097,True,"For EV006, move the charging start from 07:35 to 07:35 and use an average of 6.6 kW until approximately 15:35. This shifts 33.2 kWh more charging into observed surplus intervals while targeting completion before the 15:35 departure."
20230707_pooled_F25_P075_S42,optimised_actual,EV007,2023-07-07 08:36:00,2023-07-07 15:52:00,13.875,2023-07-07 08:40:00,2023-07-07 08:40:00,0.0,59,32.43333290689453,32.433332137056055,True,True,True,43.064998923350444,True,"For EV007, move the charging start from 08:40 to 08:40 and use an average of 6.6 kW until approximately 15:55. This shifts 32.4 kWh more charging into observed surplus intervals while targeting completion before the 15:52 departure."
20230707_pooled_F25_P075_S42,optimised_actual,EV008,2023-07-07 06:21:00,2023-07-07 15:00:00,0.754,2023-07-07 06:25:00,2023-07-07 07:35:00,70.0,91,49.78777630371087,48.9499985259331,True,True,True,44.05499867333979,True,"For EV008, move the charging start from 06:25 to 07:35 and use an average of 6.6 kW until approximately 15:00. This shifts 48.9 kWh more charging into observed surplus intervals while targeting completion before the 15:00 departure."
20230707_pooled_F25_P075_S42,optimised_actual,EV009,2023-07-07 09:33:00,2023-07-07 19:16:00,5.673,2023-07-07 09:35:00,2023-07-07 09:35:00,0.0,71,38.6768216591027,38.67682135465348,True,True,True,40.482139219188134,True,"For EV009, move the charging start from 09:35 to 09:35 and use an average of 6.6 kW until approximately 16:25. This shifts 38.7 kWh more charging into observed surplus intervals while targeting completion before the 19:16 departure."
20230707_pooled_F25_P075_S42,optimised_actual,EV010,2023-07-07 08:24:00,2023-07-07 15:24:00,4.301,2023-07-07 08:25:00,2023-07-07 08:25:00,0.0,76,41.421110180078664,41.42110995448803,True,True,True,41.57999895903923,True,"For EV010, move the charging start from 08:25 to 08:25 and use an average of 6.6 kW until approximately 15:25. This shifts 41.4 kWh more charging into observed surplus intervals while targeting completion before the 15:24 departure."
20230707_pooled_F25_P075_S42,optimised_actual,EV011,2023-07-07 08:54:00,2023-07-07 17:54:00,7.108,2023-07-07 08:55:00,2023-07-07 08:55:00,0.0,76,41.48234450960328,41.48234412213148,True,True,True,44.442109709918334,True,"For EV011, move the charging start from 08:55 to 08:55 and use an average of 6.6 kW until approximately 16:25. This shifts 41.5 kWh more charging into observed surplus intervals while targeting completion before the 17:54 departure."
20230707_pooled_F25_P075_S42,optimised_actual,EV012,2023-07-07 09:26:00,2023-07-07 17:24:00,9.272,2023-07-07 09:30:00,2023-07-07 09:30:00,0.0,65,35.227908463715735,35.22790796877872,True,True,True,40.97711717190086,True,"For EV012, move the charging start from 09:30 to 09:30 and use an average of 6.6 kW until approximately 16:25. This shifts 35.2 kWh more charging into observed surplus intervals while targeting completion before the 17:24 departure."
20230707_pooled_F25_P075_S42,optimised_actual,EV013,2023-07-07 08:32:00,2023-07-07 15:10:00,6.884,2023-07-07 08:35:00,2023-07-07 08:35:00,0.0,66,35.80111038555864,35.80111002391,True,True,True,39.104999021519,True,"For EV013, move the charging start from 08:35 to 08:35 and use an average of 6.6 kW until approximately 15:10. This shifts 35.8 kWh more charging into observed surplus intervals while targeting completion before the 15:10 departure."
20230707_pooled_F25_P075_S42,optimised_actual,EV014,2023-07-07 06:20:00,2023-07-07 14:08:00,12.944,2023-07-07 06:20:00,2023-07-07 07:35:00,75.0,83,45.567777246521395,37.3177764404663,True,True,True,39.10499879641968,True,"For EV014, move the charging start from 06:20 to 07:35 and use an average of 6.6 kW until approximately 14:10. This shifts 37.3 kWh more charging into observed surplus intervals while targeting completion before the 14:08 departure."
20230707_pooled_F25_P075_S42,optimised_actual,EV015,2023-07-07 06:23:00,2023-07-07 13:07:00,14.904,2023-07-07 06:25:00,2023-07-07 07:35:00,70.0,65,35.68999976572219,27.98999882596616,True,True,True,33.164998943369554,True,"For EV015, move the charging start from 06:25 to 07:35 and use an average of 6.6 kW until approximately 13:10. This shifts 28.0 kWh more charging into observed surplus intervals while targeting completion before the 13:07 departure."
20230707_pooled_F25_P075_S42,optimised_actual,EV016,2023-07-07 15:56:00,2023-07-07 17:24:00,8.175,2023-07-07 16:00:00,2023-07-07 16:00:00,0.0,2,0.049381106342657646,-1.182247633124689e-08,True,True,True,8.175000002430723,True,"For EV016, move the charging start from 16:00 to 16:00 and use an average of 6.4 kW until approximately 17:25. This shifts -0.0 kWh more charging into observed surplus intervals while targeting completion before the 17:24 departure."
20230707_pooled_F25_P075_S42,optimised_actual,EV017,2023-07-07 16:09:00,2023-07-07 17:21:00,5.211,2023-07-07 16:10:00,2023-07-07 16:10:00,0.0,7,0.664784213250634,-7.351643960262777e-09,True,True,True,5.210998941564836,True,"For EV017, move the charging start from 16:10 to 16:10 and use an average of 5.3 kW until approximately 17:15. This shifts -0.0 kWh more charging into observed surplus intervals while targeting completion before the 17:21 departure."
20230707_pooled_F25_P075_S42,optimised_actual,EV018,2023-07-07 05:51:00,2023-07-07 13:06:00,17.153,2023-07-07 05:55:00,2023-07-07 07:35:00,100.0,73,39.79111082611465,28.7911099370909,True,True,True,33.16499894338182,True,"For EV018, move the charging start from 05:55 to 07:35 and use an average of 6.6 kW until approximately 13:10. This shifts 28.8 kWh more charging into observed surplus intervals while targeting completion before the 13:06 departure."
20230707_pooled_F25_P075_S42,optimised_actual,EV019,2023-07-07 15:33:00,2023-07-07 17:38:00,4.997,2023-07-07 15:35:00,2023-07-07 15:35:00,0.0,0,3.7367132726950913e-07,-2.540839538767159e-08,True,True,True,4.996999663695805,True,"For EV019, move the charging start from 15:35 to 15:35 and use an average of 6.1 kW until approximately 16:30. This shifts -0.0 kWh more charging into observed surplus intervals while targeting completion before the 17:38 departure."
20230707_pooled_F25_P075_S43,optimised_actual,EV001,2023-07-07 09:45:00,2023-07-07 17:17:00,4.957,2023-07-07 09:45:00,2023-07-07 09:45:00,0.0,70,38.26750585077889,38.267504578593474,True,True,True,39.39775412073413,True,"For EV001, move the charging start from 09:45 to 09:45 and use an average of 6.6 kW until approximately 16:25. This shifts 38.3 kWh more charging into observed surplus intervals while targeting completion before the 17:17 departure."
20230707_pooled_F25_P075_S43,optimised_actual,EV002,2023-07-07 08:17:00,2023-07-07 16:14:00,11.806,2023-07-07 08:20:00,2023-07-07 08:20:00,0.0,72,39.132219124723335,39.132216216399286,True,True,True,47.02499459475937,True,"For EV002, move the charging start from 08:20 to 08:20 and use an average of 6.6 kW until approximately 16:15. This shifts 39.1 kWh more charging into observed surplus intervals while targeting completion before the 16:14 departure."
20230707_pooled_F25_P075_S43,optimised_actual,EV003,2023-07-07 16:05:00,2023-07-07 18:03:00,11.681999999999999,2023-07-07 16:05:00,2023-07-07 16:05:00,0.0,4,0.21710979237207123,-4.494480476679996e-08,True,True,True,11.682000011203922,True,"For EV003, move the charging start from 16:05 to 16:05 and use an average of 6.5 kW until approximately 18:05. This shifts -0.0 kWh more charging into observed surplus intervals while targeting completion before the 18:03 departure."
20230707_pooled_F25_P075_S43,optimised_actual,EV004,2023-07-07 12:55:00,2023-07-07 13:44:00,4.850999999999999,2023-07-07 12:55:00,2023-07-07 12:55:00,0.0,1,0.11000048348384586,0.1099993738544951,True,True,True,4.949999436469044,True,"For EV004, move the charging start from 12:55 to 12:55 and use an average of 6.6 kW until approximately 13:45. This shifts 0.1 kWh more charging into observed surplus intervals while targeting completion before the 13:44 departure."
20230707_pooled_F25_P075_S43,optimised_actual,EV005,2023-07-07 06:34:00,2023-07-07 15:03:00,6.121,2023-07-07 06:35:00,2023-07-07 07:35:00,60.0,102,55.84089172387796,49.240891723877965,True,True,True,44.49780255149017,True,"For EV005, move the charging start from 06:35 to 07:35 and use an average of 6.6 kW until approximately 15:05. This shifts 49.2 kWh more charging into observed surplus intervals while targeting completion before the 15:03 departure."
20230707_pooled_F25_P075_S43,optimised_actual,EV006,2023-07-07 11:02:00,2023-07-07 17:54:00,10.007,2023-07-07 11:05:00,2023-07-07 11:05:00,0.0,44,23.856976345761446,23.856973821181413,True,True,True,31.478276439063265,True,"For EV006, move the charging start from 11:05 to 11:05 and use an average of 6.6 kW until approximately 16:25. This shifts 23.9 kWh more charging into observed surplus intervals while targeting completion before the 17:54 departure."
20230707_pooled_F25_P075_S43,optimised_actual,EV007,2023-07-07 06:44:00,2023-07-07 17:07:00,5.603,2023-07-07 06:45:00,2023-07-07 07:35:00,50.0,116,62.907463717968824,57.2914556527919,True,True,True,52.21531008751271,True,"For EV007, move the charging start from 06:45 to 07:35 and use an average of 6.6 kW until approximately 16:25. This shifts 57.3 kWh more charging into observed surplus intervals while targeting completion before the 17:07 departure."
20230707_pooled_F25_P075_S43,optimised_actual,EV008,2023-07-07 10:59:00,2023-07-07 17:58:00,0.847,2023-07-07 11:00:00,2023-07-07 11:00:00,0.0,64,34.58428769179589,34.584287566891405,True,True,True,31.972858810202265,True,"For EV008, move the charging start from 11:00 to 11:00 and use an average of 6.6 kW until approximately 16:25. This shifts 34.6 kWh more charging into observed surplus intervals while targeting completion before the 17:58 departure."
20230707_pooled_F25_P075_S43,optimised_actual,EV009,2023-07-07 07:54:00,2023-07-07 08:29:00,0.843,2023-07-07 07:55:00,2023-07-07 07:55:00,0.0,6,2.9133329946278796,2.9133328697748833,True,True,True,3.464999582797395,True,"For EV009, move the charging start from 07:55 to 07:55 and use an average of 6.6 kW until approximately 08:30. This shifts 2.9 kWh more charging into observed surplus intervals while targeting completion before the 08:29 departure."
20230707_pooled_F25_P075_S43,optimised_actual,EV010,2023-07-07 06:58:00,2023-07-07 18:33:00,0.731,2023-07-07 07:00:00,2023-07-07 07:35:00,35.0,108,58.82916005136178,58.01693782913955,True,True,True,52.2152440462256,True,"For EV010, move the charging start from 07:00 to 07:35 and use an average of 6.6 kW until approximately 16:25. This shifts 58.0 kWh more charging into observed surplus intervals while targeting completion before the 18:33 departure."
20230707_pooled_F25_P075_S43,optimised_actual,EV011,2023-07-07 07:31:00,2023-07-07 20:03:00,27.122,2023-07-07 07:35:00,2023-07-07 07:35:00,0.0,53,27.998009712376785,27.88205948986811,True,True,True,52.21585354088129,True,"For EV011, move the charging start from 07:35 to 07:35 and use an average of 6.6 kW until approximately 16:25. This shifts 27.9 kWh more charging into observed surplus intervals while targeting completion before the 20:03 departure."
20230707_pooled_F25_P075_S43,optimised_actual,EV012,2023-07-07 06:56:00,2023-07-07 17:23:00,5.888,2023-07-07 07:00:00,2023-07-07 07:35:00,35.0,110,59.29080150947161,55.324793519581775,True,True,True,52.215314167623596,True,"For EV012, move the charging start from 07:00 to 07:35 and use an average of 6.6 kW until approximately 16:25. This shifts 55.3 kWh more charging into observed surplus intervals while targeting completion before the 17:23 departure."
20230707_pooled_F25_P075_S43,optimised_actual,EV013,2023-07-07 05:51:00,2023-07-07 14:09:00,13.49,2023-07-07 05:55:00,2023-07-07 07:35:00,100.0,93,50.51906950558547,39.403143647520054,True,True,True,39.05282928276806,True,"For EV013, move the charging start from 05:55 to 07:35 and use an average of 6.6 kW until approximately 14:10. This shifts 39.4 kWh more charging into observed surplus intervals while targeting completion before the 14:09 departure."
20230707_pooled_F25_P075_S43,optimised_actual,EV014,2023-07-07 07:34:00,2023-07-07 16:42:00,15.996,2023-07-07 07:35:00,2023-07-07 07:35:00,0.0,75,40.35988164390505,40.24388532955186,True,True,True,52.21549679659668,True,"For EV014, move the charging start from 07:35 to 07:35 and use an average of 6.6 kW until approximately 16:25. This shifts 40.2 kWh more charging into observed surplus intervals while targeting completion before the 16:42 departure."
20230707_pooled_F25_P075_S43,optimised_actual,EV015,2023-07-07 07:48:00,2023-07-07 12:48:00,8.259,2023-07-07 07:50:00,2023-07-07 07:50:00,0.0,44,23.823331583132532,23.82332954899388,True,True,True,29.69999659409449,True,"For EV015, move the charging start from 07:50 to 07:50 and use an average of 6.6 kW until approximately 12:50. This shifts 23.8 kWh more charging into observed surplus intervals while targeting completion before the 12:48 departure."
20230707_pooled_F25_P075_S43,optimised_actual,EV016,2023-07-07 15:41:00,2023-07-07 19:49:00,8.615,2023-07-07 15:45:00,2023-07-07 15:45:00,0.0,27,4.294164685193658,-8.773566051445414e-08,True,True,True,8.615000011829272,True,"For EV016, move the charging start from 15:45 to 15:45 and use an average of 2.3 kW until approximately 19:50. This shifts -0.0 kWh more charging into observed surplus intervals while targeting completion before the 19:49 departure."
20230707_pooled_F25_P075_S43,optimised_actual,EV017,2023-07-07 08:13:00,2023-07-07 20:58:00,40.017,2023-07-07 08:15:00,2023-07-07 08:15:00,0.0,18,9.224708345884736,9.224698289027401,True,True,True,48.31922846012467,True,"For EV017, move the charging start from 08:15 to 08:15 and use an average of 6.6 kW until approximately 16:25. This shifts 9.2 kWh more charging into observed surplus intervals while targeting completion before the 20:58 departure."
20230707_pooled_F25_P075_S43,optimised_actual,EV018,2023-07-07 07:59:00,2023-07-07 15:35:00,5.902,2023-07-07 08:00:00,2023-07-07 08:00:00,0.0,80,43.492217875902256,43.49221646608458,True,True,True,45.04499481947612,True,"For EV018, move the charging start from 08:00 to 08:00 and use an average of 6.6 kW until approximately 15:35. This shifts 43.5 kWh more charging into observed surplus intervals while targeting completion before the 15:35 departure."
20230707_pooled_F25_P075_S43,optimised_actual,EV019,2023-07-07 05:45:00,2023-07-07 15:33:00,10.165,2023-07-07 05:45:00,2023-07-07 07:35:00,110.0,117,64.0364488002107,52.74200435576627,True,True,True,47.467803920189645,True,"For EV019, move the charging start from 05:45 to 07:35 and use an average of 6.6 kW until approximately 15:35. This shifts 52.7 kWh more charging into observed surplus intervals while targeting completion before the 15:33 departure."
20230707_pooled_F25_P100_S42,optimised_actual,EV001,2023-07-07 13:20:00,2023-07-07 15:38:00,0.883,2023-07-07 13:20:00,2023-07-07 13:20:00,0.0,27,14.418887436539496,14.41888730511614,True,True,True,13.859998574604527,True,"For EV001, move the charging start from 13:20 to 13:20 and use an average of 6.6 kW until approximately 15:40. This shifts 14.4 kWh more charging into observed surplus intervals while targeting completion before the 15:38 departure."
20230707_pooled_F25_P100_S42,optimised_actual,EV002,2023-07-07 11:57:00,2023-07-07 15:35:00,13.842,2023-07-07 12:00:00,2023-07-07 12:00:00,0.0,16,8.270000592939091,8.269997559676899,True,True,True,21.284997803709217,True,"For EV002, move the charging start from 12:00 to 12:00 and use an average of 6.6 kW until approximately 15:35. This shifts 8.3 kWh more charging into observed surplus intervals while targeting completion before the 15:35 departure."
20230707_pooled_F25_P100_S42,optimised_actual,EV003,2023-07-07 15:51:00,2023-07-07 20:37:00,28.313999999999997,2023-07-07 15:55:00,2023-07-07 15:55:00,0.0,0,3.569922135682191e-10,-3.7556180387809945e-11,True,True,True,28.214999999678707,True,"For EV003, move the charging start from 15:55 to 15:55 and use an average of 6.6 kW until approximately 20:40. This shifts -0.0 kWh more charging into observed surplus intervals while targeting completion before the 20:37 departure."
20230707_pooled_F25_P100_S42,optimised_actual,EV004,2023-07-07 15:38:00,2023-07-07 17:44:00,12.474,2023-07-07 15:40:00,2023-07-07 15:40:00,0.0,0,1.565390039814929e-10,-5.633005173422134e-11,True,True,True,12.374999999859115,True,"For EV004, move the charging start from 15:40 to 15:40 and use an average of 6.6 kW until approximately 17:45. This shifts -0.0 kWh more charging into observed surplus intervals while targeting completion before the 17:44 departure."
20230707_pooled_F25_P100_S42,optimised_actual,EV005,2023-07-07 06:23:00,2023-07-07 15:50:00,8.969,2023-07-07 06:25:00,2023-07-07 07:35:00,70.0,109,59.88444050520715,52.18443770251919,True,True,True,49.00499393226727,True,"For EV005, move the charging start from 06:25 to 07:35 and use an average of 6.6 kW until approximately 15:50. This shifts 52.2 kWh more charging into observed surplus intervals while targeting completion before the 15:50 departure."
20230707_pooled_F25_P100_S42,optimised_actual,EV006,2023-07-07 07:33:00,2023-07-07 15:35:00,17.596,2023-07-07 07:35:00,2023-07-07 07:35:00,0.0,61,33.24888858397666,33.24888232068664,True,True,True,47.519994088617985,True,"For EV006, move the charging start from 07:35 to 07:35 and use an average of 6.6 kW until approximately 15:35. This shifts 33.2 kWh more charging into observed surplus intervals while targeting completion before the 15:35 departure."
20230707_pooled_F25_P100_S42,optimised_actual,EV007,2023-07-07 08:36:00,2023-07-07 15:52:00,13.875,2023-07-07 08:40:00,2023-07-07 08:40:00,0.0,59,32.43333157618503,32.4333284387118,True,True,True,43.064995594840646,True,"For EV007, move the charging start from 08:40 to 08:40 and use an average of 6.6 kW until approximately 15:55. This shifts 32.4 kWh more charging into observed surplus intervals while targeting completion before the 15:52 departure."
20230707_pooled_F25_P100_S42,optimised_actual,EV008,2023-07-07 06:21:00,2023-07-07 15:00:00,0.754,2023-07-07 06:25:00,2023-07-07 07:35:00,70.0,91,49.78777160542433,48.94999382764655,True,True,True,44.0549944448819,True,"For EV008, move the charging start from 06:25 to 07:35 and use an average of 6.6 kW until approximately 15:00. This shifts 48.9 kWh more charging into observed surplus intervals while targeting completion before the 15:00 departure."
20230707_pooled_F25_P100_S42,optimised_actual,EV009,2023-07-07 09:33:00,2023-07-07 19:16:00,5.673,2023-07-07 09:35:00,2023-07-07 09:35:00,0.0,71,38.561735602764905,38.56173435861398,True,True,True,40.37856092275258,True,"For EV009, move the charging start from 09:35 to 09:35 and use an average of 6.6 kW until approximately 16:25. This shifts 38.6 kWh more charging into observed surplus intervals while targeting completion before the 19:16 departure."
20230707_pooled_F25_P100_S42,optimised_actual,EV010,2023-07-07 08:24:00,2023-07-07 15:24:00,4.301,2023-07-07 08:25:00,2023-07-07 08:25:00,0.0,76,41.42110730009253,41.42110638232847,True,True,True,41.579995744095626,True,"For EV010, move the charging start from 08:25 to 08:25 and use an average of 6.6 kW until approximately 15:25. This shifts 41.4 kWh more charging into observed surplus intervals while targeting completion before the 15:24 departure."
20230707_pooled_F25_P100_S42,optimised_actual,EV011,2023-07-07 08:54:00,2023-07-07 17:54:00,7.108,2023-07-07 08:55:00,2023-07-07 08:55:00,0.0,76,41.36724671800464,41.36724513597481,True,True,True,44.33852062237733,True,"For EV011, move the charging start from 08:55 to 08:55 and use an average of 6.6 kW until approximately 16:25. This shifts 41.4 kWh more charging into observed surplus intervals while targeting completion before the 17:54 departure."
20230707_pooled_F25_P100_S42,optimised_actual,EV012,2023-07-07 09:26:00,2023-07-07 17:24:00,9.272,2023-07-07 09:30:00,2023-07-07 09:30:00,0.0,65,35.11288632836734,35.112884309307134,True,True,True,40.87359587837642,True,"For EV012, move the charging start from 09:30 to 09:30 and use an average of 6.6 kW until approximately 16:25. This shifts 35.1 kWh more charging into observed surplus intervals while targeting completion before the 17:24 departure."
20230707_pooled_F25_P100_S42,optimised_actual,EV013,2023-07-07 08:32:00,2023-07-07 15:10:00,6.884,2023-07-07 08:35:00,2023-07-07 08:35:00,0.0,66,35.80110813619833,35.801106664889794,True,True,True,39.10499599840082,True,"For EV013, move the charging start from 08:35 to 08:35 and use an average of 6.6 kW until approximately 15:10. This shifts 35.8 kWh more charging into observed surplus intervals while targeting completion before the 15:10 departure."
20230707_pooled_F25_P100_S42,optimised_actual,EV014,2023-07-07 06:20:00,2023-07-07 14:08:00,12.944,2023-07-07 06:20:00,2023-07-07 07:35:00,75.0,83,45.5677757607449,37.317772177137165,True,True,True,39.10499495942346,True,"For EV014, move the charging start from 06:20 to 07:35 and use an average of 6.6 kW until approximately 14:10. This shifts 37.3 kWh more charging into observed surplus intervals while targeting completion before the 14:08 departure."
20230707_pooled_F25_P100_S42,optimised_actual,EV015,2023-07-07 06:23:00,2023-07-07 13:07:00,14.904,2023-07-07 06:25:00,2023-07-07 07:35:00,70.0,65,35.68999919175882,27.989995063749355,True,True,True,33.164995557374425,True,"For EV015, move the charging start from 06:25 to 07:35 and use an average of 6.6 kW until approximately 13:10. This shifts 28.0 kWh more charging into observed surplus intervals while targeting completion before the 13:07 departure."
20230707_pooled_F25_P100_S42,optimised_actual,EV016,2023-07-07 15:56:00,2023-07-07 17:24:00,8.175,2023-07-07 16:00:00,2023-07-07 16:00:00,0.0,4,0.21223977449293485,-4.837623412967673e-08,True,True,True,8.175000009900089,True,"For EV016, move the charging start from 16:00 to 16:00 and use an average of 6.4 kW until approximately 17:25. This shifts -0.0 kWh more charging into observed surplus intervals while targeting completion before the 17:24 departure."
20230707_pooled_F25_P100_S42,optimised_actual,EV017,2023-07-07 16:09:00,2023-07-07 17:21:00,5.211,2023-07-07 16:10:00,2023-07-07 16:10:00,0.0,9,0.8141255466674817,-3.0780034743216333e-08,True,True,True,5.211000010092372,True,"For EV017, move the charging start from 16:10 to 16:10 and use an average of 4.6 kW until approximately 17:25. This shifts -0.0 kWh more charging into observed surplus intervals while targeting completion before the 17:21 departure."
20230707_pooled_F25_P100_S42,optimised_actual,EV018,2023-07-07 05:51:00,2023-07-07 13:06:00,17.153,2023-07-07 05:55:00,2023-07-07 07:35:00,100.0,73,39.791110096640764,28.791106175034038,True,True,True,33.16499555753064,True,"For EV018, move the charging start from 05:55 to 07:35 and use an average of 6.6 kW until approximately 13:10. This shifts 28.8 kWh more charging into observed surplus intervals while targeting completion before the 13:06 departure."
20230707_pooled_F25_P100_S42,optimised_actual,EV019,2023-07-07 15:33:00,2023-07-07 17:38:00,4.997,2023-07-07 15:35:00,2023-07-07 15:35:00,0.0,0,1.1204403185897474e-06,-1.0438490161135405e-07,True,True,True,4.996998991603712,True,"For EV019, move the charging start from 15:35 to 15:35 and use an average of 6.1 kW until approximately 16:30. This shifts -0.0 kWh more charging into observed surplus intervals while targeting completion before the 17:38 departure."
20230707_pooled_F25_P100_S42,optimised_actual,EV020,2023-07-07 09:52:00,2023-07-07 16:18:00,8.227,2023-07-07 09:55:00,2023-07-07 09:55:00,0.0,61,33.20888629579353,33.20888451885672,True,True,True,38.114996066971045,True,"For EV020, move the charging start from 09:55 to 09:55 and use an average of 6.6 kW until approximately 16:20. This shifts 33.2 kWh more charging into observed surplus intervals while targeting completion before the 16:18 departure."
20230707_pooled_F25_P100_S42,optimised_actual,EV021,2023-07-07 11:14:00,2023-07-07 14:20:00,5.879,2023-07-07 11:15:00,2023-07-07 11:15:00,0.0,26,13.817776921367583,13.817775676706145,True,True,True,18.31499810903553,True,"For EV021, move the charging start from 11:15 to 11:15 and use an average of 6.6 kW until approximately 14:20. This shifts 13.8 kWh more charging into observed surplus intervals while targeting completion before the 14:20 departure."
20230707_pooled_F25_P100_S42,optimised_actual,EV022,2023-07-07 15:39:00,2023-07-07 16:13:00,1.722,2023-07-07 15:40:00,2023-07-07 15:40:00,0.0,4,1.9366666065976466,1.9366662487040578,True,True,True,3.464999623833652,True,"For EV022, move the charging start from 15:40 to 15:40 and use an average of 6.6 kW until approximately 16:15. This shifts 1.9 kWh more charging into observed surplus intervals while targeting completion before the 16:13 departure."
20230707_pooled_F25_P100_S42,optimised_actual,EV023,2023-07-07 14:15:00,2023-07-07 15:56:00,4.911,2023-07-07 14:15:00,2023-07-07 14:15:00,0.0,12,6.093333190060443,6.093332131941004,True,True,True,10.394998918746902,True,"For EV023, move the charging start from 14:15 to 14:15 and use an average of 6.6 kW until approximately 16:00. This shifts 6.1 kWh more charging into observed surplus intervals while targeting completion before the 15:56 departure."
20230707_pooled_F25_P100_S42,optimised_actual,EV024,2023-07-07 14:47:00,2023-07-07 17:27:00,8.006,2023-07-07 14:50:00,2023-07-07 14:50:00,0.0,3,1.3496439996361398,1.3496422015004885,True,True,True,9.220677981350438,True,"For EV024, move the charging start from 14:50 to 14:50 and use an average of 6.5 kW until approximately 16:25. This shifts 1.3 kWh more charging into observed surplus intervals while targeting completion before the 17:27 departure."
20230707_pooled_F25_P100_S42,optimised_actual,EV025,2023-07-07 16:31:00,2023-07-07 18:09:00,1.175,2023-07-07 16:35:00,2023-07-07 16:35:00,0.0,11,2.611085627166203,0.0,True,True,True,1.1750000104106246,True,"For EV025, move the charging start from 16:35 to 16:35 and use an average of 0.8 kW until approximately 18:10. This shifts 0.0 kWh more charging into observed surplus intervals while targeting completion before the 18:09 departure."
20230707_pooled_F25_P100_S43,optimised_actual,EV001,2023-07-07 09:45:00,2023-07-07 17:17:00,4.957,2023-07-07 09:45:00,2023-07-07 09:45:00,0.0,80,33.133399048619346,31.387866545341033,True,True,True,33.206079890806926,True,"For EV001, move the charging start from 09:45 to 09:45 and use an average of 5.5 kW until approximately 16:25. This shifts 31.4 kWh more charging into observed surplus intervals while targeting completion before the 17:17 departure."
20230707_pooled_F25_P100_S43,optimised_actual,EV002,2023-07-07 08:17:00,2023-07-07 16:14:00,11.806,2023-07-07 08:20:00,2023-07-07 08:20:00,0.0,83,33.60131416195206,32.12933145927167,True,True,True,40.7223983133445,True,"For EV002, move the charging start from 08:20 to 08:20 and use an average of 5.7 kW until approximately 16:15. This shifts 32.1 kWh more charging into observed surplus intervals while targeting completion before the 16:14 departure."
20230707_pooled_F25_P100_S43,optimised_actual,EV003,2023-07-07 16:05:00,2023-07-07 18:03:00,11.681999999999999,2023-07-07 16:05:00,2023-07-07 16:05:00,0.0,4,0.216575933665009,-4.527795471886975e-09,True,True,True,11.682000001102951,True,"For EV003, move the charging start from 16:05 to 16:05 and use an average of 6.5 kW until approximately 18:05. This shifts -0.0 kWh more charging into observed surplus intervals while targeting completion before the 18:03 departure."
20230707_pooled_F25_P100_S43,optimised_actual,EV004,2023-07-07 12:55:00,2023-07-07 13:44:00,4.850999999999999,2023-07-07 12:55:00,2023-07-07 12:55:00,0.0,10,0.1689128150703331,0.03750214575072963,True,True,True,4.884751931175655,True,"For EV004, move the charging start from 12:55 to 12:55 and use an average of 6.5 kW until approximately 13:45. This shifts 0.0 kWh more charging into observed surplus intervals while targeting completion before the 13:44 departure."
20230707_pooled_F25_P100_S43,optimised_actual,EV005,2023-07-07 06:34:00,2023-07-07 15:03:00,6.121,2023-07-07 06:35:00,2023-07-07 07:35:00,60.0,102,48.84926849164779,42.24926849164778,True,True,True,38.205341642483006,True,"For EV005, move the charging start from 06:35 to 07:35 and use an average of 5.7 kW until approximately 15:05. This shifts 42.2 kWh more charging into observed surplus intervals while targeting completion before the 15:03 departure."
20230707_pooled_F25_P100_S43,optimised_actual,EV006,2023-07-07 11:02:00,2023-07-07 17:54:00,10.007,2023-07-07 11:05:00,2023-07-07 11:05:00,0.0,64,23.227194773308288,18.411819578316326,True,True,True,26.577637620484694,True,"For EV006, move the charging start from 11:05 to 11:05 and use an average of 5.5 kW until approximately 16:25. This shifts 18.4 kWh more charging into observed surplus intervals while targeting completion before the 17:54 departure."
20230707_pooled_F25_P100_S43,optimised_actual,EV007,2023-07-07 06:44:00,2023-07-07 17:07:00,5.603,2023-07-07 06:45:00,2023-07-07 07:35:00,50.0,116,55.85791953002869,50.15498567468917,True,True,True,45.79248710722025,True,"For EV007, move the charging start from 06:45 to 07:35 and use an average of 5.8 kW until approximately 16:25. This shifts 50.2 kWh more charging into observed surplus intervals while targeting completion before the 17:07 departure."
20230707_pooled_F25_P100_S43,optimised_actual,EV008,2023-07-07 10:59:00,2023-07-07 17:58:00,0.847,2023-07-07 11:00:00,2023-07-07 11:00:00,0.0,65,29.239327717096366,29.01563175040947,True,True,True,26.961068575368525,True,"For EV008, move the charging start from 11:00 to 11:00 and use an average of 5.5 kW until approximately 16:25. This shifts 29.0 kWh more charging into observed surplus intervals while targeting completion before the 17:58 departure."
20230707_pooled_F25_P100_S43,optimised_actual,EV009,2023-07-07 07:54:00,2023-07-07 08:29:00,0.843,2023-07-07 07:55:00,2023-07-07 07:55:00,0.0,6,2.855244357298493,2.8552443465903155,True,True,True,3.412719911931284,True,"For EV009, move the charging start from 07:55 to 07:55 and use an average of 6.5 kW until approximately 08:30. This shifts 2.9 kWh more charging into observed surplus intervals while targeting completion before the 08:29 departure."
20230707_pooled_F25_P100_S43,optimised_actual,EV010,2023-07-07 06:58:00,2023-07-07 18:33:00,0.731,2023-07-07 07:00:00,2023-07-07 07:35:00,35.0,108,51.69147350350292,50.879251281280695,True,True,True,45.791326153152625,True,"For EV010, move the charging start from 07:00 to 07:35 and use an average of 5.8 kW until approximately 16:25. This shifts 50.9 kWh more charging into observed surplus intervals while targeting completion before the 18:33 departure."
20230707_pooled_F25_P100_S43,optimised_actual,EV011,2023-07-07 07:31:00,2023-07-07 20:03:00,27.122,2023-07-07 07:35:00,2023-07-07 07:35:00,0.0,85,27.252295905961024,20.762966588144135,True,True,True,45.80866992932971,True,"For EV011, move the charging start from 07:35 to 07:35 and use an average of 5.8 kW until approximately 16:25. This shifts 20.8 kWh more charging into observed surplus intervals while targeting completion before the 20:03 departure."
20230707_pooled_F25_P100_S43,optimised_actual,EV012,2023-07-07 06:56:00,2023-07-07 17:23:00,5.888,2023-07-07 07:00:00,2023-07-07 07:35:00,35.0,110,52.241305497121004,48.18837359604707,True,True,True,45.792536236442366,True,"For EV012, move the charging start from 07:00 to 07:35 and use an average of 5.8 kW until approximately 16:25. This shifts 48.2 kWh more charging into observed surplus intervals while targeting completion before the 17:23 departure."
20230707_pooled_F25_P100_S43,optimised_actual,EV013,2023-07-07 05:51:00,2023-07-07 14:09:00,13.49,2023-07-07 05:55:00,2023-07-07 07:35:00,100.0,93,44.47588103759027,33.27343147628234,True,True,True,33.53608832865411,True,"For EV013, move the charging start from 05:55 to 07:35 and use an average of 5.7 kW until approximately 14:10. This shifts 33.3 kWh more charging into observed surplus intervals while targeting completion before the 14:09 departure."
20230707_pooled_F25_P100_S43,optimised_actual,EV014,2023-07-07 07:34:00,2023-07-07 16:42:00,15.996,2023-07-07 07:35:00,2023-07-07 07:35:00,0.0,86,34.778570099295784,33.11373068594544,True,True,True,45.7983576173509,True,"For EV014, move the charging start from 07:35 to 07:35 and use an average of 5.8 kW until approximately 16:25. This shifts 33.1 kWh more charging into observed surplus intervals while targeting completion before the 16:42 departure."
20230707_pooled_F25_P100_S43,optimised_actual,EV015,2023-07-07 07:48:00,2023-07-07 12:48:00,8.259,2023-07-07 07:50:00,2023-07-07 07:50:00,0.0,46,19.802308235934394,19.685644105179254,True,True,True,25.976079694661326,True,"For EV015, move the charging start from 07:50 to 07:50 and use an average of 5.8 kW until approximately 12:50. This shifts 19.7 kWh more charging into observed surplus intervals while targeting completion before the 12:48 departure."
20230707_pooled_F25_P100_S43,optimised_actual,EV016,2023-07-07 15:41:00,2023-07-07 19:49:00,8.615,2023-07-07 15:45:00,2023-07-07 15:45:00,0.0,27,4.262221034620918,-8.803965556580806e-09,True,True,True,8.615000001131861,True,"For EV016, move the charging start from 15:45 to 15:45 and use an average of 2.3 kW until approximately 19:50. This shifts -0.0 kWh more charging into observed surplus intervals while targeting completion before the 19:49 departure."
20230707_pooled_F25_P100_S43,optimised_actual,EV017,2023-07-07 08:13:00,2023-07-07 20:58:00,40.017,2023-07-07 08:15:00,2023-07-07 08:15:00,0.0,85,15.411966336195196,2.5585152473599777,True,True,True,42.319663722623986,True,"For EV017, move the charging start from 08:15 to 08:15 and use an average of 5.8 kW until approximately 16:25. This shifts 2.6 kWh more charging into observed surplus intervals while targeting completion before the 20:58 departure."
20230707_pooled_F25_P100_S43,optimised_actual,EV018,2023-07-07 07:59:00,2023-07-07 15:35:00,5.902,2023-07-07 08:00:00,2023-07-07 08:00:00,0.0,82,36.60226197476556,36.48558390038738,True,True,True,38.73902551034865,True,"For EV018, move the charging start from 08:00 to 08:00 and use an average of 5.7 kW until approximately 15:35. This shifts 36.5 kWh more charging into observed surplus intervals while targeting completion before the 15:35 departure."
20230707_pooled_F25_P100_S43,optimised_actual,EV019,2023-07-07 05:45:00,2023-07-07 15:33:00,10.165,2023-07-07 05:45:00,2023-07-07 07:35:00,110.0,117,56.98706718243731,45.69262273799286,True,True,True,41.12336046419358,True,"For EV019, move the charging start from 05:45 to 07:35 and use an average of 5.7 kW until approximately 15:35. This shifts 45.7 kWh more charging into observed surplus intervals while targeting completion before the 15:33 departure."
20230707_pooled_F25_P100_S43,optimised_actual,EV020,2023-07-07 13:17:00,2023-07-07 14:43:00,2.61,2023-07-07 13:20:00,2023-07-07 13:20:00,0.0,17,5.991602757485717,4.655052132906927,True,True,True,6.799546919616234,True,"For EV020, move the charging start from 13:20 to 13:20 and use an average of 5.3 kW until approximately 14:45. This shifts 4.7 kWh more charging into observed surplus intervals while targeting completion before the 14:43 departure."
20230707_pooled_F25_P100_S43,optimised_actual,EV021,2023-07-07 07:20:00,2023-07-07 18:38:00,8.687,2023-07-07 07:20:00,2023-07-07 07:35:00,15.0,98,44.84906851759374,42.87949409528018,True,True,True,45.79354468575216,True,"For EV021, move the charging start from 07:20 to 07:35 and use an average of 5.8 kW until approximately 16:25. This shifts 42.9 kWh more charging into observed surplus intervals while targeting completion before the 18:38 departure."
20230707_pooled_F25_P100_S43,optimised_actual,EV022,2023-07-07 09:32:00,2023-07-07 17:30:00,1.939,2023-07-07 09:35:00,2023-07-07 09:35:00,0.0,82,36.2168868213118,35.71900959159887,True,True,True,34.086108632438986,True,"For EV022, move the charging start from 09:35 to 09:35 and use an average of 5.5 kW until approximately 16:25. This shifts 35.7 kWh more charging into observed surplus intervals while targeting completion before the 17:30 departure."
20230707_pooled_F25_P100_S43,optimised_actual,EV023,2023-07-07 07:33:00,2023-07-07 17:46:00,8.874,2023-07-07 07:35:00,2023-07-07 07:35:00,0.0,92,41.34110777763559,41.021522975560394,True,True,True,45.79337067800436,True,"For EV023, move the charging start from 07:35 to 07:35 and use an average of 5.8 kW until approximately 16:25. This shifts 41.0 kWh more charging into observed surplus intervals while targeting completion before the 17:46 departure."
20230707_pooled_F25_P100_S43,optimised_actual,EV024,2023-07-07 07:57:00,2023-07-07 15:11:00,3.806,2023-07-07 08:00:00,2023-07-07 08:00:00,0.0,82,36.731116311574596,36.614439025145685,True,True,True,36.75899512263113,True,"For EV024, move the charging start from 08:00 to 08:00 and use an average of 5.6 kW until approximately 15:15. This shifts 36.6 kWh more charging into observed surplus intervals while targeting completion before the 15:11 departure."
20230707_pooled_F25_P100_S43,optimised_actual,EV025,2023-07-07 09:29:00,2023-07-07 11:44:00,2.881,2023-07-07 09:30:00,2023-07-07 09:30:00,0.0,27,9.688603803079051,9.048548658289032,True,True,True,11.024693792460129,True,"For EV025, move the charging start from 09:30 to 09:30 and use an average of 5.4 kW until approximately 11:45. This shifts 9.0 kWh more charging into observed surplus intervals while targeting completion before the 11:44 departure."
20230707_pooled_F50_P025_S42,optimised_actual,EV001,2023-07-07 13:20:00,2023-07-07 15:38:00,0.883,2023-07-07 13:20:00,2023-07-07 13:20:00,0.0,27,14.418888815499194,14.418888807976709,True,True,True,13.859999927179038,True,"For EV001, move the charging start from 13:20 to 13:20 and use an average of 6.6 kW until approximately 15:40. This shifts 14.4 kWh more charging into observed surplus intervals while targeting completion before the 15:38 departure."
20230707_pooled_F50_P025_S42,optimised_actual,EV002,2023-07-07 11:57:00,2023-07-07 15:35:00,13.842,2023-07-07 12:00:00,2023-07-07 12:00:00,0.0,16,8.270000028203203,8.269999877527642,True,True,True,21.284999889774888,True,"For EV002, move the charging start from 12:00 to 12:00 and use an average of 6.6 kW until approximately 15:35. This shifts 8.3 kWh more charging into observed surplus intervals while targeting completion before the 15:35 departure."
20230707_pooled_F50_P025_S42,optimised_actual,EV003,2023-07-07 15:51:00,2023-07-07 20:37:00,28.313999999999997,2023-07-07 15:55:00,2023-07-07 15:55:00,0.0,0,1.7174928146346247e-11,-1.8123280653981055e-12,True,True,True,28.21499999998454,True,"For EV003, move the charging start from 15:55 to 15:55 and use an average of 6.6 kW until approximately 20:40. This shifts -0.0 kWh more charging into observed surplus intervals while targeting completion before the 20:37 departure."
20230707_pooled_F50_P025_S42,optimised_actual,EV004,2023-07-07 15:38:00,2023-07-07 17:44:00,12.474,2023-07-07 15:40:00,2023-07-07 15:40:00,0.0,0,7.42724400500568e-12,-2.6787461138155777e-12,True,True,True,12.374999999993314,True,"For EV004, move the charging start from 15:40 to 15:40 and use an average of 6.6 kW until approximately 17:45. This shifts -0.0 kWh more charging into observed surplus intervals while targeting completion before the 17:44 departure."
20230707_pooled_F50_P025_S42,optimised_actual,EV005,2023-07-07 06:23:00,2023-07-07 15:50:00,8.969,2023-07-07 06:25:00,2023-07-07 07:35:00,70.0,109,59.88444419154309,52.18444416030884,True,True,True,49.00499974427795,True,"For EV005, move the charging start from 06:25 to 07:35 and use an average of 6.6 kW until approximately 15:50. This shifts 52.2 kWh more charging into observed surplus intervals while targeting completion before the 15:50 departure."
20230707_pooled_F50_P025_S42,optimised_actual,EV006,2023-07-07 07:33:00,2023-07-07 15:35:00,17.596,2023-07-07 07:35:00,2023-07-07 07:35:00,0.0,61,33.248888818647025,33.248888613250436,True,True,True,47.519999751925404,True,"For EV006, move the charging start from 07:35 to 07:35 and use an average of 6.6 kW until approximately 15:35. This shifts 33.2 kWh more charging into observed surplus intervals while targeting completion before the 15:35 departure."
20230707_pooled_F50_P025_S42,optimised_actual,EV007,2023-07-07 08:36:00,2023-07-07 15:52:00,13.875,2023-07-07 08:40:00,2023-07-07 08:40:00,0.0,59,32.433333245430845,32.4333330873569,True,True,True,43.06499977862122,True,"For EV007, move the charging start from 08:40 to 08:40 and use an average of 6.6 kW until approximately 15:55. This shifts 32.4 kWh more charging into observed surplus intervals while targeting completion before the 15:52 departure."
20230707_pooled_F50_P025_S42,optimised_actual,EV008,2023-07-07 06:21:00,2023-07-07 15:00:00,0.754,2023-07-07 06:25:00,2023-07-07 07:35:00,70.0,91,49.78777752367515,48.94999974589737,True,True,True,44.054999771307635,True,"For EV008, move the charging start from 06:25 to 07:35 and use an average of 6.6 kW until approximately 15:00. This shifts 48.9 kWh more charging into observed surplus intervals while targeting completion before the 15:00 departure."
20230707_pooled_F50_P025_S42,optimised_actual,EV009,2023-07-07 09:33:00,2023-07-07 19:16:00,5.673,2023-07-07 09:35:00,2023-07-07 09:35:00,0.0,71,38.79666649567958,38.796666433017165,True,True,True,40.58999978971545,True,"For EV009, move the charging start from 09:35 to 09:35 and use an average of 6.6 kW until approximately 16:25. This shifts 38.8 kWh more charging into observed surplus intervals while targeting completion before the 19:16 departure."
20230707_pooled_F50_P025_S42,optimised_actual,EV010,2023-07-07 08:24:00,2023-07-07 15:24:00,4.301,2023-07-07 08:25:00,2023-07-07 08:25:00,0.0,76,41.42111092168719,41.42111087457205,True,True,True,41.57999978711484,True,"For EV010, move the charging start from 08:25 to 08:25 and use an average of 6.6 kW until approximately 15:25. This shifts 41.4 kWh more charging into observed surplus intervals while targeting completion before the 15:24 departure."
20230707_pooled_F50_P025_S42,optimised_actual,EV011,2023-07-07 08:54:00,2023-07-07 17:54:00,7.108,2023-07-07 08:55:00,2023-07-07 08:55:00,0.0,76,41.602222046001586,41.6022219661077,True,True,True,44.549999769496935,True,"For EV011, move the charging start from 08:55 to 08:55 and use an average of 6.6 kW until approximately 16:25. This shifts 41.6 kWh more charging into observed surplus intervals while targeting completion before the 17:54 departure."
20230707_pooled_F50_P025_S42,optimised_actual,EV012,2023-07-07 09:26:00,2023-07-07 17:24:00,9.272,2023-07-07 09:30:00,2023-07-07 09:30:00,0.0,65,35.347777642780606,35.34777754139034,True,True,True,41.08499978725131,True,"For EV012, move the charging start from 09:30 to 09:30 and use an average of 6.6 kW until approximately 16:25. This shifts 35.3 kWh more charging into observed surplus intervals while targeting completion before the 17:24 departure."
20230707_pooled_F50_P025_S43,optimised_actual,EV001,2023-07-07 09:45:00,2023-07-07 17:17:00,4.957,2023-07-07 09:45:00,2023-07-07 09:45:00,0.0,70,38.440854729715795,38.44085461880137,True,True,True,39.55376915692123,True,"For EV001, move the charging start from 09:45 to 09:45 and use an average of 6.6 kW until approximately 16:25. This shifts 38.4 kWh more charging into observed surplus intervals while targeting completion before the 17:17 departure."
20230707_pooled_F50_P025_S43,optimised_actual,EV002,2023-07-07 08:17:00,2023-07-07 16:14:00,11.806,2023-07-07 08:20:00,2023-07-07 08:20:00,0.0,72,39.13222195466085,39.13222170110056,True,True,True,47.0249995309905,True,"For EV002, move the charging start from 08:20 to 08:20 and use an average of 6.6 kW until approximately 16:15. This shifts 39.1 kWh more charging into observed surplus intervals while targeting completion before the 16:14 departure."
20230707_pooled_F50_P025_S43,optimised_actual,EV003,2023-07-07 16:05:00,2023-07-07 18:03:00,11.681999999999999,2023-07-07 16:05:00,2023-07-07 16:05:00,0.0,2,0.03668685489529162,-3.818335425620489e-09,True,True,True,11.682000000969854,True,"For EV003, move the charging start from 16:05 to 16:05 and use an average of 6.5 kW until approximately 18:05. This shifts -0.0 kWh more charging into observed surplus intervals while targeting completion before the 18:03 departure."
20230707_pooled_F50_P025_S43,optimised_actual,EV004,2023-07-07 12:55:00,2023-07-07 13:44:00,4.850999999999999,2023-07-07 12:55:00,2023-07-07 12:55:00,0.0,1,0.11000004354209077,0.10999994352413722,True,True,True,4.949999949171722,True,"For EV004, move the charging start from 12:55 to 12:55 and use an average of 6.6 kW until approximately 13:45. This shifts 0.1 kWh more charging into observed surplus intervals while targeting completion before the 13:44 departure."
20230707_pooled_F50_P025_S43,optimised_actual,EV005,2023-07-07 06:34:00,2023-07-07 15:03:00,6.121,2023-07-07 06:35:00,2023-07-07 07:35:00,60.0,102,55.898888375297474,49.29888837529749,True,True,True,44.54999953776774,True,"For EV005, move the charging start from 06:35 to 07:35 and use an average of 6.6 kW until approximately 15:05. This shifts 49.3 kWh more charging into observed surplus intervals while targeting completion before the 15:03 departure."
20230707_pooled_F50_P025_S43,optimised_actual,EV006,2023-07-07 11:02:00,2023-07-07 17:54:00,10.007,2023-07-07 11:05:00,2023-07-07 11:05:00,0.0,44,24.02981526411674,24.029815044336573,True,True,True,31.633833539902923,True,"For EV006, move the charging start from 11:05 to 11:05 and use an average of 6.6 kW until approximately 16:25. This shifts 24.0 kWh more charging into observed surplus intervals while targeting completion before the 17:54 departure."
20230707_pooled_F50_P025_S43,optimised_actual,EV007,2023-07-07 06:44:00,2023-07-07 17:07:00,5.603,2023-07-07 06:45:00,2023-07-07 07:35:00,50.0,115,63.02303967234191,57.52303962003466,True,True,True,52.42373565803119,True,"For EV007, move the charging start from 06:45 to 07:35 and use an average of 6.6 kW until approximately 16:25. This shifts 57.5 kWh more charging into observed surplus intervals while targeting completion before the 17:07 departure."
20230707_pooled_F50_P025_S43,optimised_actual,EV008,2023-07-07 10:59:00,2023-07-07 17:58:00,0.847,2023-07-07 11:00:00,2023-07-07 11:00:00,0.0,64,34.75751410549465,34.75751409460806,True,True,True,32.128762685147265,True,"For EV008, move the charging start from 11:00 to 11:00 and use an average of 6.6 kW until approximately 16:25. This shifts 34.8 kWh more charging into observed surplus intervals while targeting completion before the 17:58 departure."
20230707_pooled_F50_P025_S43,optimised_actual,EV009,2023-07-07 07:54:00,2023-07-07 08:29:00,0.843,2023-07-07 07:55:00,2023-07-07 07:55:00,0.0,6,2.9133333058368445,2.9133332929015463,True,True,True,3.4649999636113917,True,"For EV009, move the charging start from 07:55 to 07:55 and use an average of 6.6 kW until approximately 08:30. This shifts 2.9 kWh more charging into observed surplus intervals while targeting completion before the 08:29 departure."
20230707_pooled_F50_P025_S43,optimised_actual,EV010,2023-07-07 06:58:00,2023-07-07 18:33:00,0.731,2023-07-07 07:00:00,2023-07-07 07:35:00,35.0,108,59.060800358841746,58.248578136619514,True,True,True,52.423720322957564,True,"For EV010, move the charging start from 07:00 to 07:35 and use an average of 6.6 kW until approximately 16:25. This shifts 58.2 kWh more charging into observed surplus intervals while targeting completion before the 18:33 departure."
20230707_pooled_F50_P025_S43,optimised_actual,EV011,2023-07-07 07:31:00,2023-07-07 20:03:00,27.122,2023-07-07 07:35:00,2023-07-07 07:35:00,0.0,52,28.113120749776385,28.113120117679433,True,True,True,52.42380810591148,True,"For EV011, move the charging start from 07:35 to 07:35 and use an average of 6.6 kW until approximately 16:25. This shifts 28.1 kWh more charging into observed surplus intervals while targeting completion before the 20:03 departure."
20230707_pooled_F50_P025_S43,optimised_actual,EV012,2023-07-07 06:56:00,2023-07-07 17:23:00,5.888,2023-07-07 07:00:00,2023-07-07 07:35:00,35.0,109,59.406374000908784,55.55637391742984,True,True,True,52.423736525686856,True,"For EV012, move the charging start from 07:00 to 07:35 and use an average of 6.6 kW until approximately 16:25. This shifts 55.6 kWh more charging into observed surplus intervals while targeting completion before the 17:23 departure."
20230707_pooled_F50_P050_S42,optimised_actual,EV001,2023-07-07 13:20:00,2023-07-07 15:38:00,0.883,2023-07-07 13:20:00,2023-07-07 13:20:00,0.0,27,14.418887195781462,14.418887042437635,True,True,True,13.859998338193872,True,"For EV001, move the charging start from 13:20 to 13:20 and use an average of 6.6 kW until approximately 15:40. This shifts 14.4 kWh more charging into observed surplus intervals while targeting completion before the 15:38 departure."
20230707_pooled_F50_P050_S42,optimised_actual,EV002,2023-07-07 11:57:00,2023-07-07 15:35:00,13.842,2023-07-07 12:00:00,2023-07-07 12:00:00,0.0,16,8.270000688869679,8.269997154782065,True,True,True,21.28499743930387,True,"For EV002, move the charging start from 12:00 to 12:00 and use an average of 6.6 kW until approximately 15:35. This shifts 8.3 kWh more charging into observed surplus intervals while targeting completion before the 15:35 departure."
20230707_pooled_F50_P050_S42,optimised_actual,EV003,2023-07-07 15:51:00,2023-07-07 20:37:00,28.313999999999997,2023-07-07 15:55:00,2023-07-07 15:55:00,0.0,0,4.176751537225224e-10,-4.3940406868614446e-11,True,True,True,28.214999999624098,True,"For EV003, move the charging start from 15:55 to 15:55 and use an average of 6.6 kW until approximately 20:40. This shifts -0.0 kWh more charging into observed surplus intervals while targeting completion before the 20:37 departure."
20230707_pooled_F50_P050_S42,optimised_actual,EV004,2023-07-07 15:38:00,2023-07-07 17:44:00,12.474,2023-07-07 15:40:00,2023-07-07 15:40:00,0.0,0,1.8315667501174932e-10,-6.590905599068719e-11,True,True,True,12.37499999983516,True,"For EV004, move the charging start from 15:40 to 15:40 and use an average of 6.6 kW until approximately 17:45. This shifts -0.0 kWh more charging into observed surplus intervals while targeting completion before the 17:44 departure."
20230707_pooled_F50_P050_S42,optimised_actual,EV005,2023-07-07 06:23:00,2023-07-07 15:50:00,8.969,2023-07-07 06:25:00,2023-07-07 07:35:00,70.0,109,59.884439913348274,52.18443653031835,True,True,True,49.00499287728651,True,"For EV005, move the charging start from 06:25 to 07:35 and use an average of 6.6 kW until approximately 15:50. This shifts 52.2 kWh more charging into observed surplus intervals while targeting completion before the 15:50 departure."
20230707_pooled_F50_P050_S42,optimised_actual,EV006,2023-07-07 07:33:00,2023-07-07 15:35:00,17.596,2023-07-07 07:35:00,2023-07-07 07:35:00,0.0,61,33.24888859388591,33.248881177131096,True,True,True,47.51999305941799,True,"For EV006, move the charging start from 07:35 to 07:35 and use an average of 6.6 kW until approximately 15:35. This shifts 33.2 kWh more charging into observed surplus intervals while targeting completion before the 15:35 departure."
20230707_pooled_F50_P050_S42,optimised_actual,EV007,2023-07-07 08:36:00,2023-07-07 15:52:00,13.875,2023-07-07 08:40:00,2023-07-07 08:40:00,0.0,59,32.43333128749602,32.433327630404435,True,True,True,43.064994867364,True,"For EV007, move the charging start from 08:40 to 08:40 and use an average of 6.6 kW until approximately 15:55. This shifts 32.4 kWh more charging into observed surplus intervals while targeting completion before the 15:52 departure."
20230707_pooled_F50_P050_S42,optimised_actual,EV008,2023-07-07 06:21:00,2023-07-07 15:00:00,0.754,2023-07-07 06:25:00,2023-07-07 07:35:00,70.0,91,49.78777052769675,48.94999274991896,True,True,True,44.054993474927066,True,"For EV008, move the charging start from 06:25 to 07:35 and use an average of 6.6 kW until approximately 15:00. This shifts 48.9 kWh more charging into observed surplus intervals while targeting completion before the 15:00 departure."
20230707_pooled_F50_P050_S42,optimised_actual,EV009,2023-07-07 09:33:00,2023-07-07 19:16:00,5.673,2023-07-07 09:35:00,2023-07-07 09:35:00,0.0,71,38.56115429884596,38.561152848566884,True,True,True,40.3780375637102,True,"For EV009, move the charging start from 09:35 to 09:35 and use an average of 6.6 kW until approximately 16:25. This shifts 38.6 kWh more charging into observed surplus intervals while targeting completion before the 19:16 departure."
20230707_pooled_F50_P050_S42,optimised_actual,EV010,2023-07-07 08:24:00,2023-07-07 15:24:00,4.301,2023-07-07 08:25:00,2023-07-07 08:25:00,0.0,76,41.42110667147846,41.42110560158994,True,True,True,41.57999504143095,True,"For EV010, move the charging start from 08:25 to 08:25 and use an average of 6.6 kW until approximately 15:25. This shifts 41.4 kWh more charging into observed surplus intervals while targeting completion before the 15:24 departure."
20230707_pooled_F50_P050_S42,optimised_actual,EV011,2023-07-07 08:54:00,2023-07-07 17:54:00,7.108,2023-07-07 08:55:00,2023-07-07 08:55:00,0.0,76,41.36667659658938,41.36667475249403,True,True,True,44.33800727724463,True,"For EV011, move the charging start from 08:55 to 08:55 and use an average of 6.6 kW until approximately 16:25. This shifts 41.4 kWh more charging into observed surplus intervals while targeting completion before the 17:54 departure."
20230707_pooled_F50_P050_S42,optimised_actual,EV012,2023-07-07 09:26:00,2023-07-07 17:24:00,9.272,2023-07-07 09:30:00,2023-07-07 09:30:00,0.0,65,35.11233914833758,35.11233679487344,True,True,True,40.8731031153861,True,"For EV012, move the charging start from 09:30 to 09:30 and use an average of 6.6 kW until approximately 16:25. This shifts 35.1 kWh more charging into observed surplus intervals while targeting completion before the 17:24 departure."
20230707_pooled_F50_P050_S42,optimised_actual,EV013,2023-07-07 08:32:00,2023-07-07 15:10:00,6.884,2023-07-07 08:35:00,2023-07-07 08:35:00,0.0,66,35.80110764597186,35.8011059309392,True,True,True,39.104995337845274,True,"For EV013, move the charging start from 08:35 to 08:35 and use an average of 6.6 kW until approximately 15:10. This shifts 35.8 kWh more charging into observed surplus intervals while targeting completion before the 15:10 departure."
20230707_pooled_F50_P050_S42,optimised_actual,EV014,2023-07-07 06:20:00,2023-07-07 14:08:00,12.944,2023-07-07 06:20:00,2023-07-07 07:35:00,75.0,83,45.567775487472986,37.317771194061976,True,True,True,39.104994074655785,True,"For EV014, move the charging start from 06:20 to 07:35 and use an average of 6.6 kW until approximately 14:10. This shifts 37.3 kWh more charging into observed surplus intervals while targeting completion before the 14:08 departure."
20230707_pooled_F50_P050_S42,optimised_actual,EV015,2023-07-07 06:23:00,2023-07-07 13:07:00,14.904,2023-07-07 06:25:00,2023-07-07 07:35:00,70.0,65,35.689999118713956,27.989994190342763,True,True,True,33.16499477130849,True,"For EV015, move the charging start from 06:25 to 07:35 and use an average of 6.6 kW until approximately 13:10. This shifts 28.0 kWh more charging into observed surplus intervals while targeting completion before the 13:07 departure."
20230707_pooled_F50_P050_S42,optimised_actual,EV016,2023-07-07 15:56:00,2023-07-07 17:24:00,8.175,2023-07-07 16:00:00,2023-07-07 16:00:00,0.0,4,0.20964953196042882,-5.689190984980996e-08,True,True,True,8.175000011685126,True,"For EV016, move the charging start from 16:00 to 16:00 and use an average of 6.4 kW until approximately 17:25. This shifts -0.0 kWh more charging into observed surplus intervals while targeting completion before the 17:24 departure."
20230707_pooled_F50_P050_S42,optimised_actual,EV017,2023-07-07 16:09:00,2023-07-07 17:21:00,5.211,2023-07-07 16:10:00,2023-07-07 16:10:00,0.0,9,0.8143223992627713,-3.589072261611648e-08,True,True,True,5.211000011777612,True,"For EV017, move the charging start from 16:10 to 16:10 and use an average of 4.6 kW until approximately 17:25. This shifts -0.0 kWh more charging into observed surplus intervals while targeting completion before the 17:21 departure."
20230707_pooled_F50_P050_S42,optimised_actual,EV018,2023-07-07 05:51:00,2023-07-07 13:06:00,17.153,2023-07-07 05:55:00,2023-07-07 07:35:00,100.0,73,39.791109989721136,28.79110530140303,True,True,True,33.164994771262734,True,"For EV018, move the charging start from 05:55 to 07:35 and use an average of 6.6 kW until approximately 13:10. This shifts 28.8 kWh more charging into observed surplus intervals while targeting completion before the 13:06 departure."
20230707_pooled_F50_P050_S42,optimised_actual,EV019,2023-07-07 15:33:00,2023-07-07 17:38:00,4.997,2023-07-07 15:35:00,2023-07-07 15:35:00,0.0,0,1.247805459394143e-06,-1.1725622073299746e-07,True,True,True,4.996998876975087,True,"For EV019, move the charging start from 15:35 to 15:35 and use an average of 6.1 kW until approximately 16:30. This shifts -0.0 kWh more charging into observed surplus intervals while targeting completion before the 17:38 departure."
20230707_pooled_F50_P050_S42,optimised_actual,EV020,2023-07-07 09:52:00,2023-07-07 16:18:00,8.227,2023-07-07 09:55:00,2023-07-07 09:55:00,0.0,61,33.20888586832809,33.2088837971658,True,True,True,38.114995417449215,True,"For EV020, move the charging start from 09:55 to 09:55 and use an average of 6.6 kW until approximately 16:20. This shifts 33.2 kWh more charging into observed surplus intervals while targeting completion before the 16:18 departure."
20230707_pooled_F50_P050_S42,optimised_actual,EV021,2023-07-07 11:14:00,2023-07-07 14:20:00,5.879,2023-07-07 11:15:00,2023-07-07 11:15:00,0.0,26,13.81777678109098,13.81777533093534,True,True,True,18.3149977978418,True,"For EV021, move the charging start from 11:15 to 11:15 and use an average of 6.6 kW until approximately 14:20. This shifts 13.8 kWh more charging into observed surplus intervals while targeting completion before the 14:20 departure."
20230707_pooled_F50_P050_S42,optimised_actual,EV022,2023-07-07 15:39:00,2023-07-07 16:13:00,1.722,2023-07-07 15:40:00,2023-07-07 15:40:00,0.0,4,1.9366665965265772,1.9366661788171304,True,True,True,3.464999560935417,True,"For EV022, move the charging start from 15:40 to 15:40 and use an average of 6.6 kW until approximately 16:15. This shifts 1.9 kWh more charging into observed surplus intervals while targeting completion before the 16:13 departure."
20230707_pooled_F50_P050_S42,optimised_actual,EV023,2023-07-07 14:15:00,2023-07-07 15:56:00,4.911,2023-07-07 14:15:00,2023-07-07 14:15:00,0.0,12,6.093333166506921,6.093331932253422,True,True,True,10.394998739028079,True,"For EV023, move the charging start from 14:15 to 14:15 and use an average of 6.6 kW until approximately 16:00. This shifts 6.1 kWh more charging into observed surplus intervals while targeting completion before the 15:56 departure."
20230707_pooled_F50_P050_S42,optimised_actual,EV024,2023-07-07 14:47:00,2023-07-07 17:27:00,8.006,2023-07-07 14:50:00,2023-07-07 14:50:00,0.0,3,1.3513411612414434,1.3513390697686987,True,True,True,9.222205162791825,True,"For EV024, move the charging start from 14:50 to 14:50 and use an average of 6.5 kW until approximately 16:25. This shifts 1.4 kWh more charging into observed surplus intervals while targeting completion before the 17:27 departure."
20230707_pooled_F50_P050_S42,optimised_actual,EV025,2023-07-07 16:31:00,2023-07-07 18:09:00,1.175,2023-07-07 16:35:00,2023-07-07 16:35:00,0.0,11,2.6110815336839726,0.0,True,True,True,1.1750000145104662,True,"For EV025, move the charging start from 16:35 to 16:35 and use an average of 0.8 kW until approximately 18:10. This shifts 0.0 kWh more charging into observed surplus intervals while targeting completion before the 18:09 departure."
20230707_pooled_F50_P050_S43,optimised_actual,EV001,2023-07-07 09:45:00,2023-07-07 17:17:00,4.957,2023-07-07 09:45:00,2023-07-07 09:45:00,0.0,70,38.18655708229824,38.186555794977565,True,True,True,39.32490021547981,True,"For EV001, move the charging start from 09:45 to 09:45 and use an average of 6.6 kW until approximately 16:25. This shifts 38.2 kWh more charging into observed surplus intervals while targeting completion before the 17:17 departure."
20230707_pooled_F50_P050_S43,optimised_actual,EV002,2023-07-07 08:17:00,2023-07-07 16:14:00,11.806,2023-07-07 08:20:00,2023-07-07 08:20:00,0.0,72,39.13221908089563,39.132216131420535,True,True,True,47.02499451827848,True,"For EV002, move the charging start from 08:20 to 08:20 and use an average of 6.6 kW until approximately 16:15. This shifts 39.1 kWh more charging into observed surplus intervals while targeting completion before the 16:14 departure."
20230707_pooled_F50_P050_S43,optimised_actual,EV003,2023-07-07 16:05:00,2023-07-07 18:03:00,11.681999999999999,2023-07-07 16:05:00,2023-07-07 16:05:00,0.0,4,0.21717928938261724,-4.642798101528456e-08,True,True,True,11.682000011314623,True,"For EV003, move the charging start from 16:05 to 16:05 and use an average of 6.5 kW until approximately 18:05. This shifts -0.0 kWh more charging into observed surplus intervals while targeting completion before the 18:03 departure."
20230707_pooled_F50_P050_S43,optimised_actual,EV004,2023-07-07 12:55:00,2023-07-07 13:44:00,4.850999999999999,2023-07-07 12:55:00,2023-07-07 12:55:00,0.0,1,0.11000048857673324,0.10999936815797184,True,True,True,4.949999431342173,True,"For EV004, move the charging start from 12:55 to 12:55 and use an average of 6.6 kW until approximately 13:45. This shifts 0.1 kWh more charging into observed surplus intervals while targeting completion before the 13:44 departure."
20230707_pooled_F50_P050_S43,optimised_actual,EV005,2023-07-07 06:34:00,2023-07-07 15:03:00,6.121,2023-07-07 06:35:00,2023-07-07 07:35:00,60.0,102,55.79748432184813,49.19748432184814,True,True,True,44.45873588966332,True,"For EV005, move the charging start from 06:35 to 07:35 and use an average of 6.6 kW until approximately 15:05. This shifts 49.2 kWh more charging into observed surplus intervals while targeting completion before the 15:03 departure."
20230707_pooled_F50_P050_S43,optimised_actual,EV006,2023-07-07 11:02:00,2023-07-07 17:54:00,10.007,2023-07-07 11:05:00,2023-07-07 11:05:00,0.0,44,23.77614254504357,23.776139987581395,True,True,True,31.405525988823264,True,"For EV006, move the charging start from 11:05 to 11:05 and use an average of 6.5 kW until approximately 16:25. This shifts 23.8 kWh more charging into observed surplus intervals while targeting completion before the 17:54 departure."
20230707_pooled_F50_P050_S43,optimised_actual,EV007,2023-07-07 06:44:00,2023-07-07 17:07:00,5.603,2023-07-07 06:45:00,2023-07-07 07:35:00,50.0,116,62.86992098385622,57.16702873302849,True,True,True,52.103325859725636,True,"For EV007, move the charging start from 06:45 to 07:35 and use an average of 6.6 kW until approximately 16:25. This shifts 57.2 kWh more charging into observed surplus intervals while targeting completion before the 17:07 departure."
20230707_pooled_F50_P050_S43,optimised_actual,EV008,2023-07-07 10:59:00,2023-07-07 17:58:00,0.847,2023-07-07 11:00:00,2023-07-07 11:00:00,0.0,64,34.503334138216296,34.503334011835136,True,True,True,31.900000610651624,True,"For EV008, move the charging start from 11:00 to 11:00 and use an average of 6.5 kW until approximately 16:25. This shifts 34.5 kWh more charging into observed surplus intervals while targeting completion before the 17:58 departure."
20230707_pooled_F50_P050_S43,optimised_actual,EV009,2023-07-07 07:54:00,2023-07-07 08:29:00,0.843,2023-07-07 07:55:00,2023-07-07 07:55:00,0.0,6,2.913332964765802,2.9133328555899363,True,True,True,3.464999570030943,True,"For EV009, move the charging start from 07:55 to 07:55 and use an average of 6.6 kW until approximately 08:30. This shifts 2.9 kWh more charging into observed surplus intervals while targeting completion before the 08:29 departure."
20230707_pooled_F50_P050_S43,optimised_actual,EV010,2023-07-07 06:58:00,2023-07-07 18:33:00,0.731,2023-07-07 07:00:00,2023-07-07 07:35:00,35.0,108,58.70471147256166,57.89248925033944,True,True,True,52.10324032530549,True,"For EV010, move the charging start from 07:00 to 07:35 and use an average of 6.6 kW until approximately 16:25. This shifts 57.9 kWh more charging into observed surplus intervals while targeting completion before the 18:33 departure."
20230707_pooled_F50_P050_S43,optimised_actual,EV011,2023-07-07 07:31:00,2023-07-07 20:03:00,27.122,2023-07-07 07:35:00,2023-07-07 07:35:00,0.0,53,27.960457161294606,27.757904668933843,True,True,True,52.10411420204045,True,"For EV011, move the charging start from 07:35 to 07:35 and use an average of 6.6 kW until approximately 16:25. This shifts 27.8 kWh more charging into observed surplus intervals while targeting completion before the 20:03 departure."
20230707_pooled_F50_P050_S43,optimised_actual,EV012,2023-07-07 06:56:00,2023-07-07 17:23:00,5.888,2023-07-07 07:00:00,2023-07-07 07:35:00,35.0,110,59.25325848729064,55.20036793206261,True,True,True,52.10333113885635,True,"For EV012, move the charging start from 07:00 to 07:35 and use an average of 6.6 kW until approximately 16:25. This shifts 55.2 kWh more charging into observed surplus intervals while targeting completion before the 17:23 departure."
20230707_pooled_F50_P050_S43,optimised_actual,EV013,2023-07-07 05:51:00,2023-07-07 14:09:00,13.49,2023-07-07 05:55:00,2023-07-07 07:35:00,100.0,93,50.56237163223095,39.3598413993559,True,True,True,39.01385725942032,True,"For EV013, move the charging start from 05:55 to 07:35 and use an average of 6.6 kW until approximately 14:10. This shifts 39.4 kWh more charging into observed surplus intervals while targeting completion before the 14:09 departure."
20230707_pooled_F50_P050_S43,optimised_actual,EV014,2023-07-07 07:34:00,2023-07-07 16:42:00,15.996,2023-07-07 07:35:00,2023-07-07 07:35:00,0.0,75,40.32237136279195,40.11961471214789,True,True,True,52.10365324093312,True,"For EV014, move the charging start from 07:35 to 07:35 and use an average of 6.6 kW until approximately 16:25. This shifts 40.1 kWh more charging into observed surplus intervals while targeting completion before the 16:42 departure."
20230707_pooled_F50_P050_S43,optimised_actual,EV015,2023-07-07 07:48:00,2023-07-07 12:48:00,8.259,2023-07-07 07:50:00,2023-07-07 07:50:00,0.0,44,23.823331566473414,23.823329490688206,True,True,True,29.699996541619385,True,"For EV015, move the charging start from 07:50 to 07:50 and use an average of 6.6 kW until approximately 12:50. This shifts 23.8 kWh more charging into observed surplus intervals while targeting completion before the 12:48 departure."
20230707_pooled_F50_P050_S43,optimised_actual,EV016,2023-07-07 15:41:00,2023-07-07 19:49:00,8.615,2023-07-07 15:45:00,2023-07-07 15:45:00,0.0,27,4.297659933671705,-8.991927913371e-08,True,True,True,8.615000011943309,True,"For EV016, move the charging start from 15:45 to 15:45 and use an average of 2.3 kW until approximately 19:50. This shifts -0.0 kWh more charging into observed surplus intervals while targeting completion before the 19:49 departure."
20230707_pooled_F50_P050_S43,optimised_actual,EV017,2023-07-07 08:13:00,2023-07-07 20:58:00,40.017,2023-07-07 08:15:00,2023-07-07 08:15:00,0.0,18,9.139737787271494,9.139727589442202,True,True,True,48.242754830498,True,"For EV017, move the charging start from 08:15 to 08:15 and use an average of 6.6 kW until approximately 16:25. This shifts 9.1 kWh more charging into observed surplus intervals while targeting completion before the 20:58 departure."
20230707_pooled_F50_P050_S43,optimised_actual,EV018,2023-07-07 07:59:00,2023-07-07 15:35:00,5.902,2023-07-07 08:00:00,2023-07-07 08:00:00,0.0,80,43.4922178282781,43.49221636711217,True,True,True,45.04499473040096,True,"For EV018, move the charging start from 08:00 to 08:00 and use an average of 6.6 kW until approximately 15:35. This shifts 43.5 kWh more charging into observed surplus intervals while targeting completion before the 15:35 departure."
20230707_pooled_F50_P050_S43,optimised_actual,EV019,2023-07-07 05:45:00,2023-07-07 15:33:00,10.165,2023-07-07 05:45:00,2023-07-07 07:35:00,110.0,117,63.993046369014095,52.698601924569644,True,True,True,47.428741732112684,True,"For EV019, move the charging start from 05:45 to 07:35 and use an average of 6.6 kW until approximately 15:35. This shifts 52.7 kWh more charging into observed surplus intervals while targeting completion before the 15:33 departure."
20230707_pooled_F50_P050_S43,optimised_actual,EV020,2023-07-07 13:17:00,2023-07-07 14:43:00,2.61,2023-07-07 13:20:00,2023-07-07 13:20:00,0.0,12,6.449999574954388,6.449998895939474,True,True,True,8.414999006345527,True,"For EV020, move the charging start from 13:20 to 13:20 and use an average of 6.6 kW until approximately 14:45. This shifts 6.4 kWh more charging into observed surplus intervals while targeting completion before the 14:43 departure."
20230707_pooled_F50_P050_S43,optimised_actual,EV021,2023-07-07 07:20:00,2023-07-07 18:38:00,8.687,2023-07-07 07:20:00,2023-07-07 07:35:00,15.0,96,51.743296508247056,49.89043132455192,True,True,True,52.10338819209673,True,"For EV021, move the charging start from 07:20 to 07:35 and use an average of 6.6 kW until approximately 16:25. This shifts 49.9 kWh more charging into observed surplus intervals while targeting completion before the 18:38 departure."
20230707_pooled_F50_P050_S43,optimised_actual,EV022,2023-07-07 09:32:00,2023-07-07 17:30:00,1.939,2023-07-07 09:35:00,2023-07-07 09:35:00,0.0,79,42.639764450741175,42.63976404158907,True,True,True,40.31478763743015,True,"For EV022, move the charging start from 09:35 to 09:35 and use an average of 6.6 kW until approximately 16:25. This shifts 42.6 kWh more charging into observed surplus intervals while targeting completion before the 17:30 departure."
20230707_pooled_F50_P050_S43,optimised_actual,EV023,2023-07-07 07:33:00,2023-07-07 17:46:00,8.874,2023-07-07 07:35:00,2023-07-07 07:35:00,0.0,90,48.23552720669831,48.032662867337336,True,True,True,52.1033965806036,True,"For EV023, move the charging start from 07:35 to 07:35 and use an average of 6.6 kW until approximately 16:25. This shifts 48.0 kWh more charging into observed surplus intervals while targeting completion before the 17:46 departure."
20230707_pooled_F50_P050_S43,optimised_actual,EV024,2023-07-07 07:57:00,2023-07-07 15:11:00,3.806,2023-07-07 08:00:00,2023-07-07 08:00:00,0.0,80,43.62110648491694,43.62110552921378,True,True,True,43.06499497629242,True,"For EV024, move the charging start from 08:00 to 08:00 and use an average of 6.6 kW until approximately 15:15. This shifts 43.6 kWh more charging into observed surplus intervals while targeting completion before the 15:11 departure."
20230707_pooled_F50_P050_S43,optimised_actual,EV025,2023-07-07 09:29:00,2023-07-07 11:44:00,2.881,2023-07-07 09:30:00,2023-07-07 09:30:00,0.0,22,11.648887814814124,11.648887152924269,True,True,True,13.364998437631844,True,"For EV025, move the charging start from 09:30 to 09:30 and use an average of 6.6 kW until approximately 11:45. This shifts 11.6 kWh more charging into observed surplus intervals while targeting completion before the 11:44 departure."
20230707_pooled_F50_P075_S42,optimised_actual,EV001,2023-07-07 13:20:00,2023-07-07 15:38:00,0.883,2023-07-07 13:20:00,2023-07-07 13:20:00,0.0,27,14.418887320578936,14.418887177883857,True,True,True,13.859998460095472,True,"For EV001, move the charging start from 13:20 to 13:20 and use an average of 6.6 kW until approximately 15:40. This shifts 14.4 kWh more charging into observed surplus intervals while targeting completion before the 15:38 departure."
20230707_pooled_F50_P075_S42,optimised_actual,EV002,2023-07-07 11:57:00,2023-07-07 15:35:00,13.842,2023-07-07 12:00:00,2023-07-07 12:00:00,0.0,16,8.270000655407939,8.269997355381477,True,True,True,21.284997619843338,True,"For EV002, move the charging start from 12:00 to 12:00 and use an average of 6.6 kW until approximately 15:35. This shifts 8.3 kWh more charging into observed surplus intervals while targeting completion before the 15:35 departure."
20230707_pooled_F50_P075_S42,optimised_actual,EV003,2023-07-07 15:51:00,2023-07-07 20:37:00,28.313999999999997,2023-07-07 15:55:00,2023-07-07 15:55:00,0.0,0,3.8116472940904106e-10,-4.0102143827880354e-11,True,True,True,28.21499999965695,True,"For EV003, move the charging start from 15:55 to 15:55 and use an average of 6.6 kW until approximately 20:40. This shifts -0.0 kWh more charging into observed surplus intervals while targeting completion before the 20:37 departure."
20230707_pooled_F50_P075_S42,optimised_actual,EV004,2023-07-07 15:38:00,2023-07-07 17:44:00,12.474,2023-07-07 15:40:00,2023-07-07 15:40:00,0.0,0,1.671512557995432e-10,-6.015188347419098e-11,True,True,True,12.374999999849564,True,"For EV004, move the charging start from 15:40 to 15:40 and use an average of 6.6 kW until approximately 17:45. This shifts -0.0 kWh more charging into observed surplus intervals while targeting completion before the 17:44 departure."
20230707_pooled_F50_P075_S42,optimised_actual,EV005,2023-07-07 06:23:00,2023-07-07 15:50:00,8.969,2023-07-07 06:25:00,2023-07-07 07:35:00,70.0,110,59.98607810691423,52.08279914994951,True,True,True,48.913519234954556,True,"For EV005, move the charging start from 06:25 to 07:35 and use an average of 6.6 kW until approximately 15:50. This shifts 52.1 kWh more charging into observed surplus intervals while targeting completion before the 15:50 departure."
20230707_pooled_F50_P075_S42,optimised_actual,EV006,2023-07-07 07:33:00,2023-07-07 15:35:00,17.596,2023-07-07 07:35:00,2023-07-07 07:35:00,0.0,62,33.350450879150635,33.14731944117605,True,True,True,47.42858749705845,True,"For EV006, move the charging start from 07:35 to 07:35 and use an average of 6.6 kW until approximately 15:35. This shifts 33.1 kWh more charging into observed surplus intervals while targeting completion before the 15:35 departure."
20230707_pooled_F50_P075_S42,optimised_actual,EV007,2023-07-07 08:36:00,2023-07-07 15:52:00,13.875,2023-07-07 08:40:00,2023-07-07 08:40:00,0.0,59,32.43333141560581,32.43332800214873,True,True,True,43.064995201933854,True,"For EV007, move the charging start from 08:40 to 08:40 and use an average of 6.6 kW until approximately 15:55. This shifts 32.4 kWh more charging into observed surplus intervals while targeting completion before the 15:52 departure."
20230707_pooled_F50_P075_S42,optimised_actual,EV008,2023-07-07 06:21:00,2023-07-07 15:00:00,0.754,2023-07-07 06:25:00,2023-07-07 07:35:00,70.0,91,49.68611764364324,48.84833986586547,True,True,True,43.96350587927893,True,"For EV008, move the charging start from 06:25 to 07:35 and use an average of 6.6 kW until approximately 15:00. This shifts 48.8 kWh more charging into observed surplus intervals while targeting completion before the 15:00 departure."
20230707_pooled_F50_P075_S42,optimised_actual,EV009,2023-07-07 09:33:00,2023-07-07 19:16:00,5.673,2023-07-07 09:35:00,2023-07-07 09:35:00,0.0,70,38.17681764535616,38.176816291864334,True,True,True,40.032134662677905,True,"For EV009, move the charging start from 09:35 to 09:35 and use an average of 6.6 kW until approximately 16:20. This shifts 38.2 kWh more charging into observed surplus intervals while targeting completion before the 19:16 departure."
20230707_pooled_F50_P075_S42,optimised_actual,EV010,2023-07-07 08:24:00,2023-07-07 15:24:00,4.301,2023-07-07 08:25:00,2023-07-07 08:25:00,0.0,76,41.421106941316076,41.42110596557632,True,True,True,41.57999536901868,True,"For EV010, move the charging start from 08:25 to 08:25 and use an average of 6.6 kW until approximately 15:25. This shifts 41.4 kWh more charging into observed surplus intervals while targeting completion before the 15:24 departure."
20230707_pooled_F50_P075_S42,optimised_actual,EV011,2023-07-07 08:54:00,2023-07-07 17:54:00,7.108,2023-07-07 08:55:00,2023-07-07 08:55:00,0.0,75,40.98236298861873,40.9823612676851,True,True,True,43.99212514091659,True,"For EV011, move the charging start from 08:55 to 08:55 and use an average of 6.6 kW until approximately 16:20. This shifts 41.0 kWh more charging into observed surplus intervals while targeting completion before the 17:54 departure."
20230707_pooled_F50_P075_S42,optimised_actual,EV012,2023-07-07 09:26:00,2023-07-07 17:24:00,9.272,2023-07-07 09:30:00,2023-07-07 09:30:00,0.0,64,34.727938716110316,34.727936519256644,True,True,True,40.52714286733099,True,"For EV012, move the charging start from 09:30 to 09:30 and use an average of 6.6 kW until approximately 16:20. This shifts 34.7 kWh more charging into observed surplus intervals while targeting completion before the 17:24 departure."
20230707_pooled_F50_P075_S42,optimised_actual,EV013,2023-07-07 08:32:00,2023-07-07 15:10:00,6.884,2023-07-07 08:35:00,2023-07-07 08:35:00,0.0,66,35.80110787315367,35.80110627274328,True,True,True,39.104995645468954,True,"For EV013, move the charging start from 08:35 to 08:35 and use an average of 6.6 kW until approximately 15:10. This shifts 35.8 kWh more charging into observed surplus intervals while targeting completion before the 15:10 departure."
20230707_pooled_F50_P075_S42,optimised_actual,EV014,2023-07-07 06:20:00,2023-07-07 14:08:00,12.944,2023-07-07 06:20:00,2023-07-07 07:35:00,75.0,84,45.66929612457757,37.21625113954821,True,True,True,39.0136260255934,True,"For EV014, move the charging start from 06:20 to 07:35 and use an average of 6.6 kW until approximately 14:10. This shifts 37.2 kWh more charging into observed surplus intervals while targeting completion before the 14:08 departure."
20230707_pooled_F50_P075_S42,optimised_actual,EV015,2023-07-07 06:23:00,2023-07-07 13:07:00,14.904,2023-07-07 06:25:00,2023-07-07 07:35:00,70.0,66,35.79137414089297,27.88861960479685,True,True,True,33.073757644317176,True,"For EV015, move the charging start from 06:25 to 07:35 and use an average of 6.6 kW until approximately 13:10. This shifts 27.9 kWh more charging into observed surplus intervals while targeting completion before the 13:07 departure."
20230707_pooled_F50_P075_S42,optimised_actual,EV016,2023-07-07 15:56:00,2023-07-07 17:24:00,8.175,2023-07-07 16:00:00,2023-07-07 16:00:00,0.0,7,0.4147137957541448,-9.055863925411245e-08,True,True,True,8.175000010787716,True,"For EV016, move the charging start from 16:00 to 16:00 and use an average of 6.4 kW until approximately 17:25. This shifts -0.0 kWh more charging into observed surplus intervals while targeting completion before the 17:24 departure."
20230707_pooled_F50_P075_S42,optimised_actual,EV017,2023-07-07 16:09:00,2023-07-07 17:21:00,5.211,2023-07-07 16:10:00,2023-07-07 16:10:00,0.0,7,0.569375831057334,-7.20913202467699e-08,True,True,True,5.211000010854099,True,"For EV017, move the charging start from 16:10 to 16:10 and use an average of 4.6 kW until approximately 17:25. This shifts -0.0 kWh more charging into observed surplus intervals while targeting completion before the 17:21 departure."
20230707_pooled_F50_P075_S42,optimised_actual,EV018,2023-07-07 05:51:00,2023-07-07 13:06:00,17.153,2023-07-07 05:55:00,2023-07-07 07:35:00,100.0,74,39.89241753256603,28.689798210824968,True,True,True,33.07381838974248,True,"For EV018, move the charging start from 05:55 to 07:35 and use an average of 6.6 kW until approximately 13:10. This shifts 28.7 kWh more charging into observed surplus intervals while targeting completion before the 13:06 departure."
20230707_pooled_F50_P075_S42,optimised_actual,EV019,2023-07-07 15:33:00,2023-07-07 17:38:00,4.997,2023-07-07 15:35:00,2023-07-07 15:35:00,0.0,0,7.2268508563751626e-06,-1.9099597192706597e-07,True,True,True,4.996993495834229,True,"For EV019, move the charging start from 15:35 to 15:35 and use an average of 6.1 kW until approximately 16:30. This shifts -0.0 kWh more charging into observed surplus intervals while targeting completion before the 17:38 departure."
20230707_pooled_F50_P075_S42,optimised_actual,EV020,2023-07-07 09:52:00,2023-07-07 16:18:00,8.227,2023-07-07 09:55:00,2023-07-07 09:55:00,0.0,61,33.13905601895357,33.13905407557156,True,True,True,38.052148668014404,True,"For EV020, move the charging start from 09:55 to 09:55 and use an average of 6.6 kW until approximately 16:20. This shifts 33.1 kWh more charging into observed surplus intervals while targeting completion before the 16:18 departure."
20230707_pooled_F50_P075_S42,optimised_actual,EV021,2023-07-07 11:14:00,2023-07-07 14:20:00,5.879,2023-07-07 11:15:00,2023-07-07 11:15:00,0.0,26,13.817776848520548,13.817775495286991,True,True,True,18.31499794575829,True,"For EV021, move the charging start from 11:15 to 11:15 and use an average of 6.6 kW until approximately 14:20. This shifts 13.8 kWh more charging into observed surplus intervals while targeting completion before the 14:20 departure."
20230707_pooled_F50_P075_S42,optimised_actual,EV022,2023-07-07 15:39:00,2023-07-07 16:13:00,1.722,2023-07-07 15:40:00,2023-07-07 15:40:00,0.0,4,1.9366665781342418,1.9366661557748983,True,True,True,3.4649995401974087,True,"For EV022, move the charging start from 15:40 to 15:40 and use an average of 6.6 kW until approximately 16:15. This shifts 1.9 kWh more charging into observed surplus intervals while targeting completion before the 16:13 departure."
20230707_pooled_F50_P075_S42,optimised_actual,EV023,2023-07-07 14:15:00,2023-07-07 15:56:00,4.911,2023-07-07 14:15:00,2023-07-07 14:15:00,0.0,12,6.093333171947171,6.09333202144216,True,True,True,10.394998819297943,True,"For EV023, move the charging start from 14:15 to 14:15 and use an average of 6.6 kW until approximately 16:00. This shifts 6.1 kWh more charging into observed surplus intervals while targeting completion before the 15:56 departure."
20230707_pooled_F50_P075_S42,optimised_actual,EV024,2023-07-07 14:47:00,2023-07-07 17:27:00,8.006,2023-07-07 14:50:00,2023-07-07 14:50:00,0.0,2,0.9387924283457272,0.9387904462910601,True,True,True,8.850911401661953,True,"For EV024, move the charging start from 14:50 to 14:50 and use an average of 6.6 kW until approximately 16:20. This shifts 0.9 kWh more charging into observed surplus intervals while targeting completion before the 17:27 departure."
20230707_pooled_F50_P075_S42,optimised_actual,EV025,2023-07-07 16:31:00,2023-07-07 18:09:00,1.175,2023-07-07 16:35:00,2023-07-07 16:35:00,0.0,10,2.1222769384717766,0.0,True,True,True,1.1750000108966387,True,"For EV025, move the charging start from 16:35 to 16:35 and use an average of 0.8 kW until approximately 18:10. This shifts 0.0 kWh more charging into observed surplus intervals while targeting completion before the 18:09 departure."
20230707_pooled_F50_P075_S42,optimised_actual,EV026,2023-07-07 09:01:00,2023-07-07 17:23:00,3.568,2023-07-07 09:05:00,2023-07-07 09:05:00,0.0,80,43.81568860598444,43.81568773439225,True,True,True,43.00211896095303,True,"For EV026, move the charging start from 09:05 to 09:05 and use an average of 6.6 kW until approximately 16:20. This shifts 43.8 kWh more charging into observed surplus intervals while targeting completion before the 17:23 departure."
20230707_pooled_F50_P075_S42,optimised_actual,EV027,2023-07-07 15:34:00,2023-07-07 17:56:00,6.247,2023-07-07 15:35:00,2023-07-07 15:35:00,0.0,8,0.7786250372061817,-1.4374419343710088e-07,True,True,True,6.247000010908052,True,"For EV027, move the charging start from 15:35 to 15:35 and use an average of 2.9 kW until approximately 18:00. This shifts -0.0 kWh more charging into observed surplus intervals while targeting completion before the 17:56 departure."
20230707_pooled_F50_P075_S42,optimised_actual,EV028,2023-07-07 09:50:00,2023-07-07 23:56:00,2.099,2023-07-07 09:50:00,2023-07-07 09:50:00,0.0,74,40.497924369113605,40.49792386484712,True,True,True,38.5471314783624,True,"For EV028, move the charging start from 09:50 to 09:50 and use an average of 6.6 kW until approximately 16:20. This shifts 40.5 kWh more charging into observed surplus intervals while targeting completion before the 23:56 departure."
20230707_pooled_F50_P075_S42,optimised_actual,EV029,2023-07-07 16:16:00,2023-07-07 17:31:00,6.301,2023-07-07 16:20:00,2023-07-07 16:20:00,0.0,9,1.7088506800136498,-4.879044002148447e-08,True,True,True,6.301000010841454,True,"For EV029, move the charging start from 16:20 to 16:20 and use an average of 5.6 kW until approximately 17:35. This shifts -0.0 kWh more charging into observed surplus intervals while targeting completion before the 17:31 departure."
20230707_pooled_F50_P075_S42,optimised_actual,EV030,2023-07-07 15:36:00,2023-07-07 18:47:00,18.909,2023-07-07 15:40:00,2023-07-07 15:40:00,0.0,0,2.5408860201044564e-10,-6.015188347419098e-11,True,True,True,18.809999999771325,True,"For EV030, move the charging start from 15:40 to 15:40 and use an average of 6.6 kW until approximately 18:50. This shifts -0.0 kWh more charging into observed surplus intervals while targeting completion before the 18:47 departure."
20230707_pooled_F50_P075_S42,optimised_actual,EV031,2023-07-07 07:14:00,2023-07-07 19:03:00,34.37,2023-07-07 07:15:00,2023-07-07 07:35:00,20.0,45,23.992736281303454,21.58996231234434,True,True,True,51.8209660811099,True,"For EV031, move the charging start from 07:15 to 07:35 and use an average of 6.6 kW until approximately 16:20. This shifts 21.6 kWh more charging into observed surplus intervals while targeting completion before the 19:03 departure."
20230707_pooled_F50_P075_S42,optimised_actual,EV032,2023-07-07 06:27:00,2023-07-07 11:01:00,13.295,2023-07-07 06:30:00,2023-07-07 07:35:00,65.0,43,22.728475908406118,15.377076091174677,True,True,True,20.699368482057217,True,"For EV032, move the charging start from 06:30 to 07:35 and use an average of 6.6 kW until approximately 11:05. This shifts 15.4 kWh more charging into observed surplus intervals while targeting completion before the 11:01 departure."
20230707_pooled_F50_P075_S42,optimised_actual,EV033,2023-07-07 08:59:00,2023-07-07 16:32:00,41.827,2023-07-07 09:00:00,2023-07-07 09:00:00,0.0,4,1.8808949385806342,1.880884653551341,True,True,True,43.519796188196224,True,"For EV033, move the charging start from 09:00 to 09:00 and use an average of 6.6 kW until approximately 16:20. This shifts 1.9 kWh more charging into observed surplus intervals while targeting completion before the 16:32 departure."
20230707_pooled_F50_P075_S42,optimised_actual,EV034,2023-07-07 09:24:00,2023-07-07 17:59:00,2.579,2023-07-07 09:25:00,2023-07-07 09:25:00,0.0,78,42.7145807968648,42.714580188528714,True,True,True,41.02212216967586,True,"For EV034, move the charging start from 09:25 to 09:25 and use an average of 6.6 kW until approximately 16:20. This shifts 42.7 kWh more charging into observed surplus intervals while targeting completion before the 17:59 departure."
20230707_pooled_F50_P075_S42,optimised_actual,EV035,2023-07-07 18:07:00,2023-07-07 21:29:00,5.904,2023-07-07 18:10:00,2023-07-07 18:10:00,0.0,26,8.61166555570166,0.0,True,True,True,5.904000010869558,True,"For EV035, move the charging start from 18:10 to 18:10 and use an average of 2.0 kW until approximately 21:30. This shifts 0.0 kWh more charging into observed surplus intervals while targeting completion before the 21:29 departure."
20230707_pooled_F50_P075_S42,optimised_actual,EV036,2023-07-07 19:26:00,2023-07-07 22:27:00,17.918999999999997,2023-07-07 19:30:00,2023-07-07 19:30:00,0.0,0,2.407509747115455e-10,0.0,True,True,True,17.819999999783327,True,"For EV036, move the charging start from 19:30 to 19:30 and use an average of 6.6 kW until approximately 22:30. This shifts 0.0 kWh more charging into observed surplus intervals while targeting completion before the 22:27 departure."
20230707_pooled_F50_P075_S42,optimised_actual,EV037,2023-07-07 07:18:00,2023-07-07 17:19:00,5.075,2023-07-07 07:20:00,2023-07-07 07:35:00,15.0,102,55.44289749596561,53.58955408000117,True,True,True,51.820598672001054,True,"For EV037, move the charging start from 07:20 to 07:35 and use an average of 6.6 kW until approximately 16:20. This shifts 53.6 kWh more charging into observed surplus intervals while targeting completion before the 17:19 departure."
20230707_pooled_F50_P075_S42,optimised_actual,EV038,2023-07-07 07:00:00,2023-07-07 11:07:00,9.888,2023-07-07 07:00:00,2023-07-07 07:35:00,35.0,39,20.46440497609703,16.412257893574523,True,True,True,21.194032104217072,True,"For EV038, move the charging start from 07:00 to 07:35 and use an average of 6.6 kW until approximately 11:10. This shifts 16.4 kWh more charging into observed surplus intervals while targeting completion before the 11:07 departure."
20230707_pooled_F50_P075_S43,optimised_actual,EV001,2023-07-07 09:45:00,2023-07-07 17:17:00,4.957,2023-07-07 09:45:00,2023-07-07 09:45:00,0.0,70,37.977597782641396,37.97759563187966,True,True,True,39.13683606869169,True,"For EV001, move the charging start from 09:45 to 09:45 and use an average of 6.5 kW until approximately 16:25. This shifts 38.0 kWh more charging into observed surplus intervals while targeting completion before the 17:17 departure."
20230707_pooled_F50_P075_S43,optimised_actual,EV002,2023-07-07 08:17:00,2023-07-07 16:14:00,11.806,2023-07-07 08:20:00,2023-07-07 08:20:00,0.0,72,39.132216773216065,39.13221182404385,True,True,True,47.02499064163947,True,"For EV002, move the charging start from 08:20 to 08:20 and use an average of 6.6 kW until approximately 16:15. This shifts 39.1 kWh more charging into observed surplus intervals while targeting completion before the 16:14 departure."
20230707_pooled_F50_P075_S43,optimised_actual,EV003,2023-07-07 16:05:00,2023-07-07 18:03:00,11.681999999999999,2023-07-07 16:05:00,2023-07-07 16:05:00,0.0,6,0.32980614212458254,-7.969945903241182e-08,True,True,True,11.68200001890367,True,"For EV003, move the charging start from 16:05 to 16:05 and use an average of 6.5 kW until approximately 18:05. This shifts -0.0 kWh more charging into observed surplus intervals while targeting completion before the 18:03 departure."
20230707_pooled_F50_P075_S43,optimised_actual,EV004,2023-07-07 12:55:00,2023-07-07 13:44:00,4.850999999999999,2023-07-07 12:55:00,2023-07-07 12:55:00,0.0,1,0.11000083283098619,0.10999892358436014,True,True,True,4.949999031225922,True,"For EV004, move the charging start from 12:55 to 12:55 and use an average of 6.6 kW until approximately 13:45. This shifts 0.1 kWh more charging into observed surplus intervals while targeting completion before the 13:44 departure."
20230707_pooled_F50_P075_S43,optimised_actual,EV005,2023-07-07 06:34:00,2023-07-07 15:03:00,6.121,2023-07-07 06:35:00,2023-07-07 07:35:00,60.0,102,55.739574094525,49.13957409452498,True,True,True,44.406616685072485,True,"For EV005, move the charging start from 06:35 to 07:35 and use an average of 6.6 kW until approximately 15:05. This shifts 49.1 kWh more charging into observed surplus intervals while targeting completion before the 15:03 departure."
20230707_pooled_F50_P075_S43,optimised_actual,EV006,2023-07-07 11:02:00,2023-07-07 17:54:00,10.007,2023-07-07 11:05:00,2023-07-07 11:05:00,0.0,44,23.56699121878524,23.56698692417376,True,True,True,31.21728823175639,True,"For EV006, move the charging start from 11:05 to 11:05 and use an average of 6.5 kW until approximately 16:25. This shifts 23.6 kWh more charging into observed surplus intervals while targeting completion before the 17:54 departure."
20230707_pooled_F50_P075_S43,optimised_actual,EV007,2023-07-07 06:44:00,2023-07-07 17:07:00,5.603,2023-07-07 06:45:00,2023-07-07 07:35:00,50.0,116,62.71902127020816,56.900109093332084,True,True,True,51.86309818399887,True,"For EV007, move the charging start from 06:45 to 07:35 and use an average of 6.5 kW until approximately 16:25. This shifts 56.9 kWh more charging into observed surplus intervals while targeting completion before the 17:07 departure."
20230707_pooled_F50_P075_S43,optimised_actual,EV008,2023-07-07 10:59:00,2023-07-07 17:58:00,0.847,2023-07-07 11:00:00,2023-07-07 11:00:00,0.0,64,34.294375770404855,34.294375559263955,True,True,True,31.711938003337554,True,"For EV008, move the charging start from 11:00 to 11:00 and use an average of 6.5 kW until approximately 16:25. This shifts 34.3 kWh more charging into observed surplus intervals while targeting completion before the 17:58 departure."
20230707_pooled_F50_P075_S43,optimised_actual,EV009,2023-07-07 07:54:00,2023-07-07 08:29:00,0.843,2023-07-07 07:55:00,2023-07-07 07:55:00,0.0,6,2.9133327175222306,2.913332535120249,True,True,True,3.464999281608225,True,"For EV009, move the charging start from 07:55 to 07:55 and use an average of 6.6 kW until approximately 08:30. This shifts 2.9 kWh more charging into observed surplus intervals while targeting completion before the 08:29 departure."
20230707_pooled_F50_P075_S43,optimised_actual,EV010,2023-07-07 06:58:00,2023-07-07 18:33:00,0.731,2023-07-07 07:00:00,2023-07-07 07:35:00,35.0,108,58.43776272854911,57.625540506326885,True,True,True,51.8629864556942,True,"For EV010, move the charging start from 07:00 to 07:35 and use an average of 6.5 kW until approximately 16:25. This shifts 57.6 kWh more charging into observed surplus intervals while targeting completion before the 18:33 departure."
20230707_pooled_F50_P075_S43,optimised_actual,EV011,2023-07-07 07:31:00,2023-07-07 20:03:00,27.122,2023-07-07 07:35:00,2023-07-07 07:35:00,0.0,53,27.808929595515778,27.491087789268217,True,True,True,51.86397901034139,True,"For EV011, move the charging start from 07:35 to 07:35 and use an average of 6.5 kW until approximately 16:25. This shifts 27.5 kWh more charging into observed surplus intervals while targeting completion before the 20:03 departure."
20230707_pooled_F50_P075_S43,optimised_actual,EV012,2023-07-07 06:56:00,2023-07-07 17:23:00,5.888,2023-07-07 07:00:00,2023-07-07 07:35:00,35.0,110,59.102354831194226,54.93344883106716,True,True,True,51.86310394796045,True,"For EV012, move the charging start from 07:00 to 07:35 and use an average of 6.5 kW until approximately 16:25. This shifts 54.9 kWh more charging into observed surplus intervals while targeting completion before the 17:23 departure."
20230707_pooled_F50_P075_S43,optimised_actual,EV013,2023-07-07 05:51:00,2023-07-07 14:09:00,13.49,2023-07-07 05:55:00,2023-07-07 07:35:00,100.0,93,50.62000694122902,39.302199861012966,True,True,True,38.96197987491168,True,"For EV013, move the charging start from 05:55 to 07:35 and use an average of 6.6 kW until approximately 14:10. This shifts 39.3 kWh more charging into observed surplus intervals while targeting completion before the 14:09 departure."
20230707_pooled_F50_P075_S43,optimised_actual,EV014,2023-07-07 07:34:00,2023-07-07 16:42:00,15.996,2023-07-07 07:35:00,2023-07-07 07:35:00,0.0,75,40.171244380155656,39.85276296652148,True,True,True,51.863486669869346,True,"For EV014, move the charging start from 07:35 to 07:35 and use an average of 6.5 kW until approximately 16:25. This shifts 39.9 kWh more charging into observed surplus intervals while targeting completion before the 16:42 departure."
20230707_pooled_F50_P075_S43,optimised_actual,EV015,2023-07-07 07:48:00,2023-07-07 12:48:00,8.259,2023-07-07 07:50:00,2023-07-07 07:50:00,0.0,44,23.82333038124672,23.823326891693977,True,True,True,29.69999420252458,True,"For EV015, move the charging start from 07:50 to 07:50 and use an average of 6.6 kW until approximately 12:50. This shifts 23.8 kWh more charging into observed surplus intervals while targeting completion before the 12:48 departure."
20230707_pooled_F50_P075_S43,optimised_actual,EV016,2023-07-07 15:41:00,2023-07-07 19:49:00,8.615,2023-07-07 15:45:00,2023-07-07 15:45:00,0.0,16,3.9684517110506534,-1.5148157128663797e-07,True,True,True,8.615000019312792,True,"For EV016, move the charging start from 15:45 to 15:45 and use an average of 2.3 kW until approximately 19:50. This shifts -0.0 kWh more charging into observed surplus intervals while targeting completion before the 19:49 departure."
20230707_pooled_F50_P075_S43,optimised_actual,EV017,2023-07-07 08:13:00,2023-07-07 20:58:00,40.017,2023-07-07 08:15:00,2023-07-07 08:15:00,0.0,18,8.930028519557517,8.930011396147222,True,True,True,48.05401025653253,True,"For EV017, move the charging start from 08:15 to 08:15 and use an average of 6.5 kW until approximately 16:25. This shifts 8.9 kWh more charging into observed surplus intervals while targeting completion before the 20:58 departure."
20230707_pooled_F50_P075_S43,optimised_actual,EV018,2023-07-07 07:59:00,2023-07-07 15:35:00,5.902,2023-07-07 08:00:00,2023-07-07 08:00:00,0.0,80,43.492214864734535,43.49221240205248,True,True,True,45.044991161847236,True,"For EV018, move the charging start from 08:00 to 08:00 and use an average of 6.6 kW until approximately 15:35. This shifts 43.5 kWh more charging into observed surplus intervals while targeting completion before the 15:35 departure."
20230707_pooled_F50_P075_S43,optimised_actual,EV019,2023-07-07 05:45:00,2023-07-07 15:33:00,10.165,2023-07-07 05:45:00,2023-07-07 07:35:00,110.0,117,63.93514988095271,52.64070543650827,True,True,True,47.376634892857446,True,"For EV019, move the charging start from 05:45 to 07:35 and use an average of 6.6 kW until approximately 15:35. This shifts 52.6 kWh more charging into observed surplus intervals while targeting completion before the 15:33 departure."
20230707_pooled_F50_P075_S43,optimised_actual,EV020,2023-07-07 13:17:00,2023-07-07 14:43:00,2.61,2023-07-07 13:20:00,2023-07-07 13:20:00,0.0,12,6.449999289887414,6.4499981445024135,True,True,True,8.414998330052171,True,"For EV020, move the charging start from 13:20 to 13:20 and use an average of 6.6 kW until approximately 14:45. This shifts 6.4 kWh more charging into observed surplus intervals while targeting completion before the 14:43 departure."
20230707_pooled_F50_P075_S43,optimised_actual,EV021,2023-07-07 07:20:00,2023-07-07 18:38:00,8.687,2023-07-07 07:20:00,2023-07-07 07:35:00,15.0,96,51.59235187467767,49.62353176110236,True,True,True,51.86317858499213,True,"For EV021, move the charging start from 07:20 to 07:35 and use an average of 6.5 kW until approximately 16:25. This shifts 49.6 kWh more charging into observed surplus intervals while targeting completion before the 18:38 departure."
20230707_pooled_F50_P075_S43,optimised_actual,EV022,2023-07-07 09:32:00,2023-07-07 17:30:00,1.939,2023-07-07 09:35:00,2023-07-07 09:35:00,0.0,79,42.43083453642693,42.43083385279746,True,True,True,40.126750467517724,True,"For EV022, move the charging start from 09:35 to 09:35 and use an average of 6.5 kW until approximately 16:25. This shifts 42.4 kWh more charging into observed surplus intervals while targeting completion before the 17:30 departure."
20230707_pooled_F50_P075_S43,optimised_actual,EV023,2023-07-07 07:33:00,2023-07-07 17:46:00,8.874,2023-07-07 07:35:00,2023-07-07 07:35:00,0.0,90,48.084576548949514,47.765761483774945,True,True,True,51.86318533539745,True,"For EV023, move the charging start from 07:35 to 07:35 and use an average of 6.5 kW until approximately 16:25. This shifts 47.8 kWh more charging into observed surplus intervals while targeting completion before the 17:46 departure."
20230707_pooled_F50_P075_S43,optimised_actual,EV024,2023-07-07 07:57:00,2023-07-07 15:11:00,3.806,2023-07-07 08:00:00,2023-07-07 08:00:00,0.0,80,43.62110334416268,43.6211017474457,True,True,True,43.06499157270114,True,"For EV024, move the charging start from 08:00 to 08:00 and use an average of 6.6 kW until approximately 15:15. This shifts 43.6 kWh more charging into observed surplus intervals while targeting completion before the 15:11 departure."
20230707_pooled_F50_P075_S43,optimised_actual,EV025,2023-07-07 09:29:00,2023-07-07 11:44:00,2.881,2023-07-07 09:30:00,2023-07-07 09:30:00,0.0,22,11.648887088925743,11.648885983054704,True,True,True,13.364997384749234,True,"For EV025, move the charging start from 09:30 to 09:30 and use an average of 6.6 kW until approximately 11:45. This shifts 11.6 kWh more charging into observed surplus intervals while targeting completion before the 11:44 departure."
20230707_pooled_F50_P075_S43,optimised_actual,EV026,2023-07-07 15:59:00,2023-07-07 17:09:00,6.259,2023-07-07 16:00:00,2023-07-07 16:00:00,0.0,8,0.8528412321168501,-9.772692077802958e-08,True,True,True,6.25900001900797,True,"For EV026, move the charging start from 16:00 to 16:00 and use an average of 6.0 kW until approximately 17:10. This shifts -0.0 kWh more charging into observed surplus intervals while targeting completion before the 17:09 departure."
20230707_pooled_F50_P075_S43,optimised_actual,EV027,2023-07-07 07:11:00,2023-07-07 14:50:00,13.999,2023-07-07 07:15:00,2023-07-07 07:35:00,20.0,68,36.8545755493735,34.3365220345194,True,True,True,42.92186983106747,True,"For EV027, move the charging start from 07:15 to 07:35 and use an average of 6.6 kW until approximately 14:50. This shifts 34.3 kWh more charging into observed surplus intervals while targeting completion before the 14:50 departure."
20230707_pooled_F50_P075_S43,optimised_actual,EV028,2023-07-07 07:07:00,2023-07-07 14:28:00,43.65899999999999,2023-07-07 07:10:00,2023-07-07 07:10:00,0.0,0,1.034534902188966e-09,-9.757314956004848e-10,True,True,True,43.559999999068914,True,"For EV028, move the charging start from 07:10 to 07:10 and use an average of 6.6 kW until approximately 14:30. This shifts -0.0 kWh more charging into observed surplus intervals while targeting completion before the 14:28 departure."
20230707_pooled_F50_P075_S43,optimised_actual,EV029,2023-07-07 17:42:00,2023-07-07 22:12:00,15.511,2023-07-07 17:45:00,2023-07-07 17:45:00,0.0,52,12.324958026666508,0.0,True,True,True,15.511000019105147,True,"For EV029, move the charging start from 17:45 to 17:45 and use an average of 3.8 kW until approximately 22:15. This shifts 0.0 kWh more charging into observed surplus intervals while targeting completion before the 22:12 departure."
20230707_pooled_F50_P075_S43,optimised_actual,EV030,2023-07-07 08:49:00,2023-07-07 11:55:00,13.025,2023-07-07 08:50:00,2023-07-07 08:50:00,0.0,11,5.877779326344777,5.877773806840505,True,True,True,18.314996426156466,True,"For EV030, move the charging start from 08:50 to 08:50 and use an average of 6.6 kW until approximately 11:55. This shifts 5.9 kWh more charging into observed surplus intervals while targeting completion before the 11:55 departure."
20230707_pooled_F50_P075_S43,optimised_actual,EV031,2023-07-07 08:37:00,2023-07-07 18:50:00,10.249,2023-07-07 08:40:00,2023-07-07 08:40:00,0.0,73,39.2475489439461,39.24754464970975,True,True,True,45.57179018473878,True,"For EV031, move the charging start from 08:40 to 08:40 and use an average of 6.5 kW until approximately 16:25. This shifts 39.2 kWh more charging into observed surplus intervals while targeting completion before the 18:50 departure."
20230707_pooled_F50_P075_S43,optimised_actual,EV032,2023-07-07 07:26:00,2023-07-07 16:27:00,7.048,2023-07-07 07:30:00,2023-07-07 07:35:00,5.0,95,51.213472808062505,50.34462343774234,True,True,True,51.86316109396811,True,"For EV032, move the charging start from 07:30 to 07:35 and use an average of 6.5 kW until approximately 16:25. This shifts 50.3 kWh more charging into observed surplus intervals while targeting completion before the 16:27 departure."
20230707_pooled_F50_P075_S43,optimised_actual,EV033,2023-07-07 06:52:00,2023-07-07 13:05:00,5.212,2023-07-07 06:55:00,2023-07-07 07:35:00,40.0,73,39.46784420273117,34.74991984727945,True,True,True,32.5269278625515,True,"For EV033, move the charging start from 06:55 to 07:35 and use an average of 6.6 kW until approximately 13:05. This shifts 34.7 kWh more charging into observed surplus intervals while targeting completion before the 13:05 departure."
20230707_pooled_F50_P075_S43,optimised_actual,EV034,2023-07-07 11:41:00,2023-07-07 17:08:00,6.386,2023-07-07 11:45:00,2023-07-07 11:45:00,0.0,44,23.190386416826005,23.190383901172257,True,True,True,27.257345511055025,True,"For EV034, move the charging start from 11:45 to 11:45 and use an average of 6.5 kW until approximately 16:25. This shifts 23.2 kWh more charging into observed surplus intervals while targeting completion before the 17:08 departure."
20230707_pooled_F50_P075_S43,optimised_actual,EV035,2023-07-07 11:17:00,2023-07-07 11:45:00,0.976,2023-07-07 11:20:00,2023-07-07 11:20:00,0.0,4,1.665555238905259,1.6655549884122491,True,True,True,2.474999489571024,True,"For EV035, move the charging start from 11:20 to 11:20 and use an average of 6.6 kW until approximately 11:45. This shifts 1.7 kWh more charging into observed surplus intervals while targeting completion before the 11:45 departure."
20230707_pooled_F50_P075_S43,optimised_actual,EV036,2023-07-07 07:24:00,2023-07-07 17:25:00,10.935,2023-07-07 07:25:00,2023-07-07 07:35:00,10.0,89,47.994575383460386,46.57583523467234,True,True,True,51.86325171120511,True,"For EV036, move the charging start from 07:25 to 07:35 and use an average of 6.5 kW until approximately 16:25. This shifts 46.6 kWh more charging into observed surplus intervals while targeting completion before the 17:25 departure."
20230707_pooled_F50_P075_S43,optimised_actual,EV037,2023-07-07 13:26:00,2023-07-07 18:42:00,6.605,2023-07-07 13:30:00,2023-07-07 13:30:00,0.0,22,11.398799375750587,11.398796559278658,True,True,True,16.86391690335079,True,"For EV037, move the charging start from 13:30 to 13:30 and use an average of 6.4 kW until approximately 16:25. This shifts 11.4 kWh more charging into observed surplus intervals while targeting completion before the 18:42 departure."
20230707_pooled_F50_P075_S43,optimised_actual,EV038,2023-07-07 07:12:00,2023-07-07 18:03:00,17.539,2023-07-07 07:15:00,2023-07-07 07:35:00,20.0,80,42.85677823763861,40.33830114550118,True,True,True,51.86347103095107,True,"For EV038, move the charging start from 07:15 to 07:35 and use an average of 6.5 kW until approximately 16:25. This shifts 40.3 kWh more charging into observed surplus intervals while targeting completion before the 18:03 departure."
20230707_pooled_F50_P100_S42,optimised_actual,EV001,2023-07-07 13:20:00,2023-07-07 15:38:00,0.883,2023-07-07 13:20:00,2023-07-07 13:20:00,0.0,27,14.418888411717475,14.418888368769105,True,True,True,13.859999531892194,True,"For EV001, move the charging start from 13:20 to 13:20 and use an average of 6.6 kW until approximately 15:40. This shifts 14.4 kWh more charging into observed surplus intervals while targeting completion before the 15:38 departure."
20230707_pooled_F50_P100_S42,optimised_actual,EV002,2023-07-07 11:57:00,2023-07-07 15:35:00,13.842,2023-07-07 12:00:00,2023-07-07 12:00:00,0.0,16,8.270000193176674,8.269999196853792,True,True,True,21.28499927716842,True,"For EV002, move the charging start from 12:00 to 12:00 and use an average of 6.6 kW until approximately 15:35. This shifts 8.3 kWh more charging into observed surplus intervals while targeting completion before the 15:35 departure."
20230707_pooled_F50_P100_S42,optimised_actual,EV003,2023-07-07 15:51:00,2023-07-07 20:37:00,28.313999999999997,2023-07-07 15:55:00,2023-07-07 15:55:00,0.0,0,1.1408407551982691e-10,-1.2003287253037342e-11,True,True,True,28.21499999989732,True,"For EV003, move the charging start from 15:55 to 15:55 and use an average of 6.6 kW until approximately 20:40. This shifts -0.0 kWh more charging into observed surplus intervals while targeting completion before the 20:37 departure."
20230707_pooled_F50_P100_S42,optimised_actual,EV004,2023-07-07 15:38:00,2023-07-07 17:44:00,12.474,2023-07-07 15:40:00,2023-07-07 15:40:00,0.0,0,5.002961008434188e-11,-1.800337656732154e-11,True,True,True,12.374999999954971,True,"For EV004, move the charging start from 15:40 to 15:40 and use an average of 6.6 kW until approximately 17:45. This shifts -0.0 kWh more charging into observed surplus intervals while targeting completion before the 17:44 departure."
20230707_pooled_F50_P100_S42,optimised_actual,EV005,2023-07-07 06:23:00,2023-07-07 15:50:00,8.969,2023-07-07 06:25:00,2023-07-07 07:35:00,70.0,110,59.86631821521492,51.83232538689519,True,True,True,48.68809284820567,True,"For EV005, move the charging start from 06:25 to 07:35 and use an average of 6.6 kW until approximately 15:50. This shifts 51.8 kWh more charging into observed surplus intervals while targeting completion before the 15:50 departure."
20230707_pooled_F50_P100_S42,optimised_actual,EV006,2023-07-07 07:33:00,2023-07-07 15:35:00,17.596,2023-07-07 07:35:00,2023-07-07 07:35:00,0.0,69,33.41568490317155,32.896990452716786,True,True,True,47.203291407445114,True,"For EV006, move the charging start from 07:35 to 07:35 and use an average of 6.6 kW until approximately 15:35. This shifts 32.9 kWh more charging into observed surplus intervals while targeting completion before the 15:35 departure."
20230707_pooled_F50_P100_S42,optimised_actual,EV007,2023-07-07 08:36:00,2023-07-07 15:52:00,13.875,2023-07-07 08:40:00,2023-07-07 08:40:00,0.0,72,32.59193089564101,32.248231647604584,True,True,True,42.89840848284414,True,"For EV007, move the charging start from 08:40 to 08:40 and use an average of 6.6 kW until approximately 15:55. This shifts 32.2 kWh more charging into observed surplus intervals while targeting completion before the 15:52 departure."
20230707_pooled_F50_P100_S42,optimised_actual,EV008,2023-07-07 06:21:00,2023-07-07 15:00:00,0.754,2023-07-07 06:25:00,2023-07-07 07:35:00,70.0,91,49.435609547943365,48.59783177016559,True,True,True,43.73804859314903,True,"For EV008, move the charging start from 06:25 to 07:35 and use an average of 6.6 kW until approximately 15:00. This shifts 48.6 kWh more charging into observed surplus intervals while targeting completion before the 15:00 departure."
20230707_pooled_F50_P100_S42,optimised_actual,EV009,2023-07-07 09:33:00,2023-07-07 19:16:00,5.673,2023-07-07 09:35:00,2023-07-07 09:35:00,0.0,77,38.1245844153878,37.939470461828634,True,True,True,39.81852341564577,True,"For EV009, move the charging start from 09:35 to 09:35 and use an average of 6.6 kW until approximately 16:20. This shifts 37.9 kWh more charging into observed surplus intervals while targeting completion before the 19:16 departure."
20230707_pooled_F50_P100_S42,optimised_actual,EV010,2023-07-07 08:24:00,2023-07-07 15:24:00,4.301,2023-07-07 08:25:00,2023-07-07 08:25:00,0.0,76,41.235992742409906,41.23599244936579,True,True,True,41.413393204429205,True,"For EV010, move the charging start from 08:25 to 08:25 and use an average of 6.6 kW until approximately 15:25. This shifts 41.2 kWh more charging into observed surplus intervals while targeting completion before the 15:24 departure."
20230707_pooled_F50_P100_S42,optimised_actual,EV011,2023-07-07 08:54:00,2023-07-07 17:54:00,7.108,2023-07-07 08:55:00,2023-07-07 08:55:00,0.0,77,40.79794252048371,40.74498989120929,True,True,True,43.778490902088365,True,"For EV011, move the charging start from 08:55 to 08:55 and use an average of 6.6 kW until approximately 16:20. This shifts 40.7 kWh more charging into observed surplus intervals while targeting completion before the 17:54 departure."
20230707_pooled_F50_P100_S42,optimised_actual,EV012,2023-07-07 09:26:00,2023-07-07 17:24:00,9.272,2023-07-07 09:30:00,2023-07-07 09:30:00,0.0,77,34.834334488764775,34.49062597575775,True,True,True,40.31356337818198,True,"For EV012, move the charging start from 09:30 to 09:30 and use an average of 6.6 kW until approximately 16:20. This shifts 34.5 kWh more charging into observed surplus intervals while targeting completion before the 17:24 departure."
20230707_pooled_F50_P100_S42,optimised_actual,EV013,2023-07-07 08:32:00,2023-07-07 15:10:00,6.884,2023-07-07 08:35:00,2023-07-07 08:35:00,0.0,66,35.61600230603064,35.61600182535704,True,True,True,38.93840164282134,True,"For EV013, move the charging start from 08:35 to 08:35 and use an average of 6.6 kW until approximately 15:10. This shifts 35.6 kWh more charging into observed surplus intervals while targeting completion before the 15:10 departure."
20230707_pooled_F50_P100_S42,optimised_actual,EV014,2023-07-07 06:20:00,2023-07-07 14:08:00,12.944,2023-07-07 06:20:00,2023-07-07 07:35:00,75.0,84,45.549351555460404,36.96601854744566,True,True,True,38.7884166927011,True,"For EV014, move the charging start from 06:20 to 07:35 and use an average of 6.5 kW until approximately 14:10. This shifts 37.0 kWh more charging into observed surplus intervals while targeting completion before the 14:08 departure."
20230707_pooled_F50_P100_S42,optimised_actual,EV015,2023-07-07 06:23:00,2023-07-07 13:07:00,14.904,2023-07-07 06:25:00,2023-07-07 07:35:00,70.0,66,35.671210165964474,27.638680811643773,True,True,True,32.8488127304794,True,"For EV015, move the charging start from 06:25 to 07:35 and use an average of 6.5 kW until approximately 13:10. This shifts 27.6 kWh more charging into observed surplus intervals while targeting completion before the 13:07 departure."
20230707_pooled_F50_P100_S42,optimised_actual,EV016,2023-07-07 15:56:00,2023-07-07 17:24:00,8.175,2023-07-07 16:00:00,2023-07-07 16:00:00,0.0,9,0.481149204576239,-2.4713969537515368e-08,True,True,True,8.175000003249428,True,"For EV016, move the charging start from 16:00 to 16:00 and use an average of 6.4 kW until approximately 17:25. This shifts -0.0 kWh more charging into observed surplus intervals while targeting completion before the 17:24 departure."
20230707_pooled_F50_P100_S42,optimised_actual,EV017,2023-07-07 16:09:00,2023-07-07 17:21:00,5.211,2023-07-07 16:10:00,2023-07-07 16:10:00,0.0,8,1.2119401721267098,-1.875583577337636e-08,True,True,True,5.211000003257213,True,"For EV017, move the charging start from 16:10 to 16:10 and use an average of 4.6 kW until approximately 17:25. This shifts -0.0 kWh more charging into observed surplus intervals while targeting completion before the 17:21 departure."
20230707_pooled_F50_P100_S42,optimised_actual,EV018,2023-07-07 05:51:00,2023-07-07 13:06:00,17.153,2023-07-07 05:55:00,2023-07-07 07:35:00,100.0,74,39.77215041665508,28.439998725071383,True,True,True,32.84899885256425,True,"For EV018, move the charging start from 05:55 to 07:35 and use an average of 6.5 kW until approximately 13:10. This shifts 28.4 kWh more charging into observed surplus intervals while targeting completion before the 13:06 departure."
20230707_pooled_F50_P100_S42,optimised_actual,EV019,2023-07-07 15:33:00,2023-07-07 17:38:00,4.997,2023-07-07 15:35:00,2023-07-07 15:35:00,0.0,0,2.6275558333381057e-06,-4.26587174473525e-08,True,True,True,4.996997635199748,True,"For EV019, move the charging start from 15:35 to 15:35 and use an average of 6.1 kW until approximately 16:30. This shifts -0.0 kWh more charging into observed surplus intervals while targeting completion before the 17:38 departure."
20230707_pooled_F50_P100_S42,optimised_actual,EV020,2023-07-07 09:52:00,2023-07-07 16:18:00,8.227,2023-07-07 09:55:00,2023-07-07 09:55:00,0.0,75,33.27196650594444,32.90176153513392,True,True,True,37.838585381620526,True,"For EV020, move the charging start from 09:55 to 09:55 and use an average of 6.6 kW until approximately 16:20. This shifts 32.9 kWh more charging into observed surplus intervals while targeting completion before the 16:18 departure."
20230707_pooled_F50_P100_S42,optimised_actual,EV021,2023-07-07 11:14:00,2023-07-07 14:20:00,5.879,2023-07-07 11:15:00,2023-07-07 11:15:00,0.0,26,13.817777493973708,13.817777080599242,True,True,True,18.314999372539315,True,"For EV021, move the charging start from 11:15 to 11:15 and use an average of 6.6 kW until approximately 14:20. This shifts 13.8 kWh more charging into observed surplus intervals while targeting completion before the 14:20 departure."
20230707_pooled_F50_P100_S42,optimised_actual,EV022,2023-07-07 15:39:00,2023-07-07 16:13:00,1.722,2023-07-07 15:40:00,2023-07-07 15:40:00,0.0,4,1.9366666212666417,1.9366664880334186,True,True,True,3.4649998392300767,True,"For EV022, move the charging start from 15:40 to 15:40 and use an average of 6.6 kW until approximately 16:15. This shifts 1.9 kWh more charging into observed surplus intervals while targeting completion before the 16:13 departure."
20230707_pooled_F50_P100_S42,optimised_actual,EV023,2023-07-07 14:15:00,2023-07-07 15:56:00,4.911,2023-07-07 14:15:00,2023-07-07 14:15:00,0.0,12,6.093333287937638,6.093332929898699,True,True,True,10.394999636908828,True,"For EV023, move the charging start from 14:15 to 14:15 and use an average of 6.6 kW until approximately 16:00. This shifts 6.1 kWh more charging into observed surplus intervals while targeting completion before the 15:56 departure."
20230707_pooled_F50_P100_S42,optimised_actual,EV024,2023-07-07 14:47:00,2023-07-07 17:27:00,8.006,2023-07-07 14:50:00,2023-07-07 14:50:00,0.0,2,0.8975434364325606,0.8975428297306571,True,True,True,8.81378854675759,True,"For EV024, move the charging start from 14:50 to 14:50 and use an average of 6.5 kW until approximately 16:20. This shifts 0.9 kWh more charging into observed surplus intervals while targeting completion before the 17:27 departure."
20230707_pooled_F50_P100_S42,optimised_actual,EV025,2023-07-07 16:31:00,2023-07-07 18:09:00,1.175,2023-07-07 16:35:00,2023-07-07 16:35:00,0.0,7,2.034597261387287,0.0,True,True,True,1.1750000032627792,True,"For EV025, move the charging start from 16:35 to 16:35 and use an average of 0.8 kW until approximately 18:10. This shifts 0.0 kWh more charging into observed surplus intervals while targeting completion before the 18:09 departure."
20230707_pooled_F50_P100_S42,optimised_actual,EV026,2023-07-07 09:01:00,2023-07-07 17:23:00,3.568,2023-07-07 09:05:00,2023-07-07 09:05:00,0.0,80,43.578294391376375,43.57829412956263,True,True,True,42.78846471660637,True,"For EV026, move the charging start from 09:05 to 09:05 and use an average of 6.6 kW until approximately 16:20. This shifts 43.6 kWh more charging into observed surplus intervals while targeting completion before the 17:23 departure."
20230707_pooled_F50_P100_S42,optimised_actual,EV027,2023-07-07 15:34:00,2023-07-07 17:56:00,6.247,2023-07-07 15:35:00,2023-07-07 15:35:00,0.0,7,0.7981530622808948,-3.9987607003411085e-08,True,True,True,6.247000003260894,True,"For EV027, move the charging start from 15:35 to 15:35 and use an average of 2.9 kW until approximately 18:00. This shifts -0.0 kWh more charging into observed surplus intervals while targeting completion before the 17:56 departure."
20230707_pooled_F50_P100_S42,optimised_actual,EV028,2023-07-07 09:50:00,2023-07-07 23:56:00,2.099,2023-07-07 09:50:00,2023-07-07 09:50:00,0.0,77,40.33994355016504,40.260557661030504,True,True,True,38.33350189492745,True,"For EV028, move the charging start from 09:50 to 09:50 and use an average of 6.6 kW until approximately 16:20. This shifts 40.3 kWh more charging into observed surplus intervals while targeting completion before the 23:56 departure."
20230707_pooled_F50_P100_S42,optimised_actual,EV029,2023-07-07 16:16:00,2023-07-07 17:31:00,6.301,2023-07-07 16:20:00,2023-07-07 16:20:00,0.0,11,1.8482858598124363,-1.1714321623834678e-08,True,True,True,6.301000003255585,True,"For EV029, move the charging start from 16:20 to 16:20 and use an average of 5.6 kW until approximately 17:35. This shifts -0.0 kWh more charging into observed surplus intervals while targeting completion before the 17:31 departure."
20230707_pooled_F50_P100_S42,optimised_actual,EV030,2023-07-07 15:36:00,2023-07-07 18:47:00,18.909,2023-07-07 15:40:00,2023-07-07 15:40:00,0.0,0,7.60502031719549e-11,-1.800337656732154e-11,True,True,True,18.809999999931556,True,"For EV030, move the charging start from 15:40 to 15:40 and use an average of 6.6 kW until approximately 18:50. This shifts -0.0 kWh more charging into observed surplus intervals while targeting completion before the 18:47 departure."
20230707_pooled_F50_P100_S42,optimised_actual,EV031,2023-07-07 07:14:00,2023-07-07 19:03:00,34.37,2023-07-07 07:15:00,2023-07-07 07:35:00,20.0,59,24.190699110694073,21.287986091849504,True,True,True,51.54918748266455,True,"For EV031, move the charging start from 07:15 to 07:35 and use an average of 6.5 kW until approximately 16:20. This shifts 21.3 kWh more charging into observed surplus intervals while targeting completion before the 19:03 departure."
20230707_pooled_F50_P100_S42,optimised_actual,EV032,2023-07-07 06:27:00,2023-07-07 11:01:00,13.295,2023-07-07 06:30:00,2023-07-07 07:35:00,65.0,43,22.6073306987728,15.128505475254668,True,True,True,20.47565492772921,True,"For EV032, move the charging start from 06:30 to 07:35 and use an average of 6.5 kW until approximately 11:05. This shifts 15.1 kWh more charging into observed surplus intervals while targeting completion before the 11:01 departure."
20230707_pooled_F50_P100_S42,optimised_actual,EV033,2023-07-07 08:59:00,2023-07-07 16:32:00,41.827,2023-07-07 09:00:00,2023-07-07 09:00:00,0.0,18,1.965192723890946,1.5961198197214728,True,True,True,43.26350783774933,True,"For EV033, move the charging start from 09:00 to 09:00 and use an average of 6.6 kW until approximately 16:20. This shifts 1.6 kWh more charging into observed surplus intervals while targeting completion before the 16:32 departure."
20230707_pooled_F50_P100_S42,optimised_actual,EV034,2023-07-07 09:24:00,2023-07-07 17:59:00,2.579,2023-07-07 09:25:00,2023-07-07 09:25:00,0.0,78,42.47719510259822,42.477194919899574,True,True,True,40.80847542790961,True,"For EV034, move the charging start from 09:25 to 09:25 and use an average of 6.6 kW until approximately 16:20. This shifts 42.5 kWh more charging into observed surplus intervals while targeting completion before the 17:59 departure."
20230707_pooled_F50_P100_S42,optimised_actual,EV035,2023-07-07 18:07:00,2023-07-07 21:29:00,5.904,2023-07-07 18:10:00,2023-07-07 18:10:00,0.0,26,6.924071384080805,0.0,True,True,True,5.903999277916392,True,"For EV035, move the charging start from 18:10 to 18:10 and use an average of 2.0 kW until approximately 21:30. This shifts 0.0 kWh more charging into observed surplus intervals while targeting completion before the 21:29 departure."
20230707_pooled_F50_P100_S42,optimised_actual,EV036,2023-07-07 19:26:00,2023-07-07 22:27:00,17.918999999999997,2023-07-07 19:30:00,2023-07-07 19:30:00,0.0,0,7.205717504158807e-11,0.0,True,True,True,17.81999999993515,True,"For EV036, move the charging start from 19:30 to 19:30 and use an average of 6.6 kW until approximately 22:30. This shifts 0.0 kWh more charging into observed surplus intervals while targeting completion before the 22:27 departure."
20230707_pooled_F50_P100_S42,optimised_actual,EV037,2023-07-07 07:18:00,2023-07-07 17:19:00,5.075,2023-07-07 07:20:00,2023-07-07 07:35:00,15.0,102,55.27086919588428,53.286696668562165,True,True,True,51.54802700170595,True,"For EV037, move the charging start from 07:20 to 07:35 and use an average of 6.5 kW until approximately 16:20. This shifts 53.3 kWh more charging into observed surplus intervals while targeting completion before the 17:19 departure."
20230707_pooled_F50_P100_S42,optimised_actual,EV038,2023-07-07 07:00:00,2023-07-07 11:07:00,9.888,2023-07-07 07:00:00,2023-07-07 07:35:00,35.0,39,20.34379399320692,16.16291525887109,True,True,True,20.969623732983983,True,"For EV038, move the charging start from 07:00 to 07:35 and use an average of 6.5 kW until approximately 11:10. This shifts 16.2 kWh more charging into observed surplus intervals while targeting completion before the 11:07 departure."
20230707_pooled_F50_P100_S42,optimised_actual,EV039,2023-07-07 06:58:00,2023-07-07 17:33:00,10.927,2023-07-07 07:00:00,2023-07-07 07:35:00,35.0,98,53.168622105591005,48.98460122469066,True,True,True,51.54814110222159,True,"For EV039, move the charging start from 07:00 to 07:35 and use an average of 6.5 kW until approximately 16:20. This shifts 49.0 kWh more charging into observed surplus intervals while targeting completion before the 17:33 departure."
20230707_pooled_F50_P100_S42,optimised_actual,EV040,2023-07-07 06:28:00,2023-07-07 15:46:00,0.83,2023-07-07 06:30:00,2023-07-07 07:35:00,65.0,101,55.01998934367734,54.09776712145511,True,True,True,48.6879904093096,True,"For EV040, move the charging start from 06:30 to 07:35 and use an average of 6.6 kW until approximately 15:50. This shifts 54.1 kWh more charging into observed surplus intervals while targeting completion before the 15:46 departure."
20230707_pooled_F50_P100_S42,optimised_actual,EV041,2023-07-07 06:44:00,2023-07-07 16:06:00,33.41,2023-07-07 06:45:00,2023-07-07 07:35:00,50.0,71,30.879588131831785,24.675965704570345,True,True,True,50.6683691341133,True,"For EV041, move the charging start from 06:45 to 07:35 and use an average of 6.6 kW until approximately 16:10. This shifts 24.7 kWh more charging into observed surplus intervals while targeting completion before the 16:06 departure."
20230707_pooled_F50_P100_S42,optimised_actual,EV042,2023-07-07 07:16:00,2023-07-07 16:54:00,57.221999999999994,2023-07-07 07:20:00,2023-07-07 07:20:00,0.0,0,2.3004975702178854e-10,-2.120259523508139e-10,True,True,True,56.92499999979296,True,"For EV042, move the charging start from 07:20 to 07:20 and use an average of 6.6 kW until approximately 16:55. This shifts -0.0 kWh more charging into observed surplus intervals while targeting completion before the 16:54 departure."
20230707_pooled_F50_P100_S42,optimised_actual,EV043,2023-07-07 07:30:00,2023-07-07 16:30:00,9.715,2023-07-07 07:30:00,2023-07-07 07:35:00,5.0,89,47.915294972463215,47.03123594806681,True,True,True,51.54811235326013,True,"For EV043, move the charging start from 07:30 to 07:35 and use an average of 6.5 kW until approximately 16:20. This shifts 47.0 kWh more charging into observed surplus intervals while targeting completion before the 16:30 departure."
20230707_pooled_F50_P100_S42,optimised_actual,EV044,2023-07-07 05:36:00,2023-07-07 12:05:00,12.268,2023-07-07 05:40:00,2023-07-07 07:35:00,115.0,77,41.34973710628191,28.367992864192672,True,True,True,26.414193577773414,True,"For EV044, move the charging start from 05:40 to 07:35 and use an average of 6.5 kW until approximately 12:05. This shifts 28.4 kWh more charging into observed surplus intervals while targeting completion before the 12:05 departure."
20230707_pooled_F50_P100_S42,optimised_actual,EV045,2023-07-07 16:46:00,2023-07-07 20:10:00,9.007,2023-07-07 16:50:00,2023-07-07 16:50:00,0.0,28,6.552395567631612,0.0,True,True,True,9.007000003258135,True,"For EV045, move the charging start from 16:50 to 16:50 and use an average of 3.0 kW until approximately 20:10. This shifts 0.0 kWh more charging into observed surplus intervals while targeting completion before the 20:10 departure."
20230707_pooled_F50_P100_S42,optimised_actual,EV046,2023-07-07 17:51:00,2023-07-07 18:15:00,2.076,2023-07-07 17:55:00,2023-07-07 17:55:00,0.0,0,8.006336334650161e-12,0.0,True,True,False,1.979999999992794,False,"For EV046, move the charging start from 17:55 to 17:55 and use an average of 6.6 kW until approximately 18:15. This shifts 0.0 kWh more charging into observed surplus intervals while targeting completion before the 18:15 departure."
20230707_pooled_F50_P100_S42,optimised_actual,EV047,2023-07-07 09:43:00,2023-07-07 11:47:00,5.814,2023-07-07 09:45:00,2023-07-07 09:45:00,0.0,23,7.342798247649734,7.10516882610553,True,True,True,12.208651943494976,True,"For EV047, move the charging start from 09:45 to 09:45 and use an average of 6.5 kW until approximately 11:50. This shifts 7.1 kWh more charging into observed surplus intervals while targeting completion before the 11:47 departure."
20230707_pooled_F50_P100_S42,optimised_actual,EV048,2023-07-07 07:56:00,2023-07-07 16:38:00,17.575,2023-07-07 08:00:00,2023-07-07 08:00:00,0.0,77,35.482320241029704,35.1650531899587,True,True,True,49.22354787096284,True,"For EV048, move the charging start from 08:00 to 08:00 and use an average of 6.6 kW until approximately 16:20. This shifts 35.2 kWh more charging into observed surplus intervals while targeting completion before the 16:38 departure."
20230707_pooled_F50_P100_S42,optimised_actual,EV049,2023-07-07 06:59:00,2023-07-07 17:25:00,11.974,2023-07-07 07:00:00,2023-07-07 07:35:00,35.0,96,52.00528370518447,47.82129364803365,True,True,True,51.54816428323029,True,"For EV049, move the charging start from 07:00 to 07:35 and use an average of 6.5 kW until approximately 16:20. This shifts 47.8 kWh more charging into observed surplus intervals while targeting completion before the 17:25 departure."
20230707_pooled_F50_P100_S42,optimised_actual,EV050,2023-07-07 06:08:00,2023-07-07 14:19:00,43.191,2023-07-07 06:10:00,2023-07-07 06:10:00,0.0,26,11.819999929580414,5.9099997457808655,True,True,True,43.19100000325992,True,"For EV050, move the charging start from 06:10 to 06:10 and use an average of 5.9 kW until approximately 14:20. This shifts 5.9 kWh more charging into observed surplus intervals while targeting completion before the 14:19 departure."
20230707_pooled_F50_P100_S43,optimised_actual,EV001,2023-07-07 09:45:00,2023-07-07 17:17:00,4.957,2023-07-07 09:45:00,2023-07-07 09:45:00,0.0,80,33.58501572734915,32.35200661986417,True,True,True,34.07380595787775,True,"For EV001, move the charging start from 09:45 to 09:45 and use an average of 5.7 kW until approximately 16:25. This shifts 32.4 kWh more charging into observed surplus intervals while targeting completion before the 17:17 departure."
20230707_pooled_F50_P100_S43,optimised_actual,EV002,2023-07-07 08:17:00,2023-07-07 16:14:00,11.806,2023-07-07 08:20:00,2023-07-07 08:20:00,0.0,81,34.34621736671052,33.48997983716883,True,True,True,41.946981853451945,True,"For EV002, move the charging start from 08:20 to 08:20 and use an average of 5.9 kW until approximately 16:15. This shifts 33.5 kWh more charging into observed surplus intervals while targeting completion before the 16:14 departure."
20230707_pooled_F50_P100_S43,optimised_actual,EV003,2023-07-07 16:05:00,2023-07-07 18:03:00,11.681999999999999,2023-07-07 16:05:00,2023-07-07 16:05:00,0.0,4,0.3250848461720133,-4.450770285657768e-08,True,True,True,11.682000010421262,True,"For EV003, move the charging start from 16:05 to 16:05 and use an average of 6.5 kW until approximately 18:05. This shifts -0.0 kWh more charging into observed surplus intervals while targeting completion before the 18:03 departure."
20230707_pooled_F50_P100_S43,optimised_actual,EV004,2023-07-07 12:55:00,2023-07-07 13:44:00,4.850999999999999,2023-07-07 12:55:00,2023-07-07 12:55:00,0.0,10,0.18734560596730004,0.018924421080505738,True,True,True,4.8680319789724535,True,"For EV004, move the charging start from 12:55 to 12:55 and use an average of 6.5 kW until approximately 13:45. This shifts 0.0 kWh more charging into observed surplus intervals while targeting completion before the 13:44 departure."
20230707_pooled_F50_P100_S43,optimised_actual,EV005,2023-07-07 06:34:00,2023-07-07 15:03:00,6.121,2023-07-07 06:35:00,2023-07-07 07:35:00,60.0,102,50.03478665939387,43.43478665939387,True,True,True,39.27230799345448,True,"For EV005, move the charging start from 06:35 to 07:35 and use an average of 5.8 kW until approximately 15:05. This shifts 43.4 kWh more charging into observed surplus intervals while targeting completion before the 15:03 departure."
20230707_pooled_F50_P100_S43,optimised_actual,EV006,2023-07-07 11:02:00,2023-07-07 17:54:00,10.007,2023-07-07 11:05:00,2023-07-07 11:05:00,0.0,64,23.537430936498083,19.04248508603107,True,True,True,27.145236577427962,True,"For EV006, move the charging start from 11:05 to 11:05 and use an average of 5.7 kW until approximately 16:25. This shifts 19.0 kWh more charging into observed surplus intervals while targeting completion before the 17:54 departure."
20230707_pooled_F50_P100_S43,optimised_actual,EV007,2023-07-07 06:44:00,2023-07-07 17:07:00,5.603,2023-07-07 06:45:00,2023-07-07 07:35:00,50.0,116,57.038186839356584,51.134621087884945,True,True,True,46.67415897909645,True,"For EV007, move the charging start from 06:45 to 07:35 and use an average of 5.9 kW until approximately 16:25. This shifts 51.1 kWh more charging into observed surplus intervals while targeting completion before the 17:07 departure."
20230707_pooled_F50_P100_S43,optimised_actual,EV008,2023-07-07 10:59:00,2023-07-07 17:58:00,0.847,2023-07-07 11:00:00,2023-07-07 11:00:00,0.0,65,29.848263688232755,29.66845694854968,True,True,True,27.54861125369471,True,"For EV008, move the charging start from 11:00 to 11:00 and use an average of 5.7 kW until approximately 16:25. This shifts 29.7 kWh more charging into observed surplus intervals while targeting completion before the 17:58 departure."
20230707_pooled_F50_P100_S43,optimised_actual,EV009,2023-07-07 07:54:00,2023-07-07 08:29:00,0.843,2023-07-07 07:55:00,2023-07-07 07:55:00,0.0,6,2.9133329927610445,2.913332891745161,True,True,True,3.4649996025706447,True,"For EV009, move the charging start from 07:55 to 07:55 and use an average of 6.6 kW until approximately 08:30. This shifts 2.9 kWh more charging into observed surplus intervals while targeting completion before the 08:29 departure."
20230707_pooled_F50_P100_S43,optimised_actual,EV010,2023-07-07 06:58:00,2023-07-07 18:33:00,0.731,2023-07-07 07:00:00,2023-07-07 07:35:00,35.0,108,52.670538273050916,51.858316050828705,True,True,True,46.67248444574584,True,"For EV010, move the charging start from 07:00 to 07:35 and use an average of 5.9 kW until approximately 16:25. This shifts 51.9 kWh more charging into observed surplus intervals while targeting completion before the 18:33 departure."
20230707_pooled_F50_P100_S43,optimised_actual,EV011,2023-07-07 07:31:00,2023-07-07 20:03:00,27.122,2023-07-07 07:35:00,2023-07-07 07:35:00,0.0,85,27.311891740110468,21.74304195609137,True,True,True,46.69073776048223,True,"For EV011, move the charging start from 07:35 to 07:35 and use an average of 5.9 kW until approximately 16:25. This shifts 21.7 kWh more charging into observed surplus intervals while targeting completion before the 20:03 departure."
20230707_pooled_F50_P100_S43,optimised_actual,EV012,2023-07-07 06:56:00,2023-07-07 17:23:00,5.888,2023-07-07 07:00:00,2023-07-07 07:35:00,35.0,111,53.45762065448247,49.16807273942045,True,True,True,46.674265465478406,True,"For EV012, move the charging start from 07:00 to 07:35 and use an average of 5.9 kW until approximately 16:25. This shifts 49.2 kWh more charging into observed surplus intervals while targeting completion before the 17:23 departure."
20230707_pooled_F50_P100_S43,optimised_actual,EV013,2023-07-07 05:51:00,2023-07-07 14:09:00,13.49,2023-07-07 05:55:00,2023-07-07 07:35:00,100.0,94,45.61226971798997,34.17457401288097,True,True,True,34.34711661159288,True,"For EV013, move the charging start from 05:55 to 07:35 and use an average of 5.8 kW until approximately 14:10. This shifts 34.2 kWh more charging into observed surplus intervals while targeting completion before the 14:09 departure."
20230707_pooled_F50_P100_S43,optimised_actual,EV014,2023-07-07 07:34:00,2023-07-07 16:42:00,15.996,2023-07-07 07:35:00,2023-07-07 07:35:00,0.0,85,35.388242876669544,34.09307956452638,True,True,True,46.67977160807375,True,"For EV014, move the charging start from 07:35 to 07:35 and use an average of 5.9 kW until approximately 16:25. This shifts 34.1 kWh more charging into observed surplus intervals while targeting completion before the 16:42 departure."
20230707_pooled_F50_P100_S43,optimised_actual,EV015,2023-07-07 07:48:00,2023-07-07 12:48:00,8.259,2023-07-07 07:50:00,2023-07-07 07:50:00,0.0,44,20.310824551428265,20.310822636202833,True,True,True,26.538740372582545,True,"For EV015, move the charging start from 07:50 to 07:50 and use an average of 5.9 kW until approximately 12:50. This shifts 20.3 kWh more charging into observed surplus intervals while targeting completion before the 12:48 departure."
20230707_pooled_F50_P100_S43,optimised_actual,EV016,2023-07-07 15:41:00,2023-07-07 19:49:00,8.615,2023-07-07 15:45:00,2023-07-07 15:45:00,0.0,17,4.035887183509438,-8.425805120282348e-08,True,True,True,8.615000010577015,True,"For EV016, move the charging start from 15:45 to 15:45 and use an average of 2.3 kW until approximately 19:50. This shifts -0.0 kWh more charging into observed surplus intervals while targeting completion before the 19:49 departure."
20230707_pooled_F50_P100_S43,optimised_actual,EV017,2023-07-07 08:13:00,2023-07-07 20:58:00,40.017,2023-07-07 08:15:00,2023-07-07 08:15:00,0.0,83,14.287739892611848,3.415715745437595,True,True,True,43.091144170893855,True,"For EV017, move the charging start from 08:15 to 08:15 and use an average of 5.9 kW until approximately 16:25. This shifts 3.4 kWh more charging into observed surplus intervals while targeting completion before the 20:58 departure."
20230707_pooled_F50_P100_S43,optimised_actual,EV018,2023-07-07 07:59:00,2023-07-07 15:35:00,5.902,2023-07-07 08:00:00,2023-07-07 08:00:00,0.0,80,37.84733206650996,37.84733070389817,True,True,True,39.96459763350836,True,"For EV018, move the charging start from 08:00 to 08:00 and use an average of 5.9 kW until approximately 15:35. This shifts 37.8 kWh more charging into observed surplus intervals while targeting completion before the 15:35 departure."
20230707_pooled_F50_P100_S43,optimised_actual,EV019,2023-07-07 05:45:00,2023-07-07 15:33:00,10.165,2023-07-07 05:45:00,2023-07-07 07:35:00,110.0,117,58.230952389867426,46.93650794542299,True,True,True,42.24285715088069,True,"For EV019, move the charging start from 05:45 to 07:35 and use an average of 5.9 kW until approximately 15:35. This shifts 46.9 kWh more charging into observed surplus intervals while targeting completion before the 15:33 departure."
20230707_pooled_F50_P100_S43,optimised_actual,EV020,2023-07-07 13:17:00,2023-07-07 14:43:00,2.61,2023-07-07 13:20:00,2023-07-07 13:20:00,0.0,17,6.0714363978140655,4.967461849277573,True,True,True,7.080715664349815,True,"For EV020, move the charging start from 13:20 to 13:20 and use an average of 5.6 kW until approximately 14:45. This shifts 5.0 kWh more charging into observed surplus intervals while targeting completion before the 14:43 departure."
20230707_pooled_F50_P100_S43,optimised_actual,EV021,2023-07-07 07:20:00,2023-07-07 18:38:00,8.687,2023-07-07 07:20:00,2023-07-07 07:35:00,15.0,97,45.94869717551303,43.85928962827574,True,True,True,46.67536066544817,True,"For EV021, move the charging start from 07:20 to 07:35 and use an average of 5.9 kW until approximately 16:25. This shifts 43.9 kWh more charging into observed surplus intervals while targeting completion before the 18:38 departure."
20230707_pooled_F50_P100_S43,optimised_actual,EV022,2023-07-07 09:32:00,2023-07-07 17:30:00,1.939,2023-07-07 09:35:00,2023-07-07 09:35:00,0.0,82,36.98806603032054,36.74227952232355,True,True,True,35.00705157009119,True,"For EV022, move the charging start from 09:35 to 09:35 and use an average of 5.7 kW until approximately 16:25. This shifts 36.7 kWh more charging into observed surplus intervals while targeting completion before the 17:30 departure."
20230707_pooled_F50_P100_S43,optimised_actual,EV023,2023-07-07 07:33:00,2023-07-07 17:46:00,8.874,2023-07-07 07:35:00,2023-07-07 07:35:00,0.0,91,42.44107308550574,42.001676022802215,True,True,True,46.67550842052199,True,"For EV023, move the charging start from 07:35 to 07:35 and use an average of 5.9 kW until approximately 16:25. This shifts 42.0 kWh more charging into observed surplus intervals while targeting completion before the 17:46 departure."
20230707_pooled_F50_P100_S43,optimised_actual,EV024,2023-07-07 07:57:00,2023-07-07 15:11:00,3.806,2023-07-07 08:00:00,2023-07-07 08:00:00,0.0,80,37.97612792990859,37.97612704650253,True,True,True,37.98451434185229,True,"For EV024, move the charging start from 08:00 to 08:00 and use an average of 5.8 kW until approximately 15:15. This shifts 38.0 kWh more charging into observed surplus intervals while targeting completion before the 15:11 departure."
20230707_pooled_F50_P100_S43,optimised_actual,EV025,2023-07-07 09:29:00,2023-07-07 11:44:00,2.881,2023-07-07 09:30:00,2023-07-07 09:30:00,0.0,27,9.906383754371465,9.545606453361033,True,True,True,11.472045808024928,True,"For EV025, move the charging start from 09:30 to 09:30 and use an average of 5.7 kW until approximately 11:45. This shifts 9.5 kWh more charging into observed surplus intervals while targeting completion before the 11:44 departure."
20230707_pooled_F50_P100_S43,optimised_actual,EV026,2023-07-07 15:59:00,2023-07-07 17:09:00,6.259,2023-07-07 16:00:00,2023-07-07 16:00:00,0.0,8,0.8426784371132536,-5.444233330820225e-08,True,True,True,6.259000010527829,True,"For EV026, move the charging start from 16:00 to 16:00 and use an average of 6.0 kW until approximately 17:10. This shifts -0.0 kWh more charging into observed surplus intervals while targeting completion before the 17:09 departure."
20230707_pooled_F50_P100_S43,optimised_actual,EV027,2023-07-07 07:11:00,2023-07-07 14:50:00,13.999,2023-07-07 07:15:00,2023-07-07 07:35:00,20.0,70,31.34078691914459,28.67708635550062,True,True,True,37.828377719950566,True,"For EV027, move the charging start from 07:15 to 07:35 and use an average of 5.8 kW until approximately 14:50. This shifts 28.7 kWh more charging into observed surplus intervals while targeting completion before the 14:50 departure."
20230707_pooled_F50_P100_S43,optimised_actual,EV028,2023-07-07 07:07:00,2023-07-07 14:28:00,43.65899999999999,2023-07-07 07:10:00,2023-07-07 07:10:00,0.0,0,5.711448351301366e-10,-5.386766588344472e-10,True,True,True,43.559999999485974,True,"For EV028, move the charging start from 07:10 to 07:10 and use an average of 6.6 kW until approximately 14:30. This shifts -0.0 kWh more charging into observed surplus intervals while targeting completion before the 14:28 departure."
20230707_pooled_F50_P100_S43,optimised_actual,EV029,2023-07-07 17:42:00,2023-07-07 22:12:00,15.511,2023-07-07 17:45:00,2023-07-07 17:45:00,0.0,51,13.178779760287124,0.0,True,True,True,15.511000010555325,True,"For EV029, move the charging start from 17:45 to 17:45 and use an average of 3.8 kW until approximately 22:15. This shifts 0.0 kWh more charging into observed surplus intervals while targeting completion before the 22:12 departure."
20230707_pooled_F50_P100_S43,optimised_actual,EV030,2023-07-07 08:49:00,2023-07-07 11:55:00,13.025,2023-07-07 08:50:00,2023-07-07 08:50:00,0.0,29,5.683458357811304,3.602779727023453,True,True,True,16.267501754321113,True,"For EV030, move the charging start from 08:50 to 08:50 and use an average of 5.9 kW until approximately 11:55. This shifts 3.6 kWh more charging into observed surplus intervals while targeting completion before the 11:55 departure."
20230707_pooled_F50_P100_S43,optimised_actual,EV031,2023-07-07 08:37:00,2023-07-07 18:50:00,10.249,2023-07-07 08:40:00,2023-07-07 08:40:00,0.0,83,34.527721151460284,33.5479537895828,True,True,True,40.44215841062452,True,"For EV031, move the charging start from 08:40 to 08:40 and use an average of 5.8 kW until approximately 16:25. This shifts 33.5 kWh more charging into observed surplus intervals while targeting completion before the 18:50 departure."
20230707_pooled_F50_P100_S43,optimised_actual,EV032,2023-07-07 07:26:00,2023-07-07 16:27:00,7.048,2023-07-07 07:30:00,2023-07-07 07:35:00,5.0,96,45.569342126836105,44.579857871131814,True,True,True,46.67487208401863,True,"For EV032, move the charging start from 07:30 to 07:35 and use an average of 5.9 kW until approximately 16:25. This shifts 44.6 kWh more charging into observed surplus intervals while targeting completion before the 16:27 departure."
20230707_pooled_F50_P100_S43,optimised_actual,EV033,2023-07-07 06:52:00,2023-07-07 13:05:00,5.212,2023-07-07 06:55:00,2023-07-07 07:35:00,40.0,74,35.727957774677364,30.88979330786074,True,True,True,29.052813977074667,True,"For EV033, move the charging start from 06:55 to 07:35 and use an average of 5.9 kW until approximately 13:05. This shifts 30.9 kWh more charging into observed surplus intervals while targeting completion before the 13:05 departure."
20230707_pooled_F50_P100_S43,optimised_actual,EV034,2023-07-07 11:41:00,2023-07-07 17:08:00,6.386,2023-07-07 11:45:00,2023-07-07 11:45:00,0.0,56,22.3043044274006,19.623356284533937,True,True,True,24.047020656080544,True,"For EV034, move the charging start from 11:45 to 11:45 and use an average of 5.7 kW until approximately 16:25. This shifts 19.6 kWh more charging into observed surplus intervals while targeting completion before the 17:08 departure."
20230707_pooled_F50_P100_S43,optimised_actual,EV035,2023-07-07 11:17:00,2023-07-07 11:45:00,0.976,2023-07-07 11:20:00,2023-07-07 11:20:00,0.0,5,1.5221922589759107,1.1044084481441834,True,True,True,1.969967603329765,True,"For EV035, move the charging start from 11:20 to 11:20 and use an average of 5.3 kW until approximately 11:45. This shifts 1.1 kWh more charging into observed surplus intervals while targeting completion before the 11:45 departure."
20230707_pooled_F50_P100_S43,optimised_actual,EV036,2023-07-07 07:24:00,2023-07-07 17:25:00,10.935,2023-07-07 07:25:00,2023-07-07 07:35:00,10.0,90,42.35206672363982,40.81279061725695,True,True,True,46.676511555531256,True,"For EV036, move the charging start from 07:25 to 07:35 and use an average of 5.9 kW until approximately 16:25. This shifts 40.8 kWh more charging into observed surplus intervals while targeting completion before the 17:25 departure."
20230707_pooled_F50_P100_S43,optimised_actual,EV037,2023-07-07 13:26:00,2023-07-07 18:42:00,6.605,2023-07-07 13:30:00,2023-07-07 13:30:00,0.0,35,12.323091774754932,9.95946688902773,True,True,True,15.568520200124958,True,"For EV037, move the charging start from 13:30 to 13:30 and use an average of 5.9 kW until approximately 16:25. This shifts 10.0 kWh more charging into observed surplus intervals while targeting completion before the 18:42 departure."
20230707_pooled_F50_P100_S43,optimised_actual,EV038,2023-07-07 07:12:00,2023-07-07 18:03:00,17.539,2023-07-07 07:15:00,2023-07-07 07:35:00,20.0,89,37.95092077069337,34.57937454404032,True,True,True,46.6804370896363,True,"For EV038, move the charging start from 07:15 to 07:35 and use an average of 5.9 kW until approximately 16:25. This shifts 34.6 kWh more charging into observed surplus intervals while targeting completion before the 18:03 departure."
20230707_pooled_F50_P100_S43,optimised_actual,EV039,2023-07-07 05:59:00,2023-07-07 14:50:00,24.291,2023-07-07 06:00:00,2023-07-07 07:35:00,95.0,85,37.00605785845444,25.512638292047214,True,True,True,37.84737446284249,True,"For EV039, move the charging start from 06:00 to 07:35 and use an average of 5.8 kW until approximately 14:50. This shifts 25.5 kWh more charging into observed surplus intervals while targeting completion before the 14:50 departure."
20230707_pooled_F50_P100_S43,optimised_actual,EV040,2023-07-07 11:16:00,2023-07-07 13:50:00,15.246,2023-07-07 11:20:00,2023-07-07 11:20:00,0.0,0,1.947086936127107e-10,-1.9470292045298265e-10,True,True,False,14.849999999824762,False,"For EV040, move the charging start from 11:20 to 11:20 and use an average of 6.6 kW until approximately 13:50. This shifts -0.0 kWh more charging into observed surplus intervals while targeting completion before the 13:50 departure."
20230707_pooled_F50_P100_S43,optimised_actual,EV041,2023-07-07 06:40:00,2023-07-07 16:09:00,6.293,2023-07-07 06:40:00,2023-07-07 07:35:00,55.0,114,56.293914801533056,49.840432101877276,True,True,True,45.70438889168955,True,"For EV041, move the charging start from 06:40 to 07:35 and use an average of 5.9 kW until approximately 16:10. This shifts 49.8 kWh more charging into observed surplus intervals while targeting completion before the 16:09 departure."
20230707_pooled_F50_P100_S43,optimised_actual,EV042,2023-07-07 07:20:00,2023-07-07 16:45:00,27.901,2023-07-07 07:20:00,2023-07-07 07:35:00,15.0,88,29.536083619217017,22.53295591310437,True,True,True,46.69566032179392,True,"For EV042, move the charging start from 07:20 to 07:35 and use an average of 5.9 kW until approximately 16:25. This shifts 22.5 kWh more charging into observed surplus intervals while targeting completion before the 16:45 departure."
20230707_pooled_F50_P100_S43,optimised_actual,EV043,2023-07-07 09:08:00,2023-07-07 17:36:00,8.105,2023-07-07 09:10:00,2023-07-07 09:10:00,0.0,83,33.85752719139083,32.63092127016931,True,True,True,37.472829143152374,True,"For EV043, move the charging start from 09:10 to 09:10 and use an average of 5.7 kW until approximately 16:25. This shifts 32.6 kWh more charging into observed surplus intervals while targeting completion before the 17:36 departure."
20230707_pooled_F50_P100_S43,optimised_actual,EV044,2023-07-07 09:50:00,2023-07-07 17:59:00,16.389,2023-07-07 09:50:00,2023-07-07 09:50:00,0.0,79,25.314392544890854,19.16174166325146,True,True,True,33.63456749692632,True,"For EV044, move the charging start from 09:50 to 09:50 and use an average of 5.7 kW until approximately 16:25. This shifts 19.2 kWh more charging into observed surplus intervals while targeting completion before the 17:59 departure."
20230707_pooled_F50_P100_S43,optimised_actual,EV045,2023-07-07 10:26:00,2023-07-07 12:52:00,10.468,2023-07-07 10:30:00,2023-07-07 10:30:00,0.0,29,5.528874226411602,1.5980714607330224,True,True,True,11.90626431465972,True,"For EV045, move the charging start from 10:30 to 10:30 and use an average of 5.5 kW until approximately 12:55. This shifts 1.6 kWh more charging into observed surplus intervals while targeting completion before the 12:52 departure."
20230707_pooled_F50_P100_S43,optimised_actual,EV046,2023-07-07 05:17:00,2023-07-07 16:09:00,13.112,2023-07-07 05:20:00,2023-07-07 07:35:00,135.0,130,65.35503751877077,50.78614862988189,True,True,True,45.707533766893704,True,"For EV046, move the charging start from 05:20 to 07:35 and use an average of 5.9 kW until approximately 16:10. This shifts 50.8 kWh more charging into observed surplus intervals while targeting completion before the 16:09 departure."
20230707_pooled_F50_P100_S43,optimised_actual,EV047,2023-07-07 06:47:00,2023-07-07 16:06:00,14.765,2023-07-07 06:50:00,2023-07-07 07:35:00,45.0,94,44.7208706455046,39.33194780974579,True,True,True,45.70875302877122,True,"For EV047, move the charging start from 06:50 to 07:35 and use an average of 5.9 kW until approximately 16:10. This shifts 39.3 kWh more charging into observed surplus intervals while targeting completion before the 16:06 departure."
20230707_pooled_F50_P100_S43,optimised_actual,EV048,2023-07-07 13:25:00,2023-07-07 19:44:00,6.46,2023-07-07 13:25:00,2023-07-07 13:25:00,0.0,36,13.022937047268073,10.562150337068466,True,True,True,15.96593530336162,True,"For EV048, move the charging start from 13:25 to 13:25 and use an average of 5.9 kW until approximately 16:25. This shifts 10.6 kWh more charging into observed surplus intervals while targeting completion before the 19:44 departure."
20230707_pooled_F50_P100_S43,optimised_actual,EV049,2023-07-07 18:32:00,2023-07-07 19:18:00,1.188,2023-07-07 18:35:00,2023-07-07 18:35:00,0.0,9,1.6656677558438084,0.0,True,True,True,1.1880000105710995,True,"For EV049, move the charging start from 18:35 to 18:35 and use an average of 1.8 kW until approximately 19:20. This shifts 0.0 kWh more charging into observed surplus intervals while targeting completion before the 19:18 departure."
20230707_pooled_F50_P100_S43,optimised_actual,EV050,2023-07-07 06:30:00,2023-07-07 15:58:00,24.239,2023-07-07 06:30:00,2023-07-07 07:35:00,65.0,93,38.84657874779193,29.91700490764464,True,True,True,44.72930441688017,True,"For EV050, move the charging start from 06:30 to 07:35 and use an average of 5.9 kW until approximately 16:00. This shifts 29.9 kWh more charging into observed surplus intervals while targeting completion before the 15:58 departure."
