scenario_id,keele_date,scenario_site,fleet_size,participation_rate,participant_count,random_seed,site_limit_kw,total_energy_required_kwh,median_dwell_hours,energy_clipped_sessions
20230707_pooled_F10_P025_S42,2023-07-07,pooled,10,0.25,2,42,50.0,14.725000000000001,2.966666666666667,0
20230707_pooled_F10_P025_S43,2023-07-07,pooled,10,0.25,2,43,50.0,16.762999999999998,7.741666666666667,0
20230707_pooled_F10_P050_S42,2023-07-07,pooled,10,0.5,5,42,50.0,64.482,3.6333333333333333,2
20230707_pooled_F10_P050_S43,2023-07-07,pooled,10,0.5,5,43,50.0,39.416999999999994,7.533333333333333,2
20230707_pooled_F10_P075_S42,2023-07-07,pooled,10,0.75,8,42,50.0,96.707,6.016666666666667,2
20230707_pooled_F10_P075_S43,2023-07-07,pooled,10,0.75,8,43,50.0,55.873999999999995,7.258333333333333,2
20230707_pooled_F10_P100_S42,2023-07-07,pooled,10,1.0,10,42,50.0,106.681,7.133333333333333,2
20230707_pooled_F10_P100_S43,2023-07-07,pooled,10,1.0,10,43,50.0,57.448,7.258333333333333,2
20230707_pooled_F25_P025_S42,2023-07-07,pooled,25,0.25,6,42,100.0,82.078,4.2,2
20230707_pooled_F25_P025_S43,2023-07-07,pooled,25,0.25,6,43,100.0,49.42399999999999,7.199999999999999,2
20230707_pooled_F25_P050_S42,2023-07-07,pooled,25,0.5,12,42,100.0,123.061,7.616666666666667,2
20230707_pooled_F25_P050_S43,2023-07-07,pooled,25,0.5,12,43,100.0,90.458,7.741666666666667,2
20230707_pooled_F25_P075_S42,2023-07-07,pooled,25,0.75,19,42,100.0,193.329,7.0,2
20230707_pooled_F25_P075_S43,2023-07-07,pooled,25,0.75,19,43,100.0,192.90199999999996,7.95,2
20230707_pooled_F25_P100_S42,2023-07-07,pooled,25,1.0,25,42,100.0,223.24900000000002,6.433333333333334,2
20230707_pooled_F25_P100_S43,2023-07-07,pooled,25,1.0,25,43,100.0,221.69899999999998,7.95,2
20230707_pooled_F50_P025_S42,2023-07-07,pooled,50,0.25,12,42,200.0,123.061,7.616666666666667,2
20230707_pooled_F50_P025_S43,2023-07-07,pooled,50,0.25,12,43,200.0,90.458,7.741666666666667,2
20230707_pooled_F50_P050_S42,2023-07-07,pooled,50,0.5,25,42,200.0,223.24900000000002,6.433333333333334,2
20230707_pooled_F50_P050_S43,2023-07-07,pooled,50,0.5,25,43,200.0,221.69899999999998,7.95,2
20230707_pooled_F50_P075_S42,2023-07-07,pooled,50,0.75,38,42,200.0,391.22999999999996,5.6,4
20230707_pooled_F50_P075_S43,2023-07-07,pooled,50,0.75,38,43,200.0,379.10200000000003,7.566666666666666,3
20230707_pooled_F50_P100_S42,2023-07-07,pooled,50,1.0,50,42,200.0,605.239,6.683333333333334,5
20230707_pooled_F50_P100_S43,2023-07-07,pooled,50,1.0,50,43,200.0,547.559,7.800000000000001,4
20230707_pooled_F100_P025_S42,2023-07-07,pooled,100,0.25,25,42,350.0,223.24900000000002,6.433333333333334,2
20230707_pooled_F100_P025_S43,2023-07-07,pooled,100,0.25,25,43,350.0,221.69899999999998,7.95,2
20230707_pooled_F100_P050_S42,2023-07-07,pooled,100,0.5,50,42,350.0,605.239,6.683333333333334,5
20230707_pooled_F100_P050_S43,2023-07-07,pooled,100,0.5,50,43,350.0,547.559,7.800000000000001,4
20230707_pooled_F100_P075_S42,2023-07-07,pooled,100,0.75,75,42,350.0,908.832,6.483333333333333,5
20230707_pooled_F100_P075_S43,2023-07-07,pooled,100,0.75,75,43,350.0,879.808,7.35,5
20230707_pooled_F100_P100_S42,2023-07-07,pooled,100,1.0,100,42,350.0,1217.0790000000002,6.683333333333334,7
20230707_pooled_F100_P100_S43,2023-07-07,pooled,100,1.0,100,43,350.0,1175.0570000000002,6.983333333333333,8
20230707_caltech_F10_P025_S42,2023-07-07,caltech,10,0.25,2,42,50.0,23.299999999999997,8.533333333333333,0
20230707_caltech_F10_P025_S43,2023-07-07,caltech,10,0.25,2,43,50.0,6.024,5.275,0
20230707_caltech_F10_P050_S42,2023-07-07,caltech,10,0.5,5,42,50.0,51.245,8.133333333333333,0
20230707_caltech_F10_P050_S43,2023-07-07,caltech,10,0.5,5,43,50.0,35.04,8.05,0
20230707_caltech_F10_P075_S42,2023-07-07,caltech,10,0.75,8,42,50.0,76.529,7.1083333333333325,0
20230707_caltech_F10_P075_S43,2023-07-07,caltech,10,0.75,8,43,50.0,93.517,7.066666666666666,0
20230707_caltech_F10_P100_S42,2023-07-07,caltech,10,1.0,10,42,50.0,107.81,7.1083333333333325,0
20230707_caltech_F10_P100_S43,2023-07-07,caltech,10,1.0,10,43,50.0,96.415,7.066666666666666,0
20230707_caltech_F25_P025_S42,2023-07-07,caltech,25,0.25,6,42,100.0,53.623999999999995,8.274999999999999,0
20230707_caltech_F25_P025_S43,2023-07-07,caltech,25,0.25,6,43,100.0,46.234,7.066666666666666,0
20230707_caltech_F25_P050_S42,2023-07-07,caltech,25,0.5,12,42,100.0,124.732,5.949999999999999,1
20230707_caltech_F25_P050_S43,2023-07-07,caltech,25,0.5,12,43,100.0,124.12400000000001,7.983333333333334,0
20230707_caltech_F25_P075_S42,2023-07-07,caltech,25,0.75,19,42,100.0,200.541,6.333333333333333,2
20230707_caltech_F25_P075_S43,2023-07-07,caltech,25,0.75,19,43,100.0,179.01078255674867,8.05,0
20230707_caltech_F25_P100_S42,2023-07-07,caltech,25,1.0,25,42,100.0,238.98,6.333333333333333,3
20230707_caltech_F25_P100_S43,2023-07-07,caltech,25,1.0,25,43,100.0,228.94778255674865,7.916666666666667,0
20230707_caltech_F50_P025_S42,2023-07-07,caltech,50,0.25,12,42,200.0,124.732,5.949999999999999,1
20230707_caltech_F50_P025_S43,2023-07-07,caltech,50,0.25,12,43,200.0,124.12400000000001,7.983333333333334,0
20230707_caltech_F50_P050_S42,2023-07-07,caltech,50,0.5,25,42,200.0,238.98,6.333333333333333,3
20230707_caltech_F50_P050_S43,2023-07-07,caltech,50,0.5,25,43,200.0,228.94778255674865,7.916666666666667,0
20230707_caltech_F50_P075_S42,2023-07-07,caltech,50,0.75,38,42,200.0,363.9,7.033333333333333,3
20230707_caltech_F50_P075_S43,2023-07-07,caltech,50,0.75,38,43,200.0,424.0737825567487,7.324999999999999,0
20230707_caltech_F50_P100_S42,2023-07-07,caltech,50,1.0,50,42,200.0,435.92199999999997,6.266666666666667,4
20230707_caltech_F50_P100_S43,2023-07-07,caltech,50,1.0,50,43,200.0,499.1347825567487,6.641666666666667,1
20230707_caltech_F100_P025_S42,2023-07-07,caltech,100,0.25,25,42,350.0,238.98,6.333333333333333,3
20230707_caltech_F100_P025_S43,2023-07-07,caltech,100,0.25,25,43,350.0,228.94778255674865,7.916666666666667,0
20230707_caltech_F100_P050_S42,2023-07-07,caltech,100,0.5,50,42,350.0,435.92199999999997,6.266666666666667,4
20230707_caltech_F100_P050_S43,2023-07-07,caltech,100,0.5,50,43,350.0,499.1347825567487,6.641666666666667,1
20230707_caltech_F100_P075_S42,2023-07-07,caltech,100,0.75,75,42,350.0,661.5009999999999,6.616666666666666,6
20230707_caltech_F100_P075_S43,2023-07-07,caltech,100,0.75,75,43,350.0,791.5937825567487,7.083333333333333,3
20230707_caltech_F100_P100_S42,2023-07-07,caltech,100,1.0,100,42,350.0,890.058508611111,6.483333333333333,6
20230707_caltech_F100_P100_S43,2023-07-07,caltech,100,1.0,100,43,350.0,1050.7267825567487,6.875,4
20230707_jpl_F10_P025_S42,2023-07-07,jpl,10,0.25,2,42,50.0,18.355,5.541666666666667,0
20230707_jpl_F10_P025_S43,2023-07-07,jpl,10,0.25,2,43,50.0,33.179,6.783333333333333,0
20230707_jpl_F10_P050_S42,2023-07-07,jpl,10,0.5,5,42,50.0,60.047000000000004,8.766666666666667,0
20230707_jpl_F10_P050_S43,2023-07-07,jpl,10,0.5,5,43,50.0,55.164,9.333333333333334,0
20230707_jpl_F10_P075_S42,2023-07-07,jpl,10,0.75,8,42,50.0,99.32300000000001,9.058333333333334,0
20230707_jpl_F10_P075_S43,2023-07-07,jpl,10,0.75,8,43,50.0,86.308,8.616666666666667,1
20230707_jpl_F10_P100_S42,2023-07-07,jpl,10,1.0,10,42,50.0,122.596,9.058333333333334,0
20230707_jpl_F10_P100_S43,2023-07-07,jpl,10,1.0,10,43,50.0,113.73600000000002,9.225000000000001,1
20230707_jpl_F25_P025_S42,2023-07-07,jpl,25,0.25,6,42,100.0,67.73,9.058333333333334,0
20230707_jpl_F25_P025_S43,2023-07-07,jpl,25,0.25,6,43,100.0,63.480000000000004,9.225000000000001,1
20230707_jpl_F25_P050_S42,2023-07-07,jpl,25,0.5,12,42,100.0,144.38504555555556,9.058333333333334,0
20230707_jpl_F25_P050_S43,2023-07-07,jpl,25,0.5,12,43,100.0,133.00300000000001,9.225000000000001,1
20230707_jpl_F25_P075_S42,2023-07-07,jpl,25,0.75,19,42,100.0,259.2790455555555,9.366666666666667,0
20230707_jpl_F25_P075_S43,2023-07-07,jpl,25,0.75,19,43,100.0,274.738,9.116666666666667,2
20230707_jpl_F25_P100_S42,2023-07-07,jpl,25,1.0,25,42,100.0,350.0190455555556,9.366666666666667,0
20230707_jpl_F25_P100_S43,2023-07-07,jpl,25,1.0,25,43,100.0,355.855,8.983333333333333,2
20230707_jpl_F50_P025_S42,2023-07-07,jpl,50,0.25,12,42,200.0,144.38504555555556,9.058333333333334,0
20230707_jpl_F50_P025_S43,2023-07-07,jpl,50,0.25,12,43,200.0,133.00300000000001,9.225000000000001,1
20230707_jpl_F50_P050_S42,2023-07-07,jpl,50,0.5,25,42,200.0,350.0190455555556,9.366666666666667,0
20230707_jpl_F50_P050_S43,2023-07-07,jpl,50,0.5,25,43,200.0,355.855,8.983333333333333,2
20230707_jpl_F50_P075_S42,2023-07-07,jpl,50,0.75,38,42,200.0,564.1400455555556,9.525,0
20230707_jpl_F50_P075_S43,2023-07-07,jpl,50,0.75,38,43,200.0,525.6259999999999,8.991666666666667,3
20230707_jpl_F50_P100_S42,2023-07-07,jpl,50,1.0,50,42,200.0,738.7520455555556,9.358333333333334,1
20230707_jpl_F50_P100_S43,2023-07-07,jpl,50,1.0,50,43,200.0,676.9077738888889,8.991666666666667,3
20230707_jpl_F100_P025_S42,2023-07-07,jpl,100,0.25,25,42,350.0,350.0190455555556,9.366666666666667,0
20230707_jpl_F100_P025_S43,2023-07-07,jpl,100,0.25,25,43,350.0,355.855,8.983333333333333,2
20230707_jpl_F100_P050_S42,2023-07-07,jpl,100,0.5,50,42,350.0,738.7520455555556,9.358333333333334,1
20230707_jpl_F100_P050_S43,2023-07-07,jpl,100,0.5,50,43,350.0,676.9077738888889,8.991666666666667,3
20230707_jpl_F100_P075_S42,2023-07-07,jpl,100,0.75,75,42,350.0,1167.5850455555556,9.3,4
20230707_jpl_F100_P075_S43,2023-07-07,jpl,100,0.75,75,43,350.0,1040.2507738888887,9.0,4
20230707_jpl_F100_P100_S42,2023-07-07,jpl,100,1.0,100,42,350.0,1447.5210455555552,8.8,6
20230707_jpl_F100_P100_S43,2023-07-07,jpl,100,1.0,100,43,350.0,1381.896773888889,8.991666666666667,5
20230707_office001_F10_P025_S42,2023-07-07,office001,10,0.25,2,42,50.0,41.879999999999995,6.858333333333333,0
20230707_office001_F10_P025_S43,2023-07-07,office001,10,0.25,2,43,50.0,10.295,2.7916666666666665,1
20230707_office001_F10_P050_S42,2023-07-07,office001,10,0.5,5,42,50.0,122.718,5.283333333333333,1
20230707_office001_F10_P050_S43,2023-07-07,office001,10,0.5,5,43,50.0,45.995,4.866666666666666,1
20230707_office001_F10_P075_S42,2023-07-07,office001,10,0.75,8,42,50.0,166.071,5.633333333333333,1
20230707_office001_F10_P075_S43,2023-07-07,office001,10,0.75,8,43,50.0,93.49699999999999,4.191666666666666,3
20230707_office001_F10_P100_S42,2023-07-07,office001,10,1.0,10,42,50.0,199.97199999999998,5.633333333333333,1
20230707_office001_F10_P100_S43,2023-07-07,office001,10,1.0,10,43,50.0,123.63899999999998,3.8916666666666666,4
20230707_office001_F25_P025_S42,2023-07-07,office001,25,0.25,6,42,100.0,127.912,4.775,1
20230707_office001_F25_P025_S43,2023-07-07,office001,25,0.25,6,43,100.0,51.242,3.9499999999999997,2
20230707_office001_F25_P050_S42,2023-07-07,office001,25,0.5,12,42,100.0,241.28799999999998,5.925,1
20230707_office001_F25_P050_S43,2023-07-07,office001,25,0.5,12,43,100.0,131.992,3.8916666666666666,5
20230707_office001_F25_P075_S42,2023-07-07,office001,25,0.75,19,42,100.0,372.30199999999996,5.866666666666666,1
20230707_office001_F25_P075_S43,2023-07-07,office001,25,0.75,19,43,100.0,291.12399999999997,4.266666666666667,7
20230707_office001_F25_P100_S42,2023-07-07,office001,25,1.0,25,42,100.0,454.808,5.866666666666666,3
20230707_office001_F25_P100_S43,2023-07-07,office001,25,1.0,25,43,100.0,399.47900000000004,4.866666666666666,8
20230707_office001_F50_P025_S42,2023-07-07,office001,50,0.25,12,42,200.0,241.28799999999998,5.925,1
20230707_office001_F50_P025_S43,2023-07-07,office001,50,0.25,12,43,200.0,131.992,3.8916666666666666,5
20230707_office001_F50_P050_S42,2023-07-07,office001,50,0.5,25,42,200.0,454.808,5.866666666666666,3
20230707_office001_F50_P050_S43,2023-07-07,office001,50,0.5,25,43,200.0,399.47900000000004,4.866666666666666,8
20230707_office001_F50_P075_S42,2023-07-07,office001,50,0.75,38,42,200.0,628.839,5.324999999999999,7
20230707_office001_F50_P075_S43,2023-07-07,office001,50,0.75,38,43,200.0,688.923,5.008333333333333,10
20230707_office001_F50_P100_S42,2023-07-07,office001,50,1.0,50,42,200.0,779.4800916666666,5.175,10
20230707_office001_F50_P100_S43,2023-07-07,office001,50,1.0,50,43,200.0,838.354,4.883333333333333,12
20230707_office001_F100_P025_S42,2023-07-07,office001,100,0.25,25,42,350.0,454.808,5.866666666666666,3
20230707_office001_F100_P025_S43,2023-07-07,office001,100,0.25,25,43,350.0,399.47900000000004,4.866666666666666,8
20230707_office001_F100_P050_S42,2023-07-07,office001,100,0.5,50,42,350.0,779.4800916666666,5.175,10
20230707_office001_F100_P050_S43,2023-07-07,office001,100,0.5,50,43,350.0,838.354,4.883333333333333,12
20230707_office001_F100_P075_S42,2023-07-07,office001,100,0.75,75,42,350.0,1181.7070916666664,5.5,14
20230707_office001_F100_P075_S43,2023-07-07,office001,100,0.75,75,43,350.0,1142.146626111111,4.866666666666666,15
20230707_office001_F100_P100_S42,2023-07-07,office001,100,1.0,100,42,350.0,1632.2606369444443,5.808333333333334,20
20230707_office001_F100_P100_S43,2023-07-07,office001,100,1.0,100,43,350.0,1488.7054961111112,4.8583333333333325,19
20230709_pooled_F10_P025_S42,2023-07-09,pooled,10,0.25,2,42,50.0,25.923,3.025,1
20230709_pooled_F10_P025_S43,2023-07-09,pooled,10,0.25,2,43,50.0,8.727,4.4,0
20230709_pooled_F10_P050_S42,2023-07-09,pooled,10,0.5,5,42,50.0,62.34,3.2666666666666666,1
20230709_pooled_F10_P050_S43,2023-07-09,pooled,10,0.5,5,43,50.0,59.978,3.933333333333333,0
20230709_pooled_F10_P075_S42,2023-07-09,pooled,10,0.75,8,42,50.0,94.655,3.658333333333333,3
20230709_pooled_F10_P075_S43,2023-07-09,pooled,10,0.75,8,43,50.0,84.468,3.808333333333333,1
20230709_pooled_F10_P100_S42,2023-07-09,pooled,10,1.0,10,42,50.0,106.37,3.658333333333333,3
20230709_pooled_F10_P100_S43,2023-07-09,pooled,10,1.0,10,43,50.0,100.813,4.175,1
20230709_pooled_F25_P025_S42,2023-07-09,pooled,25,0.25,6,42,100.0,86.991,3.658333333333333,2
20230709_pooled_F25_P025_S43,2023-07-09,pooled,25,0.25,6,43,100.0,64.371,3.808333333333333,0
20230709_pooled_F25_P050_S42,2023-07-09,pooled,25,0.5,12,42,100.0,127.40100000000001,3.658333333333333,3
20230709_pooled_F25_P050_S43,2023-07-09,pooled,25,0.5,12,43,100.0,109.49900000000001,3.808333333333333,1
20230709_pooled_F25_P075_S42,2023-07-09,pooled,25,0.75,19,42,100.0,201.05,3.2666666666666666,3
20230709_pooled_F25_P075_S43,2023-07-09,pooled,25,0.75,19,43,100.0,170.03099999999998,3.933333333333333,1
20230709_pooled_F25_P100_S42,2023-07-09,pooled,25,1.0,25,42,100.0,272.937,4.05,3
20230709_pooled_F25_P100_S43,2023-07-09,pooled,25,1.0,25,43,100.0,203.177,3.2,3
20230709_pooled_F50_P025_S42,2023-07-09,pooled,50,0.25,12,42,200.0,127.40100000000001,3.658333333333333,3
20230709_pooled_F50_P025_S43,2023-07-09,pooled,50,0.25,12,43,200.0,109.49900000000001,3.808333333333333,1
20230709_pooled_F50_P050_S42,2023-07-09,pooled,50,0.5,25,42,200.0,272.937,4.05,3
20230709_pooled_F50_P050_S43,2023-07-09,pooled,50,0.5,25,43,200.0,203.177,3.2,3
20230709_pooled_F50_P075_S42,2023-07-09,pooled,50,0.75,38,42,200.0,414.26599999999996,3.3166666666666664,7
20230709_pooled_F50_P075_S43,2023-07-09,pooled,50,0.75,38,43,200.0,333.887,2.7333333333333334,5
20230709_pooled_F50_P100_S42,2023-07-09,pooled,50,1.0,50,42,200.0,469.9779999999999,2.791666666666667,7
20230709_pooled_F50_P100_S43,2023-07-09,pooled,50,1.0,50,43,200.0,413.9059405555556,2.625,7
20230709_pooled_F100_P025_S42,2023-07-09,pooled,100,0.25,25,42,350.0,272.937,4.05,3
20230709_pooled_F100_P025_S43,2023-07-09,pooled,100,0.25,25,43,350.0,203.177,3.2,3
20230709_pooled_F100_P050_S42,2023-07-09,pooled,100,0.5,50,42,350.0,469.9779999999999,2.791666666666667,7
20230709_pooled_F100_P050_S43,2023-07-09,pooled,100,0.5,50,43,350.0,413.9059405555556,2.625,7
20230709_pooled_F100_P075_S42,2023-07-09,pooled,100,0.75,75,42,350.0,787.905,2.9833333333333334,12
20230709_pooled_F100_P075_S43,2023-07-09,pooled,100,0.75,75,43,350.0,582.8459405555556,2.566666666666667,10
20230709_pooled_F100_P100_S42,2023-07-09,pooled,100,1.0,100,42,350.0,1063.6872438888888,2.6083333333333334,16
20230709_pooled_F100_P100_S43,2023-07-09,pooled,100,1.0,100,43,350.0,883.0739405555555,2.8666666666666667,16
20230709_caltech_F10_P025_S42,2023-07-09,caltech,10,0.25,2,42,50.0,1.5615574999999997,1.025,0
20230709_caltech_F10_P025_S43,2023-07-09,caltech,10,0.25,2,43,50.0,9.744,3.658333333333333,0
20230709_caltech_F10_P050_S42,2023-07-09,caltech,10,0.5,5,42,50.0,42.1835575,1.35,0
20230709_caltech_F10_P050_S43,2023-07-09,caltech,10,0.5,5,43,50.0,85.30000000000001,3.933333333333333,1
20230709_caltech_F10_P075_S42,2023-07-09,caltech,10,0.75,8,42,50.0,71.67455749999999,1.8416666666666668,1
20230709_caltech_F10_P075_S43,2023-07-09,caltech,10,0.75,8,43,50.0,90.68700000000001,3.4416666666666664,1
20230709_caltech_F10_P100_S42,2023-07-09,caltech,10,1.0,10,42,50.0,96.42955749999999,2.2,2
20230709_caltech_F10_P100_S43,2023-07-09,caltech,10,1.0,10,43,50.0,140.796,3.4416666666666664,1
20230709_caltech_F25_P025_S42,2023-07-09,caltech,25,0.25,6,42,100.0,53.46955749999999,1.5666666666666669,1
20230709_caltech_F25_P025_S43,2023-07-09,caltech,25,0.25,6,43,100.0,88.82900000000001,3.658333333333333,1
20230709_caltech_F25_P050_S42,2023-07-09,caltech,25,0.5,12,42,100.0,114.58955749999998,2.2,2
20230709_caltech_F25_P050_S43,2023-07-09,caltech,25,0.5,12,43,100.0,156.41099999999997,3.4416666666666664,1
20230709_caltech_F25_P075_S42,2023-07-09,caltech,25,0.75,19,42,100.0,177.20955750000002,1.8333333333333333,3
20230709_caltech_F25_P075_S43,2023-07-09,caltech,25,0.75,19,43,100.0,219.223,3.283333333333333,2
20230709_caltech_F25_P100_S42,2023-07-09,caltech,25,1.0,25,42,100.0,226.1045575,1.9,4
20230709_caltech_F25_P100_S43,2023-07-09,caltech,25,1.0,25,43,100.0,275.40799999999996,3.283333333333333,3
20230709_caltech_F50_P025_S42,2023-07-09,caltech,50,0.25,12,42,200.0,114.58955749999998,2.2,2
20230709_caltech_F50_P025_S43,2023-07-09,caltech,50,0.25,12,43,200.0,156.41099999999997,3.4416666666666664,1
20230709_caltech_F50_P050_S42,2023-07-09,caltech,50,0.5,25,42,200.0,226.1045575,1.9,4
20230709_caltech_F50_P050_S43,2023-07-09,caltech,50,0.5,25,43,200.0,275.40799999999996,3.283333333333333,3
20230709_caltech_F50_P075_S42,2023-07-09,caltech,50,0.75,38,42,200.0,379.9695575,2.075,5
20230709_caltech_F50_P075_S43,2023-07-09,caltech,50,0.75,38,43,200.0,400.318,2.6166666666666667,3
20230709_caltech_F50_P100_S42,2023-07-09,caltech,50,1.0,50,42,200.0,479.71055749999994,2.666666666666667,7
20230709_caltech_F50_P100_S43,2023-07-09,caltech,50,1.0,50,43,200.0,606.443,2.6166666666666667,6
20230709_caltech_F100_P025_S42,2023-07-09,caltech,100,0.25,25,42,350.0,226.1045575,1.9,4
20230709_caltech_F100_P025_S43,2023-07-09,caltech,100,0.25,25,43,350.0,275.40799999999996,3.283333333333333,3
20230709_caltech_F100_P050_S42,2023-07-09,caltech,100,0.5,50,42,350.0,479.71055749999994,2.666666666666667,7
20230709_caltech_F100_P050_S43,2023-07-09,caltech,100,0.5,50,43,350.0,606.443,2.6166666666666667,6
20230709_caltech_F100_P075_S42,2023-07-09,caltech,100,0.75,75,42,350.0,745.4809608333334,2.6166666666666667,10
20230709_caltech_F100_P075_S43,2023-07-09,caltech,100,0.75,75,43,350.0,753.7125575000001,2.1333333333333333,9
20230709_caltech_F100_P100_S42,2023-07-09,caltech,100,1.0,100,42,350.0,1083.3919608333333,2.6166666666666667,12
20230709_caltech_F100_P100_S43,2023-07-09,caltech,100,1.0,100,43,350.0,907.7145575000001,2.25,11
20230709_jpl_F10_P025_S42,2023-07-09,jpl,10,0.25,2,42,50.0,15.274000000000001,8.483333333333334,0
20230709_jpl_F10_P025_S43,2023-07-09,jpl,10,0.25,2,43,50.0,34.611999999999995,6.391666666666666,1
20230709_jpl_F10_P050_S42,2023-07-09,jpl,10,0.5,5,42,50.0,35.50499361111111,2.2333333333333334,1
20230709_jpl_F10_P050_S43,2023-07-09,jpl,10,0.5,5,43,50.0,100.87400000000001,3.8666666666666667,3
20230709_jpl_F10_P075_S42,2023-07-09,jpl,10,0.75,8,42,50.0,69.08399361111111,3.1416666666666666,2
20230709_jpl_F10_P075_S43,2023-07-09,jpl,10,0.75,8,43,50.0,147.557,3.958333333333333,4
20230709_jpl_F10_P100_S42,2023-07-09,jpl,10,1.0,10,42,50.0,110.13999361111111,4.7,2
20230709_jpl_F10_P100_S43,2023-07-09,jpl,10,1.0,10,43,50.0,190.89899999999997,4.75,5
20230709_jpl_F25_P025_S42,2023-07-09,jpl,25,0.25,6,42,100.0,41.88899361111111,4.025,1
20230709_jpl_F25_P025_S43,2023-07-09,jpl,25,0.25,6,43,100.0,134.435,4.758333333333334,4
20230709_jpl_F25_P050_S42,2023-07-09,jpl,25,0.5,12,42,100.0,129.4649936111111,4.7,2
20230709_jpl_F25_P050_S43,2023-07-09,jpl,25,0.5,12,43,100.0,198.00699999999998,4.75,5
20230709_jpl_F25_P075_S42,2023-07-09,jpl,25,0.75,19,42,100.0,254.77722805555555,4.466666666666667,4
20230709_jpl_F25_P075_S43,2023-07-09,jpl,25,0.75,19,43,100.0,300.6242355555556,5.45,5
20230709_jpl_F25_P100_S42,2023-07-09,jpl,25,1.0,25,42,100.0,350.95222805555557,5.816666666666666,6
20230709_jpl_F25_P100_S43,2023-07-09,jpl,25,1.0,25,43,100.0,336.88523555555554,4.1,5
20230709_jpl_F50_P025_S42,2023-07-09,jpl,50,0.25,12,42,200.0,129.4649936111111,4.7,2
20230709_jpl_F50_P025_S43,2023-07-09,jpl,50,0.25,12,43,200.0,198.00699999999998,4.75,5
20230709_jpl_F50_P050_S42,2023-07-09,jpl,50,0.5,25,42,200.0,350.95222805555557,5.816666666666666,6
20230709_jpl_F50_P050_S43,2023-07-09,jpl,50,0.5,25,43,200.0,336.88523555555554,4.1,5
20230709_jpl_F50_P075_S42,2023-07-09,jpl,50,0.75,38,42,200.0,556.3502280555556,4.416666666666666,9
20230709_jpl_F50_P075_S43,2023-07-09,jpl,50,0.75,38,43,200.0,464.5842355555556,4.074999999999999,7
20230709_jpl_F50_P100_S42,2023-07-09,jpl,50,1.0,50,42,200.0,686.7102280555556,4.416666666666666,10
20230709_jpl_F50_P100_S43,2023-07-09,jpl,50,1.0,50,43,200.0,576.3762355555555,3.833333333333333,9
20230709_jpl_F100_P025_S42,2023-07-09,jpl,100,0.25,25,42,350.0,350.95222805555557,5.816666666666666,6
20230709_jpl_F100_P025_S43,2023-07-09,jpl,100,0.25,25,43,350.0,336.88523555555554,4.1,5
20230709_jpl_F100_P050_S42,2023-07-09,jpl,100,0.5,50,42,350.0,686.7102280555556,4.416666666666666,10
20230709_jpl_F100_P050_S43,2023-07-09,jpl,100,0.5,50,43,350.0,576.3762355555555,3.833333333333333,9
20230709_jpl_F100_P075_S42,2023-07-09,jpl,100,0.75,75,42,350.0,1018.3154636111111,4.333333333333333,15
20230709_jpl_F100_P075_S43,2023-07-09,jpl,100,0.75,75,43,350.0,828.3302355555555,3.7666666666666666,12
20230709_jpl_F100_P100_S42,2023-07-09,jpl,100,1.0,100,42,350.0,1277.547102222222,4.2,19
20230709_jpl_F100_P100_S43,2023-07-09,jpl,100,1.0,100,43,350.0,1100.7286416666668,3.775,16
20230709_office001_F10_P025_S42,2023-07-09,office001,10,0.25,2,42,50.0,41.879999999999995,6.858333333333333,0
20230709_office001_F10_P025_S43,2023-07-09,office001,10,0.25,2,43,50.0,10.295,2.7916666666666665,1
20230709_office001_F10_P050_S42,2023-07-09,office001,10,0.5,5,42,50.0,122.718,5.283333333333333,1
20230709_office001_F10_P050_S43,2023-07-09,office001,10,0.5,5,43,50.0,45.995,4.866666666666666,1
20230709_office001_F10_P075_S42,2023-07-09,office001,10,0.75,8,42,50.0,166.071,5.633333333333333,1
20230709_office001_F10_P075_S43,2023-07-09,office001,10,0.75,8,43,50.0,93.49699999999999,4.191666666666666,3
20230709_office001_F10_P100_S42,2023-07-09,office001,10,1.0,10,42,50.0,199.97199999999998,5.633333333333333,1
20230709_office001_F10_P100_S43,2023-07-09,office001,10,1.0,10,43,50.0,123.63899999999998,3.8916666666666666,4
20230709_office001_F25_P025_S42,2023-07-09,office001,25,0.25,6,42,100.0,127.912,4.775,1
20230709_office001_F25_P025_S43,2023-07-09,office001,25,0.25,6,43,100.0,51.242,3.9499999999999997,2
20230709_office001_F25_P050_S42,2023-07-09,office001,25,0.5,12,42,100.0,241.28799999999998,5.925,1
20230709_office001_F25_P050_S43,2023-07-09,office001,25,0.5,12,43,100.0,131.992,3.8916666666666666,5
20230709_office001_F25_P075_S42,2023-07-09,office001,25,0.75,19,42,100.0,372.30199999999996,5.866666666666666,1
20230709_office001_F25_P075_S43,2023-07-09,office001,25,0.75,19,43,100.0,291.12399999999997,4.266666666666667,7
20230709_office001_F25_P100_S42,2023-07-09,office001,25,1.0,25,42,100.0,454.808,5.866666666666666,3
20230709_office001_F25_P100_S43,2023-07-09,office001,25,1.0,25,43,100.0,399.47900000000004,4.866666666666666,8
20230709_office001_F50_P025_S42,2023-07-09,office001,50,0.25,12,42,200.0,241.28799999999998,5.925,1
20230709_office001_F50_P025_S43,2023-07-09,office001,50,0.25,12,43,200.0,131.992,3.8916666666666666,5
20230709_office001_F50_P050_S42,2023-07-09,office001,50,0.5,25,42,200.0,454.808,5.866666666666666,3
20230709_office001_F50_P050_S43,2023-07-09,office001,50,0.5,25,43,200.0,399.47900000000004,4.866666666666666,8
20230709_office001_F50_P075_S42,2023-07-09,office001,50,0.75,38,42,200.0,628.839,5.324999999999999,7
20230709_office001_F50_P075_S43,2023-07-09,office001,50,0.75,38,43,200.0,688.923,5.008333333333333,10
20230709_office001_F50_P100_S42,2023-07-09,office001,50,1.0,50,42,200.0,779.4800916666666,5.175,10
20230709_office001_F50_P100_S43,2023-07-09,office001,50,1.0,50,43,200.0,838.354,4.883333333333333,12
20230709_office001_F100_P025_S42,2023-07-09,office001,100,0.25,25,42,350.0,454.808,5.866666666666666,3
20230709_office001_F100_P025_S43,2023-07-09,office001,100,0.25,25,43,350.0,399.47900000000004,4.866666666666666,8
20230709_office001_F100_P050_S42,2023-07-09,office001,100,0.5,50,42,350.0,779.4800916666666,5.175,10
20230709_office001_F100_P050_S43,2023-07-09,office001,100,0.5,50,43,350.0,838.354,4.883333333333333,12
20230709_office001_F100_P075_S42,2023-07-09,office001,100,0.75,75,42,350.0,1181.7070916666664,5.5,14
20230709_office001_F100_P075_S43,2023-07-09,office001,100,0.75,75,43,350.0,1142.146626111111,4.866666666666666,15
20230709_office001_F100_P100_S42,2023-07-09,office001,100,1.0,100,42,350.0,1632.2606369444443,5.808333333333334,20
20230709_office001_F100_P100_S43,2023-07-09,office001,100,1.0,100,43,350.0,1488.7054961111112,4.8583333333333325,19
20220626_pooled_F10_P025_S42,2022-06-26,pooled,10,0.25,2,42,50.0,25.923,3.025,1
20220626_pooled_F10_P025_S43,2022-06-26,pooled,10,0.25,2,43,50.0,8.727,4.4,0
20220626_pooled_F10_P050_S42,2022-06-26,pooled,10,0.5,5,42,50.0,62.34,3.2666666666666666,1
20220626_pooled_F10_P050_S43,2022-06-26,pooled,10,0.5,5,43,50.0,59.978,3.933333333333333,0
20220626_pooled_F10_P075_S42,2022-06-26,pooled,10,0.75,8,42,50.0,94.655,3.658333333333333,3
20220626_pooled_F10_P075_S43,2022-06-26,pooled,10,0.75,8,43,50.0,84.468,3.808333333333333,1
20220626_pooled_F10_P100_S42,2022-06-26,pooled,10,1.0,10,42,50.0,106.37,3.658333333333333,3
20220626_pooled_F10_P100_S43,2022-06-26,pooled,10,1.0,10,43,50.0,100.813,4.175,1
20220626_pooled_F25_P025_S42,2022-06-26,pooled,25,0.25,6,42,100.0,86.991,3.658333333333333,2
20220626_pooled_F25_P025_S43,2022-06-26,pooled,25,0.25,6,43,100.0,64.371,3.808333333333333,0
20220626_pooled_F25_P050_S42,2022-06-26,pooled,25,0.5,12,42,100.0,127.40100000000001,3.658333333333333,3
20220626_pooled_F25_P050_S43,2022-06-26,pooled,25,0.5,12,43,100.0,109.49900000000001,3.808333333333333,1
20220626_pooled_F25_P075_S42,2022-06-26,pooled,25,0.75,19,42,100.0,201.05,3.2666666666666666,3
20220626_pooled_F25_P075_S43,2022-06-26,pooled,25,0.75,19,43,100.0,170.03099999999998,3.933333333333333,1
20220626_pooled_F25_P100_S42,2022-06-26,pooled,25,1.0,25,42,100.0,272.937,4.05,3
20220626_pooled_F25_P100_S43,2022-06-26,pooled,25,1.0,25,43,100.0,203.177,3.2,3
20220626_pooled_F50_P025_S42,2022-06-26,pooled,50,0.25,12,42,200.0,127.40100000000001,3.658333333333333,3
20220626_pooled_F50_P025_S43,2022-06-26,pooled,50,0.25,12,43,200.0,109.49900000000001,3.808333333333333,1
20220626_pooled_F50_P050_S42,2022-06-26,pooled,50,0.5,25,42,200.0,272.937,4.05,3
20220626_pooled_F50_P050_S43,2022-06-26,pooled,50,0.5,25,43,200.0,203.177,3.2,3
20220626_pooled_F50_P075_S42,2022-06-26,pooled,50,0.75,38,42,200.0,414.26599999999996,3.3166666666666664,7
20220626_pooled_F50_P075_S43,2022-06-26,pooled,50,0.75,38,43,200.0,333.887,2.7333333333333334,5
20220626_pooled_F50_P100_S42,2022-06-26,pooled,50,1.0,50,42,200.0,469.9779999999999,2.791666666666667,7
20220626_pooled_F50_P100_S43,2022-06-26,pooled,50,1.0,50,43,200.0,413.9059405555556,2.625,7
20220626_pooled_F100_P025_S42,2022-06-26,pooled,100,0.25,25,42,350.0,272.937,4.05,3
20220626_pooled_F100_P025_S43,2022-06-26,pooled,100,0.25,25,43,350.0,203.177,3.2,3
20220626_pooled_F100_P050_S42,2022-06-26,pooled,100,0.5,50,42,350.0,469.9779999999999,2.791666666666667,7
20220626_pooled_F100_P050_S43,2022-06-26,pooled,100,0.5,50,43,350.0,413.9059405555556,2.625,7
20220626_pooled_F100_P075_S42,2022-06-26,pooled,100,0.75,75,42,350.0,787.905,2.9833333333333334,12
20220626_pooled_F100_P075_S43,2022-06-26,pooled,100,0.75,75,43,350.0,582.8459405555556,2.566666666666667,10
20220626_pooled_F100_P100_S42,2022-06-26,pooled,100,1.0,100,42,350.0,1063.6872438888888,2.6083333333333334,16
20220626_pooled_F100_P100_S43,2022-06-26,pooled,100,1.0,100,43,350.0,883.0739405555555,2.8666666666666667,16
20220626_caltech_F10_P025_S42,2022-06-26,caltech,10,0.25,2,42,50.0,1.5615574999999997,1.025,0
20220626_caltech_F10_P025_S43,2022-06-26,caltech,10,0.25,2,43,50.0,9.744,3.658333333333333,0
20220626_caltech_F10_P050_S42,2022-06-26,caltech,10,0.5,5,42,50.0,42.1835575,1.35,0
20220626_caltech_F10_P050_S43,2022-06-26,caltech,10,0.5,5,43,50.0,85.30000000000001,3.933333333333333,1
20220626_caltech_F10_P075_S42,2022-06-26,caltech,10,0.75,8,42,50.0,71.67455749999999,1.8416666666666668,1
20220626_caltech_F10_P075_S43,2022-06-26,caltech,10,0.75,8,43,50.0,90.68700000000001,3.4416666666666664,1
20220626_caltech_F10_P100_S42,2022-06-26,caltech,10,1.0,10,42,50.0,96.42955749999999,2.2,2
20220626_caltech_F10_P100_S43,2022-06-26,caltech,10,1.0,10,43,50.0,140.796,3.4416666666666664,1
20220626_caltech_F25_P025_S42,2022-06-26,caltech,25,0.25,6,42,100.0,53.46955749999999,1.5666666666666669,1
20220626_caltech_F25_P025_S43,2022-06-26,caltech,25,0.25,6,43,100.0,88.82900000000001,3.658333333333333,1
20220626_caltech_F25_P050_S42,2022-06-26,caltech,25,0.5,12,42,100.0,114.58955749999998,2.2,2
20220626_caltech_F25_P050_S43,2022-06-26,caltech,25,0.5,12,43,100.0,156.41099999999997,3.4416666666666664,1
20220626_caltech_F25_P075_S42,2022-06-26,caltech,25,0.75,19,42,100.0,177.20955750000002,1.8333333333333333,3
20220626_caltech_F25_P075_S43,2022-06-26,caltech,25,0.75,19,43,100.0,219.223,3.283333333333333,2
20220626_caltech_F25_P100_S42,2022-06-26,caltech,25,1.0,25,42,100.0,226.1045575,1.9,4
20220626_caltech_F25_P100_S43,2022-06-26,caltech,25,1.0,25,43,100.0,275.40799999999996,3.283333333333333,3
20220626_caltech_F50_P025_S42,2022-06-26,caltech,50,0.25,12,42,200.0,114.58955749999998,2.2,2
20220626_caltech_F50_P025_S43,2022-06-26,caltech,50,0.25,12,43,200.0,156.41099999999997,3.4416666666666664,1
20220626_caltech_F50_P050_S42,2022-06-26,caltech,50,0.5,25,42,200.0,226.1045575,1.9,4
20220626_caltech_F50_P050_S43,2022-06-26,caltech,50,0.5,25,43,200.0,275.40799999999996,3.283333333333333,3
20220626_caltech_F50_P075_S42,2022-06-26,caltech,50,0.75,38,42,200.0,379.9695575,2.075,5
20220626_caltech_F50_P075_S43,2022-06-26,caltech,50,0.75,38,43,200.0,400.318,2.6166666666666667,3
20220626_caltech_F50_P100_S42,2022-06-26,caltech,50,1.0,50,42,200.0,479.71055749999994,2.666666666666667,7
20220626_caltech_F50_P100_S43,2022-06-26,caltech,50,1.0,50,43,200.0,606.443,2.6166666666666667,6
20220626_caltech_F100_P025_S42,2022-06-26,caltech,100,0.25,25,42,350.0,226.1045575,1.9,4
20220626_caltech_F100_P025_S43,2022-06-26,caltech,100,0.25,25,43,350.0,275.40799999999996,3.283333333333333,3
20220626_caltech_F100_P050_S42,2022-06-26,caltech,100,0.5,50,42,350.0,479.71055749999994,2.666666666666667,7
20220626_caltech_F100_P050_S43,2022-06-26,caltech,100,0.5,50,43,350.0,606.443,2.6166666666666667,6
20220626_caltech_F100_P075_S42,2022-06-26,caltech,100,0.75,75,42,350.0,745.4809608333334,2.6166666666666667,10
20220626_caltech_F100_P075_S43,2022-06-26,caltech,100,0.75,75,43,350.0,753.7125575000001,2.1333333333333333,9
20220626_caltech_F100_P100_S42,2022-06-26,caltech,100,1.0,100,42,350.0,1083.3919608333333,2.6166666666666667,12
20220626_caltech_F100_P100_S43,2022-06-26,caltech,100,1.0,100,43,350.0,907.7145575000001,2.25,11
20220626_jpl_F10_P025_S42,2022-06-26,jpl,10,0.25,2,42,50.0,15.274000000000001,8.483333333333334,0
20220626_jpl_F10_P025_S43,2022-06-26,jpl,10,0.25,2,43,50.0,34.611999999999995,6.391666666666666,1
20220626_jpl_F10_P050_S42,2022-06-26,jpl,10,0.5,5,42,50.0,35.50499361111111,2.2333333333333334,1
20220626_jpl_F10_P050_S43,2022-06-26,jpl,10,0.5,5,43,50.0,100.87400000000001,3.8666666666666667,3
20220626_jpl_F10_P075_S42,2022-06-26,jpl,10,0.75,8,42,50.0,69.08399361111111,3.1416666666666666,2
20220626_jpl_F10_P075_S43,2022-06-26,jpl,10,0.75,8,43,50.0,147.557,3.958333333333333,4
20220626_jpl_F10_P100_S42,2022-06-26,jpl,10,1.0,10,42,50.0,110.13999361111111,4.7,2
20220626_jpl_F10_P100_S43,2022-06-26,jpl,10,1.0,10,43,50.0,190.89899999999997,4.75,5
20220626_jpl_F25_P025_S42,2022-06-26,jpl,25,0.25,6,42,100.0,41.88899361111111,4.025,1
20220626_jpl_F25_P025_S43,2022-06-26,jpl,25,0.25,6,43,100.0,134.435,4.758333333333334,4
20220626_jpl_F25_P050_S42,2022-06-26,jpl,25,0.5,12,42,100.0,129.4649936111111,4.7,2
20220626_jpl_F25_P050_S43,2022-06-26,jpl,25,0.5,12,43,100.0,198.00699999999998,4.75,5
20220626_jpl_F25_P075_S42,2022-06-26,jpl,25,0.75,19,42,100.0,254.77722805555555,4.466666666666667,4
20220626_jpl_F25_P075_S43,2022-06-26,jpl,25,0.75,19,43,100.0,300.6242355555556,5.45,5
20220626_jpl_F25_P100_S42,2022-06-26,jpl,25,1.0,25,42,100.0,350.95222805555557,5.816666666666666,6
20220626_jpl_F25_P100_S43,2022-06-26,jpl,25,1.0,25,43,100.0,336.88523555555554,4.1,5
20220626_jpl_F50_P025_S42,2022-06-26,jpl,50,0.25,12,42,200.0,129.4649936111111,4.7,2
20220626_jpl_F50_P025_S43,2022-06-26,jpl,50,0.25,12,43,200.0,198.00699999999998,4.75,5
20220626_jpl_F50_P050_S42,2022-06-26,jpl,50,0.5,25,42,200.0,350.95222805555557,5.816666666666666,6
20220626_jpl_F50_P050_S43,2022-06-26,jpl,50,0.5,25,43,200.0,336.88523555555554,4.1,5
20220626_jpl_F50_P075_S42,2022-06-26,jpl,50,0.75,38,42,200.0,556.3502280555556,4.416666666666666,9
20220626_jpl_F50_P075_S43,2022-06-26,jpl,50,0.75,38,43,200.0,464.5842355555556,4.074999999999999,7
20220626_jpl_F50_P100_S42,2022-06-26,jpl,50,1.0,50,42,200.0,686.7102280555556,4.416666666666666,10
20220626_jpl_F50_P100_S43,2022-06-26,jpl,50,1.0,50,43,200.0,576.3762355555555,3.833333333333333,9
20220626_jpl_F100_P025_S42,2022-06-26,jpl,100,0.25,25,42,350.0,350.95222805555557,5.816666666666666,6
20220626_jpl_F100_P025_S43,2022-06-26,jpl,100,0.25,25,43,350.0,336.88523555555554,4.1,5
20220626_jpl_F100_P050_S42,2022-06-26,jpl,100,0.5,50,42,350.0,686.7102280555556,4.416666666666666,10
20220626_jpl_F100_P050_S43,2022-06-26,jpl,100,0.5,50,43,350.0,576.3762355555555,3.833333333333333,9
20220626_jpl_F100_P075_S42,2022-06-26,jpl,100,0.75,75,42,350.0,1018.3154636111111,4.333333333333333,15
20220626_jpl_F100_P075_S43,2022-06-26,jpl,100,0.75,75,43,350.0,828.3302355555555,3.7666666666666666,12
20220626_jpl_F100_P100_S42,2022-06-26,jpl,100,1.0,100,42,350.0,1277.547102222222,4.2,19
20220626_jpl_F100_P100_S43,2022-06-26,jpl,100,1.0,100,43,350.0,1100.7286416666668,3.775,16
20220626_office001_F10_P025_S42,2022-06-26,office001,10,0.25,2,42,50.0,41.879999999999995,6.858333333333333,0
20220626_office001_F10_P025_S43,2022-06-26,office001,10,0.25,2,43,50.0,10.295,2.7916666666666665,1
20220626_office001_F10_P050_S42,2022-06-26,office001,10,0.5,5,42,50.0,122.718,5.283333333333333,1
20220626_office001_F10_P050_S43,2022-06-26,office001,10,0.5,5,43,50.0,45.995,4.866666666666666,1
20220626_office001_F10_P075_S42,2022-06-26,office001,10,0.75,8,42,50.0,166.071,5.633333333333333,1
20220626_office001_F10_P075_S43,2022-06-26,office001,10,0.75,8,43,50.0,93.49699999999999,4.191666666666666,3
20220626_office001_F10_P100_S42,2022-06-26,office001,10,1.0,10,42,50.0,199.97199999999998,5.633333333333333,1
20220626_office001_F10_P100_S43,2022-06-26,office001,10,1.0,10,43,50.0,123.63899999999998,3.8916666666666666,4
20220626_office001_F25_P025_S42,2022-06-26,office001,25,0.25,6,42,100.0,127.912,4.775,1
20220626_office001_F25_P025_S43,2022-06-26,office001,25,0.25,6,43,100.0,51.242,3.9499999999999997,2
20220626_office001_F25_P050_S42,2022-06-26,office001,25,0.5,12,42,100.0,241.28799999999998,5.925,1
20220626_office001_F25_P050_S43,2022-06-26,office001,25,0.5,12,43,100.0,131.992,3.8916666666666666,5
20220626_office001_F25_P075_S42,2022-06-26,office001,25,0.75,19,42,100.0,372.30199999999996,5.866666666666666,1
20220626_office001_F25_P075_S43,2022-06-26,office001,25,0.75,19,43,100.0,291.12399999999997,4.266666666666667,7
20220626_office001_F25_P100_S42,2022-06-26,office001,25,1.0,25,42,100.0,454.808,5.866666666666666,3
20220626_office001_F25_P100_S43,2022-06-26,office001,25,1.0,25,43,100.0,399.47900000000004,4.866666666666666,8
20220626_office001_F50_P025_S42,2022-06-26,office001,50,0.25,12,42,200.0,241.28799999999998,5.925,1
20220626_office001_F50_P025_S43,2022-06-26,office001,50,0.25,12,43,200.0,131.992,3.8916666666666666,5
20220626_office001_F50_P050_S42,2022-06-26,office001,50,0.5,25,42,200.0,454.808,5.866666666666666,3
20220626_office001_F50_P050_S43,2022-06-26,office001,50,0.5,25,43,200.0,399.47900000000004,4.866666666666666,8
20220626_office001_F50_P075_S42,2022-06-26,office001,50,0.75,38,42,200.0,628.839,5.324999999999999,7
20220626_office001_F50_P075_S43,2022-06-26,office001,50,0.75,38,43,200.0,688.923,5.008333333333333,10
20220626_office001_F50_P100_S42,2022-06-26,office001,50,1.0,50,42,200.0,779.4800916666666,5.175,10
20220626_office001_F50_P100_S43,2022-06-26,office001,50,1.0,50,43,200.0,838.354,4.883333333333333,12
20220626_office001_F100_P025_S42,2022-06-26,office001,100,0.25,25,42,350.0,454.808,5.866666666666666,3
20220626_office001_F100_P025_S43,2022-06-26,office001,100,0.25,25,43,350.0,399.47900000000004,4.866666666666666,8
20220626_office001_F100_P050_S42,2022-06-26,office001,100,0.5,50,42,350.0,779.4800916666666,5.175,10
20220626_office001_F100_P050_S43,2022-06-26,office001,100,0.5,50,43,350.0,838.354,4.883333333333333,12
20220626_office001_F100_P075_S42,2022-06-26,office001,100,0.75,75,42,350.0,1181.7070916666664,5.5,14
20220626_office001_F100_P075_S43,2022-06-26,office001,100,0.75,75,43,350.0,1142.146626111111,4.866666666666666,15
20220626_office001_F100_P100_S42,2022-06-26,office001,100,1.0,100,42,350.0,1632.2606369444443,5.808333333333334,20
20220626_office001_F100_P100_S43,2022-06-26,office001,100,1.0,100,43,350.0,1488.7054961111112,4.8583333333333325,19
20230702_pooled_F10_P025_S42,2023-07-02,pooled,10,0.25,2,42,50.0,25.923,3.025,1
20230702_pooled_F10_P025_S43,2023-07-02,pooled,10,0.25,2,43,50.0,8.727,4.4,0
20230702_pooled_F10_P050_S42,2023-07-02,pooled,10,0.5,5,42,50.0,62.34,3.2666666666666666,1
20230702_pooled_F10_P050_S43,2023-07-02,pooled,10,0.5,5,43,50.0,59.978,3.933333333333333,0
20230702_pooled_F10_P075_S42,2023-07-02,pooled,10,0.75,8,42,50.0,94.655,3.658333333333333,3
20230702_pooled_F10_P075_S43,2023-07-02,pooled,10,0.75,8,43,50.0,84.468,3.808333333333333,1
20230702_pooled_F10_P100_S42,2023-07-02,pooled,10,1.0,10,42,50.0,106.37,3.658333333333333,3
20230702_pooled_F10_P100_S43,2023-07-02,pooled,10,1.0,10,43,50.0,100.813,4.175,1
20230702_pooled_F25_P025_S42,2023-07-02,pooled,25,0.25,6,42,100.0,86.991,3.658333333333333,2
20230702_pooled_F25_P025_S43,2023-07-02,pooled,25,0.25,6,43,100.0,64.371,3.808333333333333,0
20230702_pooled_F25_P050_S42,2023-07-02,pooled,25,0.5,12,42,100.0,127.40100000000001,3.658333333333333,3
20230702_pooled_F25_P050_S43,2023-07-02,pooled,25,0.5,12,43,100.0,109.49900000000001,3.808333333333333,1
20230702_pooled_F25_P075_S42,2023-07-02,pooled,25,0.75,19,42,100.0,201.05,3.2666666666666666,3
20230702_pooled_F25_P075_S43,2023-07-02,pooled,25,0.75,19,43,100.0,170.03099999999998,3.933333333333333,1
20230702_pooled_F25_P100_S42,2023-07-02,pooled,25,1.0,25,42,100.0,272.937,4.05,3
20230702_pooled_F25_P100_S43,2023-07-02,pooled,25,1.0,25,43,100.0,203.177,3.2,3
20230702_pooled_F50_P025_S42,2023-07-02,pooled,50,0.25,12,42,200.0,127.40100000000001,3.658333333333333,3
20230702_pooled_F50_P025_S43,2023-07-02,pooled,50,0.25,12,43,200.0,109.49900000000001,3.808333333333333,1
20230702_pooled_F50_P050_S42,2023-07-02,pooled,50,0.5,25,42,200.0,272.937,4.05,3
20230702_pooled_F50_P050_S43,2023-07-02,pooled,50,0.5,25,43,200.0,203.177,3.2,3
20230702_pooled_F50_P075_S42,2023-07-02,pooled,50,0.75,38,42,200.0,414.26599999999996,3.3166666666666664,7
20230702_pooled_F50_P075_S43,2023-07-02,pooled,50,0.75,38,43,200.0,333.887,2.7333333333333334,5
20230702_pooled_F50_P100_S42,2023-07-02,pooled,50,1.0,50,42,200.0,469.9779999999999,2.791666666666667,7
20230702_pooled_F50_P100_S43,2023-07-02,pooled,50,1.0,50,43,200.0,413.9059405555556,2.625,7
20230702_pooled_F100_P025_S42,2023-07-02,pooled,100,0.25,25,42,350.0,272.937,4.05,3
20230702_pooled_F100_P025_S43,2023-07-02,pooled,100,0.25,25,43,350.0,203.177,3.2,3
20230702_pooled_F100_P050_S42,2023-07-02,pooled,100,0.5,50,42,350.0,469.9779999999999,2.791666666666667,7
20230702_pooled_F100_P050_S43,2023-07-02,pooled,100,0.5,50,43,350.0,413.9059405555556,2.625,7
20230702_pooled_F100_P075_S42,2023-07-02,pooled,100,0.75,75,42,350.0,787.905,2.9833333333333334,12
20230702_pooled_F100_P075_S43,2023-07-02,pooled,100,0.75,75,43,350.0,582.8459405555556,2.566666666666667,10
20230702_pooled_F100_P100_S42,2023-07-02,pooled,100,1.0,100,42,350.0,1063.6872438888888,2.6083333333333334,16
20230702_pooled_F100_P100_S43,2023-07-02,pooled,100,1.0,100,43,350.0,883.0739405555555,2.8666666666666667,16
20230702_caltech_F10_P025_S42,2023-07-02,caltech,10,0.25,2,42,50.0,1.5615574999999997,1.025,0
20230702_caltech_F10_P025_S43,2023-07-02,caltech,10,0.25,2,43,50.0,9.744,3.658333333333333,0
20230702_caltech_F10_P050_S42,2023-07-02,caltech,10,0.5,5,42,50.0,42.1835575,1.35,0
20230702_caltech_F10_P050_S43,2023-07-02,caltech,10,0.5,5,43,50.0,85.30000000000001,3.933333333333333,1
20230702_caltech_F10_P075_S42,2023-07-02,caltech,10,0.75,8,42,50.0,71.67455749999999,1.8416666666666668,1
20230702_caltech_F10_P075_S43,2023-07-02,caltech,10,0.75,8,43,50.0,90.68700000000001,3.4416666666666664,1
20230702_caltech_F10_P100_S42,2023-07-02,caltech,10,1.0,10,42,50.0,96.42955749999999,2.2,2
20230702_caltech_F10_P100_S43,2023-07-02,caltech,10,1.0,10,43,50.0,140.796,3.4416666666666664,1
20230702_caltech_F25_P025_S42,2023-07-02,caltech,25,0.25,6,42,100.0,53.46955749999999,1.5666666666666669,1
20230702_caltech_F25_P025_S43,2023-07-02,caltech,25,0.25,6,43,100.0,88.82900000000001,3.658333333333333,1
20230702_caltech_F25_P050_S42,2023-07-02,caltech,25,0.5,12,42,100.0,114.58955749999998,2.2,2
20230702_caltech_F25_P050_S43,2023-07-02,caltech,25,0.5,12,43,100.0,156.41099999999997,3.4416666666666664,1
20230702_caltech_F25_P075_S42,2023-07-02,caltech,25,0.75,19,42,100.0,177.20955750000002,1.8333333333333333,3
20230702_caltech_F25_P075_S43,2023-07-02,caltech,25,0.75,19,43,100.0,219.223,3.283333333333333,2
20230702_caltech_F25_P100_S42,2023-07-02,caltech,25,1.0,25,42,100.0,226.1045575,1.9,4
20230702_caltech_F25_P100_S43,2023-07-02,caltech,25,1.0,25,43,100.0,275.40799999999996,3.283333333333333,3
20230702_caltech_F50_P025_S42,2023-07-02,caltech,50,0.25,12,42,200.0,114.58955749999998,2.2,2
20230702_caltech_F50_P025_S43,2023-07-02,caltech,50,0.25,12,43,200.0,156.41099999999997,3.4416666666666664,1
20230702_caltech_F50_P050_S42,2023-07-02,caltech,50,0.5,25,42,200.0,226.1045575,1.9,4
20230702_caltech_F50_P050_S43,2023-07-02,caltech,50,0.5,25,43,200.0,275.40799999999996,3.283333333333333,3
20230702_caltech_F50_P075_S42,2023-07-02,caltech,50,0.75,38,42,200.0,379.9695575,2.075,5
20230702_caltech_F50_P075_S43,2023-07-02,caltech,50,0.75,38,43,200.0,400.318,2.6166666666666667,3
20230702_caltech_F50_P100_S42,2023-07-02,caltech,50,1.0,50,42,200.0,479.71055749999994,2.666666666666667,7
20230702_caltech_F50_P100_S43,2023-07-02,caltech,50,1.0,50,43,200.0,606.443,2.6166666666666667,6
20230702_caltech_F100_P025_S42,2023-07-02,caltech,100,0.25,25,42,350.0,226.1045575,1.9,4
20230702_caltech_F100_P025_S43,2023-07-02,caltech,100,0.25,25,43,350.0,275.40799999999996,3.283333333333333,3
20230702_caltech_F100_P050_S42,2023-07-02,caltech,100,0.5,50,42,350.0,479.71055749999994,2.666666666666667,7
20230702_caltech_F100_P050_S43,2023-07-02,caltech,100,0.5,50,43,350.0,606.443,2.6166666666666667,6
20230702_caltech_F100_P075_S42,2023-07-02,caltech,100,0.75,75,42,350.0,745.4809608333334,2.6166666666666667,10
20230702_caltech_F100_P075_S43,2023-07-02,caltech,100,0.75,75,43,350.0,753.7125575000001,2.1333333333333333,9
20230702_caltech_F100_P100_S42,2023-07-02,caltech,100,1.0,100,42,350.0,1083.3919608333333,2.6166666666666667,12
20230702_caltech_F100_P100_S43,2023-07-02,caltech,100,1.0,100,43,350.0,907.7145575000001,2.25,11
20230702_jpl_F10_P025_S42,2023-07-02,jpl,10,0.25,2,42,50.0,15.274000000000001,8.483333333333334,0
20230702_jpl_F10_P025_S43,2023-07-02,jpl,10,0.25,2,43,50.0,34.611999999999995,6.391666666666666,1
20230702_jpl_F10_P050_S42,2023-07-02,jpl,10,0.5,5,42,50.0,35.50499361111111,2.2333333333333334,1
20230702_jpl_F10_P050_S43,2023-07-02,jpl,10,0.5,5,43,50.0,100.87400000000001,3.8666666666666667,3
20230702_jpl_F10_P075_S42,2023-07-02,jpl,10,0.75,8,42,50.0,69.08399361111111,3.1416666666666666,2
20230702_jpl_F10_P075_S43,2023-07-02,jpl,10,0.75,8,43,50.0,147.557,3.958333333333333,4
20230702_jpl_F10_P100_S42,2023-07-02,jpl,10,1.0,10,42,50.0,110.13999361111111,4.7,2
20230702_jpl_F10_P100_S43,2023-07-02,jpl,10,1.0,10,43,50.0,190.89899999999997,4.75,5
20230702_jpl_F25_P025_S42,2023-07-02,jpl,25,0.25,6,42,100.0,41.88899361111111,4.025,1
20230702_jpl_F25_P025_S43,2023-07-02,jpl,25,0.25,6,43,100.0,134.435,4.758333333333334,4
20230702_jpl_F25_P050_S42,2023-07-02,jpl,25,0.5,12,42,100.0,129.4649936111111,4.7,2
20230702_jpl_F25_P050_S43,2023-07-02,jpl,25,0.5,12,43,100.0,198.00699999999998,4.75,5
20230702_jpl_F25_P075_S42,2023-07-02,jpl,25,0.75,19,42,100.0,254.77722805555555,4.466666666666667,4
20230702_jpl_F25_P075_S43,2023-07-02,jpl,25,0.75,19,43,100.0,300.6242355555556,5.45,5
20230702_jpl_F25_P100_S42,2023-07-02,jpl,25,1.0,25,42,100.0,350.95222805555557,5.816666666666666,6
20230702_jpl_F25_P100_S43,2023-07-02,jpl,25,1.0,25,43,100.0,336.88523555555554,4.1,5
20230702_jpl_F50_P025_S42,2023-07-02,jpl,50,0.25,12,42,200.0,129.4649936111111,4.7,2
20230702_jpl_F50_P025_S43,2023-07-02,jpl,50,0.25,12,43,200.0,198.00699999999998,4.75,5
20230702_jpl_F50_P050_S42,2023-07-02,jpl,50,0.5,25,42,200.0,350.95222805555557,5.816666666666666,6
20230702_jpl_F50_P050_S43,2023-07-02,jpl,50,0.5,25,43,200.0,336.88523555555554,4.1,5
20230702_jpl_F50_P075_S42,2023-07-02,jpl,50,0.75,38,42,200.0,556.3502280555556,4.416666666666666,9
20230702_jpl_F50_P075_S43,2023-07-02,jpl,50,0.75,38,43,200.0,464.5842355555556,4.074999999999999,7
20230702_jpl_F50_P100_S42,2023-07-02,jpl,50,1.0,50,42,200.0,686.7102280555556,4.416666666666666,10
20230702_jpl_F50_P100_S43,2023-07-02,jpl,50,1.0,50,43,200.0,576.3762355555555,3.833333333333333,9
20230702_jpl_F100_P025_S42,2023-07-02,jpl,100,0.25,25,42,350.0,350.95222805555557,5.816666666666666,6
20230702_jpl_F100_P025_S43,2023-07-02,jpl,100,0.25,25,43,350.0,336.88523555555554,4.1,5
20230702_jpl_F100_P050_S42,2023-07-02,jpl,100,0.5,50,42,350.0,686.7102280555556,4.416666666666666,10
20230702_jpl_F100_P050_S43,2023-07-02,jpl,100,0.5,50,43,350.0,576.3762355555555,3.833333333333333,9
20230702_jpl_F100_P075_S42,2023-07-02,jpl,100,0.75,75,42,350.0,1018.3154636111111,4.333333333333333,15
20230702_jpl_F100_P075_S43,2023-07-02,jpl,100,0.75,75,43,350.0,828.3302355555555,3.7666666666666666,12
20230702_jpl_F100_P100_S42,2023-07-02,jpl,100,1.0,100,42,350.0,1277.547102222222,4.2,19
20230702_jpl_F100_P100_S43,2023-07-02,jpl,100,1.0,100,43,350.0,1100.7286416666668,3.775,16
20230702_office001_F10_P025_S42,2023-07-02,office001,10,0.25,2,42,50.0,41.879999999999995,6.858333333333333,0
20230702_office001_F10_P025_S43,2023-07-02,office001,10,0.25,2,43,50.0,10.295,2.7916666666666665,1
20230702_office001_F10_P050_S42,2023-07-02,office001,10,0.5,5,42,50.0,122.718,5.283333333333333,1
20230702_office001_F10_P050_S43,2023-07-02,office001,10,0.5,5,43,50.0,45.995,4.866666666666666,1
20230702_office001_F10_P075_S42,2023-07-02,office001,10,0.75,8,42,50.0,166.071,5.633333333333333,1
20230702_office001_F10_P075_S43,2023-07-02,office001,10,0.75,8,43,50.0,93.49699999999999,4.191666666666666,3
20230702_office001_F10_P100_S42,2023-07-02,office001,10,1.0,10,42,50.0,199.97199999999998,5.633333333333333,1
20230702_office001_F10_P100_S43,2023-07-02,office001,10,1.0,10,43,50.0,123.63899999999998,3.8916666666666666,4
20230702_office001_F25_P025_S42,2023-07-02,office001,25,0.25,6,42,100.0,127.912,4.775,1
20230702_office001_F25_P025_S43,2023-07-02,office001,25,0.25,6,43,100.0,51.242,3.9499999999999997,2
20230702_office001_F25_P050_S42,2023-07-02,office001,25,0.5,12,42,100.0,241.28799999999998,5.925,1
20230702_office001_F25_P050_S43,2023-07-02,office001,25,0.5,12,43,100.0,131.992,3.8916666666666666,5
20230702_office001_F25_P075_S42,2023-07-02,office001,25,0.75,19,42,100.0,372.30199999999996,5.866666666666666,1
20230702_office001_F25_P075_S43,2023-07-02,office001,25,0.75,19,43,100.0,291.12399999999997,4.266666666666667,7
20230702_office001_F25_P100_S42,2023-07-02,office001,25,1.0,25,42,100.0,454.808,5.866666666666666,3
20230702_office001_F25_P100_S43,2023-07-02,office001,25,1.0,25,43,100.0,399.47900000000004,4.866666666666666,8
20230702_office001_F50_P025_S42,2023-07-02,office001,50,0.25,12,42,200.0,241.28799999999998,5.925,1
20230702_office001_F50_P025_S43,2023-07-02,office001,50,0.25,12,43,200.0,131.992,3.8916666666666666,5
20230702_office001_F50_P050_S42,2023-07-02,office001,50,0.5,25,42,200.0,454.808,5.866666666666666,3
20230702_office001_F50_P050_S43,2023-07-02,office001,50,0.5,25,43,200.0,399.47900000000004,4.866666666666666,8
20230702_office001_F50_P075_S42,2023-07-02,office001,50,0.75,38,42,200.0,628.839,5.324999999999999,7
20230702_office001_F50_P075_S43,2023-07-02,office001,50,0.75,38,43,200.0,688.923,5.008333333333333,10
20230702_office001_F50_P100_S42,2023-07-02,office001,50,1.0,50,42,200.0,779.4800916666666,5.175,10
20230702_office001_F50_P100_S43,2023-07-02,office001,50,1.0,50,43,200.0,838.354,4.883333333333333,12
20230702_office001_F100_P025_S42,2023-07-02,office001,100,0.25,25,42,350.0,454.808,5.866666666666666,3
20230702_office001_F100_P025_S43,2023-07-02,office001,100,0.25,25,43,350.0,399.47900000000004,4.866666666666666,8
20230702_office001_F100_P050_S42,2023-07-02,office001,100,0.5,50,42,350.0,779.4800916666666,5.175,10
20230702_office001_F100_P050_S43,2023-07-02,office001,100,0.5,50,43,350.0,838.354,4.883333333333333,12
20230702_office001_F100_P075_S42,2023-07-02,office001,100,0.75,75,42,350.0,1181.7070916666664,5.5,14
20230702_office001_F100_P075_S43,2023-07-02,office001,100,0.75,75,43,350.0,1142.146626111111,4.866666666666666,15
20230702_office001_F100_P100_S42,2023-07-02,office001,100,1.0,100,42,350.0,1632.2606369444443,5.808333333333334,20
20230702_office001_F100_P100_S43,2023-07-02,office001,100,1.0,100,43,350.0,1488.7054961111112,4.8583333333333325,19
20220514_pooled_F10_P025_S42,2022-05-14,pooled,10,0.25,2,42,50.0,25.923,3.025,1
20220514_pooled_F10_P025_S43,2022-05-14,pooled,10,0.25,2,43,50.0,8.727,4.4,0
20220514_pooled_F10_P050_S42,2022-05-14,pooled,10,0.5,5,42,50.0,62.34,3.2666666666666666,1
20220514_pooled_F10_P050_S43,2022-05-14,pooled,10,0.5,5,43,50.0,59.978,3.933333333333333,0
20220514_pooled_F10_P075_S42,2022-05-14,pooled,10,0.75,8,42,50.0,94.655,3.658333333333333,3
20220514_pooled_F10_P075_S43,2022-05-14,pooled,10,0.75,8,43,50.0,84.468,3.808333333333333,1
20220514_pooled_F10_P100_S42,2022-05-14,pooled,10,1.0,10,42,50.0,106.37,3.658333333333333,3
20220514_pooled_F10_P100_S43,2022-05-14,pooled,10,1.0,10,43,50.0,100.813,4.175,1
20220514_pooled_F25_P025_S42,2022-05-14,pooled,25,0.25,6,42,100.0,86.991,3.658333333333333,2
20220514_pooled_F25_P025_S43,2022-05-14,pooled,25,0.25,6,43,100.0,64.371,3.808333333333333,0
20220514_pooled_F25_P050_S42,2022-05-14,pooled,25,0.5,12,42,100.0,127.40100000000001,3.658333333333333,3
20220514_pooled_F25_P050_S43,2022-05-14,pooled,25,0.5,12,43,100.0,109.49900000000001,3.808333333333333,1
20220514_pooled_F25_P075_S42,2022-05-14,pooled,25,0.75,19,42,100.0,201.05,3.2666666666666666,3
20220514_pooled_F25_P075_S43,2022-05-14,pooled,25,0.75,19,43,100.0,170.03099999999998,3.933333333333333,1
20220514_pooled_F25_P100_S42,2022-05-14,pooled,25,1.0,25,42,100.0,272.937,4.05,3
20220514_pooled_F25_P100_S43,2022-05-14,pooled,25,1.0,25,43,100.0,203.177,3.2,3
20220514_pooled_F50_P025_S42,2022-05-14,pooled,50,0.25,12,42,200.0,127.40100000000001,3.658333333333333,3
20220514_pooled_F50_P025_S43,2022-05-14,pooled,50,0.25,12,43,200.0,109.49900000000001,3.808333333333333,1
20220514_pooled_F50_P050_S42,2022-05-14,pooled,50,0.5,25,42,200.0,272.937,4.05,3
20220514_pooled_F50_P050_S43,2022-05-14,pooled,50,0.5,25,43,200.0,203.177,3.2,3
20220514_pooled_F50_P075_S42,2022-05-14,pooled,50,0.75,38,42,200.0,414.26599999999996,3.3166666666666664,7
20220514_pooled_F50_P075_S43,2022-05-14,pooled,50,0.75,38,43,200.0,333.887,2.7333333333333334,5
20220514_pooled_F50_P100_S42,2022-05-14,pooled,50,1.0,50,42,200.0,469.9779999999999,2.791666666666667,7
20220514_pooled_F50_P100_S43,2022-05-14,pooled,50,1.0,50,43,200.0,413.9059405555556,2.625,7
20220514_pooled_F100_P025_S42,2022-05-14,pooled,100,0.25,25,42,350.0,272.937,4.05,3
20220514_pooled_F100_P025_S43,2022-05-14,pooled,100,0.25,25,43,350.0,203.177,3.2,3
20220514_pooled_F100_P050_S42,2022-05-14,pooled,100,0.5,50,42,350.0,469.9779999999999,2.791666666666667,7
20220514_pooled_F100_P050_S43,2022-05-14,pooled,100,0.5,50,43,350.0,413.9059405555556,2.625,7
20220514_pooled_F100_P075_S42,2022-05-14,pooled,100,0.75,75,42,350.0,787.905,2.9833333333333334,12
20220514_pooled_F100_P075_S43,2022-05-14,pooled,100,0.75,75,43,350.0,582.8459405555556,2.566666666666667,10
20220514_pooled_F100_P100_S42,2022-05-14,pooled,100,1.0,100,42,350.0,1063.6872438888888,2.6083333333333334,16
20220514_pooled_F100_P100_S43,2022-05-14,pooled,100,1.0,100,43,350.0,883.0739405555555,2.8666666666666667,16
20220514_caltech_F10_P025_S42,2022-05-14,caltech,10,0.25,2,42,50.0,1.5615574999999997,1.025,0
20220514_caltech_F10_P025_S43,2022-05-14,caltech,10,0.25,2,43,50.0,9.744,3.658333333333333,0
20220514_caltech_F10_P050_S42,2022-05-14,caltech,10,0.5,5,42,50.0,42.1835575,1.35,0
20220514_caltech_F10_P050_S43,2022-05-14,caltech,10,0.5,5,43,50.0,85.30000000000001,3.933333333333333,1
20220514_caltech_F10_P075_S42,2022-05-14,caltech,10,0.75,8,42,50.0,71.67455749999999,1.8416666666666668,1
20220514_caltech_F10_P075_S43,2022-05-14,caltech,10,0.75,8,43,50.0,90.68700000000001,3.4416666666666664,1
20220514_caltech_F10_P100_S42,2022-05-14,caltech,10,1.0,10,42,50.0,96.42955749999999,2.2,2
20220514_caltech_F10_P100_S43,2022-05-14,caltech,10,1.0,10,43,50.0,140.796,3.4416666666666664,1
20220514_caltech_F25_P025_S42,2022-05-14,caltech,25,0.25,6,42,100.0,53.46955749999999,1.5666666666666669,1
20220514_caltech_F25_P025_S43,2022-05-14,caltech,25,0.25,6,43,100.0,88.82900000000001,3.658333333333333,1
20220514_caltech_F25_P050_S42,2022-05-14,caltech,25,0.5,12,42,100.0,114.58955749999998,2.2,2
20220514_caltech_F25_P050_S43,2022-05-14,caltech,25,0.5,12,43,100.0,156.41099999999997,3.4416666666666664,1
20220514_caltech_F25_P075_S42,2022-05-14,caltech,25,0.75,19,42,100.0,177.20955750000002,1.8333333333333333,3
20220514_caltech_F25_P075_S43,2022-05-14,caltech,25,0.75,19,43,100.0,219.223,3.283333333333333,2
20220514_caltech_F25_P100_S42,2022-05-14,caltech,25,1.0,25,42,100.0,226.1045575,1.9,4
20220514_caltech_F25_P100_S43,2022-05-14,caltech,25,1.0,25,43,100.0,275.40799999999996,3.283333333333333,3
20220514_caltech_F50_P025_S42,2022-05-14,caltech,50,0.25,12,42,200.0,114.58955749999998,2.2,2
20220514_caltech_F50_P025_S43,2022-05-14,caltech,50,0.25,12,43,200.0,156.41099999999997,3.4416666666666664,1
20220514_caltech_F50_P050_S42,2022-05-14,caltech,50,0.5,25,42,200.0,226.1045575,1.9,4
20220514_caltech_F50_P050_S43,2022-05-14,caltech,50,0.5,25,43,200.0,275.40799999999996,3.283333333333333,3
20220514_caltech_F50_P075_S42,2022-05-14,caltech,50,0.75,38,42,200.0,379.9695575,2.075,5
20220514_caltech_F50_P075_S43,2022-05-14,caltech,50,0.75,38,43,200.0,400.318,2.6166666666666667,3
20220514_caltech_F50_P100_S42,2022-05-14,caltech,50,1.0,50,42,200.0,479.71055749999994,2.666666666666667,7
20220514_caltech_F50_P100_S43,2022-05-14,caltech,50,1.0,50,43,200.0,606.443,2.6166666666666667,6
20220514_caltech_F100_P025_S42,2022-05-14,caltech,100,0.25,25,42,350.0,226.1045575,1.9,4
20220514_caltech_F100_P025_S43,2022-05-14,caltech,100,0.25,25,43,350.0,275.40799999999996,3.283333333333333,3
20220514_caltech_F100_P050_S42,2022-05-14,caltech,100,0.5,50,42,350.0,479.71055749999994,2.666666666666667,7
20220514_caltech_F100_P050_S43,2022-05-14,caltech,100,0.5,50,43,350.0,606.443,2.6166666666666667,6
20220514_caltech_F100_P075_S42,2022-05-14,caltech,100,0.75,75,42,350.0,745.4809608333334,2.6166666666666667,10
20220514_caltech_F100_P075_S43,2022-05-14,caltech,100,0.75,75,43,350.0,753.7125575000001,2.1333333333333333,9
20220514_caltech_F100_P100_S42,2022-05-14,caltech,100,1.0,100,42,350.0,1083.3919608333333,2.6166666666666667,12
20220514_caltech_F100_P100_S43,2022-05-14,caltech,100,1.0,100,43,350.0,907.7145575000001,2.25,11
20220514_jpl_F10_P025_S42,2022-05-14,jpl,10,0.25,2,42,50.0,15.274000000000001,8.483333333333334,0
20220514_jpl_F10_P025_S43,2022-05-14,jpl,10,0.25,2,43,50.0,34.611999999999995,6.391666666666666,1
20220514_jpl_F10_P050_S42,2022-05-14,jpl,10,0.5,5,42,50.0,35.50499361111111,2.2333333333333334,1
20220514_jpl_F10_P050_S43,2022-05-14,jpl,10,0.5,5,43,50.0,100.87400000000001,3.8666666666666667,3
20220514_jpl_F10_P075_S42,2022-05-14,jpl,10,0.75,8,42,50.0,69.08399361111111,3.1416666666666666,2
20220514_jpl_F10_P075_S43,2022-05-14,jpl,10,0.75,8,43,50.0,147.557,3.958333333333333,4
20220514_jpl_F10_P100_S42,2022-05-14,jpl,10,1.0,10,42,50.0,110.13999361111111,4.7,2
20220514_jpl_F10_P100_S43,2022-05-14,jpl,10,1.0,10,43,50.0,190.89899999999997,4.75,5
20220514_jpl_F25_P025_S42,2022-05-14,jpl,25,0.25,6,42,100.0,41.88899361111111,4.025,1
20220514_jpl_F25_P025_S43,2022-05-14,jpl,25,0.25,6,43,100.0,134.435,4.758333333333334,4
20220514_jpl_F25_P050_S42,2022-05-14,jpl,25,0.5,12,42,100.0,129.4649936111111,4.7,2
20220514_jpl_F25_P050_S43,2022-05-14,jpl,25,0.5,12,43,100.0,198.00699999999998,4.75,5
20220514_jpl_F25_P075_S42,2022-05-14,jpl,25,0.75,19,42,100.0,254.77722805555555,4.466666666666667,4
20220514_jpl_F25_P075_S43,2022-05-14,jpl,25,0.75,19,43,100.0,300.6242355555556,5.45,5
20220514_jpl_F25_P100_S42,2022-05-14,jpl,25,1.0,25,42,100.0,350.95222805555557,5.816666666666666,6
20220514_jpl_F25_P100_S43,2022-05-14,jpl,25,1.0,25,43,100.0,336.88523555555554,4.1,5
20220514_jpl_F50_P025_S42,2022-05-14,jpl,50,0.25,12,42,200.0,129.4649936111111,4.7,2
20220514_jpl_F50_P025_S43,2022-05-14,jpl,50,0.25,12,43,200.0,198.00699999999998,4.75,5
20220514_jpl_F50_P050_S42,2022-05-14,jpl,50,0.5,25,42,200.0,350.95222805555557,5.816666666666666,6
20220514_jpl_F50_P050_S43,2022-05-14,jpl,50,0.5,25,43,200.0,336.88523555555554,4.1,5
20220514_jpl_F50_P075_S42,2022-05-14,jpl,50,0.75,38,42,200.0,556.3502280555556,4.416666666666666,9
20220514_jpl_F50_P075_S43,2022-05-14,jpl,50,0.75,38,43,200.0,464.5842355555556,4.074999999999999,7
20220514_jpl_F50_P100_S42,2022-05-14,jpl,50,1.0,50,42,200.0,686.7102280555556,4.416666666666666,10
20220514_jpl_F50_P100_S43,2022-05-14,jpl,50,1.0,50,43,200.0,576.3762355555555,3.833333333333333,9
20220514_jpl_F100_P025_S42,2022-05-14,jpl,100,0.25,25,42,350.0,350.95222805555557,5.816666666666666,6
20220514_jpl_F100_P025_S43,2022-05-14,jpl,100,0.25,25,43,350.0,336.88523555555554,4.1,5
20220514_jpl_F100_P050_S42,2022-05-14,jpl,100,0.5,50,42,350.0,686.7102280555556,4.416666666666666,10
20220514_jpl_F100_P050_S43,2022-05-14,jpl,100,0.5,50,43,350.0,576.3762355555555,3.833333333333333,9
20220514_jpl_F100_P075_S42,2022-05-14,jpl,100,0.75,75,42,350.0,1018.3154636111111,4.333333333333333,15
20220514_jpl_F100_P075_S43,2022-05-14,jpl,100,0.75,75,43,350.0,828.3302355555555,3.7666666666666666,12
20220514_jpl_F100_P100_S42,2022-05-14,jpl,100,1.0,100,42,350.0,1277.547102222222,4.2,19
20220514_jpl_F100_P100_S43,2022-05-14,jpl,100,1.0,100,43,350.0,1100.7286416666668,3.775,16
20220514_office001_F10_P025_S42,2022-05-14,office001,10,0.25,2,42,50.0,41.879999999999995,6.858333333333333,0
20220514_office001_F10_P025_S43,2022-05-14,office001,10,0.25,2,43,50.0,10.295,2.7916666666666665,1
20220514_office001_F10_P050_S42,2022-05-14,office001,10,0.5,5,42,50.0,122.718,5.283333333333333,1
20220514_office001_F10_P050_S43,2022-05-14,office001,10,0.5,5,43,50.0,45.995,4.866666666666666,1
20220514_office001_F10_P075_S42,2022-05-14,office001,10,0.75,8,42,50.0,166.071,5.633333333333333,1
20220514_office001_F10_P075_S43,2022-05-14,office001,10,0.75,8,43,50.0,93.49699999999999,4.191666666666666,3
20220514_office001_F10_P100_S42,2022-05-14,office001,10,1.0,10,42,50.0,199.97199999999998,5.633333333333333,1
20220514_office001_F10_P100_S43,2022-05-14,office001,10,1.0,10,43,50.0,123.63899999999998,3.8916666666666666,4
20220514_office001_F25_P025_S42,2022-05-14,office001,25,0.25,6,42,100.0,127.912,4.775,1
20220514_office001_F25_P025_S43,2022-05-14,office001,25,0.25,6,43,100.0,51.242,3.9499999999999997,2
20220514_office001_F25_P050_S42,2022-05-14,office001,25,0.5,12,42,100.0,241.28799999999998,5.925,1
20220514_office001_F25_P050_S43,2022-05-14,office001,25,0.5,12,43,100.0,131.992,3.8916666666666666,5
20220514_office001_F25_P075_S42,2022-05-14,office001,25,0.75,19,42,100.0,372.30199999999996,5.866666666666666,1
20220514_office001_F25_P075_S43,2022-05-14,office001,25,0.75,19,43,100.0,291.12399999999997,4.266666666666667,7
20220514_office001_F25_P100_S42,2022-05-14,office001,25,1.0,25,42,100.0,454.808,5.866666666666666,3
20220514_office001_F25_P100_S43,2022-05-14,office001,25,1.0,25,43,100.0,399.47900000000004,4.866666666666666,8
20220514_office001_F50_P025_S42,2022-05-14,office001,50,0.25,12,42,200.0,241.28799999999998,5.925,1
20220514_office001_F50_P025_S43,2022-05-14,office001,50,0.25,12,43,200.0,131.992,3.8916666666666666,5
20220514_office001_F50_P050_S42,2022-05-14,office001,50,0.5,25,42,200.0,454.808,5.866666666666666,3
20220514_office001_F50_P050_S43,2022-05-14,office001,50,0.5,25,43,200.0,399.47900000000004,4.866666666666666,8
20220514_office001_F50_P075_S42,2022-05-14,office001,50,0.75,38,42,200.0,628.839,5.324999999999999,7
20220514_office001_F50_P075_S43,2022-05-14,office001,50,0.75,38,43,200.0,688.923,5.008333333333333,10
20220514_office001_F50_P100_S42,2022-05-14,office001,50,1.0,50,42,200.0,779.4800916666666,5.175,10
20220514_office001_F50_P100_S43,2022-05-14,office001,50,1.0,50,43,200.0,838.354,4.883333333333333,12
20220514_office001_F100_P025_S42,2022-05-14,office001,100,0.25,25,42,350.0,454.808,5.866666666666666,3
20220514_office001_F100_P025_S43,2022-05-14,office001,100,0.25,25,43,350.0,399.47900000000004,4.866666666666666,8
20220514_office001_F100_P050_S42,2022-05-14,office001,100,0.5,50,42,350.0,779.4800916666666,5.175,10
20220514_office001_F100_P050_S43,2022-05-14,office001,100,0.5,50,43,350.0,838.354,4.883333333333333,12
20220514_office001_F100_P075_S42,2022-05-14,office001,100,0.75,75,42,350.0,1181.7070916666664,5.5,14
20220514_office001_F100_P075_S43,2022-05-14,office001,100,0.75,75,43,350.0,1142.146626111111,4.866666666666666,15
20220514_office001_F100_P100_S42,2022-05-14,office001,100,1.0,100,42,350.0,1632.2606369444443,5.808333333333334,20
20220514_office001_F100_P100_S43,2022-05-14,office001,100,1.0,100,43,350.0,1488.7054961111112,4.8583333333333325,19
20230407_pooled_F10_P025_S42,2023-04-07,pooled,10,0.25,2,42,50.0,14.725000000000001,2.966666666666667,0
20230407_pooled_F10_P025_S43,2023-04-07,pooled,10,0.25,2,43,50.0,16.762999999999998,7.741666666666667,0
20230407_pooled_F10_P050_S42,2023-04-07,pooled,10,0.5,5,42,50.0,64.482,3.6333333333333333,2
20230407_pooled_F10_P050_S43,2023-04-07,pooled,10,0.5,5,43,50.0,39.416999999999994,7.533333333333333,2
20230407_pooled_F10_P075_S42,2023-04-07,pooled,10,0.75,8,42,50.0,96.707,6.016666666666667,2
20230407_pooled_F10_P075_S43,2023-04-07,pooled,10,0.75,8,43,50.0,55.873999999999995,7.258333333333333,2
20230407_pooled_F10_P100_S42,2023-04-07,pooled,10,1.0,10,42,50.0,106.681,7.133333333333333,2
20230407_pooled_F10_P100_S43,2023-04-07,pooled,10,1.0,10,43,50.0,57.448,7.258333333333333,2
20230407_pooled_F25_P025_S42,2023-04-07,pooled,25,0.25,6,42,100.0,82.078,4.2,2
20230407_pooled_F25_P025_S43,2023-04-07,pooled,25,0.25,6,43,100.0,49.42399999999999,7.199999999999999,2
20230407_pooled_F25_P050_S42,2023-04-07,pooled,25,0.5,12,42,100.0,123.061,7.616666666666667,2
20230407_pooled_F25_P050_S43,2023-04-07,pooled,25,0.5,12,43,100.0,90.458,7.741666666666667,2
20230407_pooled_F25_P075_S42,2023-04-07,pooled,25,0.75,19,42,100.0,193.329,7.0,2
20230407_pooled_F25_P075_S43,2023-04-07,pooled,25,0.75,19,43,100.0,192.90199999999996,7.95,2
20230407_pooled_F25_P100_S42,2023-04-07,pooled,25,1.0,25,42,100.0,223.24900000000002,6.433333333333334,2
20230407_pooled_F25_P100_S43,2023-04-07,pooled,25,1.0,25,43,100.0,221.69899999999998,7.95,2
20230407_pooled_F50_P025_S42,2023-04-07,pooled,50,0.25,12,42,200.0,123.061,7.616666666666667,2
20230407_pooled_F50_P025_S43,2023-04-07,pooled,50,0.25,12,43,200.0,90.458,7.741666666666667,2
20230407_pooled_F50_P050_S42,2023-04-07,pooled,50,0.5,25,42,200.0,223.24900000000002,6.433333333333334,2
20230407_pooled_F50_P050_S43,2023-04-07,pooled,50,0.5,25,43,200.0,221.69899999999998,7.95,2
20230407_pooled_F50_P075_S42,2023-04-07,pooled,50,0.75,38,42,200.0,391.22999999999996,5.6,4
20230407_pooled_F50_P075_S43,2023-04-07,pooled,50,0.75,38,43,200.0,379.10200000000003,7.566666666666666,3
20230407_pooled_F50_P100_S42,2023-04-07,pooled,50,1.0,50,42,200.0,605.239,6.683333333333334,5
20230407_pooled_F50_P100_S43,2023-04-07,pooled,50,1.0,50,43,200.0,547.559,7.800000000000001,4
20230407_pooled_F100_P025_S42,2023-04-07,pooled,100,0.25,25,42,350.0,223.24900000000002,6.433333333333334,2
20230407_pooled_F100_P025_S43,2023-04-07,pooled,100,0.25,25,43,350.0,221.69899999999998,7.95,2
20230407_pooled_F100_P050_S42,2023-04-07,pooled,100,0.5,50,42,350.0,605.239,6.683333333333334,5
20230407_pooled_F100_P050_S43,2023-04-07,pooled,100,0.5,50,43,350.0,547.559,7.800000000000001,4
20230407_pooled_F100_P075_S42,2023-04-07,pooled,100,0.75,75,42,350.0,908.832,6.483333333333333,5
20230407_pooled_F100_P075_S43,2023-04-07,pooled,100,0.75,75,43,350.0,879.808,7.35,5
20230407_pooled_F100_P100_S42,2023-04-07,pooled,100,1.0,100,42,350.0,1217.0790000000002,6.683333333333334,7
20230407_pooled_F100_P100_S43,2023-04-07,pooled,100,1.0,100,43,350.0,1175.0570000000002,6.983333333333333,8
20230407_caltech_F10_P025_S42,2023-04-07,caltech,10,0.25,2,42,50.0,23.299999999999997,8.533333333333333,0
20230407_caltech_F10_P025_S43,2023-04-07,caltech,10,0.25,2,43,50.0,6.024,5.275,0
20230407_caltech_F10_P050_S42,2023-04-07,caltech,10,0.5,5,42,50.0,51.245,8.133333333333333,0
20230407_caltech_F10_P050_S43,2023-04-07,caltech,10,0.5,5,43,50.0,35.04,8.05,0
20230407_caltech_F10_P075_S42,2023-04-07,caltech,10,0.75,8,42,50.0,76.529,7.1083333333333325,0
20230407_caltech_F10_P075_S43,2023-04-07,caltech,10,0.75,8,43,50.0,93.517,7.066666666666666,0
20230407_caltech_F10_P100_S42,2023-04-07,caltech,10,1.0,10,42,50.0,107.81,7.1083333333333325,0
20230407_caltech_F10_P100_S43,2023-04-07,caltech,10,1.0,10,43,50.0,96.415,7.066666666666666,0
20230407_caltech_F25_P025_S42,2023-04-07,caltech,25,0.25,6,42,100.0,53.623999999999995,8.274999999999999,0
20230407_caltech_F25_P025_S43,2023-04-07,caltech,25,0.25,6,43,100.0,46.234,7.066666666666666,0
20230407_caltech_F25_P050_S42,2023-04-07,caltech,25,0.5,12,42,100.0,124.732,5.949999999999999,1
20230407_caltech_F25_P050_S43,2023-04-07,caltech,25,0.5,12,43,100.0,124.12400000000001,7.983333333333334,0
20230407_caltech_F25_P075_S42,2023-04-07,caltech,25,0.75,19,42,100.0,200.541,6.333333333333333,2
20230407_caltech_F25_P075_S43,2023-04-07,caltech,25,0.75,19,43,100.0,179.01078255674867,8.05,0
20230407_caltech_F25_P100_S42,2023-04-07,caltech,25,1.0,25,42,100.0,238.98,6.333333333333333,3
20230407_caltech_F25_P100_S43,2023-04-07,caltech,25,1.0,25,43,100.0,228.94778255674865,7.916666666666667,0
20230407_caltech_F50_P025_S42,2023-04-07,caltech,50,0.25,12,42,200.0,124.732,5.949999999999999,1
20230407_caltech_F50_P025_S43,2023-04-07,caltech,50,0.25,12,43,200.0,124.12400000000001,7.983333333333334,0
20230407_caltech_F50_P050_S42,2023-04-07,caltech,50,0.5,25,42,200.0,238.98,6.333333333333333,3
20230407_caltech_F50_P050_S43,2023-04-07,caltech,50,0.5,25,43,200.0,228.94778255674865,7.916666666666667,0
20230407_caltech_F50_P075_S42,2023-04-07,caltech,50,0.75,38,42,200.0,363.9,7.033333333333333,3
20230407_caltech_F50_P075_S43,2023-04-07,caltech,50,0.75,38,43,200.0,424.0737825567487,7.324999999999999,0
20230407_caltech_F50_P100_S42,2023-04-07,caltech,50,1.0,50,42,200.0,435.92199999999997,6.266666666666667,4
20230407_caltech_F50_P100_S43,2023-04-07,caltech,50,1.0,50,43,200.0,499.1347825567487,6.641666666666667,1
20230407_caltech_F100_P025_S42,2023-04-07,caltech,100,0.25,25,42,350.0,238.98,6.333333333333333,3
20230407_caltech_F100_P025_S43,2023-04-07,caltech,100,0.25,25,43,350.0,228.94778255674865,7.916666666666667,0
20230407_caltech_F100_P050_S42,2023-04-07,caltech,100,0.5,50,42,350.0,435.92199999999997,6.266666666666667,4
20230407_caltech_F100_P050_S43,2023-04-07,caltech,100,0.5,50,43,350.0,499.1347825567487,6.641666666666667,1
20230407_caltech_F100_P075_S42,2023-04-07,caltech,100,0.75,75,42,350.0,661.5009999999999,6.616666666666666,6
20230407_caltech_F100_P075_S43,2023-04-07,caltech,100,0.75,75,43,350.0,791.5937825567487,7.083333333333333,3
20230407_caltech_F100_P100_S42,2023-04-07,caltech,100,1.0,100,42,350.0,890.058508611111,6.483333333333333,6
20230407_caltech_F100_P100_S43,2023-04-07,caltech,100,1.0,100,43,350.0,1050.7267825567487,6.875,4
20230407_jpl_F10_P025_S42,2023-04-07,jpl,10,0.25,2,42,50.0,18.355,5.541666666666667,0
20230407_jpl_F10_P025_S43,2023-04-07,jpl,10,0.25,2,43,50.0,33.179,6.783333333333333,0
20230407_jpl_F10_P050_S42,2023-04-07,jpl,10,0.5,5,42,50.0,60.047000000000004,8.766666666666667,0
20230407_jpl_F10_P050_S43,2023-04-07,jpl,10,0.5,5,43,50.0,55.164,9.333333333333334,0
20230407_jpl_F10_P075_S42,2023-04-07,jpl,10,0.75,8,42,50.0,99.32300000000001,9.058333333333334,0
20230407_jpl_F10_P075_S43,2023-04-07,jpl,10,0.75,8,43,50.0,86.308,8.616666666666667,1
20230407_jpl_F10_P100_S42,2023-04-07,jpl,10,1.0,10,42,50.0,122.596,9.058333333333334,0
20230407_jpl_F10_P100_S43,2023-04-07,jpl,10,1.0,10,43,50.0,113.73600000000002,9.225000000000001,1
20230407_jpl_F25_P025_S42,2023-04-07,jpl,25,0.25,6,42,100.0,67.73,9.058333333333334,0
20230407_jpl_F25_P025_S43,2023-04-07,jpl,25,0.25,6,43,100.0,63.480000000000004,9.225000000000001,1
20230407_jpl_F25_P050_S42,2023-04-07,jpl,25,0.5,12,42,100.0,144.38504555555556,9.058333333333334,0
20230407_jpl_F25_P050_S43,2023-04-07,jpl,25,0.5,12,43,100.0,133.00300000000001,9.225000000000001,1
20230407_jpl_F25_P075_S42,2023-04-07,jpl,25,0.75,19,42,100.0,259.2790455555555,9.366666666666667,0
20230407_jpl_F25_P075_S43,2023-04-07,jpl,25,0.75,19,43,100.0,274.738,9.116666666666667,2
20230407_jpl_F25_P100_S42,2023-04-07,jpl,25,1.0,25,42,100.0,350.0190455555556,9.366666666666667,0
20230407_jpl_F25_P100_S43,2023-04-07,jpl,25,1.0,25,43,100.0,355.855,8.983333333333333,2
20230407_jpl_F50_P025_S42,2023-04-07,jpl,50,0.25,12,42,200.0,144.38504555555556,9.058333333333334,0
20230407_jpl_F50_P025_S43,2023-04-07,jpl,50,0.25,12,43,200.0,133.00300000000001,9.225000000000001,1
20230407_jpl_F50_P050_S42,2023-04-07,jpl,50,0.5,25,42,200.0,350.0190455555556,9.366666666666667,0
20230407_jpl_F50_P050_S43,2023-04-07,jpl,50,0.5,25,43,200.0,355.855,8.983333333333333,2
20230407_jpl_F50_P075_S42,2023-04-07,jpl,50,0.75,38,42,200.0,564.1400455555556,9.525,0
20230407_jpl_F50_P075_S43,2023-04-07,jpl,50,0.75,38,43,200.0,525.6259999999999,8.991666666666667,3
20230407_jpl_F50_P100_S42,2023-04-07,jpl,50,1.0,50,42,200.0,738.7520455555556,9.358333333333334,1
20230407_jpl_F50_P100_S43,2023-04-07,jpl,50,1.0,50,43,200.0,676.9077738888889,8.991666666666667,3
20230407_jpl_F100_P025_S42,2023-04-07,jpl,100,0.25,25,42,350.0,350.0190455555556,9.366666666666667,0
20230407_jpl_F100_P025_S43,2023-04-07,jpl,100,0.25,25,43,350.0,355.855,8.983333333333333,2
20230407_jpl_F100_P050_S42,2023-04-07,jpl,100,0.5,50,42,350.0,738.7520455555556,9.358333333333334,1
20230407_jpl_F100_P050_S43,2023-04-07,jpl,100,0.5,50,43,350.0,676.9077738888889,8.991666666666667,3
20230407_jpl_F100_P075_S42,2023-04-07,jpl,100,0.75,75,42,350.0,1167.5850455555556,9.3,4
20230407_jpl_F100_P075_S43,2023-04-07,jpl,100,0.75,75,43,350.0,1040.2507738888887,9.0,4
20230407_jpl_F100_P100_S42,2023-04-07,jpl,100,1.0,100,42,350.0,1447.5210455555552,8.8,6
20230407_jpl_F100_P100_S43,2023-04-07,jpl,100,1.0,100,43,350.0,1381.896773888889,8.991666666666667,5
20230407_office001_F10_P025_S42,2023-04-07,office001,10,0.25,2,42,50.0,41.879999999999995,6.858333333333333,0
20230407_office001_F10_P025_S43,2023-04-07,office001,10,0.25,2,43,50.0,10.295,2.7916666666666665,1
20230407_office001_F10_P050_S42,2023-04-07,office001,10,0.5,5,42,50.0,122.718,5.283333333333333,1
20230407_office001_F10_P050_S43,2023-04-07,office001,10,0.5,5,43,50.0,45.995,4.866666666666666,1
20230407_office001_F10_P075_S42,2023-04-07,office001,10,0.75,8,42,50.0,166.071,5.633333333333333,1
20230407_office001_F10_P075_S43,2023-04-07,office001,10,0.75,8,43,50.0,93.49699999999999,4.191666666666666,3
20230407_office001_F10_P100_S42,2023-04-07,office001,10,1.0,10,42,50.0,199.97199999999998,5.633333333333333,1
20230407_office001_F10_P100_S43,2023-04-07,office001,10,1.0,10,43,50.0,123.63899999999998,3.8916666666666666,4
20230407_office001_F25_P025_S42,2023-04-07,office001,25,0.25,6,42,100.0,127.912,4.775,1
20230407_office001_F25_P025_S43,2023-04-07,office001,25,0.25,6,43,100.0,51.242,3.9499999999999997,2
20230407_office001_F25_P050_S42,2023-04-07,office001,25,0.5,12,42,100.0,241.28799999999998,5.925,1
20230407_office001_F25_P050_S43,2023-04-07,office001,25,0.5,12,43,100.0,131.992,3.8916666666666666,5
20230407_office001_F25_P075_S42,2023-04-07,office001,25,0.75,19,42,100.0,372.30199999999996,5.866666666666666,1
20230407_office001_F25_P075_S43,2023-04-07,office001,25,0.75,19,43,100.0,291.12399999999997,4.266666666666667,7
20230407_office001_F25_P100_S42,2023-04-07,office001,25,1.0,25,42,100.0,454.808,5.866666666666666,3
20230407_office001_F25_P100_S43,2023-04-07,office001,25,1.0,25,43,100.0,399.47900000000004,4.866666666666666,8
20230407_office001_F50_P025_S42,2023-04-07,office001,50,0.25,12,42,200.0,241.28799999999998,5.925,1
20230407_office001_F50_P025_S43,2023-04-07,office001,50,0.25,12,43,200.0,131.992,3.8916666666666666,5
20230407_office001_F50_P050_S42,2023-04-07,office001,50,0.5,25,42,200.0,454.808,5.866666666666666,3
20230407_office001_F50_P050_S43,2023-04-07,office001,50,0.5,25,43,200.0,399.47900000000004,4.866666666666666,8
20230407_office001_F50_P075_S42,2023-04-07,office001,50,0.75,38,42,200.0,628.839,5.324999999999999,7
20230407_office001_F50_P075_S43,2023-04-07,office001,50,0.75,38,43,200.0,688.923,5.008333333333333,10
20230407_office001_F50_P100_S42,2023-04-07,office001,50,1.0,50,42,200.0,779.4800916666666,5.175,10
20230407_office001_F50_P100_S43,2023-04-07,office001,50,1.0,50,43,200.0,838.354,4.883333333333333,12
20230407_office001_F100_P025_S42,2023-04-07,office001,100,0.25,25,42,350.0,454.808,5.866666666666666,3
20230407_office001_F100_P025_S43,2023-04-07,office001,100,0.25,25,43,350.0,399.47900000000004,4.866666666666666,8
20230407_office001_F100_P050_S42,2023-04-07,office001,100,0.5,50,42,350.0,779.4800916666666,5.175,10
20230407_office001_F100_P050_S43,2023-04-07,office001,100,0.5,50,43,350.0,838.354,4.883333333333333,12
20230407_office001_F100_P075_S42,2023-04-07,office001,100,0.75,75,42,350.0,1181.7070916666664,5.5,14
20230407_office001_F100_P075_S43,2023-04-07,office001,100,0.75,75,43,350.0,1142.146626111111,4.866666666666666,15
20230407_office001_F100_P100_S42,2023-04-07,office001,100,1.0,100,42,350.0,1632.2606369444443,5.808333333333334,20
20230407_office001_F100_P100_S43,2023-04-07,office001,100,1.0,100,43,350.0,1488.7054961111112,4.8583333333333325,19
20230422_pooled_F10_P025_S42,2023-04-22,pooled,10,0.25,2,42,50.0,25.923,3.025,1
20230422_pooled_F10_P025_S43,2023-04-22,pooled,10,0.25,2,43,50.0,8.727,4.4,0
20230422_pooled_F10_P050_S42,2023-04-22,pooled,10,0.5,5,42,50.0,62.34,3.2666666666666666,1
20230422_pooled_F10_P050_S43,2023-04-22,pooled,10,0.5,5,43,50.0,59.978,3.933333333333333,0
20230422_pooled_F10_P075_S42,2023-04-22,pooled,10,0.75,8,42,50.0,94.655,3.658333333333333,3
20230422_pooled_F10_P075_S43,2023-04-22,pooled,10,0.75,8,43,50.0,84.468,3.808333333333333,1
20230422_pooled_F10_P100_S42,2023-04-22,pooled,10,1.0,10,42,50.0,106.37,3.658333333333333,3
20230422_pooled_F10_P100_S43,2023-04-22,pooled,10,1.0,10,43,50.0,100.813,4.175,1
20230422_pooled_F25_P025_S42,2023-04-22,pooled,25,0.25,6,42,100.0,86.991,3.658333333333333,2
20230422_pooled_F25_P025_S43,2023-04-22,pooled,25,0.25,6,43,100.0,64.371,3.808333333333333,0
20230422_pooled_F25_P050_S42,2023-04-22,pooled,25,0.5,12,42,100.0,127.40100000000001,3.658333333333333,3
20230422_pooled_F25_P050_S43,2023-04-22,pooled,25,0.5,12,43,100.0,109.49900000000001,3.808333333333333,1
20230422_pooled_F25_P075_S42,2023-04-22,pooled,25,0.75,19,42,100.0,201.05,3.2666666666666666,3
20230422_pooled_F25_P075_S43,2023-04-22,pooled,25,0.75,19,43,100.0,170.03099999999998,3.933333333333333,1
20230422_pooled_F25_P100_S42,2023-04-22,pooled,25,1.0,25,42,100.0,272.937,4.05,3
20230422_pooled_F25_P100_S43,2023-04-22,pooled,25,1.0,25,43,100.0,203.177,3.2,3
20230422_pooled_F50_P025_S42,2023-04-22,pooled,50,0.25,12,42,200.0,127.40100000000001,3.658333333333333,3
20230422_pooled_F50_P025_S43,2023-04-22,pooled,50,0.25,12,43,200.0,109.49900000000001,3.808333333333333,1
20230422_pooled_F50_P050_S42,2023-04-22,pooled,50,0.5,25,42,200.0,272.937,4.05,3
20230422_pooled_F50_P050_S43,2023-04-22,pooled,50,0.5,25,43,200.0,203.177,3.2,3
20230422_pooled_F50_P075_S42,2023-04-22,pooled,50,0.75,38,42,200.0,414.26599999999996,3.3166666666666664,7
20230422_pooled_F50_P075_S43,2023-04-22,pooled,50,0.75,38,43,200.0,333.887,2.7333333333333334,5
20230422_pooled_F50_P100_S42,2023-04-22,pooled,50,1.0,50,42,200.0,469.9779999999999,2.791666666666667,7
20230422_pooled_F50_P100_S43,2023-04-22,pooled,50,1.0,50,43,200.0,413.9059405555556,2.625,7
20230422_pooled_F100_P025_S42,2023-04-22,pooled,100,0.25,25,42,350.0,272.937,4.05,3
20230422_pooled_F100_P025_S43,2023-04-22,pooled,100,0.25,25,43,350.0,203.177,3.2,3
20230422_pooled_F100_P050_S42,2023-04-22,pooled,100,0.5,50,42,350.0,469.9779999999999,2.791666666666667,7
20230422_pooled_F100_P050_S43,2023-04-22,pooled,100,0.5,50,43,350.0,413.9059405555556,2.625,7
20230422_pooled_F100_P075_S42,2023-04-22,pooled,100,0.75,75,42,350.0,787.905,2.9833333333333334,12
20230422_pooled_F100_P075_S43,2023-04-22,pooled,100,0.75,75,43,350.0,582.8459405555556,2.566666666666667,10
20230422_pooled_F100_P100_S42,2023-04-22,pooled,100,1.0,100,42,350.0,1063.6872438888888,2.6083333333333334,16
20230422_pooled_F100_P100_S43,2023-04-22,pooled,100,1.0,100,43,350.0,883.0739405555555,2.8666666666666667,16
20230422_caltech_F10_P025_S42,2023-04-22,caltech,10,0.25,2,42,50.0,1.5615574999999997,1.025,0
20230422_caltech_F10_P025_S43,2023-04-22,caltech,10,0.25,2,43,50.0,9.744,3.658333333333333,0
20230422_caltech_F10_P050_S42,2023-04-22,caltech,10,0.5,5,42,50.0,42.1835575,1.35,0
20230422_caltech_F10_P050_S43,2023-04-22,caltech,10,0.5,5,43,50.0,85.30000000000001,3.933333333333333,1
20230422_caltech_F10_P075_S42,2023-04-22,caltech,10,0.75,8,42,50.0,71.67455749999999,1.8416666666666668,1
20230422_caltech_F10_P075_S43,2023-04-22,caltech,10,0.75,8,43,50.0,90.68700000000001,3.4416666666666664,1
20230422_caltech_F10_P100_S42,2023-04-22,caltech,10,1.0,10,42,50.0,96.42955749999999,2.2,2
20230422_caltech_F10_P100_S43,2023-04-22,caltech,10,1.0,10,43,50.0,140.796,3.4416666666666664,1
20230422_caltech_F25_P025_S42,2023-04-22,caltech,25,0.25,6,42,100.0,53.46955749999999,1.5666666666666669,1
20230422_caltech_F25_P025_S43,2023-04-22,caltech,25,0.25,6,43,100.0,88.82900000000001,3.658333333333333,1
20230422_caltech_F25_P050_S42,2023-04-22,caltech,25,0.5,12,42,100.0,114.58955749999998,2.2,2
20230422_caltech_F25_P050_S43,2023-04-22,caltech,25,0.5,12,43,100.0,156.41099999999997,3.4416666666666664,1
20230422_caltech_F25_P075_S42,2023-04-22,caltech,25,0.75,19,42,100.0,177.20955750000002,1.8333333333333333,3
20230422_caltech_F25_P075_S43,2023-04-22,caltech,25,0.75,19,43,100.0,219.223,3.283333333333333,2
20230422_caltech_F25_P100_S42,2023-04-22,caltech,25,1.0,25,42,100.0,226.1045575,1.9,4
20230422_caltech_F25_P100_S43,2023-04-22,caltech,25,1.0,25,43,100.0,275.40799999999996,3.283333333333333,3
20230422_caltech_F50_P025_S42,2023-04-22,caltech,50,0.25,12,42,200.0,114.58955749999998,2.2,2
20230422_caltech_F50_P025_S43,2023-04-22,caltech,50,0.25,12,43,200.0,156.41099999999997,3.4416666666666664,1
20230422_caltech_F50_P050_S42,2023-04-22,caltech,50,0.5,25,42,200.0,226.1045575,1.9,4
20230422_caltech_F50_P050_S43,2023-04-22,caltech,50,0.5,25,43,200.0,275.40799999999996,3.283333333333333,3
20230422_caltech_F50_P075_S42,2023-04-22,caltech,50,0.75,38,42,200.0,379.9695575,2.075,5
20230422_caltech_F50_P075_S43,2023-04-22,caltech,50,0.75,38,43,200.0,400.318,2.6166666666666667,3
20230422_caltech_F50_P100_S42,2023-04-22,caltech,50,1.0,50,42,200.0,479.71055749999994,2.666666666666667,7
20230422_caltech_F50_P100_S43,2023-04-22,caltech,50,1.0,50,43,200.0,606.443,2.6166666666666667,6
20230422_caltech_F100_P025_S42,2023-04-22,caltech,100,0.25,25,42,350.0,226.1045575,1.9,4
20230422_caltech_F100_P025_S43,2023-04-22,caltech,100,0.25,25,43,350.0,275.40799999999996,3.283333333333333,3
20230422_caltech_F100_P050_S42,2023-04-22,caltech,100,0.5,50,42,350.0,479.71055749999994,2.666666666666667,7
20230422_caltech_F100_P050_S43,2023-04-22,caltech,100,0.5,50,43,350.0,606.443,2.6166666666666667,6
20230422_caltech_F100_P075_S42,2023-04-22,caltech,100,0.75,75,42,350.0,745.4809608333334,2.6166666666666667,10
20230422_caltech_F100_P075_S43,2023-04-22,caltech,100,0.75,75,43,350.0,753.7125575000001,2.1333333333333333,9
20230422_caltech_F100_P100_S42,2023-04-22,caltech,100,1.0,100,42,350.0,1083.3919608333333,2.6166666666666667,12
20230422_caltech_F100_P100_S43,2023-04-22,caltech,100,1.0,100,43,350.0,907.7145575000001,2.25,11
20230422_jpl_F10_P025_S42,2023-04-22,jpl,10,0.25,2,42,50.0,15.274000000000001,8.483333333333334,0
20230422_jpl_F10_P025_S43,2023-04-22,jpl,10,0.25,2,43,50.0,34.611999999999995,6.391666666666666,1
20230422_jpl_F10_P050_S42,2023-04-22,jpl,10,0.5,5,42,50.0,35.50499361111111,2.2333333333333334,1
20230422_jpl_F10_P050_S43,2023-04-22,jpl,10,0.5,5,43,50.0,100.87400000000001,3.8666666666666667,3
20230422_jpl_F10_P075_S42,2023-04-22,jpl,10,0.75,8,42,50.0,69.08399361111111,3.1416666666666666,2
20230422_jpl_F10_P075_S43,2023-04-22,jpl,10,0.75,8,43,50.0,147.557,3.958333333333333,4
20230422_jpl_F10_P100_S42,2023-04-22,jpl,10,1.0,10,42,50.0,110.13999361111111,4.7,2
20230422_jpl_F10_P100_S43,2023-04-22,jpl,10,1.0,10,43,50.0,190.89899999999997,4.75,5
20230422_jpl_F25_P025_S42,2023-04-22,jpl,25,0.25,6,42,100.0,41.88899361111111,4.025,1
20230422_jpl_F25_P025_S43,2023-04-22,jpl,25,0.25,6,43,100.0,134.435,4.758333333333334,4
20230422_jpl_F25_P050_S42,2023-04-22,jpl,25,0.5,12,42,100.0,129.4649936111111,4.7,2
20230422_jpl_F25_P050_S43,2023-04-22,jpl,25,0.5,12,43,100.0,198.00699999999998,4.75,5
20230422_jpl_F25_P075_S42,2023-04-22,jpl,25,0.75,19,42,100.0,254.77722805555555,4.466666666666667,4
20230422_jpl_F25_P075_S43,2023-04-22,jpl,25,0.75,19,43,100.0,300.6242355555556,5.45,5
20230422_jpl_F25_P100_S42,2023-04-22,jpl,25,1.0,25,42,100.0,350.95222805555557,5.816666666666666,6
20230422_jpl_F25_P100_S43,2023-04-22,jpl,25,1.0,25,43,100.0,336.88523555555554,4.1,5
20230422_jpl_F50_P025_S42,2023-04-22,jpl,50,0.25,12,42,200.0,129.4649936111111,4.7,2
20230422_jpl_F50_P025_S43,2023-04-22,jpl,50,0.25,12,43,200.0,198.00699999999998,4.75,5
20230422_jpl_F50_P050_S42,2023-04-22,jpl,50,0.5,25,42,200.0,350.95222805555557,5.816666666666666,6
20230422_jpl_F50_P050_S43,2023-04-22,jpl,50,0.5,25,43,200.0,336.88523555555554,4.1,5
20230422_jpl_F50_P075_S42,2023-04-22,jpl,50,0.75,38,42,200.0,556.3502280555556,4.416666666666666,9
20230422_jpl_F50_P075_S43,2023-04-22,jpl,50,0.75,38,43,200.0,464.5842355555556,4.074999999999999,7
20230422_jpl_F50_P100_S42,2023-04-22,jpl,50,1.0,50,42,200.0,686.7102280555556,4.416666666666666,10
20230422_jpl_F50_P100_S43,2023-04-22,jpl,50,1.0,50,43,200.0,576.3762355555555,3.833333333333333,9
20230422_jpl_F100_P025_S42,2023-04-22,jpl,100,0.25,25,42,350.0,350.95222805555557,5.816666666666666,6
20230422_jpl_F100_P025_S43,2023-04-22,jpl,100,0.25,25,43,350.0,336.88523555555554,4.1,5
20230422_jpl_F100_P050_S42,2023-04-22,jpl,100,0.5,50,42,350.0,686.7102280555556,4.416666666666666,10
20230422_jpl_F100_P050_S43,2023-04-22,jpl,100,0.5,50,43,350.0,576.3762355555555,3.833333333333333,9
20230422_jpl_F100_P075_S42,2023-04-22,jpl,100,0.75,75,42,350.0,1018.3154636111111,4.333333333333333,15
20230422_jpl_F100_P075_S43,2023-04-22,jpl,100,0.75,75,43,350.0,828.3302355555555,3.7666666666666666,12
20230422_jpl_F100_P100_S42,2023-04-22,jpl,100,1.0,100,42,350.0,1277.547102222222,4.2,19
20230422_jpl_F100_P100_S43,2023-04-22,jpl,100,1.0,100,43,350.0,1100.7286416666668,3.775,16
20230422_office001_F10_P025_S42,2023-04-22,office001,10,0.25,2,42,50.0,41.879999999999995,6.858333333333333,0
20230422_office001_F10_P025_S43,2023-04-22,office001,10,0.25,2,43,50.0,10.295,2.7916666666666665,1
20230422_office001_F10_P050_S42,2023-04-22,office001,10,0.5,5,42,50.0,122.718,5.283333333333333,1
20230422_office001_F10_P050_S43,2023-04-22,office001,10,0.5,5,43,50.0,45.995,4.866666666666666,1
20230422_office001_F10_P075_S42,2023-04-22,office001,10,0.75,8,42,50.0,166.071,5.633333333333333,1
20230422_office001_F10_P075_S43,2023-04-22,office001,10,0.75,8,43,50.0,93.49699999999999,4.191666666666666,3
20230422_office001_F10_P100_S42,2023-04-22,office001,10,1.0,10,42,50.0,199.97199999999998,5.633333333333333,1
20230422_office001_F10_P100_S43,2023-04-22,office001,10,1.0,10,43,50.0,123.63899999999998,3.8916666666666666,4
20230422_office001_F25_P025_S42,2023-04-22,office001,25,0.25,6,42,100.0,127.912,4.775,1
20230422_office001_F25_P025_S43,2023-04-22,office001,25,0.25,6,43,100.0,51.242,3.9499999999999997,2
20230422_office001_F25_P050_S42,2023-04-22,office001,25,0.5,12,42,100.0,241.28799999999998,5.925,1
20230422_office001_F25_P050_S43,2023-04-22,office001,25,0.5,12,43,100.0,131.992,3.8916666666666666,5
20230422_office001_F25_P075_S42,2023-04-22,office001,25,0.75,19,42,100.0,372.30199999999996,5.866666666666666,1
20230422_office001_F25_P075_S43,2023-04-22,office001,25,0.75,19,43,100.0,291.12399999999997,4.266666666666667,7
20230422_office001_F25_P100_S42,2023-04-22,office001,25,1.0,25,42,100.0,454.808,5.866666666666666,3
20230422_office001_F25_P100_S43,2023-04-22,office001,25,1.0,25,43,100.0,399.47900000000004,4.866666666666666,8
20230422_office001_F50_P025_S42,2023-04-22,office001,50,0.25,12,42,200.0,241.28799999999998,5.925,1
20230422_office001_F50_P025_S43,2023-04-22,office001,50,0.25,12,43,200.0,131.992,3.8916666666666666,5
20230422_office001_F50_P050_S42,2023-04-22,office001,50,0.5,25,42,200.0,454.808,5.866666666666666,3
20230422_office001_F50_P050_S43,2023-04-22,office001,50,0.5,25,43,200.0,399.47900000000004,4.866666666666666,8
20230422_office001_F50_P075_S42,2023-04-22,office001,50,0.75,38,42,200.0,628.839,5.324999999999999,7
20230422_office001_F50_P075_S43,2023-04-22,office001,50,0.75,38,43,200.0,688.923,5.008333333333333,10
20230422_office001_F50_P100_S42,2023-04-22,office001,50,1.0,50,42,200.0,779.4800916666666,5.175,10
20230422_office001_F50_P100_S43,2023-04-22,office001,50,1.0,50,43,200.0,838.354,4.883333333333333,12
20230422_office001_F100_P025_S42,2023-04-22,office001,100,0.25,25,42,350.0,454.808,5.866666666666666,3
20230422_office001_F100_P025_S43,2023-04-22,office001,100,0.25,25,43,350.0,399.47900000000004,4.866666666666666,8
20230422_office001_F100_P050_S42,2023-04-22,office001,100,0.5,50,42,350.0,779.4800916666666,5.175,10
20230422_office001_F100_P050_S43,2023-04-22,office001,100,0.5,50,43,350.0,838.354,4.883333333333333,12
20230422_office001_F100_P075_S42,2023-04-22,office001,100,0.75,75,42,350.0,1181.7070916666664,5.5,14
20230422_office001_F100_P075_S43,2023-04-22,office001,100,0.75,75,43,350.0,1142.146626111111,4.866666666666666,15
20230422_office001_F100_P100_S42,2023-04-22,office001,100,1.0,100,42,350.0,1632.2606369444443,5.808333333333334,20
20230422_office001_F100_P100_S43,2023-04-22,office001,100,1.0,100,43,350.0,1488.7054961111112,4.8583333333333325,19
20230903_pooled_F10_P025_S42,2023-09-03,pooled,10,0.25,2,42,50.0,25.923,3.025,1
20230903_pooled_F10_P025_S43,2023-09-03,pooled,10,0.25,2,43,50.0,8.727,4.4,0
20230903_pooled_F10_P050_S42,2023-09-03,pooled,10,0.5,5,42,50.0,62.34,3.2666666666666666,1
20230903_pooled_F10_P050_S43,2023-09-03,pooled,10,0.5,5,43,50.0,59.978,3.933333333333333,0
20230903_pooled_F10_P075_S42,2023-09-03,pooled,10,0.75,8,42,50.0,94.655,3.658333333333333,3
20230903_pooled_F10_P075_S43,2023-09-03,pooled,10,0.75,8,43,50.0,84.468,3.808333333333333,1
20230903_pooled_F10_P100_S42,2023-09-03,pooled,10,1.0,10,42,50.0,106.37,3.658333333333333,3
20230903_pooled_F10_P100_S43,2023-09-03,pooled,10,1.0,10,43,50.0,100.813,4.175,1
20230903_pooled_F25_P025_S42,2023-09-03,pooled,25,0.25,6,42,100.0,86.991,3.658333333333333,2
20230903_pooled_F25_P025_S43,2023-09-03,pooled,25,0.25,6,43,100.0,64.371,3.808333333333333,0
20230903_pooled_F25_P050_S42,2023-09-03,pooled,25,0.5,12,42,100.0,127.40100000000001,3.658333333333333,3
20230903_pooled_F25_P050_S43,2023-09-03,pooled,25,0.5,12,43,100.0,109.49900000000001,3.808333333333333,1
20230903_pooled_F25_P075_S42,2023-09-03,pooled,25,0.75,19,42,100.0,201.05,3.2666666666666666,3
20230903_pooled_F25_P075_S43,2023-09-03,pooled,25,0.75,19,43,100.0,170.03099999999998,3.933333333333333,1
20230903_pooled_F25_P100_S42,2023-09-03,pooled,25,1.0,25,42,100.0,272.937,4.05,3
20230903_pooled_F25_P100_S43,2023-09-03,pooled,25,1.0,25,43,100.0,203.177,3.2,3
20230903_pooled_F50_P025_S42,2023-09-03,pooled,50,0.25,12,42,200.0,127.40100000000001,3.658333333333333,3
20230903_pooled_F50_P025_S43,2023-09-03,pooled,50,0.25,12,43,200.0,109.49900000000001,3.808333333333333,1
20230903_pooled_F50_P050_S42,2023-09-03,pooled,50,0.5,25,42,200.0,272.937,4.05,3
20230903_pooled_F50_P050_S43,2023-09-03,pooled,50,0.5,25,43,200.0,203.177,3.2,3
20230903_pooled_F50_P075_S42,2023-09-03,pooled,50,0.75,38,42,200.0,414.26599999999996,3.3166666666666664,7
20230903_pooled_F50_P075_S43,2023-09-03,pooled,50,0.75,38,43,200.0,333.887,2.7333333333333334,5
20230903_pooled_F50_P100_S42,2023-09-03,pooled,50,1.0,50,42,200.0,469.9779999999999,2.791666666666667,7
20230903_pooled_F50_P100_S43,2023-09-03,pooled,50,1.0,50,43,200.0,413.9059405555556,2.625,7
20230903_pooled_F100_P025_S42,2023-09-03,pooled,100,0.25,25,42,350.0,272.937,4.05,3
20230903_pooled_F100_P025_S43,2023-09-03,pooled,100,0.25,25,43,350.0,203.177,3.2,3
20230903_pooled_F100_P050_S42,2023-09-03,pooled,100,0.5,50,42,350.0,469.9779999999999,2.791666666666667,7
20230903_pooled_F100_P050_S43,2023-09-03,pooled,100,0.5,50,43,350.0,413.9059405555556,2.625,7
20230903_pooled_F100_P075_S42,2023-09-03,pooled,100,0.75,75,42,350.0,787.905,2.9833333333333334,12
20230903_pooled_F100_P075_S43,2023-09-03,pooled,100,0.75,75,43,350.0,582.8459405555556,2.566666666666667,10
20230903_pooled_F100_P100_S42,2023-09-03,pooled,100,1.0,100,42,350.0,1063.6872438888888,2.6083333333333334,16
20230903_pooled_F100_P100_S43,2023-09-03,pooled,100,1.0,100,43,350.0,883.0739405555555,2.8666666666666667,16
20230903_caltech_F10_P025_S42,2023-09-03,caltech,10,0.25,2,42,50.0,1.5615574999999997,1.025,0
20230903_caltech_F10_P025_S43,2023-09-03,caltech,10,0.25,2,43,50.0,9.744,3.658333333333333,0
20230903_caltech_F10_P050_S42,2023-09-03,caltech,10,0.5,5,42,50.0,42.1835575,1.35,0
20230903_caltech_F10_P050_S43,2023-09-03,caltech,10,0.5,5,43,50.0,85.30000000000001,3.933333333333333,1
20230903_caltech_F10_P075_S42,2023-09-03,caltech,10,0.75,8,42,50.0,71.67455749999999,1.8416666666666668,1
20230903_caltech_F10_P075_S43,2023-09-03,caltech,10,0.75,8,43,50.0,90.68700000000001,3.4416666666666664,1
20230903_caltech_F10_P100_S42,2023-09-03,caltech,10,1.0,10,42,50.0,96.42955749999999,2.2,2
20230903_caltech_F10_P100_S43,2023-09-03,caltech,10,1.0,10,43,50.0,140.796,3.4416666666666664,1
20230903_caltech_F25_P025_S42,2023-09-03,caltech,25,0.25,6,42,100.0,53.46955749999999,1.5666666666666669,1
20230903_caltech_F25_P025_S43,2023-09-03,caltech,25,0.25,6,43,100.0,88.82900000000001,3.658333333333333,1
20230903_caltech_F25_P050_S42,2023-09-03,caltech,25,0.5,12,42,100.0,114.58955749999998,2.2,2
20230903_caltech_F25_P050_S43,2023-09-03,caltech,25,0.5,12,43,100.0,156.41099999999997,3.4416666666666664,1
20230903_caltech_F25_P075_S42,2023-09-03,caltech,25,0.75,19,42,100.0,177.20955750000002,1.8333333333333333,3
20230903_caltech_F25_P075_S43,2023-09-03,caltech,25,0.75,19,43,100.0,219.223,3.283333333333333,2
20230903_caltech_F25_P100_S42,2023-09-03,caltech,25,1.0,25,42,100.0,226.1045575,1.9,4
20230903_caltech_F25_P100_S43,2023-09-03,caltech,25,1.0,25,43,100.0,275.40799999999996,3.283333333333333,3
20230903_caltech_F50_P025_S42,2023-09-03,caltech,50,0.25,12,42,200.0,114.58955749999998,2.2,2
20230903_caltech_F50_P025_S43,2023-09-03,caltech,50,0.25,12,43,200.0,156.41099999999997,3.4416666666666664,1
20230903_caltech_F50_P050_S42,2023-09-03,caltech,50,0.5,25,42,200.0,226.1045575,1.9,4
20230903_caltech_F50_P050_S43,2023-09-03,caltech,50,0.5,25,43,200.0,275.40799999999996,3.283333333333333,3
20230903_caltech_F50_P075_S42,2023-09-03,caltech,50,0.75,38,42,200.0,379.9695575,2.075,5
20230903_caltech_F50_P075_S43,2023-09-03,caltech,50,0.75,38,43,200.0,400.318,2.6166666666666667,3
20230903_caltech_F50_P100_S42,2023-09-03,caltech,50,1.0,50,42,200.0,479.71055749999994,2.666666666666667,7
20230903_caltech_F50_P100_S43,2023-09-03,caltech,50,1.0,50,43,200.0,606.443,2.6166666666666667,6
20230903_caltech_F100_P025_S42,2023-09-03,caltech,100,0.25,25,42,350.0,226.1045575,1.9,4
20230903_caltech_F100_P025_S43,2023-09-03,caltech,100,0.25,25,43,350.0,275.40799999999996,3.283333333333333,3
20230903_caltech_F100_P050_S42,2023-09-03,caltech,100,0.5,50,42,350.0,479.71055749999994,2.666666666666667,7
20230903_caltech_F100_P050_S43,2023-09-03,caltech,100,0.5,50,43,350.0,606.443,2.6166666666666667,6
20230903_caltech_F100_P075_S42,2023-09-03,caltech,100,0.75,75,42,350.0,745.4809608333334,2.6166666666666667,10
20230903_caltech_F100_P075_S43,2023-09-03,caltech,100,0.75,75,43,350.0,753.7125575000001,2.1333333333333333,9
20230903_caltech_F100_P100_S42,2023-09-03,caltech,100,1.0,100,42,350.0,1083.3919608333333,2.6166666666666667,12
20230903_caltech_F100_P100_S43,2023-09-03,caltech,100,1.0,100,43,350.0,907.7145575000001,2.25,11
20230903_jpl_F10_P025_S42,2023-09-03,jpl,10,0.25,2,42,50.0,15.274000000000001,8.483333333333334,0
20230903_jpl_F10_P025_S43,2023-09-03,jpl,10,0.25,2,43,50.0,34.611999999999995,6.391666666666666,1
20230903_jpl_F10_P050_S42,2023-09-03,jpl,10,0.5,5,42,50.0,35.50499361111111,2.2333333333333334,1
20230903_jpl_F10_P050_S43,2023-09-03,jpl,10,0.5,5,43,50.0,100.87400000000001,3.8666666666666667,3
20230903_jpl_F10_P075_S42,2023-09-03,jpl,10,0.75,8,42,50.0,69.08399361111111,3.1416666666666666,2
20230903_jpl_F10_P075_S43,2023-09-03,jpl,10,0.75,8,43,50.0,147.557,3.958333333333333,4
20230903_jpl_F10_P100_S42,2023-09-03,jpl,10,1.0,10,42,50.0,110.13999361111111,4.7,2
20230903_jpl_F10_P100_S43,2023-09-03,jpl,10,1.0,10,43,50.0,190.89899999999997,4.75,5
20230903_jpl_F25_P025_S42,2023-09-03,jpl,25,0.25,6,42,100.0,41.88899361111111,4.025,1
20230903_jpl_F25_P025_S43,2023-09-03,jpl,25,0.25,6,43,100.0,134.435,4.758333333333334,4
20230903_jpl_F25_P050_S42,2023-09-03,jpl,25,0.5,12,42,100.0,129.4649936111111,4.7,2
20230903_jpl_F25_P050_S43,2023-09-03,jpl,25,0.5,12,43,100.0,198.00699999999998,4.75,5
20230903_jpl_F25_P075_S42,2023-09-03,jpl,25,0.75,19,42,100.0,254.77722805555555,4.466666666666667,4
20230903_jpl_F25_P075_S43,2023-09-03,jpl,25,0.75,19,43,100.0,300.6242355555556,5.45,5
20230903_jpl_F25_P100_S42,2023-09-03,jpl,25,1.0,25,42,100.0,350.95222805555557,5.816666666666666,6
20230903_jpl_F25_P100_S43,2023-09-03,jpl,25,1.0,25,43,100.0,336.88523555555554,4.1,5
20230903_jpl_F50_P025_S42,2023-09-03,jpl,50,0.25,12,42,200.0,129.4649936111111,4.7,2
20230903_jpl_F50_P025_S43,2023-09-03,jpl,50,0.25,12,43,200.0,198.00699999999998,4.75,5
20230903_jpl_F50_P050_S42,2023-09-03,jpl,50,0.5,25,42,200.0,350.95222805555557,5.816666666666666,6
20230903_jpl_F50_P050_S43,2023-09-03,jpl,50,0.5,25,43,200.0,336.88523555555554,4.1,5
20230903_jpl_F50_P075_S42,2023-09-03,jpl,50,0.75,38,42,200.0,556.3502280555556,4.416666666666666,9
20230903_jpl_F50_P075_S43,2023-09-03,jpl,50,0.75,38,43,200.0,464.5842355555556,4.074999999999999,7
20230903_jpl_F50_P100_S42,2023-09-03,jpl,50,1.0,50,42,200.0,686.7102280555556,4.416666666666666,10
20230903_jpl_F50_P100_S43,2023-09-03,jpl,50,1.0,50,43,200.0,576.3762355555555,3.833333333333333,9
20230903_jpl_F100_P025_S42,2023-09-03,jpl,100,0.25,25,42,350.0,350.95222805555557,5.816666666666666,6
20230903_jpl_F100_P025_S43,2023-09-03,jpl,100,0.25,25,43,350.0,336.88523555555554,4.1,5
20230903_jpl_F100_P050_S42,2023-09-03,jpl,100,0.5,50,42,350.0,686.7102280555556,4.416666666666666,10
20230903_jpl_F100_P050_S43,2023-09-03,jpl,100,0.5,50,43,350.0,576.3762355555555,3.833333333333333,9
20230903_jpl_F100_P075_S42,2023-09-03,jpl,100,0.75,75,42,350.0,1018.3154636111111,4.333333333333333,15
20230903_jpl_F100_P075_S43,2023-09-03,jpl,100,0.75,75,43,350.0,828.3302355555555,3.7666666666666666,12
20230903_jpl_F100_P100_S42,2023-09-03,jpl,100,1.0,100,42,350.0,1277.547102222222,4.2,19
20230903_jpl_F100_P100_S43,2023-09-03,jpl,100,1.0,100,43,350.0,1100.7286416666668,3.775,16
20230903_office001_F10_P025_S42,2023-09-03,office001,10,0.25,2,42,50.0,41.879999999999995,6.858333333333333,0
20230903_office001_F10_P025_S43,2023-09-03,office001,10,0.25,2,43,50.0,10.295,2.7916666666666665,1
20230903_office001_F10_P050_S42,2023-09-03,office001,10,0.5,5,42,50.0,122.718,5.283333333333333,1
20230903_office001_F10_P050_S43,2023-09-03,office001,10,0.5,5,43,50.0,45.995,4.866666666666666,1
20230903_office001_F10_P075_S42,2023-09-03,office001,10,0.75,8,42,50.0,166.071,5.633333333333333,1
20230903_office001_F10_P075_S43,2023-09-03,office001,10,0.75,8,43,50.0,93.49699999999999,4.191666666666666,3
20230903_office001_F10_P100_S42,2023-09-03,office001,10,1.0,10,42,50.0,199.97199999999998,5.633333333333333,1
20230903_office001_F10_P100_S43,2023-09-03,office001,10,1.0,10,43,50.0,123.63899999999998,3.8916666666666666,4
20230903_office001_F25_P025_S42,2023-09-03,office001,25,0.25,6,42,100.0,127.912,4.775,1
20230903_office001_F25_P025_S43,2023-09-03,office001,25,0.25,6,43,100.0,51.242,3.9499999999999997,2
20230903_office001_F25_P050_S42,2023-09-03,office001,25,0.5,12,42,100.0,241.28799999999998,5.925,1
20230903_office001_F25_P050_S43,2023-09-03,office001,25,0.5,12,43,100.0,131.992,3.8916666666666666,5
20230903_office001_F25_P075_S42,2023-09-03,office001,25,0.75,19,42,100.0,372.30199999999996,5.866666666666666,1
20230903_office001_F25_P075_S43,2023-09-03,office001,25,0.75,19,43,100.0,291.12399999999997,4.266666666666667,7
20230903_office001_F25_P100_S42,2023-09-03,office001,25,1.0,25,42,100.0,454.808,5.866666666666666,3
20230903_office001_F25_P100_S43,2023-09-03,office001,25,1.0,25,43,100.0,399.47900000000004,4.866666666666666,8
20230903_office001_F50_P025_S42,2023-09-03,office001,50,0.25,12,42,200.0,241.28799999999998,5.925,1
20230903_office001_F50_P025_S43,2023-09-03,office001,50,0.25,12,43,200.0,131.992,3.8916666666666666,5
20230903_office001_F50_P050_S42,2023-09-03,office001,50,0.5,25,42,200.0,454.808,5.866666666666666,3
20230903_office001_F50_P050_S43,2023-09-03,office001,50,0.5,25,43,200.0,399.47900000000004,4.866666666666666,8
20230903_office001_F50_P075_S42,2023-09-03,office001,50,0.75,38,42,200.0,628.839,5.324999999999999,7
20230903_office001_F50_P075_S43,2023-09-03,office001,50,0.75,38,43,200.0,688.923,5.008333333333333,10
20230903_office001_F50_P100_S42,2023-09-03,office001,50,1.0,50,42,200.0,779.4800916666666,5.175,10
20230903_office001_F50_P100_S43,2023-09-03,office001,50,1.0,50,43,200.0,838.354,4.883333333333333,12
20230903_office001_F100_P025_S42,2023-09-03,office001,100,0.25,25,42,350.0,454.808,5.866666666666666,3
20230903_office001_F100_P025_S43,2023-09-03,office001,100,0.25,25,43,350.0,399.47900000000004,4.866666666666666,8
20230903_office001_F100_P050_S42,2023-09-03,office001,100,0.5,50,42,350.0,779.4800916666666,5.175,10
20230903_office001_F100_P050_S43,2023-09-03,office001,100,0.5,50,43,350.0,838.354,4.883333333333333,12
20230903_office001_F100_P075_S42,2023-09-03,office001,100,0.75,75,42,350.0,1181.7070916666664,5.5,14
20230903_office001_F100_P075_S43,2023-09-03,office001,100,0.75,75,43,350.0,1142.146626111111,4.866666666666666,15
20230903_office001_F100_P100_S42,2023-09-03,office001,100,1.0,100,42,350.0,1632.2606369444443,5.808333333333334,20
20230903_office001_F100_P100_S43,2023-09-03,office001,100,1.0,100,43,350.0,1488.7054961111112,4.8583333333333325,19
20230614_pooled_F10_P025_S42,2023-06-14,pooled,10,0.25,2,42,50.0,14.725000000000001,2.966666666666667,0
20230614_pooled_F10_P025_S43,2023-06-14,pooled,10,0.25,2,43,50.0,16.762999999999998,7.741666666666667,0
20230614_pooled_F10_P050_S42,2023-06-14,pooled,10,0.5,5,42,50.0,64.482,3.6333333333333333,2
20230614_pooled_F10_P050_S43,2023-06-14,pooled,10,0.5,5,43,50.0,39.416999999999994,7.533333333333333,2
20230614_pooled_F10_P075_S42,2023-06-14,pooled,10,0.75,8,42,50.0,96.707,6.016666666666667,2
20230614_pooled_F10_P075_S43,2023-06-14,pooled,10,0.75,8,43,50.0,55.873999999999995,7.258333333333333,2
20230614_pooled_F10_P100_S42,2023-06-14,pooled,10,1.0,10,42,50.0,106.681,7.133333333333333,2
20230614_pooled_F10_P100_S43,2023-06-14,pooled,10,1.0,10,43,50.0,57.448,7.258333333333333,2
20230614_pooled_F25_P025_S42,2023-06-14,pooled,25,0.25,6,42,100.0,82.078,4.2,2
20230614_pooled_F25_P025_S43,2023-06-14,pooled,25,0.25,6,43,100.0,49.42399999999999,7.199999999999999,2
20230614_pooled_F25_P050_S42,2023-06-14,pooled,25,0.5,12,42,100.0,123.061,7.616666666666667,2
20230614_pooled_F25_P050_S43,2023-06-14,pooled,25,0.5,12,43,100.0,90.458,7.741666666666667,2
20230614_pooled_F25_P075_S42,2023-06-14,pooled,25,0.75,19,42,100.0,193.329,7.0,2
20230614_pooled_F25_P075_S43,2023-06-14,pooled,25,0.75,19,43,100.0,192.90199999999996,7.95,2
20230614_pooled_F25_P100_S42,2023-06-14,pooled,25,1.0,25,42,100.0,223.24900000000002,6.433333333333334,2
20230614_pooled_F25_P100_S43,2023-06-14,pooled,25,1.0,25,43,100.0,221.69899999999998,7.95,2
20230614_pooled_F50_P025_S42,2023-06-14,pooled,50,0.25,12,42,200.0,123.061,7.616666666666667,2
20230614_pooled_F50_P025_S43,2023-06-14,pooled,50,0.25,12,43,200.0,90.458,7.741666666666667,2
20230614_pooled_F50_P050_S42,2023-06-14,pooled,50,0.5,25,42,200.0,223.24900000000002,6.433333333333334,2
20230614_pooled_F50_P050_S43,2023-06-14,pooled,50,0.5,25,43,200.0,221.69899999999998,7.95,2
20230614_pooled_F50_P075_S42,2023-06-14,pooled,50,0.75,38,42,200.0,391.22999999999996,5.6,4
20230614_pooled_F50_P075_S43,2023-06-14,pooled,50,0.75,38,43,200.0,379.10200000000003,7.566666666666666,3
20230614_pooled_F50_P100_S42,2023-06-14,pooled,50,1.0,50,42,200.0,605.239,6.683333333333334,5
20230614_pooled_F50_P100_S43,2023-06-14,pooled,50,1.0,50,43,200.0,547.559,7.800000000000001,4
20230614_pooled_F100_P025_S42,2023-06-14,pooled,100,0.25,25,42,350.0,223.24900000000002,6.433333333333334,2
20230614_pooled_F100_P025_S43,2023-06-14,pooled,100,0.25,25,43,350.0,221.69899999999998,7.95,2
20230614_pooled_F100_P050_S42,2023-06-14,pooled,100,0.5,50,42,350.0,605.239,6.683333333333334,5
20230614_pooled_F100_P050_S43,2023-06-14,pooled,100,0.5,50,43,350.0,547.559,7.800000000000001,4
20230614_pooled_F100_P075_S42,2023-06-14,pooled,100,0.75,75,42,350.0,908.832,6.483333333333333,5
20230614_pooled_F100_P075_S43,2023-06-14,pooled,100,0.75,75,43,350.0,879.808,7.35,5
20230614_pooled_F100_P100_S42,2023-06-14,pooled,100,1.0,100,42,350.0,1217.0790000000002,6.683333333333334,7
20230614_pooled_F100_P100_S43,2023-06-14,pooled,100,1.0,100,43,350.0,1175.0570000000002,6.983333333333333,8
20230614_caltech_F10_P025_S42,2023-06-14,caltech,10,0.25,2,42,50.0,23.299999999999997,8.533333333333333,0
20230614_caltech_F10_P025_S43,2023-06-14,caltech,10,0.25,2,43,50.0,6.024,5.275,0
20230614_caltech_F10_P050_S42,2023-06-14,caltech,10,0.5,5,42,50.0,51.245,8.133333333333333,0
20230614_caltech_F10_P050_S43,2023-06-14,caltech,10,0.5,5,43,50.0,35.04,8.05,0
20230614_caltech_F10_P075_S42,2023-06-14,caltech,10,0.75,8,42,50.0,76.529,7.1083333333333325,0
20230614_caltech_F10_P075_S43,2023-06-14,caltech,10,0.75,8,43,50.0,93.517,7.066666666666666,0
20230614_caltech_F10_P100_S42,2023-06-14,caltech,10,1.0,10,42,50.0,107.81,7.1083333333333325,0
20230614_caltech_F10_P100_S43,2023-06-14,caltech,10,1.0,10,43,50.0,96.415,7.066666666666666,0
20230614_caltech_F25_P025_S42,2023-06-14,caltech,25,0.25,6,42,100.0,53.623999999999995,8.274999999999999,0
20230614_caltech_F25_P025_S43,2023-06-14,caltech,25,0.25,6,43,100.0,46.234,7.066666666666666,0
20230614_caltech_F25_P050_S42,2023-06-14,caltech,25,0.5,12,42,100.0,124.732,5.949999999999999,1
20230614_caltech_F25_P050_S43,2023-06-14,caltech,25,0.5,12,43,100.0,124.12400000000001,7.983333333333334,0
20230614_caltech_F25_P075_S42,2023-06-14,caltech,25,0.75,19,42,100.0,200.541,6.333333333333333,2
20230614_caltech_F25_P075_S43,2023-06-14,caltech,25,0.75,19,43,100.0,179.01078255674867,8.05,0
20230614_caltech_F25_P100_S42,2023-06-14,caltech,25,1.0,25,42,100.0,238.98,6.333333333333333,3
20230614_caltech_F25_P100_S43,2023-06-14,caltech,25,1.0,25,43,100.0,228.94778255674865,7.916666666666667,0
20230614_caltech_F50_P025_S42,2023-06-14,caltech,50,0.25,12,42,200.0,124.732,5.949999999999999,1
20230614_caltech_F50_P025_S43,2023-06-14,caltech,50,0.25,12,43,200.0,124.12400000000001,7.983333333333334,0
20230614_caltech_F50_P050_S42,2023-06-14,caltech,50,0.5,25,42,200.0,238.98,6.333333333333333,3
20230614_caltech_F50_P050_S43,2023-06-14,caltech,50,0.5,25,43,200.0,228.94778255674865,7.916666666666667,0
20230614_caltech_F50_P075_S42,2023-06-14,caltech,50,0.75,38,42,200.0,363.9,7.033333333333333,3
20230614_caltech_F50_P075_S43,2023-06-14,caltech,50,0.75,38,43,200.0,424.0737825567487,7.324999999999999,0
20230614_caltech_F50_P100_S42,2023-06-14,caltech,50,1.0,50,42,200.0,435.92199999999997,6.266666666666667,4
20230614_caltech_F50_P100_S43,2023-06-14,caltech,50,1.0,50,43,200.0,499.1347825567487,6.641666666666667,1
20230614_caltech_F100_P025_S42,2023-06-14,caltech,100,0.25,25,42,350.0,238.98,6.333333333333333,3
20230614_caltech_F100_P025_S43,2023-06-14,caltech,100,0.25,25,43,350.0,228.94778255674865,7.916666666666667,0
20230614_caltech_F100_P050_S42,2023-06-14,caltech,100,0.5,50,42,350.0,435.92199999999997,6.266666666666667,4
20230614_caltech_F100_P050_S43,2023-06-14,caltech,100,0.5,50,43,350.0,499.1347825567487,6.641666666666667,1
20230614_caltech_F100_P075_S42,2023-06-14,caltech,100,0.75,75,42,350.0,661.5009999999999,6.616666666666666,6
20230614_caltech_F100_P075_S43,2023-06-14,caltech,100,0.75,75,43,350.0,791.5937825567487,7.083333333333333,3
20230614_caltech_F100_P100_S42,2023-06-14,caltech,100,1.0,100,42,350.0,890.058508611111,6.483333333333333,6
20230614_caltech_F100_P100_S43,2023-06-14,caltech,100,1.0,100,43,350.0,1050.7267825567487,6.875,4
20230614_jpl_F10_P025_S42,2023-06-14,jpl,10,0.25,2,42,50.0,18.355,5.541666666666667,0
20230614_jpl_F10_P025_S43,2023-06-14,jpl,10,0.25,2,43,50.0,33.179,6.783333333333333,0
20230614_jpl_F10_P050_S42,2023-06-14,jpl,10,0.5,5,42,50.0,60.047000000000004,8.766666666666667,0
20230614_jpl_F10_P050_S43,2023-06-14,jpl,10,0.5,5,43,50.0,55.164,9.333333333333334,0
20230614_jpl_F10_P075_S42,2023-06-14,jpl,10,0.75,8,42,50.0,99.32300000000001,9.058333333333334,0
20230614_jpl_F10_P075_S43,2023-06-14,jpl,10,0.75,8,43,50.0,86.308,8.616666666666667,1
20230614_jpl_F10_P100_S42,2023-06-14,jpl,10,1.0,10,42,50.0,122.596,9.058333333333334,0
20230614_jpl_F10_P100_S43,2023-06-14,jpl,10,1.0,10,43,50.0,113.73600000000002,9.225000000000001,1
20230614_jpl_F25_P025_S42,2023-06-14,jpl,25,0.25,6,42,100.0,67.73,9.058333333333334,0
20230614_jpl_F25_P025_S43,2023-06-14,jpl,25,0.25,6,43,100.0,63.480000000000004,9.225000000000001,1
20230614_jpl_F25_P050_S42,2023-06-14,jpl,25,0.5,12,42,100.0,144.38504555555556,9.058333333333334,0
20230614_jpl_F25_P050_S43,2023-06-14,jpl,25,0.5,12,43,100.0,133.00300000000001,9.225000000000001,1
20230614_jpl_F25_P075_S42,2023-06-14,jpl,25,0.75,19,42,100.0,259.2790455555555,9.366666666666667,0
20230614_jpl_F25_P075_S43,2023-06-14,jpl,25,0.75,19,43,100.0,274.738,9.116666666666667,2
20230614_jpl_F25_P100_S42,2023-06-14,jpl,25,1.0,25,42,100.0,350.0190455555556,9.366666666666667,0
20230614_jpl_F25_P100_S43,2023-06-14,jpl,25,1.0,25,43,100.0,355.855,8.983333333333333,2
20230614_jpl_F50_P025_S42,2023-06-14,jpl,50,0.25,12,42,200.0,144.38504555555556,9.058333333333334,0
20230614_jpl_F50_P025_S43,2023-06-14,jpl,50,0.25,12,43,200.0,133.00300000000001,9.225000000000001,1
20230614_jpl_F50_P050_S42,2023-06-14,jpl,50,0.5,25,42,200.0,350.0190455555556,9.366666666666667,0
20230614_jpl_F50_P050_S43,2023-06-14,jpl,50,0.5,25,43,200.0,355.855,8.983333333333333,2
20230614_jpl_F50_P075_S42,2023-06-14,jpl,50,0.75,38,42,200.0,564.1400455555556,9.525,0
20230614_jpl_F50_P075_S43,2023-06-14,jpl,50,0.75,38,43,200.0,525.6259999999999,8.991666666666667,3
20230614_jpl_F50_P100_S42,2023-06-14,jpl,50,1.0,50,42,200.0,738.7520455555556,9.358333333333334,1
20230614_jpl_F50_P100_S43,2023-06-14,jpl,50,1.0,50,43,200.0,676.9077738888889,8.991666666666667,3
20230614_jpl_F100_P025_S42,2023-06-14,jpl,100,0.25,25,42,350.0,350.0190455555556,9.366666666666667,0
20230614_jpl_F100_P025_S43,2023-06-14,jpl,100,0.25,25,43,350.0,355.855,8.983333333333333,2
20230614_jpl_F100_P050_S42,2023-06-14,jpl,100,0.5,50,42,350.0,738.7520455555556,9.358333333333334,1
20230614_jpl_F100_P050_S43,2023-06-14,jpl,100,0.5,50,43,350.0,676.9077738888889,8.991666666666667,3
20230614_jpl_F100_P075_S42,2023-06-14,jpl,100,0.75,75,42,350.0,1167.5850455555556,9.3,4
20230614_jpl_F100_P075_S43,2023-06-14,jpl,100,0.75,75,43,350.0,1040.2507738888887,9.0,4
20230614_jpl_F100_P100_S42,2023-06-14,jpl,100,1.0,100,42,350.0,1447.5210455555552,8.8,6
20230614_jpl_F100_P100_S43,2023-06-14,jpl,100,1.0,100,43,350.0,1381.896773888889,8.991666666666667,5
20230614_office001_F10_P025_S42,2023-06-14,office001,10,0.25,2,42,50.0,41.879999999999995,6.858333333333333,0
20230614_office001_F10_P025_S43,2023-06-14,office001,10,0.25,2,43,50.0,10.295,2.7916666666666665,1
20230614_office001_F10_P050_S42,2023-06-14,office001,10,0.5,5,42,50.0,122.718,5.283333333333333,1
20230614_office001_F10_P050_S43,2023-06-14,office001,10,0.5,5,43,50.0,45.995,4.866666666666666,1
20230614_office001_F10_P075_S42,2023-06-14,office001,10,0.75,8,42,50.0,166.071,5.633333333333333,1
20230614_office001_F10_P075_S43,2023-06-14,office001,10,0.75,8,43,50.0,93.49699999999999,4.191666666666666,3
20230614_office001_F10_P100_S42,2023-06-14,office001,10,1.0,10,42,50.0,199.97199999999998,5.633333333333333,1
20230614_office001_F10_P100_S43,2023-06-14,office001,10,1.0,10,43,50.0,123.63899999999998,3.8916666666666666,4
20230614_office001_F25_P025_S42,2023-06-14,office001,25,0.25,6,42,100.0,127.912,4.775,1
20230614_office001_F25_P025_S43,2023-06-14,office001,25,0.25,6,43,100.0,51.242,3.9499999999999997,2
20230614_office001_F25_P050_S42,2023-06-14,office001,25,0.5,12,42,100.0,241.28799999999998,5.925,1
20230614_office001_F25_P050_S43,2023-06-14,office001,25,0.5,12,43,100.0,131.992,3.8916666666666666,5
20230614_office001_F25_P075_S42,2023-06-14,office001,25,0.75,19,42,100.0,372.30199999999996,5.866666666666666,1
20230614_office001_F25_P075_S43,2023-06-14,office001,25,0.75,19,43,100.0,291.12399999999997,4.266666666666667,7
20230614_office001_F25_P100_S42,2023-06-14,office001,25,1.0,25,42,100.0,454.808,5.866666666666666,3
20230614_office001_F25_P100_S43,2023-06-14,office001,25,1.0,25,43,100.0,399.47900000000004,4.866666666666666,8
20230614_office001_F50_P025_S42,2023-06-14,office001,50,0.25,12,42,200.0,241.28799999999998,5.925,1
20230614_office001_F50_P025_S43,2023-06-14,office001,50,0.25,12,43,200.0,131.992,3.8916666666666666,5
20230614_office001_F50_P050_S42,2023-06-14,office001,50,0.5,25,42,200.0,454.808,5.866666666666666,3
20230614_office001_F50_P050_S43,2023-06-14,office001,50,0.5,25,43,200.0,399.47900000000004,4.866666666666666,8
20230614_office001_F50_P075_S42,2023-06-14,office001,50,0.75,38,42,200.0,628.839,5.324999999999999,7
20230614_office001_F50_P075_S43,2023-06-14,office001,50,0.75,38,43,200.0,688.923,5.008333333333333,10
20230614_office001_F50_P100_S42,2023-06-14,office001,50,1.0,50,42,200.0,779.4800916666666,5.175,10
20230614_office001_F50_P100_S43,2023-06-14,office001,50,1.0,50,43,200.0,838.354,4.883333333333333,12
20230614_office001_F100_P025_S42,2023-06-14,office001,100,0.25,25,42,350.0,454.808,5.866666666666666,3
20230614_office001_F100_P025_S43,2023-06-14,office001,100,0.25,25,43,350.0,399.47900000000004,4.866666666666666,8
20230614_office001_F100_P050_S42,2023-06-14,office001,100,0.5,50,42,350.0,779.4800916666666,5.175,10
20230614_office001_F100_P050_S43,2023-06-14,office001,100,0.5,50,43,350.0,838.354,4.883333333333333,12
20230614_office001_F100_P075_S42,2023-06-14,office001,100,0.75,75,42,350.0,1181.7070916666664,5.5,14
20230614_office001_F100_P075_S43,2023-06-14,office001,100,0.75,75,43,350.0,1142.146626111111,4.866666666666666,15
20230614_office001_F100_P100_S42,2023-06-14,office001,100,1.0,100,42,350.0,1632.2606369444443,5.808333333333334,20
20230614_office001_F100_P100_S43,2023-06-14,office001,100,1.0,100,43,350.0,1488.7054961111112,4.8583333333333325,19
20220716_pooled_F10_P025_S42,2022-07-16,pooled,10,0.25,2,42,50.0,25.923,3.025,1
20220716_pooled_F10_P025_S43,2022-07-16,pooled,10,0.25,2,43,50.0,8.727,4.4,0
20220716_pooled_F10_P050_S42,2022-07-16,pooled,10,0.5,5,42,50.0,62.34,3.2666666666666666,1
20220716_pooled_F10_P050_S43,2022-07-16,pooled,10,0.5,5,43,50.0,59.978,3.933333333333333,0
20220716_pooled_F10_P075_S42,2022-07-16,pooled,10,0.75,8,42,50.0,94.655,3.658333333333333,3
20220716_pooled_F10_P075_S43,2022-07-16,pooled,10,0.75,8,43,50.0,84.468,3.808333333333333,1
20220716_pooled_F10_P100_S42,2022-07-16,pooled,10,1.0,10,42,50.0,106.37,3.658333333333333,3
20220716_pooled_F10_P100_S43,2022-07-16,pooled,10,1.0,10,43,50.0,100.813,4.175,1
20220716_pooled_F25_P025_S42,2022-07-16,pooled,25,0.25,6,42,100.0,86.991,3.658333333333333,2
20220716_pooled_F25_P025_S43,2022-07-16,pooled,25,0.25,6,43,100.0,64.371,3.808333333333333,0
20220716_pooled_F25_P050_S42,2022-07-16,pooled,25,0.5,12,42,100.0,127.40100000000001,3.658333333333333,3
20220716_pooled_F25_P050_S43,2022-07-16,pooled,25,0.5,12,43,100.0,109.49900000000001,3.808333333333333,1
20220716_pooled_F25_P075_S42,2022-07-16,pooled,25,0.75,19,42,100.0,201.05,3.2666666666666666,3
20220716_pooled_F25_P075_S43,2022-07-16,pooled,25,0.75,19,43,100.0,170.03099999999998,3.933333333333333,1
20220716_pooled_F25_P100_S42,2022-07-16,pooled,25,1.0,25,42,100.0,272.937,4.05,3
20220716_pooled_F25_P100_S43,2022-07-16,pooled,25,1.0,25,43,100.0,203.177,3.2,3
20220716_pooled_F50_P025_S42,2022-07-16,pooled,50,0.25,12,42,200.0,127.40100000000001,3.658333333333333,3
20220716_pooled_F50_P025_S43,2022-07-16,pooled,50,0.25,12,43,200.0,109.49900000000001,3.808333333333333,1
20220716_pooled_F50_P050_S42,2022-07-16,pooled,50,0.5,25,42,200.0,272.937,4.05,3
20220716_pooled_F50_P050_S43,2022-07-16,pooled,50,0.5,25,43,200.0,203.177,3.2,3
20220716_pooled_F50_P075_S42,2022-07-16,pooled,50,0.75,38,42,200.0,414.26599999999996,3.3166666666666664,7
20220716_pooled_F50_P075_S43,2022-07-16,pooled,50,0.75,38,43,200.0,333.887,2.7333333333333334,5
20220716_pooled_F50_P100_S42,2022-07-16,pooled,50,1.0,50,42,200.0,469.9779999999999,2.791666666666667,7
20220716_pooled_F50_P100_S43,2022-07-16,pooled,50,1.0,50,43,200.0,413.9059405555556,2.625,7
20220716_pooled_F100_P025_S42,2022-07-16,pooled,100,0.25,25,42,350.0,272.937,4.05,3
20220716_pooled_F100_P025_S43,2022-07-16,pooled,100,0.25,25,43,350.0,203.177,3.2,3
20220716_pooled_F100_P050_S42,2022-07-16,pooled,100,0.5,50,42,350.0,469.9779999999999,2.791666666666667,7
20220716_pooled_F100_P050_S43,2022-07-16,pooled,100,0.5,50,43,350.0,413.9059405555556,2.625,7
20220716_pooled_F100_P075_S42,2022-07-16,pooled,100,0.75,75,42,350.0,787.905,2.9833333333333334,12
20220716_pooled_F100_P075_S43,2022-07-16,pooled,100,0.75,75,43,350.0,582.8459405555556,2.566666666666667,10
20220716_pooled_F100_P100_S42,2022-07-16,pooled,100,1.0,100,42,350.0,1063.6872438888888,2.6083333333333334,16
20220716_pooled_F100_P100_S43,2022-07-16,pooled,100,1.0,100,43,350.0,883.0739405555555,2.8666666666666667,16
20220716_caltech_F10_P025_S42,2022-07-16,caltech,10,0.25,2,42,50.0,1.5615574999999997,1.025,0
20220716_caltech_F10_P025_S43,2022-07-16,caltech,10,0.25,2,43,50.0,9.744,3.658333333333333,0
20220716_caltech_F10_P050_S42,2022-07-16,caltech,10,0.5,5,42,50.0,42.1835575,1.35,0
20220716_caltech_F10_P050_S43,2022-07-16,caltech,10,0.5,5,43,50.0,85.30000000000001,3.933333333333333,1
20220716_caltech_F10_P075_S42,2022-07-16,caltech,10,0.75,8,42,50.0,71.67455749999999,1.8416666666666668,1
20220716_caltech_F10_P075_S43,2022-07-16,caltech,10,0.75,8,43,50.0,90.68700000000001,3.4416666666666664,1
20220716_caltech_F10_P100_S42,2022-07-16,caltech,10,1.0,10,42,50.0,96.42955749999999,2.2,2
20220716_caltech_F10_P100_S43,2022-07-16,caltech,10,1.0,10,43,50.0,140.796,3.4416666666666664,1
20220716_caltech_F25_P025_S42,2022-07-16,caltech,25,0.25,6,42,100.0,53.46955749999999,1.5666666666666669,1
20220716_caltech_F25_P025_S43,2022-07-16,caltech,25,0.25,6,43,100.0,88.82900000000001,3.658333333333333,1
20220716_caltech_F25_P050_S42,2022-07-16,caltech,25,0.5,12,42,100.0,114.58955749999998,2.2,2
20220716_caltech_F25_P050_S43,2022-07-16,caltech,25,0.5,12,43,100.0,156.41099999999997,3.4416666666666664,1
20220716_caltech_F25_P075_S42,2022-07-16,caltech,25,0.75,19,42,100.0,177.20955750000002,1.8333333333333333,3
20220716_caltech_F25_P075_S43,2022-07-16,caltech,25,0.75,19,43,100.0,219.223,3.283333333333333,2
20220716_caltech_F25_P100_S42,2022-07-16,caltech,25,1.0,25,42,100.0,226.1045575,1.9,4
20220716_caltech_F25_P100_S43,2022-07-16,caltech,25,1.0,25,43,100.0,275.40799999999996,3.283333333333333,3
20220716_caltech_F50_P025_S42,2022-07-16,caltech,50,0.25,12,42,200.0,114.58955749999998,2.2,2
20220716_caltech_F50_P025_S43,2022-07-16,caltech,50,0.25,12,43,200.0,156.41099999999997,3.4416666666666664,1
20220716_caltech_F50_P050_S42,2022-07-16,caltech,50,0.5,25,42,200.0,226.1045575,1.9,4
20220716_caltech_F50_P050_S43,2022-07-16,caltech,50,0.5,25,43,200.0,275.40799999999996,3.283333333333333,3
20220716_caltech_F50_P075_S42,2022-07-16,caltech,50,0.75,38,42,200.0,379.9695575,2.075,5
20220716_caltech_F50_P075_S43,2022-07-16,caltech,50,0.75,38,43,200.0,400.318,2.6166666666666667,3
20220716_caltech_F50_P100_S42,2022-07-16,caltech,50,1.0,50,42,200.0,479.71055749999994,2.666666666666667,7
20220716_caltech_F50_P100_S43,2022-07-16,caltech,50,1.0,50,43,200.0,606.443,2.6166666666666667,6
20220716_caltech_F100_P025_S42,2022-07-16,caltech,100,0.25,25,42,350.0,226.1045575,1.9,4
20220716_caltech_F100_P025_S43,2022-07-16,caltech,100,0.25,25,43,350.0,275.40799999999996,3.283333333333333,3
20220716_caltech_F100_P050_S42,2022-07-16,caltech,100,0.5,50,42,350.0,479.71055749999994,2.666666666666667,7
20220716_caltech_F100_P050_S43,2022-07-16,caltech,100,0.5,50,43,350.0,606.443,2.6166666666666667,6
20220716_caltech_F100_P075_S42,2022-07-16,caltech,100,0.75,75,42,350.0,745.4809608333334,2.6166666666666667,10
20220716_caltech_F100_P075_S43,2022-07-16,caltech,100,0.75,75,43,350.0,753.7125575000001,2.1333333333333333,9
20220716_caltech_F100_P100_S42,2022-07-16,caltech,100,1.0,100,42,350.0,1083.3919608333333,2.6166666666666667,12
20220716_caltech_F100_P100_S43,2022-07-16,caltech,100,1.0,100,43,350.0,907.7145575000001,2.25,11
20220716_jpl_F10_P025_S42,2022-07-16,jpl,10,0.25,2,42,50.0,15.274000000000001,8.483333333333334,0
20220716_jpl_F10_P025_S43,2022-07-16,jpl,10,0.25,2,43,50.0,34.611999999999995,6.391666666666666,1
20220716_jpl_F10_P050_S42,2022-07-16,jpl,10,0.5,5,42,50.0,35.50499361111111,2.2333333333333334,1
20220716_jpl_F10_P050_S43,2022-07-16,jpl,10,0.5,5,43,50.0,100.87400000000001,3.8666666666666667,3
20220716_jpl_F10_P075_S42,2022-07-16,jpl,10,0.75,8,42,50.0,69.08399361111111,3.1416666666666666,2
20220716_jpl_F10_P075_S43,2022-07-16,jpl,10,0.75,8,43,50.0,147.557,3.958333333333333,4
20220716_jpl_F10_P100_S42,2022-07-16,jpl,10,1.0,10,42,50.0,110.13999361111111,4.7,2
20220716_jpl_F10_P100_S43,2022-07-16,jpl,10,1.0,10,43,50.0,190.89899999999997,4.75,5
20220716_jpl_F25_P025_S42,2022-07-16,jpl,25,0.25,6,42,100.0,41.88899361111111,4.025,1
20220716_jpl_F25_P025_S43,2022-07-16,jpl,25,0.25,6,43,100.0,134.435,4.758333333333334,4
20220716_jpl_F25_P050_S42,2022-07-16,jpl,25,0.5,12,42,100.0,129.4649936111111,4.7,2
20220716_jpl_F25_P050_S43,2022-07-16,jpl,25,0.5,12,43,100.0,198.00699999999998,4.75,5
20220716_jpl_F25_P075_S42,2022-07-16,jpl,25,0.75,19,42,100.0,254.77722805555555,4.466666666666667,4
20220716_jpl_F25_P075_S43,2022-07-16,jpl,25,0.75,19,43,100.0,300.6242355555556,5.45,5
20220716_jpl_F25_P100_S42,2022-07-16,jpl,25,1.0,25,42,100.0,350.95222805555557,5.816666666666666,6
20220716_jpl_F25_P100_S43,2022-07-16,jpl,25,1.0,25,43,100.0,336.88523555555554,4.1,5
20220716_jpl_F50_P025_S42,2022-07-16,jpl,50,0.25,12,42,200.0,129.4649936111111,4.7,2
20220716_jpl_F50_P025_S43,2022-07-16,jpl,50,0.25,12,43,200.0,198.00699999999998,4.75,5
20220716_jpl_F50_P050_S42,2022-07-16,jpl,50,0.5,25,42,200.0,350.95222805555557,5.816666666666666,6
20220716_jpl_F50_P050_S43,2022-07-16,jpl,50,0.5,25,43,200.0,336.88523555555554,4.1,5
20220716_jpl_F50_P075_S42,2022-07-16,jpl,50,0.75,38,42,200.0,556.3502280555556,4.416666666666666,9
20220716_jpl_F50_P075_S43,2022-07-16,jpl,50,0.75,38,43,200.0,464.5842355555556,4.074999999999999,7
20220716_jpl_F50_P100_S42,2022-07-16,jpl,50,1.0,50,42,200.0,686.7102280555556,4.416666666666666,10
20220716_jpl_F50_P100_S43,2022-07-16,jpl,50,1.0,50,43,200.0,576.3762355555555,3.833333333333333,9
20220716_jpl_F100_P025_S42,2022-07-16,jpl,100,0.25,25,42,350.0,350.95222805555557,5.816666666666666,6
20220716_jpl_F100_P025_S43,2022-07-16,jpl,100,0.25,25,43,350.0,336.88523555555554,4.1,5
20220716_jpl_F100_P050_S42,2022-07-16,jpl,100,0.5,50,42,350.0,686.7102280555556,4.416666666666666,10
20220716_jpl_F100_P050_S43,2022-07-16,jpl,100,0.5,50,43,350.0,576.3762355555555,3.833333333333333,9
20220716_jpl_F100_P075_S42,2022-07-16,jpl,100,0.75,75,42,350.0,1018.3154636111111,4.333333333333333,15
20220716_jpl_F100_P075_S43,2022-07-16,jpl,100,0.75,75,43,350.0,828.3302355555555,3.7666666666666666,12
20220716_jpl_F100_P100_S42,2022-07-16,jpl,100,1.0,100,42,350.0,1277.547102222222,4.2,19
20220716_jpl_F100_P100_S43,2022-07-16,jpl,100,1.0,100,43,350.0,1100.7286416666668,3.775,16
20220716_office001_F10_P025_S42,2022-07-16,office001,10,0.25,2,42,50.0,41.879999999999995,6.858333333333333,0
20220716_office001_F10_P025_S43,2022-07-16,office001,10,0.25,2,43,50.0,10.295,2.7916666666666665,1
20220716_office001_F10_P050_S42,2022-07-16,office001,10,0.5,5,42,50.0,122.718,5.283333333333333,1
20220716_office001_F10_P050_S43,2022-07-16,office001,10,0.5,5,43,50.0,45.995,4.866666666666666,1
20220716_office001_F10_P075_S42,2022-07-16,office001,10,0.75,8,42,50.0,166.071,5.633333333333333,1
20220716_office001_F10_P075_S43,2022-07-16,office001,10,0.75,8,43,50.0,93.49699999999999,4.191666666666666,3
20220716_office001_F10_P100_S42,2022-07-16,office001,10,1.0,10,42,50.0,199.97199999999998,5.633333333333333,1
20220716_office001_F10_P100_S43,2022-07-16,office001,10,1.0,10,43,50.0,123.63899999999998,3.8916666666666666,4
20220716_office001_F25_P025_S42,2022-07-16,office001,25,0.25,6,42,100.0,127.912,4.775,1
20220716_office001_F25_P025_S43,2022-07-16,office001,25,0.25,6,43,100.0,51.242,3.9499999999999997,2
20220716_office001_F25_P050_S42,2022-07-16,office001,25,0.5,12,42,100.0,241.28799999999998,5.925,1
20220716_office001_F25_P050_S43,2022-07-16,office001,25,0.5,12,43,100.0,131.992,3.8916666666666666,5
20220716_office001_F25_P075_S42,2022-07-16,office001,25,0.75,19,42,100.0,372.30199999999996,5.866666666666666,1
20220716_office001_F25_P075_S43,2022-07-16,office001,25,0.75,19,43,100.0,291.12399999999997,4.266666666666667,7
20220716_office001_F25_P100_S42,2022-07-16,office001,25,1.0,25,42,100.0,454.808,5.866666666666666,3
20220716_office001_F25_P100_S43,2022-07-16,office001,25,1.0,25,43,100.0,399.47900000000004,4.866666666666666,8
20220716_office001_F50_P025_S42,2022-07-16,office001,50,0.25,12,42,200.0,241.28799999999998,5.925,1
20220716_office001_F50_P025_S43,2022-07-16,office001,50,0.25,12,43,200.0,131.992,3.8916666666666666,5
20220716_office001_F50_P050_S42,2022-07-16,office001,50,0.5,25,42,200.0,454.808,5.866666666666666,3
20220716_office001_F50_P050_S43,2022-07-16,office001,50,0.5,25,43,200.0,399.47900000000004,4.866666666666666,8
20220716_office001_F50_P075_S42,2022-07-16,office001,50,0.75,38,42,200.0,628.839,5.324999999999999,7
20220716_office001_F50_P075_S43,2022-07-16,office001,50,0.75,38,43,200.0,688.923,5.008333333333333,10
20220716_office001_F50_P100_S42,2022-07-16,office001,50,1.0,50,42,200.0,779.4800916666666,5.175,10
20220716_office001_F50_P100_S43,2022-07-16,office001,50,1.0,50,43,200.0,838.354,4.883333333333333,12
20220716_office001_F100_P025_S42,2022-07-16,office001,100,0.25,25,42,350.0,454.808,5.866666666666666,3
20220716_office001_F100_P025_S43,2022-07-16,office001,100,0.25,25,43,350.0,399.47900000000004,4.866666666666666,8
20220716_office001_F100_P050_S42,2022-07-16,office001,100,0.5,50,42,350.0,779.4800916666666,5.175,10
20220716_office001_F100_P050_S43,2022-07-16,office001,100,0.5,50,43,350.0,838.354,4.883333333333333,12
20220716_office001_F100_P075_S42,2022-07-16,office001,100,0.75,75,42,350.0,1181.7070916666664,5.5,14
20220716_office001_F100_P075_S43,2022-07-16,office001,100,0.75,75,43,350.0,1142.146626111111,4.866666666666666,15
20220716_office001_F100_P100_S42,2022-07-16,office001,100,1.0,100,42,350.0,1632.2606369444443,5.808333333333334,20
20220716_office001_F100_P100_S43,2022-07-16,office001,100,1.0,100,43,350.0,1488.7054961111112,4.8583333333333325,19
