surplus_event_id,start_time,end_time,interval_count,peak_surplus_kw,mean_surplus_kw,surplus_energy_kwh,duration_minutes
1.0,2022-04-12 12:15:00,2022-04-12 12:30:00,4,344.6569999999997,144.74099999999999,48.24699999999999,20
3.0,2022-04-12 12:55:00,2022-04-12 13:00:00,2,344.4369999999999,206.53149999999994,34.421916666666654,10
5.0,2022-04-13 11:35:00,2022-04-13 11:50:00,4,696.7629999999999,436.67724999999984,145.55908333333326,20
7.0,2022-04-13 12:00:00,2022-04-13 12:15:00,4,1595.3650000000002,856.5552499999999,285.5184166666666,20
9.0,2022-04-13 12:25:00,2022-04-13 13:05:00,9,1711.009,786.2111111111112,589.6583333333333,45
11.0,2022-04-13 13:25:00,2022-04-13 13:50:00,6,1086.2399999999998,467.5278333333334,233.76391666666666,30
13.0,2022-04-13 14:10:00,2022-04-13 14:10:00,1,1.7200000000002547,1.7200000000002547,0.14333333333335455,5
15.0,2022-04-13 14:45:00,2022-04-13 15:00:00,4,1202.011,515.59575,171.86524999999997,20
17.0,2022-04-14 11:20:00,2022-04-14 11:20:00,1,1101.777,1101.777,91.81475,5
19.0,2022-04-14 11:30:00,2022-04-14 11:30:00,1,254.31300000000033,254.31300000000033,21.192750000000025,5
21.0,2022-04-15 07:25:00,2022-04-15 07:25:00,1,3.2110000000000127,3.2110000000000127,0.2675833333333344,5
23.0,2022-04-15 08:55:00,2022-04-15 09:05:00,3,134.04300000000012,94.49533333333345,23.62383333333336,15
25.0,2022-04-15 09:15:00,2022-04-15 09:15:00,1,666.9870000000003,666.9870000000003,55.58225000000002,5
27.0,2022-04-15 09:25:00,2022-04-15 12:00:00,32,1515.4749999999997,822.66284375,2193.7675833333333,160
29.0,2022-04-15 12:15:00,2022-04-15 12:20:00,2,26.675000000000182,18.33400000000006,3.055666666666676,10
31.0,2022-04-15 12:30:00,2022-04-15 12:30:00,1,210.73000000000025,210.73000000000025,17.560833333333353,5
33.0,2022-04-15 12:45:00,2022-04-15 12:45:00,1,83.7059999999999,83.7059999999999,6.975499999999991,5
35.0,2022-04-15 12:55:00,2022-04-15 13:25:00,7,627.6830000000002,368.01014285714285,214.67258333333334,35
37.0,2022-04-15 13:35:00,2022-04-15 14:30:00,12,929.8599999999999,501.65616666666665,501.65616666666665,60
39.0,2022-04-15 14:45:00,2022-04-15 14:45:00,1,17.779999999999973,17.779999999999973,1.4816666666666642,5
41.0,2022-04-15 14:55:00,2022-04-15 15:25:00,7,1328.4190000000003,851.9418571428571,496.9660833333333,35
43.0,2022-04-15 15:55:00,2022-04-15 16:00:00,2,274.23199999999997,256.14700000000005,42.691166666666675,10
45.0,2022-04-15 16:25:00,2022-04-15 16:25:00,1,170.2840000000001,170.2840000000001,14.190333333333342,5
47.0,2022-04-16 08:10:00,2022-04-16 08:15:00,2,22.7829999999999,13.367500000000064,2.227916666666677,10
49.0,2022-04-16 08:30:00,2022-04-16 16:05:00,92,1624.64,969.0107934782609,7429.08275,460
51.0,2022-04-16 16:40:00,2022-04-16 16:40:00,1,113.32499999999982,113.32499999999982,9.443749999999984,5
53.0,2022-04-16 16:50:00,2022-04-16 16:50:00,1,166.36900000000014,166.36900000000014,13.864083333333344,5
55.0,2022-04-17 07:40:00,2022-04-17 07:40:00,1,37.830999999999904,37.830999999999904,3.1525833333333253,5
57.0,2022-04-17 07:55:00,2022-04-17 16:05:00,99,1419.6620000000003,877.8292525252526,7242.091333333333,495
59.0,2022-04-18 08:10:00,2022-04-18 08:10:00,1,2.5269999999998163,2.5269999999998163,0.21058333333331802,5
61.0,2022-04-18 08:20:00,2022-04-18 08:25:00,2,87.69799999999987,87.3365,14.556083333333333,10
63.0,2022-04-18 08:35:00,2022-04-18 10:50:00,28,1227.7099999999998,541.2073571428572,1262.8171666666665,140
65.0,2022-04-18 11:05:00,2022-04-18 11:05:00,1,807.8790000000001,807.8790000000001,67.32325,5
67.0,2022-04-18 11:15:00,2022-04-18 11:35:00,5,387.06600000000003,267.1160000000001,111.29833333333335,25
69.0,2022-04-18 11:45:00,2022-04-18 12:05:00,5,1106.2700000000002,520.1746,216.7394166666667,25
71.0,2022-04-18 12:15:00,2022-04-18 12:15:00,1,236.8950000000002,236.8950000000002,19.741250000000015,5
73.0,2022-04-18 12:25:00,2022-04-18 12:25:00,1,242.56099999999992,242.56099999999992,20.21341666666666,5
75.0,2022-04-18 12:35:00,2022-04-18 12:35:00,1,42.44399999999996,42.44399999999996,3.5369999999999964,5
77.0,2022-04-18 12:45:00,2022-04-18 12:45:00,1,70.42499999999995,70.42499999999995,5.868749999999996,5
79.0,2022-04-18 13:00:00,2022-04-18 13:05:00,2,518.3820000000001,492.74249999999995,82.12374999999999,10
81.0,2022-04-18 13:15:00,2022-04-18 13:15:00,1,225.16599999999994,225.16599999999994,18.763833333333327,5
83.0,2022-04-19 08:40:00,2022-04-19 09:35:00,12,510.076,327.5883333333334,327.5883333333334,60
85.0,2022-04-19 09:45:00,2022-04-19 09:50:00,2,725.8650000000002,455.43200000000036,75.90533333333339,10
87.0,2022-04-19 10:00:00,2022-04-19 10:05:00,2,328.8090000000002,205.3425000000002,34.22375000000003,10
89.0,2022-04-19 10:15:00,2022-04-19 10:20:00,2,970.8509999999997,582.0944999999999,97.01574999999997,10
91.0,2022-04-19 10:30:00,2022-04-19 11:05:00,8,1440.9430000000002,754.8823750000001,503.25491666666676,40
93.0,2022-04-19 11:30:00,2022-04-19 11:45:00,4,931.3829999999998,576.7785,192.2595,20
95.0,2022-04-20 08:15:00,2022-04-20 08:25:00,3,146.84799999999996,80.25833333333321,20.064583333333303,15
97.0,2022-04-20 08:35:00,2022-04-20 10:40:00,26,648.9200000000001,365.929923076923,792.8481666666664,130
99.0,2022-04-20 10:50:00,2022-04-20 10:50:00,1,164.9269999999999,164.9269999999999,13.743916666666658,5
101.0,2022-04-20 11:05:00,2022-04-20 13:10:00,26,1370.9779999999996,724.0033846153846,1568.6739999999998,130
103.0,2022-04-20 13:40:00,2022-04-20 14:10:00,7,796.2750000000001,545.3518571428573,318.1219166666667,35
105.0,2022-04-20 14:20:00,2022-04-20 14:20:00,1,550.556,550.556,45.879666666666665,5
107.0,2022-04-20 14:30:00,2022-04-20 15:40:00,15,930.5340000000001,648.6569999999999,810.82125,75
109.0,2022-04-20 15:55:00,2022-04-20 16:00:00,2,283.53599999999983,248.99000000000012,41.49833333333335,10
111.0,2022-04-20 16:20:00,2022-04-20 16:30:00,3,215.64499999999998,91.50033333333333,22.875083333333333,15
113.0,2022-04-21 08:15:00,2022-04-21 08:15:00,1,148.6289999999999,148.6289999999999,12.385749999999991,5
115.0,2022-04-21 08:25:00,2022-04-21 12:35:00,51,1491.312,892.8327843137254,3794.539333333333,255
117.0,2022-04-21 12:45:00,2022-04-21 12:50:00,2,749.3349999999996,606.8584999999998,101.1430833333333,10
119.0,2022-04-21 13:05:00,2022-04-21 13:05:00,1,443.4630000000002,443.4630000000002,36.955250000000014,5
121.0,2022-04-21 13:15:00,2022-04-21 13:25:00,3,326.9789999999998,256.3063333333332,64.0765833333333,15
123.0,2022-04-21 13:40:00,2022-04-21 14:50:00,15,1243.9810000000002,610.4760666666666,763.0950833333333,75
125.0,2022-04-21 15:00:00,2022-04-21 15:20:00,5,459.11699999999973,288.87160000000006,120.3631666666667,25
127.0,2022-04-21 15:30:00,2022-04-21 15:30:00,1,575.0439999999996,575.0439999999996,47.9203333333333,5
129.0,2022-04-21 15:40:00,2022-04-21 15:45:00,2,380.8700000000001,262.24800000000005,43.708000000000006,10
131.0,2022-04-21 15:55:00,2022-04-21 16:30:00,8,538.7610000000002,306.115375,204.07691666666665,40
133.0,2022-04-21 16:45:00,2022-04-21 16:45:00,1,188.8900000000001,188.8900000000001,15.740833333333342,5
135.0,2022-04-21 16:55:00,2022-04-21 17:05:00,3,116.59600000000023,72.80366666666676,18.20091666666669,15
137.0,2022-04-22 09:35:00,2022-04-22 09:35:00,1,114.49999999999977,114.49999999999977,9.541666666666647,5
139.0,2022-04-22 09:50:00,2022-04-22 09:50:00,1,31.34400000000005,31.34400000000005,2.612000000000004,5
141.0,2022-04-22 10:05:00,2022-04-22 10:05:00,1,11.385999999999967,11.385999999999967,0.9488333333333305,5
143.0,2022-04-22 10:15:00,2022-04-22 10:25:00,3,214.00099999999998,113.87299999999989,28.46824999999997,15
145.0,2022-04-22 10:55:00,2022-04-22 11:40:00,10,1009.8599999999997,565.3583,471.13191666666665,50
147.0,2022-04-22 11:50:00,2022-04-22 12:45:00,12,907.3049999999998,444.12224999999995,444.12224999999995,60
149.0,2022-04-22 12:55:00,2022-04-22 14:25:00,19,1059.5930000000003,569.9105789473684,902.3584166666667,95
151.0,2022-04-22 14:40:00,2022-04-22 16:50:00,27,1292.181,661.6196296296296,1488.6441666666665,135
153.0,2022-04-22 17:00:00,2022-04-22 17:05:00,2,355.2180000000001,223.38300000000004,37.230500000000006,10
155.0,2022-04-23 07:10:00,2022-04-23 07:10:00,1,30.55300000000011,30.55300000000011,2.5460833333333426,5
157.0,2022-04-23 08:35:00,2022-04-23 08:35:00,1,255.3409999999999,255.3409999999999,21.278416666666658,5
159.0,2022-04-23 09:10:00,2022-04-23 09:10:00,1,123.57799999999975,123.57799999999975,10.298166666666646,5
161.0,2022-04-23 09:20:00,2022-04-23 09:30:00,3,847.2139999999999,413.34999999999997,103.33749999999999,15
163.0,2022-04-23 09:50:00,2022-04-23 10:05:00,4,459.18000000000006,336.2175,112.07249999999998,20
165.0,2022-04-23 11:10:00,2022-04-23 11:10:00,1,70.32400000000007,70.32400000000007,5.8603333333333385,5
167.0,2022-04-23 11:25:00,2022-04-23 11:45:00,5,325.6020000000001,268.29960000000005,111.79150000000001,25
169.0,2022-04-23 11:55:00,2022-04-23 12:20:00,6,744.2979999999998,453.6771666666666,226.8385833333333,30
171.0,2022-04-23 12:30:00,2022-04-23 12:55:00,6,497.6089999999999,209.56883333333337,104.78441666666669,30
173.0,2022-04-23 13:05:00,2022-04-23 17:30:00,54,1383.392,670.3239629629629,3016.4578333333334,270
175.0,2022-04-24 07:05:00,2022-04-24 07:10:00,2,68.35299999999984,59.44699999999989,9.907833333333315,10
177.0,2022-04-24 07:35:00,2022-04-24 10:35:00,37,1320.6200000000001,729.0227567567566,2247.8201666666664,185
179.0,2022-04-24 10:45:00,2022-04-24 12:15:00,19,1069.9119999999998,358.8316842105263,568.1501666666666,95
181.0,2022-04-24 12:30:00,2022-04-24 13:15:00,10,966.2510000000004,426.6684,355.55699999999996,50
183.0,2022-04-24 13:25:00,2022-04-24 13:55:00,7,907.5439999999999,393.062,229.28616666666667,35
185.0,2022-04-24 14:10:00,2022-04-24 14:10:00,1,727.5169999999998,727.5169999999998,60.62641666666665,5
187.0,2022-04-24 14:20:00,2022-04-24 15:00:00,9,835.713,583.5098888888889,437.6324166666666,45
189.0,2022-04-24 15:10:00,2022-04-24 15:15:00,2,874.6890000000003,824.6675000000001,137.44458333333336,10
191.0,2022-04-24 15:25:00,2022-04-24 16:00:00,8,1266.0490000000004,625.5443750000001,417.02958333333333,40
193.0,2022-04-24 16:10:00,2022-04-24 16:30:00,5,705.3519999999996,496.85739999999987,207.02391666666662,25
195.0,2022-04-24 16:40:00,2022-04-24 16:40:00,1,65.55999999999995,65.55999999999995,5.4633333333333285,5
197.0,2022-04-24 17:00:00,2022-04-24 17:00:00,1,96.77499999999986,96.77499999999986,8.06458333333332,5
199.0,2022-04-25 08:20:00,2022-04-25 08:20:00,1,124.81500000000005,124.81500000000005,10.401250000000005,5
201.0,2022-04-25 08:50:00,2022-04-25 08:50:00,1,701.6420000000003,701.6420000000003,58.470166666666685,5
203.0,2022-04-25 09:20:00,2022-04-25 09:20:00,1,249.84900000000016,249.84900000000016,20.82075000000001,5
205.0,2022-04-25 10:05:00,2022-04-25 10:05:00,1,706.4899999999998,706.4899999999998,58.874166666666646,5
207.0,2022-04-25 10:20:00,2022-04-25 10:20:00,1,303.14699999999993,303.14699999999993,25.262249999999995,5
209.0,2022-04-25 10:45:00,2022-04-25 10:45:00,1,597.3939999999998,597.3939999999998,49.782833333333315,5
211.0,2022-04-25 11:10:00,2022-04-25 11:15:00,2,771.2869999999998,539.9834999999998,89.99724999999997,10
213.0,2022-04-25 11:45:00,2022-04-25 11:50:00,2,350.8249999999998,295.91549999999984,49.31924999999997,10
215.0,2022-04-25 12:05:00,2022-04-25 12:05:00,1,114.75300000000061,114.75300000000061,9.562750000000051,5
217.0,2022-04-25 12:40:00,2022-04-25 12:40:00,1,47.92500000000018,47.92500000000018,3.993750000000015,5
219.0,2022-04-25 13:05:00,2022-04-25 13:10:00,2,463.40099999999984,435.84749999999985,72.64124999999997,10
221.0,2022-04-25 14:00:00,2022-04-25 14:00:00,1,374.2220000000002,374.2220000000002,31.18516666666668,5
223.0,2022-04-26 10:05:00,2022-04-26 10:05:00,1,128.06899999999996,128.06899999999996,10.672416666666663,5
225.0,2022-04-26 10:20:00,2022-04-26 10:20:00,1,534.2820000000002,534.2820000000002,44.52350000000001,5
227.0,2022-04-26 10:40:00,2022-04-26 10:40:00,1,70.85300000000007,70.85300000000007,5.9044166666666715,5
229.0,2022-04-26 10:50:00,2022-04-26 10:50:00,1,269.31799999999976,269.31799999999976,22.443166666666645,5
231.0,2022-04-26 11:00:00,2022-04-26 11:00:00,1,307.2370000000001,307.2370000000001,25.603083333333338,5
233.0,2022-04-26 11:15:00,2022-04-26 11:15:00,1,176.00099999999975,176.00099999999975,14.666749999999979,5
235.0,2022-04-26 11:55:00,2022-04-26 11:55:00,1,622.107,622.107,51.84224999999999,5
237.0,2022-04-26 12:10:00,2022-04-26 12:10:00,1,998.395,998.395,83.19958333333332,5
239.0,2022-04-26 12:20:00,2022-04-26 12:35:00,4,595.2130000000002,513.615,171.20499999999998,20
241.0,2022-04-26 13:10:00,2022-04-26 13:10:00,1,801.2509999999997,801.2509999999997,66.77091666666664,5
243.0,2022-04-26 14:10:00,2022-04-26 14:15:00,2,1040.116,867.6744999999999,144.61241666666663,10
245.0,2022-04-27 08:05:00,2022-04-27 08:15:00,3,246.05200000000013,157.91800000000012,39.47950000000002,15
247.0,2022-04-27 11:05:00,2022-04-27 11:10:00,2,187.75,168.34249999999997,28.057083333333328,10
249.0,2022-04-27 11:45:00,2022-04-27 12:05:00,5,1508.4640000000009,1051.1704000000004,437.98766666666677,25
251.0,2022-04-27 12:20:00,2022-04-27 13:10:00,11,1039.284,770.7142727272727,706.4880833333333,55
253.0,2022-04-27 13:40:00,2022-04-27 13:50:00,3,633.844,482.1053333333334,120.52633333333335,15
255.0,2022-04-27 14:00:00,2022-04-27 14:00:00,1,10.356999999999971,10.356999999999971,0.8630833333333309,5
257.0,2022-04-27 14:10:00,2022-04-27 14:15:00,2,443.8620000000001,402.7735,67.12891666666667,10
259.0,2022-04-27 14:25:00,2022-04-27 14:55:00,7,560.3719999999998,348.0772857142858,203.04508333333337,35
261.0,2022-04-27 15:15:00,2022-04-27 15:20:00,2,121.07999999999993,104.46450000000004,17.410750000000007,10
263.0,2022-04-27 15:45:00,2022-04-27 15:45:00,1,555.489,555.489,46.29075,5
265.0,2022-04-29 08:20:00,2022-04-29 08:20:00,1,68.4079999999999,68.4079999999999,5.700666666666658,5
267.0,2022-04-29 08:50:00,2022-04-29 09:05:00,4,444.43499999999995,261.53599999999994,87.17866666666664,20
269.0,2022-04-29 09:15:00,2022-04-29 09:15:00,1,215.038,215.038,17.919833333333333,5
271.0,2022-04-29 09:25:00,2022-04-29 09:50:00,6,381.7900000000004,256.0335,128.01675,30
273.0,2022-04-29 10:00:00,2022-04-29 10:05:00,2,44.42599999999993,34.500499999999874,5.750083333333312,10
275.0,2022-04-29 10:15:00,2022-04-29 11:25:00,15,608.6350000000002,484.89559999999994,606.1194999999999,75
277.0,2022-04-29 11:35:00,2022-04-29 16:10:00,56,1160.8180000000002,647.4855,3021.599,280
279.0,2022-04-29 16:20:00,2022-04-29 16:25:00,2,2.242999999999938,1.9094999999998663,0.3182499999999777,10
281.0,2022-04-30 07:30:00,2022-04-30 15:40:00,99,1688.773,795.8919595959596,6566.108666666666,495
283.0,2022-05-01 14:30:00,2022-05-01 14:30:00,1,38.38499999999999,38.38499999999999,3.198749999999999,5
285.0,2022-05-03 12:30:00,2022-05-03 12:45:00,4,129.61300000000028,67.50374999999997,22.501249999999988,20
287.0,2022-05-04 10:20:00,2022-05-04 10:20:00,1,196.10199999999986,196.10199999999986,16.34183333333332,5
289.0,2022-05-04 13:00:00,2022-05-04 13:05:00,2,217.40099999999984,134.60500000000002,22.43416666666667,10
291.0,2022-05-04 13:20:00,2022-05-04 13:20:00,1,139.36699999999973,139.36699999999973,11.613916666666643,5
293.0,2022-05-05 08:30:00,2022-05-05 08:35:00,2,610.3520000000003,448.0005000000001,74.66675000000001,10
295.0,2022-05-05 09:45:00,2022-05-05 09:45:00,1,33.121999999999844,33.121999999999844,2.7601666666666533,5
297.0,2022-05-05 09:55:00,2022-05-05 09:55:00,1,142.86500000000024,142.86500000000024,11.905416666666685,5
299.0,2022-05-05 10:10:00,2022-05-05 10:30:00,5,1334.3380000000002,411.2350000000001,171.34791666666672,25
301.0,2022-05-05 10:40:00,2022-05-05 11:10:00,7,947.2199999999998,480.74928571428563,280.43708333333325,35
303.0,2022-05-05 11:20:00,2022-05-05 11:25:00,2,604.1600000000003,502.8030000000001,83.80050000000001,10
305.0,2022-05-05 11:35:00,2022-05-05 12:35:00,13,1049.65,600.941,651.0194166666668,65
307.0,2022-05-05 12:45:00,2022-05-05 13:40:00,12,731.587,473.2323333333334,473.2323333333334,60
309.0,2022-05-05 13:50:00,2022-05-05 14:00:00,3,264.9580000000001,205.3853333333333,51.34633333333333,15
311.0,2022-05-05 14:15:00,2022-05-05 14:20:00,2,145.04899999999998,92.30899999999997,15.384833333333328,10
313.0,2022-05-05 15:30:00,2022-05-05 15:35:00,2,167.53999999999996,85.58899999999971,14.264833333333284,10
315.0,2022-05-06 07:40:00,2022-05-06 07:40:00,1,6.815000000000055,6.815000000000055,0.5679166666666712,5
317.0,2022-05-06 09:00:00,2022-05-06 09:00:00,1,282.5250000000001,282.5250000000001,23.543750000000006,5
319.0,2022-05-06 09:30:00,2022-05-06 09:30:00,1,199.2489999999998,199.2489999999998,16.604083333333314,5
321.0,2022-05-06 09:45:00,2022-05-06 09:45:00,1,513.3080000000004,513.3080000000004,42.7756666666667,5
323.0,2022-05-06 10:10:00,2022-05-06 10:10:00,1,890.6869999999994,890.6869999999994,74.22391666666661,5
325.0,2022-05-06 11:45:00,2022-05-06 11:45:00,1,222.71399999999994,222.71399999999994,18.559499999999993,5
327.0,2022-05-06 13:05:00,2022-05-06 13:05:00,1,82.73900000000003,82.73900000000003,6.894916666666669,5
329.0,2022-05-06 13:15:00,2022-05-06 13:20:00,2,805.6930000000002,554.8395,92.47325,10
331.0,2022-05-07 07:50:00,2022-05-07 07:50:00,1,75.12199999999984,75.12199999999984,6.260166666666653,5
333.0,2022-05-07 08:15:00,2022-05-07 08:15:00,1,503.4499999999998,503.4499999999998,41.95416666666665,5
335.0,2022-05-07 08:30:00,2022-05-07 08:30:00,1,5.606000000000222,5.606000000000222,0.46716666666668516,5
337.0,2022-05-07 09:05:00,2022-05-07 09:05:00,1,185.44600000000014,185.44600000000014,15.453833333333344,5
339.0,2022-05-07 09:15:00,2022-05-07 13:00:00,46,1710.2819999999997,1043.2125869565218,3998.981583333333,230
341.0,2022-05-07 13:25:00,2022-05-07 13:30:00,2,1417.6689999999999,1208.1779999999999,201.363,10
343.0,2022-05-07 13:45:00,2022-05-07 14:00:00,4,1367.774,996.4939999999999,332.1646666666666,20
345.0,2022-05-07 14:30:00,2022-05-07 14:40:00,3,523.3520000000001,275.63600000000014,68.90900000000002,15
347.0,2022-05-07 14:55:00,2022-05-07 15:05:00,3,1011.0559999999996,745.1359999999999,186.28399999999993,15
349.0,2022-05-07 15:20:00,2022-05-07 15:20:00,1,16.575999999999794,16.575999999999794,1.3813333333333162,5
351.0,2022-05-08 11:05:00,2022-05-08 11:05:00,1,10.832000000000107,10.832000000000107,0.9026666666666756,5
353.0,2022-05-08 11:20:00,2022-05-08 11:35:00,4,249.01099999999997,114.77774999999997,38.25924999999999,20
355.0,2022-05-08 11:45:00,2022-05-08 13:45:00,25,1441.207,672.2669600000002,1400.5561666666667,125
357.0,2022-05-08 13:55:00,2022-05-08 16:20:00,30,1412.9569999999999,915.2245,2288.0612499999997,150
359.0,2022-05-08 16:30:00,2022-05-08 16:50:00,5,207.2449999999999,101.84840000000008,42.43683333333336,25
361.0,2022-05-09 07:40:00,2022-05-09 07:50:00,3,162.51400000000012,102.4886666666667,25.622166666666676,15
363.0,2022-05-09 08:45:00,2022-05-09 10:55:00,27,740.8200000000002,341.98674074074074,769.4701666666666,135
365.0,2022-05-09 11:40:00,2022-05-09 12:05:00,6,1349.433,768.2273333333333,384.11366666666663,30
367.0,2022-05-09 12:40:00,2022-05-09 12:45:00,2,469.0050000000001,339.7695000000001,56.628250000000016,10
369.0,2022-05-10 08:00:00,2022-05-10 08:05:00,2,71.2569999999996,71.19799999999964,11.866333333333273,10
371.0,2022-05-10 08:20:00,2022-05-10 08:45:00,6,947.5409999999997,603.2493333333333,301.6246666666666,30
373.0,2022-05-10 09:05:00,2022-05-10 09:05:00,1,452.54199999999946,452.54199999999946,37.71183333333329,5
375.0,2022-05-10 09:25:00,2022-05-10 09:45:00,5,292.951,195.37339999999995,81.40558333333331,25
377.0,2022-05-10 09:55:00,2022-05-10 10:30:00,8,990.4510000000005,525.5205000000001,350.34700000000004,40
379.0,2022-05-10 10:40:00,2022-05-10 13:40:00,37,1310.4619999999995,711.4451891891891,2193.6226666666666,185
381.0,2022-05-10 13:50:00,2022-05-10 15:55:00,26,1269.5779999999995,750.4176153846154,1625.9048333333333,130
383.0,2022-05-10 16:15:00,2022-05-10 16:20:00,2,616.645,507.10900000000015,84.51816666666669,10
385.0,2022-05-11 11:25:00,2022-05-11 11:25:00,1,60.89899999999989,60.89899999999989,5.074916666666657,5
387.0,2022-05-11 12:30:00,2022-05-11 13:35:00,14,1225.554,752.9767142857144,878.4728333333334,70
389.0,2022-05-11 14:30:00,2022-05-11 14:35:00,2,1096.3850000000002,688.212,114.70199999999998,10
391.0,2022-05-11 14:55:00,2022-05-11 14:55:00,1,9.886999999999716,9.886999999999716,0.823916666666643,5
393.0,2022-05-11 15:35:00,2022-05-11 15:45:00,3,571.2130000000002,506.1093333333335,126.52733333333336,15
395.0,2022-05-11 15:55:00,2022-05-11 16:00:00,2,584.498,335.77499999999986,55.96249999999998,10
397.0,2022-05-11 16:10:00,2022-05-11 16:30:00,5,650.2490000000003,401.4696,167.279,25
399.0,2022-05-12 09:10:00,2022-05-12 10:35:00,18,1224.214,816.9516666666667,1225.4275,90
401.0,2022-05-12 11:25:00,2022-05-12 11:30:00,2,243.89400000000023,130.15250000000015,21.692083333333358,10
403.0,2022-05-12 11:50:00,2022-05-12 12:00:00,3,352.24800000000005,178.02966666666666,44.50741666666666,15
405.0,2022-05-12 12:10:00,2022-05-12 12:10:00,1,128.77999999999975,128.77999999999975,10.731666666666644,5
407.0,2022-05-12 12:45:00,2022-05-12 12:45:00,1,243.0680000000002,243.0680000000002,20.255666666666684,5
409.0,2022-05-12 13:10:00,2022-05-12 13:50:00,9,1276.0089999999996,580.4167777777777,435.31258333333324,45
411.0,2022-05-12 14:45:00,2022-05-12 14:45:00,1,187.38300000000027,187.38300000000027,15.615250000000021,5
413.0,2022-05-12 14:55:00,2022-05-12 15:05:00,3,755.4409999999998,474.8456666666668,118.71141666666668,15
415.0,2022-05-12 15:35:00,2022-05-12 15:35:00,1,283.4340000000002,283.4340000000002,23.619500000000016,5
417.0,2022-05-13 08:50:00,2022-05-13 16:20:00,91,1571.6280000000002,645.9428131868132,4898.399666666666,455
419.0,2022-05-13 16:30:00,2022-05-13 16:40:00,3,182.55800000000022,118.66400000000021,29.666000000000054,15
421.0,2022-05-14 08:00:00,2022-05-14 16:30:00,103,1523.84,996.763922330097,8555.556999999999,515
423.0,2022-05-15 08:30:00,2022-05-15 08:30:00,1,96.70800000000008,96.70800000000008,8.059000000000006,5
425.0,2022-05-15 09:45:00,2022-05-15 10:10:00,6,722.077,640.5504999999999,320.27524999999997,30
427.0,2022-05-15 10:20:00,2022-05-15 13:05:00,34,1315.5749999999998,593.5324705882352,1681.6753333333334,170
429.0,2022-05-15 14:10:00,2022-05-15 14:40:00,7,1168.1879999999996,554.3507142857142,323.3712499999999,35
431.0,2022-05-16 11:05:00,2022-05-16 11:05:00,1,726.406,726.406,60.53383333333333,5
433.0,2022-05-16 11:15:00,2022-05-16 11:15:00,1,321.67199999999957,321.67199999999957,26.805999999999962,5
435.0,2022-05-16 11:35:00,2022-05-16 11:40:00,2,432.3510000000001,341.7635,56.96058333333333,10
437.0,2022-05-16 11:50:00,2022-05-16 12:20:00,7,755.828,388.6552857142857,226.7155833333333,35
439.0,2022-05-16 12:30:00,2022-05-16 13:10:00,9,1123.498,575.830111111111,431.8725833333333,45
441.0,2022-05-16 13:25:00,2022-05-16 13:30:00,2,623.5320000000002,485.70500000000015,80.95083333333335,10
443.0,2022-05-16 13:50:00,2022-05-16 13:50:00,1,560.547,560.547,46.71225,5
445.0,2022-05-16 14:00:00,2022-05-16 14:00:00,1,61.8159999999998,61.8159999999998,5.151333333333317,5
447.0,2022-05-16 14:55:00,2022-05-16 14:55:00,1,442.89599999999973,442.89599999999973,36.90799999999997,5
449.0,2022-05-17 07:45:00,2022-05-17 07:45:00,1,38.91300000000001,38.91300000000001,3.242750000000001,5
451.0,2022-05-17 08:00:00,2022-05-17 08:00:00,1,215.07600000000002,215.07600000000002,17.923000000000002,5
453.0,2022-05-17 08:20:00,2022-05-17 08:20:00,1,58.05799999999999,58.05799999999999,4.838166666666666,5
455.0,2022-05-17 08:50:00,2022-05-17 08:50:00,1,653.7590000000005,653.7590000000005,54.4799166666667,5
457.0,2022-05-17 09:05:00,2022-05-17 09:10:00,2,107.67200000000003,107.48700000000008,17.91450000000001,10
459.0,2022-05-17 09:35:00,2022-05-17 09:35:00,1,48.7199999999998,48.7199999999998,4.059999999999983,5
461.0,2022-05-17 09:45:00,2022-05-17 10:25:00,9,990.6229999999996,497.7732222222221,373.3299166666666,45
463.0,2022-05-17 10:35:00,2022-05-17 11:05:00,7,917.7539999999999,455.3118571428572,265.59858333333335,35
465.0,2022-05-17 11:20:00,2022-05-17 11:20:00,1,198.06899999999996,198.06899999999996,16.505749999999995,5
467.0,2022-05-17 11:50:00,2022-05-17 11:55:00,2,651.4780000000001,569.7579999999998,94.95966666666664,10
469.0,2022-05-17 12:05:00,2022-05-17 12:05:00,1,1256.138,1256.138,104.67816666666666,5
471.0,2022-05-17 12:15:00,2022-05-17 13:15:00,13,1016.433,624.0680769230769,676.07375,65
473.0,2022-05-17 13:30:00,2022-05-17 14:25:00,12,1128.3960000000002,651.8731666666667,651.8731666666666,60
475.0,2022-05-17 14:40:00,2022-05-17 14:55:00,4,297.3309999999997,150.39599999999996,50.131999999999984,20
477.0,2022-05-18 07:20:00,2022-05-18 07:35:00,4,121.67200000000003,80.97425000000004,26.99141666666668,20
479.0,2022-05-18 07:50:00,2022-05-18 08:35:00,10,532.0120000000002,171.30709999999982,142.7559166666665,50
481.0,2022-05-18 08:45:00,2022-05-18 08:55:00,3,476.64999999999964,343.5033333333333,85.8758333333333,15
483.0,2022-05-18 09:05:00,2022-05-18 09:20:00,4,762.076,513.7377500000001,171.2459166666667,20
485.0,2022-05-18 09:30:00,2022-05-18 09:50:00,5,927.4920000000002,677.5611999999999,282.3171666666666,25
487.0,2022-05-18 10:05:00,2022-05-18 11:00:00,12,1119.036,765.9704166666667,765.9704166666667,60
489.0,2022-05-18 11:10:00,2022-05-18 11:45:00,8,685.1990000000001,336.705375,224.47025,40
491.0,2022-05-18 11:55:00,2022-05-18 12:30:00,8,890.9629999999997,429.741375,286.49424999999997,40
493.0,2022-05-18 12:40:00,2022-05-18 15:15:00,32,931.4949999999999,453.04056249999996,1208.1081666666664,160
495.0,2022-05-18 15:30:00,2022-05-18 15:35:00,2,385.4840000000004,236.83450000000016,39.47241666666669,10
497.0,2022-05-19 10:30:00,2022-05-19 10:35:00,2,476.30999999999995,256.1144999999999,42.685749999999985,10
499.0,2022-05-19 10:50:00,2022-05-19 10:50:00,1,973.6610000000001,973.6610000000001,81.13841666666667,5
501.0,2022-05-19 11:00:00,2022-05-19 16:20:00,65,1402.3679999999995,971.8332153846154,5264.096583333333,325
503.0,2022-05-19 16:35:00,2022-05-19 16:55:00,5,259.672,140.53539999999992,58.556416666666635,25
505.0,2022-05-20 08:35:00,2022-05-20 08:40:00,2,182.29799999999977,114.51949999999988,19.086583333333312,10
507.0,2022-05-20 11:30:00,2022-05-20 11:45:00,4,891.8550000000005,678.6655000000002,226.2218333333334,20
509.0,2022-05-20 12:15:00,2022-05-20 12:35:00,5,297.57199999999966,223.86499999999995,93.27708333333331,25
511.0,2022-05-20 13:05:00,2022-05-20 13:10:00,2,608.0520000000001,529.2945,88.21574999999999,10
513.0,2022-05-20 15:15:00,2022-05-20 15:15:00,1,81.49800000000005,81.49800000000005,6.791500000000004,5
515.0,2022-05-20 17:05:00,2022-05-20 17:05:00,1,9.899999999999864,9.899999999999864,0.8249999999999886,5
517.0,2022-05-21 09:20:00,2022-05-21 09:25:00,2,138.308,106.73000000000002,17.788333333333334,10
519.0,2022-05-21 09:50:00,2022-05-21 10:25:00,8,1058.6080000000002,593.3414999999999,395.5609999999999,40
521.0,2022-05-21 10:45:00,2022-05-21 10:50:00,2,771.8809999999999,480.0464999999999,80.00774999999997,10
523.0,2022-05-21 11:05:00,2022-05-21 11:55:00,11,1237.2349999999997,606.4999090909091,555.9582499999999,55
525.0,2022-05-21 12:05:00,2022-05-21 12:25:00,5,909.347,599.7442000000001,249.89341666666667,25
527.0,2022-05-21 12:35:00,2022-05-21 13:45:00,15,1181.8519999999999,633.7557333333333,792.1946666666665,75
529.0,2022-05-21 14:00:00,2022-05-21 14:00:00,1,308.5450000000001,308.5450000000001,25.71208333333334,5
531.0,2022-05-21 14:10:00,2022-05-21 14:20:00,3,623.1379999999999,375.98100000000005,93.99525,15
533.0,2022-05-21 14:30:00,2022-05-21 14:30:00,1,878.634,878.634,73.2195,5
535.0,2022-05-21 14:40:00,2022-05-21 14:55:00,4,623.8620000000001,401.39275,133.7975833333333,20
537.0,2022-05-21 15:05:00,2022-05-21 15:35:00,7,1165.5200000000002,858.2231428571429,500.63016666666664,35
539.0,2022-05-21 15:45:00,2022-05-21 16:35:00,11,964.6660000000002,454.0526363636364,416.2149166666667,55
541.0,2022-05-21 17:00:00,2022-05-21 17:05:00,2,26.82899999999995,21.081500000000005,3.513583333333334,10
543.0,2022-05-22 07:35:00,2022-05-22 07:55:00,5,768.5770000000002,383.0864,159.61933333333334,25
545.0,2022-05-22 08:10:00,2022-05-22 08:10:00,1,3.0670000000000073,3.0670000000000073,0.25558333333333394,5
547.0,2022-05-22 08:25:00,2022-05-22 09:30:00,14,761.6030000000003,406.4272857142858,474.1651666666667,70
549.0,2022-05-22 09:45:00,2022-05-22 09:45:00,1,5.207000000000107,5.207000000000107,0.4339166666666756,5
551.0,2022-05-22 09:55:00,2022-05-22 11:05:00,15,976.3039999999996,449.12126666666666,561.4015833333333,75
553.0,2022-05-22 11:20:00,2022-05-22 11:40:00,5,479.1389999999999,259.0675999999999,107.94483333333329,25
555.0,2022-05-22 11:50:00,2022-05-22 12:55:00,14,929.0809999999997,449.4439285714285,524.3512499999999,70
557.0,2022-05-22 13:30:00,2022-05-22 14:30:00,13,1017.156,485.31323076923076,525.756,65
559.0,2022-05-22 14:40:00,2022-05-22 14:45:00,2,458.95200000000045,419.4630000000002,69.91050000000003,10
561.0,2022-05-22 15:45:00,2022-05-22 15:45:00,1,42.641000000000076,42.641000000000076,3.553416666666673,5
563.0,2022-05-22 16:05:00,2022-05-22 16:05:00,1,78.9050000000002,78.9050000000002,6.575416666666683,5
565.0,2022-05-23 07:05:00,2022-05-23 07:10:00,2,353.85400000000004,190.52200000000005,31.75366666666667,10
567.0,2022-05-23 08:05:00,2022-05-23 08:15:00,3,577.4630000000002,360.7763333333335,90.19408333333338,15
569.0,2022-05-23 08:35:00,2022-05-23 08:45:00,3,589.565,359.2283333333333,89.80708333333332,15
571.0,2022-05-23 09:10:00,2022-05-23 09:10:00,1,92.67299999999977,92.67299999999977,7.722749999999981,5
573.0,2022-05-23 09:20:00,2022-05-23 09:20:00,1,256.23199999999997,256.23199999999997,21.352666666666664,5
575.0,2022-05-23 09:35:00,2022-05-23 09:40:00,2,416.2230000000004,247.67800000000034,41.27966666666672,10
577.0,2022-05-23 09:50:00,2022-05-23 09:55:00,2,179.8109999999997,140.86099999999988,23.47683333333331,10
579.0,2022-05-23 10:10:00,2022-05-23 10:20:00,3,570.1040000000003,301.8763333333333,75.46908333333332,15
581.0,2022-05-23 10:40:00,2022-05-23 10:40:00,1,39.43600000000015,39.43600000000015,3.2863333333333458,5
583.0,2022-05-23 11:30:00,2022-05-23 11:30:00,1,37.896000000000186,37.896000000000186,3.1580000000000155,5
585.0,2022-05-23 11:45:00,2022-05-23 11:50:00,2,66.35100000000011,54.934999999999945,9.155833333333323,10
587.0,2022-05-24 07:10:00,2022-05-24 07:10:00,1,108.45099999999957,108.45099999999957,9.037583333333297,5
589.0,2022-05-24 08:00:00,2022-05-24 08:00:00,1,73.70300000000043,73.70300000000043,6.141916666666702,5
591.0,2022-05-24 08:35:00,2022-05-24 08:35:00,1,868.7059999999997,868.7059999999997,72.39216666666664,5
593.0,2022-05-24 09:00:00,2022-05-24 09:05:00,2,218.16200000000003,129.6384999999999,21.60641666666665,10
595.0,2022-05-24 09:30:00,2022-05-24 09:30:00,1,326.0650000000005,326.0650000000005,27.172083333333376,5
597.0,2022-05-24 09:55:00,2022-05-24 10:10:00,4,604.6710000000003,407.4450000000003,135.81500000000008,20
599.0,2022-05-24 10:20:00,2022-05-24 10:40:00,5,1125.4410000000003,636.9298000000001,265.3874166666667,25
601.0,2022-05-24 11:15:00,2022-05-24 11:20:00,2,452.3319999999999,255.20049999999992,42.533416666666646,10
603.0,2022-05-24 11:35:00,2022-05-24 11:45:00,3,607.384,371.9880000000001,92.99700000000003,15
605.0,2022-05-24 11:55:00,2022-05-24 12:25:00,7,315.422,146.27142857142857,85.325,35
607.0,2022-05-24 12:35:00,2022-05-24 12:50:00,4,725.1180000000004,475.60249999999996,158.53416666666664,20
609.0,2022-05-24 13:15:00,2022-05-24 13:30:00,4,910.6700000000001,522.3235000000001,174.10783333333336,20
611.0,2022-05-24 13:40:00,2022-05-24 13:45:00,2,119.346,103.1210000000001,17.186833333333347,10
613.0,2022-05-24 13:55:00,2022-05-24 13:55:00,1,612.4250000000002,612.4250000000002,51.03541666666668,5
615.0,2022-05-24 14:50:00,2022-05-24 14:55:00,2,537.527,452.5194999999999,75.41991666666664,10
617.0,2022-05-24 15:20:00,2022-05-24 15:25:00,2,710.2389999999996,687.6854999999998,114.61424999999997,10
619.0,2022-05-24 15:40:00,2022-05-24 15:40:00,1,240.88400000000001,240.88400000000001,20.073666666666668,5
621.0,2022-05-24 16:20:00,2022-05-24 16:25:00,2,408.22800000000007,204.76350000000002,34.127250000000004,10
623.0,2022-05-24 16:40:00,2022-05-24 16:40:00,1,357.22699999999986,357.22699999999986,29.768916666666655,5
625.0,2022-05-24 16:50:00,2022-05-24 16:50:00,1,127.46199999999999,127.46199999999999,10.621833333333331,5
627.0,2022-05-25 10:00:00,2022-05-25 10:05:00,2,57.57600000000002,31.292500000000018,5.21541666666667,10
629.0,2022-05-25 10:45:00,2022-05-25 10:45:00,1,442.3609999999999,442.3609999999999,36.86341666666665,5
631.0,2022-05-25 11:20:00,2022-05-25 11:35:00,4,888.2150000000001,559.7930000000001,186.5976666666667,20
633.0,2022-05-25 11:50:00,2022-05-25 11:50:00,1,7.369999999999891,7.369999999999891,0.6141666666666575,5
635.0,2022-05-25 13:05:00,2022-05-25 13:10:00,2,420.5279999999998,313.12099999999987,52.18683333333331,10
637.0,2022-05-25 13:20:00,2022-05-25 13:35:00,4,618.279,528.705,176.235,20
639.0,2022-05-25 13:55:00,2022-05-25 14:20:00,6,419.5590000000002,303.5663333333334,151.78316666666666,30
641.0,2022-05-25 14:55:00,2022-05-25 15:20:00,6,651.8599999999997,423.09916666666663,211.54958333333332,30
643.0,2022-05-25 15:40:00,2022-05-25 15:50:00,3,915.5980000000004,459.37833333333356,114.84458333333339,15
645.0,2022-05-25 16:05:00,2022-05-25 16:10:00,2,371.0809999999999,371.0264999999998,61.83774999999997,10
647.0,2022-05-26 09:05:00,2022-05-26 09:10:00,2,137.63399999999956,128.82549999999992,21.470916666666653,10
649.0,2022-05-26 09:35:00,2022-05-26 09:50:00,4,283.5649999999996,122.57774999999981,40.85924999999993,20
651.0,2022-05-26 10:00:00,2022-05-26 10:30:00,7,733.7270000000003,429.49399999999997,250.53816666666663,35
653.0,2022-05-26 10:55:00,2022-05-26 11:00:00,2,216.60399999999981,185.28049999999985,30.880083333333307,10
655.0,2022-05-26 11:10:00,2022-05-26 11:20:00,3,479.31899999999996,293.5920000000001,73.39800000000001,15
657.0,2022-05-26 11:45:00,2022-05-26 12:15:00,7,781.4409999999998,372.5674285714286,217.33100000000002,35
659.0,2022-05-26 12:35:00,2022-05-26 12:35:00,1,99.99099999999953,99.99099999999953,8.332583333333293,5
661.0,2022-05-26 13:25:00,2022-05-26 13:30:00,2,83.76999999999998,52.96799999999985,8.827999999999975,10
663.0,2022-05-26 13:50:00,2022-05-26 13:50:00,1,11.434999999999945,11.434999999999945,0.9529166666666621,5
665.0,2022-05-26 14:35:00,2022-05-26 14:35:00,1,14.815999999999804,14.815999999999804,1.2346666666666501,5
667.0,2022-05-26 14:55:00,2022-05-26 14:55:00,1,28.243999999999687,28.243999999999687,2.3536666666666406,5
669.0,2022-05-26 15:10:00,2022-05-26 15:10:00,1,251.98599999999988,251.98599999999988,20.998833333333323,5
671.0,2022-05-26 16:25:00,2022-05-26 17:00:00,8,623.1500000000001,303.53375,202.35583333333332,40
673.0,2022-05-26 17:25:00,2022-05-26 17:25:00,1,180.2280000000003,180.2280000000003,15.019000000000023,5
675.0,2022-05-27 08:20:00,2022-05-27 08:20:00,1,117.923,117.923,9.826916666666666,5
677.0,2022-05-27 08:40:00,2022-05-27 08:55:00,4,875.0659999999998,634.2117499999999,211.40391666666665,20
679.0,2022-05-27 09:35:00,2022-05-27 09:35:00,1,54.83699999999999,54.83699999999999,4.569749999999999,5
681.0,2022-05-27 09:50:00,2022-05-27 09:50:00,1,120.21099999999979,120.21099999999979,10.017583333333315,5
683.0,2022-05-27 10:10:00,2022-05-27 10:35:00,6,763.4049999999997,469.10466666666656,234.55233333333325,30
685.0,2022-05-27 10:50:00,2022-05-27 10:50:00,1,1078.5880000000002,1078.5880000000002,89.88233333333335,5
687.0,2022-05-27 11:05:00,2022-05-27 11:10:00,2,156.73399999999992,97.89999999999986,16.31666666666664,10
689.0,2022-05-27 11:25:00,2022-05-27 11:35:00,3,146.42900000000031,102.17666666666658,25.544166666666644,15
691.0,2022-05-27 11:45:00,2022-05-27 11:45:00,1,802.2289999999998,802.2289999999998,66.85241666666664,5
693.0,2022-05-27 11:55:00,2022-05-27 12:00:00,2,628.3009999999999,340.99,56.83166666666666,10
695.0,2022-05-27 12:10:00,2022-05-27 12:15:00,2,305.51800000000003,230.04099999999994,38.340166666666654,10
697.0,2022-05-27 12:25:00,2022-05-27 12:25:00,1,5.74599999999964,5.74599999999964,0.4788333333333033,5
699.0,2022-05-27 12:35:00,2022-05-27 12:35:00,1,386.38599999999997,386.38599999999997,32.198833333333326,5
701.0,2022-05-27 12:45:00,2022-05-27 12:50:00,2,784.3639999999996,649.0134999999998,108.16891666666663,10
703.0,2022-05-27 13:00:00,2022-05-27 13:00:00,1,504.94799999999987,504.94799999999987,42.078999999999986,5
705.0,2022-05-27 13:15:00,2022-05-27 13:15:00,1,224.36099999999988,224.36099999999988,18.696749999999987,5
707.0,2022-05-27 13:25:00,2022-05-27 13:40:00,4,383.0749999999998,249.26049999999987,83.08683333333329,20
709.0,2022-05-27 13:50:00,2022-05-27 13:50:00,1,408.2950000000001,408.2950000000001,34.02458333333334,5
711.0,2022-05-27 14:00:00,2022-05-27 14:10:00,3,389.36500000000024,226.65033333333335,56.66258333333333,15
713.0,2022-05-27 14:30:00,2022-05-27 14:30:00,1,212.39400000000023,212.39400000000023,17.699500000000018,5
715.0,2022-05-27 14:40:00,2022-05-27 15:00:00,5,884.982,310.6268,129.42783333333333,25
717.0,2022-05-27 15:10:00,2022-05-27 15:15:00,2,569.7330000000002,290.32050000000027,48.38675000000004,10
719.0,2022-05-27 15:30:00,2022-05-27 15:30:00,1,8.34900000000016,8.34900000000016,0.6957500000000133,5
721.0,2022-05-27 15:40:00,2022-05-27 15:45:00,2,600.7259999999999,478.5925,79.76541666666665,10
723.0,2022-05-27 17:10:00,2022-05-27 17:15:00,2,390.00599999999963,255.9665,42.66108333333333,10
725.0,2022-05-28 06:35:00,2022-05-28 06:40:00,2,123.9699999999998,95.168,15.861333333333334,10
727.0,2022-05-28 07:00:00,2022-05-28 07:20:00,5,305.4200000000001,236.38879999999995,98.4953333333333,25
729.0,2022-05-28 07:30:00,2022-05-28 07:35:00,2,405.16200000000026,308.0150000000002,51.33583333333337,10
731.0,2022-05-28 07:45:00,2022-05-28 08:40:00,12,1218.9250000000002,705.2078333333334,705.2078333333334,60
733.0,2022-05-28 09:00:00,2022-05-28 09:20:00,5,275.24900000000025,183.60620000000003,76.50258333333335,25
735.0,2022-05-28 09:35:00,2022-05-28 09:35:00,1,818.5740000000001,818.5740000000001,68.2145,5
737.0,2022-05-28 09:45:00,2022-05-28 10:10:00,6,610.0629999999999,367.2471666666666,183.6235833333333,30
739.0,2022-05-28 10:25:00,2022-05-28 10:55:00,7,916.6100000000001,412.8995714285715,240.85808333333333,35
741.0,2022-05-28 11:10:00,2022-05-28 11:20:00,3,298.9250000000002,202.5876666666668,50.6469166666667,15
743.0,2022-05-28 11:30:00,2022-05-28 11:30:00,1,78.25400000000013,78.25400000000013,6.521166666666677,5
745.0,2022-05-28 11:45:00,2022-05-28 12:00:00,4,975.357,435.8724999999999,145.2908333333333,20
747.0,2022-05-28 12:15:00,2022-05-28 12:20:00,2,248.05499999999984,176.76799999999992,29.461333333333318,10
749.0,2022-05-28 12:35:00,2022-05-28 12:55:00,5,654.6689999999999,437.0168,182.09033333333332,25
751.0,2022-05-28 13:05:00,2022-05-28 13:10:00,2,876.213,640.8595,106.80991666666667,10
753.0,2022-05-28 13:20:00,2022-05-28 13:35:00,4,579.3689999999999,331.5564999999999,110.5188333333333,20
755.0,2022-05-28 13:45:00,2022-05-28 13:55:00,3,385.1970000000001,177.97766666666675,44.49441666666669,15
757.0,2022-05-28 14:05:00,2022-05-28 14:10:00,2,336.15099999999984,258.6829999999999,43.11383333333331,10
759.0,2022-05-28 14:30:00,2022-05-28 14:30:00,1,588.7449999999999,588.7449999999999,49.06208333333332,5
761.0,2022-05-28 14:40:00,2022-05-28 14:55:00,4,803.1100000000001,427.59200000000004,142.53066666666666,20
763.0,2022-05-28 15:10:00,2022-05-28 15:35:00,6,677.704,466.6689999999999,233.33449999999993,30
765.0,2022-05-28 16:05:00,2022-05-28 17:05:00,13,1094.4229999999998,760.976846153846,824.3915833333332,65
767.0,2022-05-29 10:40:00,2022-05-29 10:45:00,2,424.40599999999995,391.31549999999993,65.21924999999999,10
769.0,2022-05-29 11:10:00,2022-05-29 11:10:00,1,48.455000000000155,48.455000000000155,4.037916666666679,5
771.0,2022-05-29 11:40:00,2022-05-29 11:45:00,2,120.0039999999999,119.70899999999995,19.95149999999999,10
773.0,2022-05-29 12:05:00,2022-05-29 12:40:00,8,528.1909999999998,241.15325000000004,160.76883333333336,40
775.0,2022-05-29 12:50:00,2022-05-29 13:05:00,4,764.9839999999999,401.2937499999999,133.7645833333333,20
777.0,2022-05-29 13:15:00,2022-05-29 13:15:00,1,548.5550000000003,548.5550000000003,45.712916666666686,5
779.0,2022-05-29 13:25:00,2022-05-29 13:35:00,3,489.5189999999998,260.5376666666666,65.13441666666665,15
781.0,2022-05-29 13:45:00,2022-05-29 14:05:00,5,874.7699999999998,455.5218,189.80075,25
783.0,2022-05-29 14:20:00,2022-05-29 14:55:00,8,706.2150000000004,275.21237500000007,183.47491666666667,40
785.0,2022-05-29 15:10:00,2022-05-29 15:30:00,5,618.4499999999998,275.58799999999997,114.82833333333332,25
787.0,2022-05-30 08:50:00,2022-05-30 08:50:00,1,99.95100000000002,99.95100000000002,8.329250000000002,5
789.0,2022-05-30 09:15:00,2022-05-30 09:15:00,1,38.61499999999978,38.61499999999978,3.2179166666666483,5
791.0,2022-05-30 10:25:00,2022-05-30 10:25:00,1,148.6519999999996,148.6519999999996,12.387666666666632,5
793.0,2022-05-30 10:35:00,2022-05-30 11:30:00,12,1012.9069999999997,552.9895,552.9895,60
795.0,2022-05-30 12:20:00,2022-05-30 12:20:00,1,206.8510000000001,206.8510000000001,17.23758333333334,5
797.0,2022-05-30 12:35:00,2022-05-30 12:35:00,1,148.44299999999976,148.44299999999976,12.370249999999979,5
799.0,2022-05-30 12:45:00,2022-05-30 12:45:00,1,463.5129999999999,463.5129999999999,38.62608333333333,5
801.0,2022-05-30 14:00:00,2022-05-30 14:15:00,4,1073.4609999999998,706.3352499999999,235.44508333333326,20
803.0,2022-05-30 14:30:00,2022-05-30 14:30:00,1,16.83400000000006,16.83400000000006,1.4028333333333383,5
805.0,2022-05-30 14:55:00,2022-05-30 15:00:00,2,53.914999999999964,42.469499999999925,7.078249999999987,10
807.0,2022-05-31 08:20:00,2022-05-31 08:20:00,1,422.6560000000002,422.6560000000002,35.22133333333335,5
809.0,2022-05-31 09:10:00,2022-05-31 09:10:00,1,764.9549999999999,764.9549999999999,63.74624999999999,5
811.0,2022-05-31 10:50:00,2022-05-31 11:05:00,4,451.07699999999977,406.85874999999993,135.6195833333333,20
813.0,2022-05-31 11:20:00,2022-05-31 11:25:00,2,602.9839999999999,397.1759999999997,66.19599999999994,10
815.0,2022-05-31 12:45:00,2022-05-31 12:45:00,1,68.99300000000017,68.99300000000017,5.74941666666668,5
817.0,2022-05-31 13:00:00,2022-05-31 13:00:00,1,146.33700000000044,146.33700000000044,12.194750000000036,5
819.0,2022-05-31 13:20:00,2022-05-31 13:20:00,1,11.061999999999898,11.061999999999898,0.9218333333333248,5
821.0,2022-05-31 13:40:00,2022-05-31 13:40:00,1,326.5540000000001,326.5540000000001,27.21283333333334,5
823.0,2022-05-31 14:35:00,2022-05-31 14:35:00,1,19.164000000000215,19.164000000000215,1.5970000000000177,5
825.0,2022-05-31 14:50:00,2022-05-31 14:50:00,1,60.340999999999894,60.340999999999894,5.028416666666658,5
827.0,2022-05-31 15:25:00,2022-05-31 15:30:00,2,450.4789999999998,232.4604999999999,38.74341666666665,10
829.0,2022-05-31 16:20:00,2022-05-31 16:20:00,1,245.10999999999967,245.10999999999967,20.425833333333305,5
831.0,2022-05-31 16:30:00,2022-05-31 16:55:00,6,583.3990000000003,509.2341666666666,254.6170833333333,30
833.0,2022-05-31 17:05:00,2022-05-31 17:05:00,1,114.48199999999997,114.48199999999997,9.540166666666664,5
835.0,2022-05-31 17:15:00,2022-05-31 17:20:00,2,129.55899999999997,121.274,20.212333333333333,10
837.0,2022-06-01 07:25:00,2022-06-01 07:35:00,3,512.2380000000003,330.42100000000005,82.60525000000001,15
839.0,2022-06-01 08:35:00,2022-06-01 08:50:00,4,1033.882,824.1304999999999,274.7101666666666,20
841.0,2022-06-01 09:00:00,2022-06-01 09:00:00,1,246.07199999999966,246.07199999999966,20.505999999999972,5
843.0,2022-06-01 09:25:00,2022-06-01 09:30:00,2,363.3829999999998,184.93600000000015,30.82266666666669,10
845.0,2022-06-01 09:45:00,2022-06-01 09:50:00,2,368.34299999999985,315.81349999999975,52.63558333333329,10
847.0,2022-06-01 10:55:00,2022-06-01 11:05:00,3,199.4960000000001,131.54300000000012,32.88575000000003,15
849.0,2022-06-01 11:35:00,2022-06-01 11:55:00,5,772.875,586.1980000000001,244.24916666666667,25
851.0,2022-06-01 12:10:00,2022-06-01 12:15:00,2,342.63699999999994,222.44600000000003,37.074333333333335,10
853.0,2022-06-01 12:25:00,2022-06-01 12:25:00,1,332.49000000000024,332.49000000000024,27.707500000000017,5
855.0,2022-06-01 12:35:00,2022-06-01 12:55:00,5,816.8009999999999,484.38419999999996,201.82674999999998,25
857.0,2022-06-01 13:45:00,2022-06-01 13:45:00,1,390.47100000000023,390.47100000000023,32.53925000000002,5
859.0,2022-06-01 13:55:00,2022-06-01 13:55:00,1,324.7370000000001,324.7370000000001,27.061416666666673,5
861.0,2022-06-01 14:05:00,2022-06-01 14:10:00,2,245.67000000000007,164.38649999999984,27.39774999999997,10
863.0,2022-06-01 14:40:00,2022-06-01 14:40:00,1,230.57999999999993,230.57999999999993,19.214999999999993,5
865.0,2022-06-01 16:50:00,2022-06-01 16:50:00,1,248.942,248.942,20.745166666666666,5
867.0,2022-06-02 06:55:00,2022-06-02 07:00:00,2,144.70399999999995,78.59599999999989,13.099333333333314,10
869.0,2022-06-02 07:25:00,2022-06-02 07:40:00,4,556.7860000000001,347.5259999999999,115.84199999999996,20
871.0,2022-06-02 07:50:00,2022-06-02 09:05:00,16,1088.9260000000002,786.1003125,1048.13375,80
873.0,2022-06-02 09:30:00,2022-06-02 09:30:00,1,40.69800000000009,40.69800000000009,3.3915000000000077,5
875.0,2022-06-02 09:40:00,2022-06-02 09:40:00,1,244.086,244.086,20.3405,5
877.0,2022-06-02 09:50:00,2022-06-02 09:50:00,1,228.08500000000004,228.08500000000004,19.007083333333334,5
879.0,2022-06-02 10:05:00,2022-06-02 10:20:00,4,173.98399999999992,136.42824999999993,45.47608333333331,20
881.0,2022-06-02 10:30:00,2022-06-02 10:30:00,1,260.5609999999997,260.5609999999997,21.71341666666664,5
883.0,2022-06-02 10:50:00,2022-06-02 11:05:00,4,466.08299999999986,341.7449999999999,113.91499999999996,20
885.0,2022-06-02 11:15:00,2022-06-02 11:15:00,1,85.1099999999999,85.1099999999999,7.092499999999991,5
887.0,2022-06-02 11:40:00,2022-06-02 11:45:00,2,65.35200000000009,49.747999999999934,8.291333333333322,10
889.0,2022-06-02 12:05:00,2022-06-02 12:30:00,6,1296.7799999999997,456.027,228.01349999999996,30
891.0,2022-06-02 13:05:00,2022-06-02 13:20:00,4,1098.23,546.3255000000001,182.10850000000002,20
893.0,2022-06-02 13:40:00,2022-06-02 13:45:00,2,517.1180000000002,378.9775000000001,63.162916666666675,10
895.0,2022-06-02 14:15:00,2022-06-02 14:15:00,1,257.721,257.721,21.47675,5
897.0,2022-06-02 14:45:00,2022-06-02 15:40:00,12,799.4850000000001,407.62600000000003,407.62600000000003,60
899.0,2022-06-02 15:55:00,2022-06-02 16:10:00,4,359.30600000000004,257.541,85.847,20
901.0,2022-06-02 16:25:00,2022-06-02 16:30:00,2,521.2479999999998,261.83299999999997,43.638833333333324,10
903.0,2022-06-03 07:05:00,2022-06-03 07:05:00,1,197.4290000000001,197.4290000000001,16.45241666666667,5
905.0,2022-06-03 07:30:00,2022-06-03 07:35:00,2,412.9430000000002,293.4190000000001,48.90316666666668,10
907.0,2022-06-03 07:45:00,2022-06-03 08:10:00,6,777.6830000000002,592.4106666666667,296.2053333333333,30
909.0,2022-06-03 08:20:00,2022-06-03 09:00:00,9,839.9910000000002,534.6393333333334,400.9795000000001,45
911.0,2022-06-03 09:10:00,2022-06-03 09:15:00,2,492.0310000000002,352.64750000000004,58.77458333333334,10
913.0,2022-06-03 09:25:00,2022-06-03 09:50:00,6,912.4999999999998,371.5088333333333,185.75441666666666,30
915.0,2022-06-03 10:00:00,2022-06-03 10:10:00,3,360.79100000000017,277.0199999999999,69.25499999999997,15
917.0,2022-06-03 10:25:00,2022-06-03 10:45:00,5,199.1320000000003,122.11380000000013,50.88075000000005,25
919.0,2022-06-03 11:00:00,2022-06-03 11:00:00,1,29.298999999999978,29.298999999999978,2.441583333333331,5
921.0,2022-06-03 11:10:00,2022-06-03 11:10:00,1,76.66599999999994,76.66599999999994,6.388833333333328,5
923.0,2022-06-03 11:20:00,2022-06-03 11:25:00,2,343.6369999999997,306.16149999999993,51.02691666666665,10
925.0,2022-06-03 11:40:00,2022-06-03 12:10:00,7,297.9509999999998,101.84328571428571,59.40858333333333,35
927.0,2022-06-03 12:20:00,2022-06-03 12:35:00,4,406.3430000000001,339.9520000000001,113.31733333333337,20
929.0,2022-06-03 12:50:00,2022-06-03 12:55:00,2,926.6850000000002,882.8425000000002,147.14041666666668,10
931.0,2022-06-03 13:05:00,2022-06-03 13:10:00,2,524.6409999999998,416.48799999999983,69.41466666666663,10
933.0,2022-06-03 13:20:00,2022-06-03 13:20:00,1,311.442,311.442,25.9535,5
935.0,2022-06-03 13:35:00,2022-06-03 14:00:00,6,500.06700000000023,238.46933333333334,119.23466666666667,30
937.0,2022-06-03 14:10:00,2022-06-03 14:20:00,3,848.8259999999998,471.8536666666666,117.96341666666663,15
939.0,2022-06-03 14:30:00,2022-06-03 15:05:00,8,308.29499999999985,144.861875,96.57458333333332,40
941.0,2022-06-03 15:15:00,2022-06-03 15:20:00,2,238.20100000000025,165.36350000000016,27.560583333333355,10
943.0,2022-06-03 15:30:00,2022-06-03 15:35:00,2,889.8229999999999,863.007,143.8345,10
945.0,2022-06-03 15:45:00,2022-06-03 16:20:00,8,992.6970000000001,488.449875,325.63325,40
947.0,2022-06-03 16:35:00,2022-06-03 16:40:00,2,220.98599999999988,147.96299999999997,24.660499999999992,10
949.0,2022-06-03 16:55:00,2022-06-03 17:10:00,4,873.3419999999996,565.2702499999999,188.4234166666666,20
951.0,2022-06-03 17:35:00,2022-06-03 17:40:00,2,476.212,419.33299999999986,69.88883333333331,10
953.0,2022-06-03 17:50:00,2022-06-03 17:50:00,1,120.95500000000015,120.95500000000015,10.079583333333346,5
955.0,2022-06-04 07:10:00,2022-06-04 07:35:00,6,639.768,392.99566666666664,196.4978333333333,30
957.0,2022-06-04 07:50:00,2022-06-04 08:30:00,9,926.752,447.5345555555555,335.65091666666666,45
959.0,2022-06-04 08:40:00,2022-06-04 08:50:00,3,261.9390000000001,152.2326666666667,38.05816666666667,15
961.0,2022-06-04 09:00:00,2022-06-04 16:55:00,96,1292.6710000000003,553.0837395833333,4424.669916666667,480
963.0,2022-06-06 16:50:00,2022-06-06 16:50:00,1,7.574999999999818,7.574999999999818,0.6312499999999848,5
965.0,2022-06-07 07:15:00,2022-06-07 07:50:00,8,553.2679999999998,314.43449999999996,209.623,40
967.0,2022-06-07 08:10:00,2022-06-07 09:10:00,13,1377.0339999999999,888.1412307692307,962.1529999999999,65
969.0,2022-06-07 09:20:00,2022-06-07 09:20:00,1,209.93200000000024,209.93200000000024,17.49433333333335,5
971.0,2022-06-07 09:35:00,2022-06-07 09:35:00,1,86.98500000000013,86.98500000000013,7.24875000000001,5
973.0,2022-06-07 09:50:00,2022-06-07 09:55:00,2,614.232,606.7684999999999,101.12808333333331,10
975.0,2022-06-07 10:15:00,2022-06-07 10:20:00,2,498.27099999999996,315.74850000000004,52.624750000000006,10
977.0,2022-06-07 11:05:00,2022-06-07 11:05:00,1,94.2610000000002,94.2610000000002,7.855083333333349,5
979.0,2022-06-07 11:15:00,2022-06-07 11:20:00,2,671.1369999999997,355.077,59.1795,10
981.0,2022-06-07 11:35:00,2022-06-07 11:40:00,2,661.3319999999999,467.27099999999996,77.87849999999999,10
983.0,2022-06-07 12:50:00,2022-06-07 12:55:00,2,479.65999999999985,308.5635,51.42724999999999,10
985.0,2022-06-07 13:30:00,2022-06-07 13:45:00,4,312.63700000000017,150.5072500000001,50.16908333333337,20
987.0,2022-06-07 13:55:00,2022-06-07 13:55:00,1,341.424,341.424,28.451999999999998,5
989.0,2022-06-07 14:35:00,2022-06-07 14:40:00,2,586.5830000000001,408.5440000000001,68.09066666666668,10
991.0,2022-06-07 14:55:00,2022-06-07 15:00:00,2,693.1569999999997,378.4269999999998,63.07116666666663,10
993.0,2022-06-07 15:10:00,2022-06-07 15:30:00,5,832.48,387.03119999999996,161.26299999999998,25
995.0,2022-06-07 15:55:00,2022-06-07 16:05:00,3,385.57699999999977,357.68833333333345,89.42208333333335,15
997.0,2022-06-07 16:40:00,2022-06-07 16:40:00,1,45.15599999999995,45.15599999999995,3.7629999999999955,5
999.0,2022-06-07 16:50:00,2022-06-07 16:50:00,1,88.62800000000016,88.62800000000016,7.38566666666668,5
1001.0,2022-06-08 07:30:00,2022-06-08 07:35:00,2,395.77599999999984,239.2584999999999,39.87641666666665,10
1003.0,2022-06-08 08:25:00,2022-06-08 08:25:00,1,69.69499999999994,69.69499999999994,5.807916666666661,5
1005.0,2022-06-08 08:45:00,2022-06-08 08:45:00,1,43.63300000000004,43.63300000000004,3.636083333333336,5
1007.0,2022-06-08 09:00:00,2022-06-08 09:10:00,3,472.0920000000003,333.2286666666668,83.30716666666669,15
1009.0,2022-06-08 09:20:00,2022-06-08 09:25:00,2,212.51999999999998,118.15249999999992,19.69208333333332,10
1011.0,2022-06-08 10:05:00,2022-06-08 10:20:00,4,772.5910000000003,260.7412499999999,86.91374999999998,20
1013.0,2022-06-08 10:30:00,2022-06-08 10:30:00,1,49.225000000000364,49.225000000000364,4.102083333333363,5
1015.0,2022-06-08 10:45:00,2022-06-08 10:50:00,2,322.40499999999975,161.73199999999974,26.95533333333329,10
1017.0,2022-06-08 11:00:00,2022-06-08 11:15:00,4,465.9430000000002,284.7537500000003,94.91791666666677,20
1019.0,2022-06-08 11:55:00,2022-06-08 12:00:00,2,676.0559999999998,487.37649999999996,81.22941666666665,10
1021.0,2022-06-08 12:45:00,2022-06-08 12:45:00,1,74.2489999999998,74.2489999999998,6.18741666666665,5
1023.0,2022-06-08 13:10:00,2022-06-08 13:35:00,6,675.306,417.4206666666667,208.71033333333335,30
1025.0,2022-06-08 14:05:00,2022-06-08 14:10:00,2,309.9069999999999,161.23749999999995,26.872916666666658,10
1027.0,2022-06-08 14:20:00,2022-06-08 14:20:00,1,398.04700000000025,398.04700000000025,33.170583333333354,5
1029.0,2022-06-08 14:30:00,2022-06-08 14:30:00,1,131.35899999999992,131.35899999999992,10.946583333333326,5
1031.0,2022-06-08 15:00:00,2022-06-08 15:00:00,1,271.2999999999997,271.2999999999997,22.60833333333331,5
1033.0,2022-06-08 15:10:00,2022-06-08 15:15:00,2,259.6800000000003,176.00450000000023,29.334083333333368,10
1035.0,2022-06-08 15:45:00,2022-06-08 15:45:00,1,47.3159999999998,47.3159999999998,3.9429999999999836,5
1037.0,2022-06-08 15:55:00,2022-06-08 15:55:00,1,264.34900000000016,264.34900000000016,22.029083333333347,5
1039.0,2022-06-08 16:20:00,2022-06-08 16:40:00,5,1002.8050000000001,385.49460000000005,160.62275,25
1041.0,2022-06-09 07:00:00,2022-06-09 07:00:00,1,16.555999999999813,16.555999999999813,1.379666666666651,5
1043.0,2022-06-09 07:15:00,2022-06-09 07:25:00,3,334.0619999999999,145.45399999999987,36.363499999999966,15
1045.0,2022-06-09 07:50:00,2022-06-09 07:55:00,2,394.9999999999998,253.2064999999999,42.20108333333331,10
1047.0,2022-06-09 08:30:00,2022-06-09 08:30:00,1,53.756000000000085,53.756000000000085,4.479666666666674,5
1049.0,2022-06-09 08:40:00,2022-06-09 08:45:00,2,345.46500000000015,189.07949999999983,31.51324999999997,10
1051.0,2022-06-09 09:00:00,2022-06-09 09:00:00,1,32.455999999999904,32.455999999999904,2.7046666666666583,5
1053.0,2022-06-09 09:10:00,2022-06-09 09:20:00,3,1031.7059999999997,599.1263333333332,149.7815833333333,15
1055.0,2022-06-09 09:55:00,2022-06-09 09:55:00,1,133.05600000000027,133.05600000000027,11.088000000000022,5
1057.0,2022-06-09 10:10:00,2022-06-09 10:10:00,1,455.8480000000004,455.8480000000004,37.98733333333337,5
1059.0,2022-06-09 10:55:00,2022-06-09 10:55:00,1,320.40200000000004,320.40200000000004,26.700166666666668,5
1061.0,2022-06-09 11:10:00,2022-06-09 11:25:00,4,635.7559999999999,360.60849999999994,120.2028333333333,20
1063.0,2022-06-09 11:40:00,2022-06-09 11:40:00,1,130.0010000000002,130.0010000000002,10.833416666666682,5
1065.0,2022-06-09 12:25:00,2022-06-09 12:25:00,1,129.89999999999986,129.89999999999986,10.824999999999989,5
1067.0,2022-06-10 07:10:00,2022-06-10 07:15:00,2,144.8309999999999,109.00799999999992,18.167999999999985,10
1069.0,2022-06-10 08:00:00,2022-06-10 08:05:00,2,811.8870000000002,448.2360000000002,74.70600000000003,10
1071.0,2022-06-10 09:25:00,2022-06-10 09:30:00,2,68.80800000000045,36.128500000000145,6.021416666666691,10
1073.0,2022-06-10 09:45:00,2022-06-10 09:45:00,1,283.55300000000034,283.55300000000034,23.629416666666692,5
1075.0,2022-06-10 09:55:00,2022-06-10 09:55:00,1,178.60799999999972,178.60799999999972,14.883999999999975,5
1077.0,2022-06-10 10:55:00,2022-06-10 10:55:00,1,130.00099999999998,130.00099999999998,10.833416666666665,5
1079.0,2022-06-10 11:30:00,2022-06-10 11:30:00,1,214.37199999999984,214.37199999999984,17.86433333333332,5
1081.0,2022-06-10 11:40:00,2022-06-10 11:40:00,1,10.47400000000016,10.47400000000016,0.8728333333333467,5
1083.0,2022-06-10 11:50:00,2022-06-10 12:25:00,8,1158.0719999999997,385.9759999999999,257.31733333333324,40
1085.0,2022-06-10 12:45:00,2022-06-10 12:45:00,1,159.82600000000002,159.82600000000002,13.318833333333334,5
1087.0,2022-06-10 12:55:00,2022-06-10 12:55:00,1,525.0150000000001,525.0150000000001,43.751250000000006,5
1089.0,2022-06-10 13:05:00,2022-06-10 13:20:00,4,297.875,271.69525,90.56508333333332,20
1091.0,2022-06-10 13:30:00,2022-06-10 13:30:00,1,506.53700000000026,506.53700000000026,42.211416666666686,5
1093.0,2022-06-10 13:40:00,2022-06-10 13:45:00,2,524.7330000000002,399.8610000000001,66.64350000000002,10
1095.0,2022-06-10 13:55:00,2022-06-10 13:55:00,1,125.93299999999999,125.93299999999999,10.494416666666666,5
1097.0,2022-06-10 14:05:00,2022-06-10 14:05:00,1,161.03999999999996,161.03999999999996,13.419999999999996,5
1099.0,2022-06-10 14:15:00,2022-06-10 14:15:00,1,463.1210000000001,463.1210000000001,38.59341666666667,5
1101.0,2022-06-10 14:25:00,2022-06-10 14:35:00,3,471.1339999999998,300.498,75.12449999999998,15
1103.0,2022-06-10 14:45:00,2022-06-10 15:45:00,13,734.6120000000001,352.0903846153846,381.43125,65
1105.0,2022-06-10 15:55:00,2022-06-10 16:05:00,3,582.0750000000003,508.5033333333335,127.12583333333336,15
1107.0,2022-06-10 16:20:00,2022-06-10 16:20:00,1,311.48299999999995,311.48299999999995,25.95691666666666,5
1109.0,2022-06-10 16:40:00,2022-06-10 16:50:00,3,104.92800000000011,50.4386666666666,12.60966666666665,15
1111.0,2022-06-10 17:00:00,2022-06-10 17:00:00,1,691.377,691.377,57.614749999999994,5
1113.0,2022-06-10 17:50:00,2022-06-10 17:50:00,1,31.43899999999985,31.43899999999985,2.6199166666666542,5
1115.0,2022-06-11 06:25:00,2022-06-11 06:25:00,1,29.083000000000084,29.083000000000084,2.4235833333333403,5
1117.0,2022-06-11 06:35:00,2022-06-11 07:10:00,8,913.6989999999998,502.459125,334.97275,40
1119.0,2022-06-11 07:35:00,2022-06-11 07:50:00,4,903.1570000000002,613.9430000000001,204.64766666666668,20
1121.0,2022-06-11 08:00:00,2022-06-11 08:15:00,4,936.3619999999999,674.7025,224.9008333333333,20
1123.0,2022-06-11 08:25:00,2022-06-11 09:15:00,11,808.8599999999997,513.9186363636363,471.09208333333333,55
1125.0,2022-06-11 09:35:00,2022-06-11 09:55:00,5,889.482,557.2228,232.17616666666666,25
1127.0,2022-06-11 10:05:00,2022-06-11 13:40:00,44,1113.706,490.12213636363634,1797.1145,220
1129.0,2022-06-11 13:55:00,2022-06-11 14:10:00,4,250.18100000000004,198.32825000000003,66.10941666666668,20
1131.0,2022-06-11 14:20:00,2022-06-11 17:40:00,41,1134.957,511.56029268292684,1747.831,205
1133.0,2022-06-11 17:50:00,2022-06-11 18:05:00,4,269.9090000000001,191.27900000000005,63.75966666666668,20
1135.0,2022-06-11 18:25:00,2022-06-11 18:25:00,1,7.417999999999893,7.417999999999893,0.6181666666666576,5
1137.0,2022-06-12 06:50:00,2022-06-12 06:50:00,1,116.13499999999999,116.13499999999999,9.677916666666665,5
1139.0,2022-06-12 07:20:00,2022-06-12 07:25:00,2,133.7610000000002,79.30650000000014,13.217750000000022,10
1141.0,2022-06-12 07:50:00,2022-06-12 07:50:00,1,179.019,179.019,14.91825,5
1143.0,2022-06-12 08:20:00,2022-06-12 08:45:00,6,990.8820000000001,548.7846666666666,274.3923333333333,30
1145.0,2022-06-12 09:10:00,2022-06-12 09:10:00,1,55.291999999999916,55.291999999999916,4.60766666666666,5
1147.0,2022-06-12 09:20:00,2022-06-12 09:30:00,3,491.115,340.6003333333333,85.15008333333333,15
1149.0,2022-06-12 09:40:00,2022-06-12 09:45:00,2,428.13800000000015,354.00300000000016,59.000500000000024,10
1151.0,2022-06-12 10:00:00,2022-06-12 10:15:00,4,337.3209999999999,245.15399999999994,81.71799999999998,20
1153.0,2022-06-12 10:30:00,2022-06-12 10:40:00,3,339.326,272.82366666666667,68.20591666666667,15
1155.0,2022-06-12 10:50:00,2022-06-12 10:55:00,2,351.655,248.38650000000007,41.39775000000001,10
1157.0,2022-06-12 11:05:00,2022-06-12 12:25:00,17,1120.854,491.85147058823543,696.7895833333334,85
1159.0,2022-06-12 12:35:00,2022-06-12 14:50:00,28,920.2940000000001,447.242,1043.5646666666667,140
1161.0,2022-06-12 15:05:00,2022-06-12 15:10:00,2,346.356,244.02650000000006,40.67108333333334,10
1163.0,2022-06-12 15:20:00,2022-06-12 16:45:00,18,962.6450000000002,432.4001666666666,648.60025,90
1165.0,2022-06-12 17:05:00,2022-06-12 17:05:00,1,40.45700000000011,40.45700000000011,3.3714166666666756,5
1167.0,2022-06-13 08:00:00,2022-06-13 08:00:00,1,56.312999999999874,56.312999999999874,4.6927499999999895,5
1169.0,2022-06-13 10:35:00,2022-06-13 10:35:00,1,145.9469999999999,145.9469999999999,12.16224999999999,5
1171.0,2022-06-13 10:55:00,2022-06-13 11:00:00,2,945.4839999999997,552.6014999999999,92.10024999999997,10
1173.0,2022-06-13 11:10:00,2022-06-13 11:10:00,1,62.96499999999992,62.96499999999992,5.247083333333326,5
1175.0,2022-06-13 11:40:00,2022-06-13 11:45:00,2,82.60400000000004,43.980999999999995,7.330166666666666,10
1177.0,2022-06-13 11:55:00,2022-06-13 12:10:00,4,614.2139999999999,509.06275000000005,169.68758333333335,20
1179.0,2022-06-13 12:20:00,2022-06-13 12:20:00,1,510.21699999999964,510.21699999999964,42.5180833333333,5
1181.0,2022-06-13 12:30:00,2022-06-13 12:30:00,1,20.601000000000113,20.601000000000113,1.7167500000000093,5
1183.0,2022-06-13 12:50:00,2022-06-13 12:55:00,2,412.20399999999995,319.7444999999999,53.290749999999974,10
1185.0,2022-06-13 13:40:00,2022-06-13 13:40:00,1,100.79099999999994,100.79099999999994,8.399249999999995,5
1187.0,2022-06-13 14:25:00,2022-06-13 15:10:00,10,451.73099999999977,280.04689999999994,233.3724166666666,50
1189.0,2022-06-13 15:30:00,2022-06-13 15:30:00,1,624.1769999999997,624.1769999999997,52.01474999999997,5
1191.0,2022-06-13 15:40:00,2022-06-13 16:00:00,5,753.377,412.14439999999996,171.7268333333333,25
1193.0,2022-06-13 16:25:00,2022-06-13 16:40:00,4,750.9649999999999,534.373,178.12433333333337,20
1195.0,2022-06-13 16:50:00,2022-06-13 16:50:00,1,64.63300000000004,64.63300000000004,5.386083333333336,5
1197.0,2022-06-14 07:50:00,2022-06-14 07:50:00,1,6.70900000000006,6.70900000000006,0.5590833333333383,5
1199.0,2022-06-14 08:20:00,2022-06-14 08:20:00,1,319.58500000000004,319.58500000000004,26.632083333333334,5
1201.0,2022-06-14 08:30:00,2022-06-14 08:30:00,1,234.39100000000008,234.39100000000008,19.53258333333334,5
1203.0,2022-06-14 08:40:00,2022-06-14 08:40:00,1,469.4779999999996,469.4779999999996,39.123166666666634,5
1205.0,2022-06-14 09:25:00,2022-06-14 09:25:00,1,21.499000000000024,21.499000000000024,1.7915833333333353,5
1207.0,2022-06-14 09:40:00,2022-06-14 09:40:00,1,329.27899999999977,329.27899999999977,27.439916666666647,5
1209.0,2022-06-14 10:00:00,2022-06-14 10:05:00,2,781.1579999999999,692.2224999999999,115.37041666666664,10
1211.0,2022-06-14 10:40:00,2022-06-14 11:00:00,5,666.2049999999999,355.1460000000001,147.97750000000002,25
1213.0,2022-06-14 11:15:00,2022-06-14 11:15:00,1,171.68200000000002,171.68200000000002,14.306833333333334,5
1215.0,2022-06-14 11:25:00,2022-06-14 11:25:00,1,70.38499999999999,70.38499999999999,5.865416666666666,5
1217.0,2022-06-14 11:40:00,2022-06-14 11:40:00,1,18.603999999999814,18.603999999999814,1.5503333333333178,5
1219.0,2022-06-14 12:10:00,2022-06-14 12:10:00,1,855.3190000000002,855.3190000000002,71.27658333333335,5
1221.0,2022-06-14 12:25:00,2022-06-14 12:25:00,1,369.644,369.644,30.803666666666665,5
1223.0,2022-06-14 12:40:00,2022-06-14 12:40:00,1,398.25300000000016,398.25300000000016,33.18775000000001,5
1225.0,2022-06-14 12:55:00,2022-06-14 13:00:00,2,554.5709999999995,308.4929999999996,51.41549999999993,10
1227.0,2022-06-14 13:30:00,2022-06-14 13:40:00,3,1243.708,1031.3456666666668,257.83641666666665,15
1229.0,2022-06-14 14:00:00,2022-06-14 14:00:00,1,420.4860000000001,420.4860000000001,35.04050000000001,5
1231.0,2022-06-14 14:30:00,2022-06-14 14:35:00,2,127.73299999999995,114.27249999999992,19.045416666666654,10
1233.0,2022-06-14 14:55:00,2022-06-14 15:20:00,6,1170.5479999999998,442.6458333333333,221.32291666666663,30
1235.0,2022-06-14 15:30:00,2022-06-14 16:20:00,11,1484.1760000000002,1234.9886363636365,1132.0729166666667,55
1237.0,2022-06-14 16:50:00,2022-06-14 16:50:00,1,44.08699999999999,44.08699999999999,3.6739166666666656,5
1239.0,2022-06-15 07:50:00,2022-06-15 08:10:00,5,666.6209999999999,315.29299999999995,131.3720833333333,25
1241.0,2022-06-15 08:25:00,2022-06-15 08:30:00,2,241.336,206.00750000000005,34.33458333333334,10
1243.0,2022-06-15 08:50:00,2022-06-15 08:50:00,1,2.4809999999999945,2.4809999999999945,0.20674999999999955,5
1245.0,2022-06-15 09:15:00,2022-06-15 09:30:00,4,865.502,541.12175,180.37391666666664,20
1247.0,2022-06-15 09:40:00,2022-06-15 09:55:00,4,888.1360000000004,714.3122500000001,238.10408333333334,20
1249.0,2022-06-15 10:40:00,2022-06-15 10:40:00,1,243.97400000000016,243.97400000000016,20.33116666666668,5
1251.0,2022-06-15 10:55:00,2022-06-15 10:55:00,1,303.80600000000004,303.80600000000004,25.31716666666667,5
1253.0,2022-06-15 11:20:00,2022-06-15 11:20:00,1,101.4219999999998,101.4219999999998,8.451833333333315,5
1255.0,2022-06-15 11:35:00,2022-06-15 11:35:00,1,90.60200000000009,90.60200000000009,7.550166666666674,5
1257.0,2022-06-15 11:45:00,2022-06-15 11:45:00,1,253.9920000000002,253.9920000000002,21.166000000000015,5
1259.0,2022-06-15 11:55:00,2022-06-15 12:50:00,12,969.6419999999998,613.3542499999999,613.3542499999999,60
1261.0,2022-06-15 14:55:00,2022-06-15 15:00:00,2,233.37000000000012,151.93200000000002,25.322000000000003,10
1263.0,2022-06-15 15:15:00,2022-06-15 15:20:00,2,73.19100000000003,44.92349999999999,7.487249999999998,10
1265.0,2022-06-15 16:10:00,2022-06-15 16:20:00,3,245.42399999999998,171.6063333333334,42.90158333333335,15
1267.0,2022-06-16 07:05:00,2022-06-16 07:05:00,1,9.923999999999978,9.923999999999978,0.8269999999999982,5
1269.0,2022-06-16 07:25:00,2022-06-16 07:35:00,3,158.18900000000008,81.03166666666675,20.257916666666688,15
1271.0,2022-06-16 07:45:00,2022-06-16 10:30:00,34,1274.134,571.6447647058823,1619.6601666666666,170
1273.0,2022-06-16 10:40:00,2022-06-16 10:50:00,3,205.48700000000008,167.22300000000004,41.80575,15
1275.0,2022-06-16 11:00:00,2022-06-16 11:00:00,1,104.92399999999998,104.92399999999998,8.743666666666664,5
1277.0,2022-06-16 11:10:00,2022-06-16 11:40:00,7,1014.0340000000001,602.9682857142858,351.73150000000004,35
1279.0,2022-06-16 11:50:00,2022-06-16 12:45:00,12,1473.3129999999996,497.42874999999987,497.4287499999998,60
1281.0,2022-06-16 12:55:00,2022-06-16 13:05:00,3,1483.2409999999995,993.2073333333332,248.30183333333326,15
1283.0,2022-06-16 13:20:00,2022-06-16 13:35:00,4,829.1819999999998,311.77174999999994,103.92391666666663,20
1285.0,2022-06-16 13:50:00,2022-06-16 13:50:00,1,466.98900000000003,466.98900000000003,38.91575,5
1287.0,2022-06-16 14:00:00,2022-06-16 14:20:00,5,770.5070000000001,640.3030000000001,266.79291666666666,25
1289.0,2022-06-16 14:30:00,2022-06-16 15:10:00,9,886.9539999999997,562.2666666666667,421.7,45
1291.0,2022-06-16 15:20:00,2022-06-16 16:00:00,9,844.1199999999999,416.0720000000001,312.05400000000003,45
1293.0,2022-06-16 16:30:00,2022-06-16 16:40:00,3,313.125,198.43733333333338,49.60933333333334,15
1295.0,2022-06-16 16:50:00,2022-06-16 16:50:00,1,66.88800000000015,66.88800000000015,5.574000000000012,5
1297.0,2022-06-16 17:00:00,2022-06-16 17:00:00,1,10.264000000000124,10.264000000000124,0.8553333333333436,5
1299.0,2022-06-17 07:15:00,2022-06-17 07:20:00,2,48.31600000000003,37.696500000000015,6.282750000000002,10
1301.0,2022-06-17 07:30:00,2022-06-17 10:20:00,35,1378.714,811.2567714285715,2366.1655833333334,175
1303.0,2022-06-17 10:30:00,2022-06-17 10:40:00,3,1080.205,520.6323333333333,130.1580833333333,15
1305.0,2022-06-17 11:05:00,2022-06-17 11:35:00,7,848.395,481.76085714285716,281.02716666666663,35
1307.0,2022-06-17 11:45:00,2022-06-17 12:10:00,6,881.6619999999998,596.6805,298.34024999999997,30
1309.0,2022-06-17 12:20:00,2022-06-17 12:20:00,1,46.0,46.0,3.833333333333333,5
1311.0,2022-06-17 12:35:00,2022-06-17 12:45:00,3,464.01199999999994,265.0129999999999,66.25324999999998,15
1313.0,2022-06-17 13:05:00,2022-06-17 13:50:00,10,771.281,374.1282,311.77349999999996,50
1315.0,2022-06-17 14:00:00,2022-06-17 17:00:00,37,1515.826,712.0463513513513,2195.4762499999997,185
1317.0,2022-06-18 08:35:00,2022-06-18 08:35:00,1,48.4369999999999,48.4369999999999,4.036416666666658,5
1319.0,2022-06-18 10:45:00,2022-06-18 10:45:00,1,70.39200000000005,70.39200000000005,5.866000000000004,5
1321.0,2022-06-18 11:05:00,2022-06-18 11:10:00,2,936.4640000000002,680.0855000000001,113.34758333333335,10
1323.0,2022-06-18 11:35:00,2022-06-18 11:40:00,2,69.08200000000011,60.31000000000006,10.051666666666677,10
1325.0,2022-06-18 12:40:00,2022-06-18 12:40:00,1,221.00900000000001,221.00900000000001,18.417416666666668,5
1327.0,2022-06-18 13:20:00,2022-06-18 13:30:00,3,142.20499999999993,107.85399999999997,26.96349999999999,15
1329.0,2022-06-18 13:40:00,2022-06-18 13:40:00,1,45.375999999999976,45.375999999999976,3.781333333333331,5
1331.0,2022-06-18 13:55:00,2022-06-18 13:55:00,1,10.122000000000071,10.122000000000071,0.8435000000000059,5
1333.0,2022-06-19 06:45:00,2022-06-19 06:45:00,1,631.354,631.354,52.612833333333334,5
1335.0,2022-06-19 07:15:00,2022-06-19 07:25:00,3,374.3610000000001,251.4666666666667,62.866666666666674,15
1337.0,2022-06-19 07:40:00,2022-06-19 07:55:00,4,474.991,226.7057499999999,75.5685833333333,20
1339.0,2022-06-19 08:35:00,2022-06-19 08:55:00,5,594.8309999999999,356.7396,148.64149999999998,25
1341.0,2022-06-19 09:20:00,2022-06-19 10:50:00,19,1198.2519999999997,505.67936842105263,800.6589999999998,95
1343.0,2022-06-19 11:15:00,2022-06-19 13:20:00,26,1357.7970000000003,734.3109615384615,1591.0070833333332,130
1345.0,2022-06-19 13:40:00,2022-06-19 13:40:00,1,154.34600000000023,154.34600000000023,12.862166666666685,5
1347.0,2022-06-19 13:50:00,2022-06-19 13:50:00,1,49.01800000000003,49.01800000000003,4.084833333333336,5
1349.0,2022-06-19 14:05:00,2022-06-19 14:50:00,10,606.252,339.22290000000004,282.68575,50
1351.0,2022-06-19 15:20:00,2022-06-19 16:00:00,9,979.3560000000002,729.0822222222222,546.8116666666666,45
1353.0,2022-06-19 16:10:00,2022-06-19 16:10:00,1,240.2610000000002,240.2610000000002,20.021750000000015,5
1355.0,2022-06-19 16:30:00,2022-06-19 17:35:00,14,899.9629999999997,506.2250714285715,590.5959166666667,70
1357.0,2022-06-19 17:45:00,2022-06-19 17:55:00,3,230.1679999999999,142.19333333333324,35.548333333333304,15
1359.0,2022-06-20 07:10:00,2022-06-20 07:15:00,2,114.4369999999999,109.72900000000004,18.288166666666672,10
1361.0,2022-06-20 07:25:00,2022-06-20 09:30:00,26,1681.429,737.4496923076923,1597.8076666666666,130
1363.0,2022-06-20 09:40:00,2022-06-20 09:50:00,3,321.42600000000016,139.18533333333335,34.79633333333334,15
1365.0,2022-06-20 10:15:00,2022-06-20 10:35:00,5,961.8870000000002,379.54599999999994,158.14416666666665,25
1367.0,2022-06-20 10:50:00,2022-06-20 11:00:00,3,970.9189999999999,530.6233333333333,132.6558333333333,15
1369.0,2022-06-20 11:10:00,2022-06-20 11:15:00,2,661.1680000000001,355.49350000000015,59.24891666666669,10
1371.0,2022-06-20 11:35:00,2022-06-20 11:35:00,1,364.62300000000005,364.62300000000005,30.385250000000003,5
1373.0,2022-06-20 11:45:00,2022-06-20 11:45:00,1,1018.5849999999996,1018.5849999999996,84.8820833333333,5
1375.0,2022-06-20 12:00:00,2022-06-20 12:10:00,3,1096.6280000000002,450.0536666666667,112.51341666666667,15
1377.0,2022-06-20 12:25:00,2022-06-20 12:35:00,3,1551.5839999999998,682.9326666666669,170.7331666666667,15
1379.0,2022-06-20 12:50:00,2022-06-20 13:10:00,5,1706.4629999999997,963.2792000000002,401.3663333333334,25
1381.0,2022-06-20 13:20:00,2022-06-20 13:35:00,4,694.3530000000001,357.9905,119.33016666666666,20
1383.0,2022-06-20 13:45:00,2022-06-20 15:35:00,23,1206.4919999999997,793.3394347826086,1520.5672499999996,115
1385.0,2022-06-20 15:55:00,2022-06-20 15:55:00,1,111.41899999999987,111.41899999999987,9.284916666666655,5
1387.0,2022-06-20 16:15:00,2022-06-20 16:15:00,1,167.336,167.336,13.944666666666667,5
1389.0,2022-06-21 07:15:00,2022-06-21 07:30:00,4,175.7270000000001,109.68800000000005,36.56266666666668,20
1391.0,2022-06-21 07:45:00,2022-06-21 07:50:00,2,197.1189999999997,175.91650000000004,29.31941666666667,10
1393.0,2022-06-21 08:00:00,2022-06-21 08:15:00,4,408.35699999999997,314.1289999999999,104.70966666666664,20
1395.0,2022-06-21 08:25:00,2022-06-21 11:10:00,34,1318.846,814.235205882353,2306.99975,170
1397.0,2022-06-21 11:20:00,2022-06-21 12:50:00,19,1630.8320000000003,871.5645263157894,1379.9771666666666,95
1399.0,2022-06-21 13:15:00,2022-06-21 13:15:00,1,14.54099999999994,14.54099999999994,1.211749999999995,5
1401.0,2022-06-21 13:25:00,2022-06-21 13:30:00,2,745.9850000000001,712.3775,118.72958333333334,10
1403.0,2022-06-21 13:50:00,2022-06-21 16:20:00,31,1761.9740000000006,836.3605806451612,2160.5981666666667,155
1405.0,2022-06-21 16:40:00,2022-06-21 16:55:00,4,324.9449999999997,188.6147499999998,62.87158333333326,20
1407.0,2022-06-22 07:00:00,2022-06-22 07:15:00,4,260.5820000000001,161.39550000000008,53.798500000000026,20
1409.0,2022-06-22 07:25:00,2022-06-22 07:25:00,1,39.12699999999995,39.12699999999995,3.2605833333333294,5
1411.0,2022-06-22 07:35:00,2022-06-22 10:15:00,33,1776.101,1040.3362424242423,2860.9246666666663,165
1413.0,2022-06-22 10:30:00,2022-06-22 10:30:00,1,362.491,362.491,30.207583333333332,5
1415.0,2022-06-22 10:40:00,2022-06-22 11:00:00,5,2056.8700000000003,1191.5776,496.4906666666667,25
1417.0,2022-06-22 11:10:00,2022-06-22 11:10:00,1,141.55100000000016,141.55100000000016,11.79591666666668,5
1419.0,2022-06-22 11:20:00,2022-06-22 11:25:00,2,190.38400000000001,108.85250000000008,18.142083333333346,10
1421.0,2022-06-22 11:35:00,2022-06-22 11:35:00,1,102.03300000000013,102.03300000000013,8.50275000000001,5
1423.0,2022-06-22 11:50:00,2022-06-22 11:55:00,2,45.222999999999956,26.240499999999997,4.373416666666666,10
1425.0,2022-06-22 12:15:00,2022-06-22 12:20:00,2,621.799,614.849,102.47483333333334,10
1427.0,2022-06-22 12:35:00,2022-06-22 12:35:00,1,147.58899999999994,147.58899999999994,12.299083333333328,5
1429.0,2022-06-22 12:45:00,2022-06-22 12:45:00,1,656.2600000000002,656.2600000000002,54.68833333333335,5
1431.0,2022-06-22 13:05:00,2022-06-22 13:05:00,1,106.42000000000007,106.42000000000007,8.86833333333334,5
1433.0,2022-06-22 13:35:00,2022-06-22 13:35:00,1,125.09500000000003,125.09500000000003,10.424583333333334,5
1435.0,2022-06-22 13:45:00,2022-06-22 13:45:00,1,1011.375,1011.375,84.28125,5
1437.0,2022-06-22 13:55:00,2022-06-22 17:15:00,41,1584.0639999999999,773.939731707317,2644.294083333333,205
1439.0,2022-06-23 07:20:00,2022-06-23 07:45:00,6,195.30500000000006,127.84583333333337,63.92291666666669,30
1441.0,2022-06-23 07:55:00,2022-06-23 11:30:00,44,1341.7379999999994,822.2485454545455,3014.911333333333,220
1443.0,2022-06-23 11:45:00,2022-06-23 11:55:00,3,786.7000000000003,542.0546666666665,135.51366666666664,15
1445.0,2022-06-23 12:15:00,2022-06-23 12:20:00,2,815.9050000000002,763.1089999999999,127.1848333333333,10
1447.0,2022-06-23 12:30:00,2022-06-23 12:50:00,5,1247.9630000000006,785.3488,327.22866666666664,25
1449.0,2022-06-24 07:40:00,2022-06-24 07:45:00,2,161.54700000000003,81.3214999999999,13.553583333333316,10
1451.0,2022-06-24 11:00:00,2022-06-24 11:30:00,7,1124.3209999999995,564.3831428571428,329.22349999999994,35
1453.0,2022-06-24 12:25:00,2022-06-24 12:25:00,1,38.00500000000011,38.00500000000011,3.167083333333342,5
1455.0,2022-06-24 12:45:00,2022-06-24 12:50:00,2,266.2829999999999,167.7104999999999,27.951749999999983,10
1457.0,2022-06-24 13:25:00,2022-06-24 14:25:00,13,1062.6799999999998,482.3613846153846,522.5581666666667,65
1459.0,2022-06-24 14:35:00,2022-06-24 14:35:00,1,417.365,417.365,34.78041666666667,5
1461.0,2022-06-24 18:50:00,2022-06-24 18:50:00,1,16.391000000000076,16.391000000000076,1.3659166666666729,5
1463.0,2022-06-25 05:55:00,2022-06-25 06:10:00,4,231.57500000000005,82.10200000000009,27.367333333333363,20
1465.0,2022-06-25 06:25:00,2022-06-25 09:40:00,40,1222.5639999999999,624.2302,2080.767333333333,200
1467.0,2022-06-25 10:00:00,2022-06-25 12:05:00,26,912.7239999999999,523.7284615384615,1134.745,130
1469.0,2022-06-25 12:15:00,2022-06-25 13:35:00,17,1011.2429999999997,559.4302352941176,792.5261666666665,85
1471.0,2022-06-25 13:45:00,2022-06-25 13:50:00,2,648.7099999999998,557.1984999999999,92.86641666666664,10
1473.0,2022-06-25 14:00:00,2022-06-25 15:00:00,13,776.6399999999999,561.3481538461539,608.1271666666665,65
1475.0,2022-06-25 15:40:00,2022-06-25 17:35:00,24,1513.551,911.2285416666667,1822.4570833333332,120
1477.0,2022-06-26 05:35:00,2022-06-26 05:40:00,2,55.97499999999991,30.31899999999996,5.05316666666666,10
1479.0,2022-06-26 06:00:00,2022-06-26 17:00:00,133,1376.5910000000001,759.5686090225564,8418.552083333332,665
1481.0,2022-06-26 17:10:00,2022-06-26 17:20:00,3,550.1249999999998,237.86199999999994,59.46549999999998,15
1483.0,2022-06-26 17:35:00,2022-06-26 18:35:00,13,913.2940000000001,499.0109999999999,540.59525,65
1485.0,2022-06-27 08:55:00,2022-06-27 09:00:00,2,577.7730000000004,393.0500000000002,65.50833333333335,10
1487.0,2022-06-27 11:40:00,2022-06-27 12:05:00,6,833.9960000000001,407.0366666666667,203.51833333333335,30
1489.0,2022-06-27 12:25:00,2022-06-27 12:50:00,6,463.9440000000002,245.66833333333338,122.83416666666668,30
1491.0,2022-06-27 13:05:00,2022-06-27 13:35:00,7,699.979,369.8041428571429,215.71908333333334,35
1493.0,2022-06-27 13:45:00,2022-06-27 13:55:00,3,564.5629999999999,379.0803333333333,94.7700833333333,15
1495.0,2022-06-27 14:10:00,2022-06-27 14:10:00,1,59.011999999999944,59.011999999999944,4.917666666666662,5
1497.0,2022-06-27 14:20:00,2022-06-27 14:40:00,5,507.6999999999998,254.724,106.13499999999999,25
1499.0,2022-06-27 14:50:00,2022-06-27 14:55:00,2,844.49,519.4430000000001,86.57383333333334,10
1501.0,2022-06-27 15:05:00,2022-06-27 15:50:00,10,1305.958,513.6200000000001,428.01666666666665,50
1503.0,2022-06-27 16:00:00,2022-06-27 17:30:00,19,1463.428,750.2191578947369,1187.847,95
1505.0,2022-06-28 06:40:00,2022-06-28 08:35:00,24,1195.2689999999998,443.38325000000003,886.7665,120
1507.0,2022-06-28 09:15:00,2022-06-28 09:20:00,2,246.20000000000005,172.61450000000002,28.769083333333334,10
1509.0,2022-06-28 09:55:00,2022-06-28 11:00:00,14,1250.5749999999998,754.5516428571428,880.3102499999999,70
1511.0,2022-06-28 11:10:00,2022-06-28 13:20:00,27,947.145,542.0775555555555,1219.6744999999999,135
1513.0,2022-06-28 17:55:00,2022-06-28 18:00:00,2,52.56099999999992,47.907499999999914,7.984583333333318,10
1515.0,2022-06-29 06:40:00,2022-06-29 07:05:00,6,71.04999999999995,59.94033333333334,29.97016666666667,30
1517.0,2022-06-29 07:20:00,2022-06-29 08:05:00,10,946.3330000000001,378.0711,315.05925,50
1519.0,2022-06-29 08:15:00,2022-06-29 08:15:00,1,590.1999999999998,590.1999999999998,49.183333333333316,5
1521.0,2022-06-29 08:30:00,2022-06-29 08:30:00,1,116.29899999999998,116.29899999999998,9.69158333333333,5
1523.0,2022-06-29 08:45:00,2022-06-29 09:25:00,9,1665.174,778.5574444444444,583.9180833333332,45
1525.0,2022-06-29 09:35:00,2022-06-29 11:25:00,23,1060.2089999999998,438.6474782608695,840.7409999999999,115
1527.0,2022-06-29 11:35:00,2022-06-29 11:55:00,5,687.6669999999999,424.1708,176.7378333333333,25
1529.0,2022-06-29 12:10:00,2022-06-29 12:30:00,5,485.0050000000001,301.81039999999996,125.7543333333333,25
1531.0,2022-06-29 12:40:00,2022-06-29 13:15:00,8,608.77,301.48825,200.99216666666666,40
1533.0,2022-06-29 13:30:00,2022-06-29 13:35:00,2,115.90800000000036,112.38600000000008,18.731000000000012,10
1535.0,2022-06-29 13:55:00,2022-06-29 14:15:00,5,891.895,402.16880000000003,167.57033333333334,25
1537.0,2022-06-29 14:40:00,2022-06-29 14:50:00,3,353.64200000000005,235.95933333333346,58.989833333333365,15
1539.0,2022-06-29 15:40:00,2022-06-29 15:40:00,1,100.20399999999995,100.20399999999995,8.350333333333328,5
1541.0,2022-06-29 15:50:00,2022-06-29 16:05:00,4,377.52700000000004,255.66700000000003,85.22233333333334,20
1543.0,2022-06-30 07:05:00,2022-06-30 07:10:00,2,131.5440000000001,69.06100000000004,11.510166666666672,10
1545.0,2022-06-30 07:20:00,2022-06-30 07:20:00,1,41.21799999999985,41.21799999999985,3.4348333333333203,5
1547.0,2022-06-30 07:45:00,2022-06-30 07:50:00,2,634.0089999999998,353.94799999999987,58.99133333333331,10
1549.0,2022-06-30 08:10:00,2022-06-30 08:15:00,2,749.7449999999999,392.23400000000004,65.37233333333334,10
1551.0,2022-06-30 08:25:00,2022-06-30 08:30:00,2,919.7179999999998,848.4959999999999,141.41599999999997,10
1553.0,2022-06-30 09:00:00,2022-06-30 09:00:00,1,354.4100000000001,354.4100000000001,29.53416666666667,5
1555.0,2022-06-30 09:10:00,2022-06-30 09:30:00,5,1382.737,458.5108,191.04616666666666,25
1557.0,2022-06-30 09:40:00,2022-06-30 09:40:00,1,671.1890000000001,671.1890000000001,55.93241666666667,5
1559.0,2022-06-30 10:55:00,2022-06-30 11:10:00,4,485.3600000000001,289.77975000000004,96.59325,20
1561.0,2022-06-30 11:20:00,2022-06-30 11:20:00,1,64.89900000000011,64.89900000000011,5.4082500000000095,5
1563.0,2022-06-30 11:40:00,2022-06-30 11:45:00,2,180.51299999999992,100.78449999999998,16.797416666666663,10
1565.0,2022-06-30 12:40:00,2022-06-30 12:55:00,4,588.0230000000001,516.8184999999999,172.2728333333333,20
1567.0,2022-06-30 13:05:00,2022-06-30 13:25:00,5,888.374,506.0521999999999,210.85508333333328,25
1569.0,2022-06-30 13:35:00,2022-06-30 14:10:00,8,918.7860000000001,529.8612499999999,353.2408333333333,40
1571.0,2022-06-30 14:20:00,2022-06-30 14:30:00,3,419.34400000000005,319.89633333333336,79.97408333333334,15
1573.0,2022-06-30 14:40:00,2022-06-30 14:45:00,2,123.90300000000002,100.65750000000003,16.776250000000005,10
1575.0,2022-06-30 14:55:00,2022-06-30 15:10:00,4,935.9809999999995,394.67974999999984,131.55991666666662,20
1577.0,2022-07-01 09:25:00,2022-07-01 09:30:00,2,84.58600000000001,78.69100000000003,13.11516666666667,10
1579.0,2022-07-01 09:55:00,2022-07-01 10:05:00,3,1236.795,795.3903333333334,198.84758333333335,15
1581.0,2022-07-01 10:25:00,2022-07-01 11:15:00,11,1510.1850000000002,555.7324545454546,509.4214166666667,55
1583.0,2022-07-01 12:00:00,2022-07-01 12:50:00,11,1669.8580000000002,511.15690909090915,468.5605,55
1585.0,2022-07-01 13:10:00,2022-07-01 13:25:00,4,409.808,257.3785,85.79283333333332,20
1587.0,2022-07-01 14:05:00,2022-07-01 14:05:00,1,109.14699999999993,109.14699999999993,9.095583333333327,5
1589.0,2022-07-01 14:20:00,2022-07-01 14:20:00,1,101.02700000000004,101.02700000000004,8.41891666666667,5
1591.0,2022-07-01 14:30:00,2022-07-01 15:50:00,17,959.5430000000001,418.3802352941177,592.7053333333334,85
1593.0,2022-07-01 16:05:00,2022-07-01 16:50:00,10,1189.431,481.8072,401.50600000000003,50
1595.0,2022-07-01 17:05:00,2022-07-01 17:10:00,2,954.431,831.841,138.64016666666666,10
1597.0,2022-07-02 07:35:00,2022-07-02 08:40:00,14,1166.0690000000002,466.8070714285714,544.60825,70
1599.0,2022-07-02 08:50:00,2022-07-02 08:50:00,1,407.3320000000001,407.3320000000001,33.94433333333334,5
1601.0,2022-07-02 09:00:00,2022-07-02 14:55:00,72,1149.1260000000002,607.4838611111112,3644.9031666666665,360
1603.0,2022-07-02 15:05:00,2022-07-02 15:50:00,10,340.89200000000005,200.54440000000005,167.12033333333338,50
1605.0,2022-07-02 16:05:00,2022-07-02 16:10:00,2,109.10799999999995,89.97550000000001,14.995916666666668,10
1607.0,2022-07-02 16:45:00,2022-07-02 16:55:00,3,726.9870000000001,465.3716666666667,116.34291666666668,15
1609.0,2022-07-03 06:45:00,2022-07-03 06:45:00,1,37.94100000000003,37.94100000000003,3.1617500000000023,5
1611.0,2022-07-03 07:30:00,2022-07-03 08:00:00,7,621.837,219.87114285714284,128.25816666666665,35
1613.0,2022-07-03 08:10:00,2022-07-03 08:10:00,1,8.154999999999973,8.154999999999973,0.679583333333331,5
1615.0,2022-07-03 08:25:00,2022-07-03 08:25:00,1,42.15299999999979,42.15299999999979,3.5127499999999827,5
1617.0,2022-07-03 08:50:00,2022-07-03 09:00:00,3,397.4000000000001,211.9566666666668,52.98916666666669,15
1619.0,2022-07-03 09:15:00,2022-07-03 09:20:00,2,949.0239999999999,600.5649999999999,100.09416666666665,10
1621.0,2022-07-03 09:30:00,2022-07-03 11:05:00,20,1061.4740000000002,568.4376,947.396,100
1623.0,2022-07-03 11:25:00,2022-07-03 11:35:00,3,768.2999999999997,555.9653333333332,138.99133333333327,15
1625.0,2022-07-03 12:00:00,2022-07-03 12:00:00,1,145.17499999999995,145.17499999999995,12.097916666666663,5
1627.0,2022-07-03 12:20:00,2022-07-03 13:10:00,11,792.8789999999999,366.7962727272727,336.22991666666667,55
1629.0,2022-07-03 13:25:00,2022-07-03 15:10:00,22,1108.933,608.2206818181818,1115.07125,110
1631.0,2022-07-03 15:35:00,2022-07-03 17:20:00,22,1208.876,595.324909090909,1091.4289999999999,110
1633.0,2022-07-03 17:40:00,2022-07-03 17:45:00,2,149.36899999999991,103.58499999999992,17.264166666666654,10
1635.0,2022-07-04 08:30:00,2022-07-04 09:00:00,7,974.1160000000004,417.04699999999997,243.27741666666665,35
1637.0,2022-07-04 09:10:00,2022-07-04 09:30:00,5,871.386,535.5138,223.13074999999995,25
1639.0,2022-07-04 09:40:00,2022-07-04 11:05:00,18,570.1490000000001,286.0643888888888,429.09658333333323,90
1641.0,2022-07-04 11:15:00,2022-07-04 11:20:00,2,467.3689999999997,282.5339999999999,47.08899999999998,10
1643.0,2022-07-04 11:35:00,2022-07-04 11:55:00,5,843.8280000000004,280.60000000000014,116.91666666666671,25
1645.0,2022-07-04 12:05:00,2022-07-04 12:25:00,5,621.8479999999997,330.808,137.83666666666664,25
1647.0,2022-07-04 12:35:00,2022-07-04 14:35:00,25,785.598,335.10344,698.1321666666666,125
1649.0,2022-07-04 14:45:00,2022-07-04 14:50:00,2,280.9129999999998,223.5514999999998,37.2585833333333,10
1651.0,2022-07-04 15:00:00,2022-07-04 17:00:00,25,1190.8950000000002,593.75268,1236.98475,125
1653.0,2022-07-04 17:30:00,2022-07-04 17:35:00,2,71.88800000000015,65.47050000000013,10.911750000000021,10
1655.0,2022-07-04 17:55:00,2022-07-04 17:55:00,1,15.544000000000096,15.544000000000096,1.2953333333333412,5
1657.0,2022-07-05 08:30:00,2022-07-05 09:30:00,13,997.6509999999998,470.83653846153845,510.0729166666666,65
1659.0,2022-07-05 09:40:00,2022-07-05 09:45:00,2,212.1650000000002,119.92950000000008,19.98825000000001,10
1661.0,2022-07-05 10:40:00,2022-07-05 11:10:00,7,1086.3629999999998,448.42685714285705,261.5823333333333,35
1663.0,2022-07-05 11:20:00,2022-07-05 11:20:00,1,31.968999999999824,31.968999999999824,2.6640833333333185,5
1665.0,2022-07-05 11:30:00,2022-07-05 11:40:00,3,573.0589999999997,357.73566666666676,89.43391666666669,15
1667.0,2022-07-05 11:50:00,2022-07-05 12:10:00,5,565.221,363.9828000000001,151.65950000000004,25
1669.0,2022-07-05 12:25:00,2022-07-05 12:25:00,1,88.44499999999994,88.44499999999994,7.370416666666661,5
1671.0,2022-07-05 12:35:00,2022-07-05 12:45:00,3,539.6219999999998,260.2676666666666,65.06691666666666,15
1673.0,2022-07-05 12:55:00,2022-07-05 13:00:00,2,357.81100000000015,197.52850000000012,32.92141666666669,10
1675.0,2022-07-05 13:10:00,2022-07-05 13:10:00,1,99.95499999999993,99.95499999999993,8.329583333333327,5
1677.0,2022-07-05 13:20:00,2022-07-05 13:25:00,2,321.4100000000001,176.1065000000001,29.351083333333346,10
1679.0,2022-07-05 13:35:00,2022-07-05 13:40:00,2,198.0830000000003,99.6790000000002,16.613166666666697,10
1681.0,2022-07-05 13:50:00,2022-07-05 14:20:00,7,438.35699999999997,295.90042857142856,172.60858333333334,35
1683.0,2022-07-05 14:35:00,2022-07-05 14:45:00,3,272.02,127.20433333333328,31.801083333333317,15
1685.0,2022-07-05 14:55:00,2022-07-05 14:55:00,1,345.797,345.797,28.81641666666667,5
1687.0,2022-07-05 15:10:00,2022-07-05 15:10:00,1,109.99099999999999,109.99099999999999,9.165916666666664,5
1689.0,2022-07-05 15:20:00,2022-07-05 15:30:00,3,397.07899999999995,228.5686666666667,57.14216666666667,15
1691.0,2022-07-05 15:40:00,2022-07-05 17:40:00,25,1293.9170000000001,469.49127999999996,978.1068333333333,125
1693.0,2022-07-06 08:10:00,2022-07-06 08:10:00,1,220.26300000000015,220.26300000000015,18.355250000000012,5
1695.0,2022-07-06 08:25:00,2022-07-06 08:25:00,1,306.55100000000016,306.55100000000016,25.545916666666677,5
1697.0,2022-07-06 08:45:00,2022-07-06 09:00:00,4,684.8070000000002,428.8950000000001,142.96500000000003,20
1699.0,2022-07-06 09:15:00,2022-07-06 09:25:00,3,419.00599999999986,227.31566666666663,56.82891666666665,15
1701.0,2022-07-06 09:40:00,2022-07-06 09:45:00,2,586.3579999999997,477.2359999999999,79.5393333333333,10
1703.0,2022-07-06 10:00:00,2022-07-06 10:00:00,1,155.46600000000012,155.46600000000012,12.95550000000001,5
1705.0,2022-07-06 10:25:00,2022-07-06 10:55:00,7,852.078,305.0842857142857,177.96583333333334,35
1707.0,2022-07-06 11:05:00,2022-07-06 11:35:00,7,725.2660000000001,257.77199999999993,150.36699999999996,35
1709.0,2022-07-06 11:45:00,2022-07-06 11:55:00,3,413.972,226.0753333333333,56.51883333333332,15
1711.0,2022-07-06 12:05:00,2022-07-06 12:15:00,3,428.18899999999985,219.59799999999987,54.89949999999997,15
1713.0,2022-07-06 13:05:00,2022-07-06 13:10:00,2,468.6099999999999,282.7359999999999,47.122666666666646,10
1715.0,2022-07-06 14:50:00,2022-07-06 14:50:00,1,165.87900000000013,165.87900000000013,13.82325000000001,5
1717.0,2022-07-06 15:00:00,2022-07-06 15:10:00,3,427.7030000000002,226.44600000000014,56.611500000000035,15
1719.0,2022-07-07 09:55:00,2022-07-07 09:55:00,1,26.035000000000082,26.035000000000082,2.16958333333334,5
1721.0,2022-07-07 10:40:00,2022-07-07 11:00:00,5,718.4299999999998,353.8267999999999,147.42783333333327,25
1723.0,2022-07-07 11:10:00,2022-07-07 11:35:00,6,892.1369999999997,554.9648333333333,277.48241666666667,30
1725.0,2022-07-07 11:45:00,2022-07-07 12:00:00,4,240.45799999999963,168.7467499999999,56.24891666666663,20
1727.0,2022-07-07 12:10:00,2022-07-07 12:15:00,2,444.0619999999999,428.31949999999983,71.3865833333333,10
1729.0,2022-07-07 12:25:00,2022-07-07 13:05:00,9,802.1379999999997,304.90844444444434,228.68133333333324,45
1731.0,2022-07-07 13:15:00,2022-07-07 13:20:00,2,705.8319999999999,427.35849999999994,71.22641666666665,10
1733.0,2022-07-07 13:30:00,2022-07-07 13:50:00,5,670.4680000000001,257.1316000000001,107.1381666666667,25
1735.0,2022-07-07 14:00:00,2022-07-07 14:15:00,4,1084.3960000000002,581.5247500000002,193.84158333333338,20
1737.0,2022-07-07 14:25:00,2022-07-07 15:05:00,9,581.394,286.9267777777777,215.19508333333326,45
1739.0,2022-07-07 15:15:00,2022-07-07 16:45:00,19,1276.1879999999996,894.9375789473684,1416.9844999999998,95
1741.0,2022-07-07 16:55:00,2022-07-07 17:30:00,8,372.3399999999999,207.59799999999996,138.39866666666663,40
1743.0,2022-07-08 08:20:00,2022-07-08 08:45:00,6,697.8499999999999,411.7801666666666,205.89008333333328,30
1745.0,2022-07-08 09:05:00,2022-07-08 09:55:00,11,795.442,388.6760909090909,356.2864166666667,55
1747.0,2022-07-08 10:05:00,2022-07-08 10:10:00,2,546.9249999999997,507.0659999999998,84.51099999999997,10
1749.0,2022-07-08 10:25:00,2022-07-08 10:55:00,7,657.6359999999997,283.9138571428571,165.61641666666662,35
1751.0,2022-07-08 11:05:00,2022-07-08 11:15:00,3,595.2470000000005,343.7653333333335,85.94133333333338,15
1753.0,2022-07-08 11:25:00,2022-07-08 11:40:00,4,580.171,375.506,125.16866666666665,20
1755.0,2022-07-08 11:50:00,2022-07-08 11:50:00,1,33.41399999999999,33.41399999999999,2.7844999999999986,5
1757.0,2022-07-08 12:00:00,2022-07-08 12:05:00,2,275.55099999999993,144.59949999999992,24.099916666666655,10
1759.0,2022-07-08 12:15:00,2022-07-08 12:15:00,1,72.30400000000009,72.30400000000009,6.02533333333334,5
1761.0,2022-07-08 12:25:00,2022-07-08 12:25:00,1,240.52999999999975,240.52999999999975,20.044166666666644,5
1763.0,2022-07-08 12:40:00,2022-07-08 13:00:00,5,361.98299999999995,186.82059999999996,77.84191666666665,25
1765.0,2022-07-08 13:10:00,2022-07-08 13:10:00,1,16.555000000000064,16.555000000000064,1.3795833333333385,5
1767.0,2022-07-08 13:35:00,2022-07-08 14:30:00,12,1304.4499999999998,1117.7434999999998,1117.7434999999998,60
1769.0,2022-07-08 14:40:00,2022-07-08 14:55:00,4,1394.52,873.696,291.23199999999997,20
1771.0,2022-07-08 15:05:00,2022-07-08 17:35:00,31,1308.4350000000004,743.5719677419355,1920.8942499999998,155
1773.0,2022-07-09 06:30:00,2022-07-09 06:30:00,1,41.33600000000001,41.33600000000001,3.4446666666666674,5
1775.0,2022-07-09 06:40:00,2022-07-09 06:55:00,4,203.14999999999986,150.32999999999998,50.10999999999999,20
1777.0,2022-07-09 07:10:00,2022-07-09 13:40:00,79,1040.429,411.6403037974684,2709.9653333333335,395
1779.0,2022-07-09 13:50:00,2022-07-09 17:40:00,47,1333.8429999999996,513.9469148936171,2012.9587499999998,235
1781.0,2022-07-09 17:50:00,2022-07-09 17:50:00,1,69.93799999999987,69.93799999999987,5.828166666666656,5
1783.0,2022-07-10 06:50:00,2022-07-10 09:05:00,28,1519.5209999999997,759.5920357142858,1772.3814166666666,140
1785.0,2022-07-10 09:15:00,2022-07-10 09:45:00,7,308.8890000000001,189.642,110.62449999999998,35
1787.0,2022-07-10 09:55:00,2022-07-10 10:20:00,6,239.11300000000006,150.72849999999997,75.36424999999998,30
1789.0,2022-07-10 10:30:00,2022-07-10 11:05:00,8,449.76700000000005,228.08762500000003,152.0584166666667,40
1791.0,2022-07-10 11:15:00,2022-07-10 11:30:00,4,190.15200000000004,114.43475000000007,38.14491666666669,20
1793.0,2022-07-10 11:40:00,2022-07-10 12:20:00,9,420.99,234.17711111111112,175.6328333333333,45
1795.0,2022-07-10 12:30:00,2022-07-10 13:35:00,14,426.394,241.44357142857137,281.6841666666666,70
1797.0,2022-07-10 13:45:00,2022-07-10 17:15:00,43,1446.5479999999998,626.7536744186046,2245.867333333333,215
1799.0,2022-07-10 17:25:00,2022-07-10 17:25:00,1,40.422000000000025,40.422000000000025,3.368500000000002,5
1801.0,2022-07-11 07:35:00,2022-07-11 10:35:00,37,1354.0449999999996,722.542081081081,2227.838083333333,185
1803.0,2022-07-11 10:45:00,2022-07-11 10:55:00,3,1427.3510000000006,672.8913333333335,168.22283333333337,15
1805.0,2022-07-11 11:10:00,2022-07-11 11:20:00,3,503.395,380.8016666666667,95.20041666666665,15
1807.0,2022-07-11 11:35:00,2022-07-11 12:10:00,8,1386.4150000000004,911.8348749999999,607.8899166666665,40
1809.0,2022-07-11 12:25:00,2022-07-11 13:50:00,18,1124.4159999999997,620.5139444444444,930.7709166666666,90
1811.0,2022-07-11 14:05:00,2022-07-11 14:05:00,1,13.482000000000426,13.482000000000426,1.1235000000000355,5
1813.0,2022-07-11 14:15:00,2022-07-11 14:35:00,5,1201.051,584.8854000000001,243.70225000000002,25
1815.0,2022-07-11 15:05:00,2022-07-11 15:25:00,5,261.1249999999998,203.3635999999999,84.73483333333328,25
1817.0,2022-07-11 16:25:00,2022-07-11 16:30:00,2,1137.7900000000002,691.264,115.21066666666667,10
1819.0,2022-07-11 16:50:00,2022-07-11 17:00:00,3,197.16899999999987,130.2206666666666,32.55516666666665,15
1821.0,2022-07-11 17:20:00,2022-07-11 17:30:00,3,218.913,169.8606666666667,42.465166666666676,15
1823.0,2022-07-11 17:45:00,2022-07-11 17:45:00,1,48.02500000000009,48.02500000000009,4.00208333333334,5
1825.0,2022-07-12 11:25:00,2022-07-12 11:30:00,2,674.828,612.0954999999999,102.01591666666664,10
1827.0,2022-07-12 11:50:00,2022-07-12 12:00:00,3,517.5179999999998,370.1366666666666,92.53416666666665,15
1829.0,2022-07-12 12:15:00,2022-07-12 12:20:00,2,297.8919999999998,189.70799999999997,31.617999999999995,10
1831.0,2022-07-12 12:30:00,2022-07-12 12:50:00,5,739.1480000000001,521.0060000000001,217.08583333333337,25
1833.0,2022-07-12 13:00:00,2022-07-12 13:00:00,1,27.688000000000102,27.688000000000102,2.3073333333333417,5
1835.0,2022-07-12 13:10:00,2022-07-12 13:15:00,2,465.9509999999998,292.7024999999999,48.783749999999976,10
1837.0,2022-07-12 13:45:00,2022-07-12 13:45:00,1,71.99399999999991,71.99399999999991,5.999499999999992,5
1839.0,2022-07-12 13:55:00,2022-07-12 14:05:00,3,561.1089999999999,291.74200000000013,72.93550000000002,15
1841.0,2022-07-12 14:15:00,2022-07-12 14:25:00,3,240.05899999999997,166.05000000000004,41.5125,15
1843.0,2022-07-12 14:35:00,2022-07-12 14:35:00,1,74.65600000000018,74.65600000000018,6.221333333333348,5
1845.0,2022-07-12 17:35:00,2022-07-12 17:40:00,2,152.54899999999998,81.476,13.579333333333333,10
1847.0,2022-07-13 06:45:00,2022-07-13 06:45:00,1,34.312999999999874,34.312999999999874,2.859416666666656,5
1849.0,2022-07-13 06:55:00,2022-07-13 06:55:00,1,43.993999999999915,43.993999999999915,3.6661666666666592,5
1851.0,2022-07-13 07:55:00,2022-07-13 08:05:00,3,362.547,216.48133333333348,54.12033333333336,15
1853.0,2022-07-13 08:45:00,2022-07-13 08:45:00,1,723.6929999999998,723.6929999999998,60.30774999999998,5
1855.0,2022-07-13 08:55:00,2022-07-13 09:30:00,8,1377.6530000000002,910.8305,607.2203333333333,40
1857.0,2022-07-13 09:55:00,2022-07-13 09:55:00,1,104.14100000000008,104.14100000000008,8.678416666666672,5
1859.0,2022-07-13 10:15:00,2022-07-13 10:15:00,1,90.50800000000004,90.50800000000004,7.542333333333336,5
1861.0,2022-07-13 10:25:00,2022-07-13 10:30:00,2,371.3689999999999,226.21699999999998,37.70283333333333,10
1863.0,2022-07-13 10:45:00,2022-07-13 10:45:00,1,84.30700000000002,84.30700000000002,7.025583333333334,5
1865.0,2022-07-13 11:00:00,2022-07-13 11:00:00,1,15.280999999999949,15.280999999999949,1.2734166666666624,5
1867.0,2022-07-13 11:10:00,2022-07-13 11:10:00,1,235.13699999999994,235.13699999999994,19.594749999999994,5
1869.0,2022-07-13 11:40:00,2022-07-13 11:40:00,1,204.36400000000003,204.36400000000003,17.030333333333335,5
1871.0,2022-07-13 11:55:00,2022-07-13 11:55:00,1,218.37700000000018,218.37700000000018,18.198083333333347,5
1873.0,2022-07-13 12:05:00,2022-07-13 12:10:00,2,199.4290000000001,123.178,20.529666666666664,10
1875.0,2022-07-13 12:55:00,2022-07-13 12:55:00,1,343.759,343.759,28.646583333333332,5
1877.0,2022-07-13 13:20:00,2022-07-13 13:20:00,1,274.94500000000016,274.94500000000016,22.912083333333346,5
1879.0,2022-07-13 13:30:00,2022-07-13 13:30:00,1,133.2779999999998,133.2779999999998,11.106499999999983,5
1881.0,2022-07-13 13:40:00,2022-07-13 13:40:00,1,160.01199999999994,160.01199999999994,13.334333333333328,5
1883.0,2022-07-13 14:00:00,2022-07-13 14:30:00,7,852.2239999999999,552.7662857142858,322.447,35
1885.0,2022-07-13 14:40:00,2022-07-13 14:45:00,2,477.26099999999997,459.8955000000001,76.64925000000001,10
1887.0,2022-07-13 14:55:00,2022-07-13 15:00:00,2,1187.2269999999994,1011.0729999999996,168.5121666666666,10
1889.0,2022-07-13 15:10:00,2022-07-13 17:10:00,25,1340.891,578.9694400000001,1206.1863333333336,125
1891.0,2022-07-14 07:35:00,2022-07-14 07:40:00,2,397.44600000000014,314.97249999999997,52.49541666666666,10
1893.0,2022-07-14 09:25:00,2022-07-14 09:25:00,1,84.65000000000032,84.65000000000032,7.054166666666693,5
1895.0,2022-07-14 09:40:00,2022-07-14 09:45:00,2,1159.7529999999997,837.2775,139.54625,10
1897.0,2022-07-14 10:05:00,2022-07-14 10:35:00,7,1132.2680000000005,897.737,523.6799166666666,35
1899.0,2022-07-14 11:05:00,2022-07-14 11:20:00,4,910.2440000000001,489.0117500000001,163.0039166666667,20
1901.0,2022-07-14 11:35:00,2022-07-14 12:05:00,7,1504.7290000000003,1100.7820000000004,642.1228333333335,35
1903.0,2022-07-14 12:15:00,2022-07-14 12:20:00,2,1476.9409999999998,803.4899999999999,133.91499999999996,10
1905.0,2022-07-14 12:30:00,2022-07-14 12:30:00,1,1107.5089999999996,1107.5089999999996,92.29241666666663,5
1907.0,2022-07-14 12:45:00,2022-07-14 13:10:00,6,424.7480000000003,190.42266666666671,95.21133333333336,30
1909.0,2022-07-14 13:30:00,2022-07-14 13:30:00,1,416.2090000000003,416.2090000000003,34.684083333333355,5
1911.0,2022-07-14 13:45:00,2022-07-14 13:50:00,2,601.5070000000003,390.51200000000017,65.08533333333335,10
1913.0,2022-07-14 14:00:00,2022-07-14 14:55:00,12,617.4639999999999,294.36333333333334,294.36333333333334,60
1915.0,2022-07-14 15:05:00,2022-07-14 16:20:00,16,1176.1490000000001,721.5359375,962.0479166666667,80
1917.0,2022-07-14 16:30:00,2022-07-14 17:25:00,12,974.3539999999998,617.8254166666667,617.8254166666666,60
1919.0,2022-07-14 17:35:00,2022-07-14 17:40:00,2,117.86999999999989,74.25199999999995,12.375333333333325,10
1921.0,2022-07-15 08:25:00,2022-07-15 08:35:00,3,628.6980000000001,316.08433333333346,79.02108333333337,15
1923.0,2022-07-15 08:45:00,2022-07-15 10:30:00,22,1171.1480000000001,400.6594090909091,734.54225,110
1925.0,2022-07-15 10:45:00,2022-07-15 10:45:00,1,271.08900000000017,271.08900000000017,22.590750000000014,5
1927.0,2022-07-15 11:00:00,2022-07-15 11:00:00,1,214.0490000000002,214.0490000000002,17.837416666666684,5
1929.0,2022-07-15 11:25:00,2022-07-15 11:25:00,1,52.340000000000146,52.340000000000146,4.361666666666679,5
1931.0,2022-07-15 12:20:00,2022-07-15 12:20:00,1,400.4870000000001,400.4870000000001,33.37391666666667,5
1933.0,2022-07-15 12:40:00,2022-07-15 12:45:00,2,234.52600000000007,226.7600000000001,37.79333333333335,10
1935.0,2022-07-15 13:00:00,2022-07-15 13:00:00,1,104.99099999999999,104.99099999999999,8.749249999999998,5
1937.0,2022-07-15 13:20:00,2022-07-15 13:35:00,4,645.1980000000001,352.22000000000014,117.40666666666671,20
1939.0,2022-07-15 13:45:00,2022-07-15 13:50:00,2,230.1579999999999,204.94650000000001,34.15775,10
1941.0,2022-07-15 14:05:00,2022-07-15 14:05:00,1,621.7800000000002,621.7800000000002,51.81500000000001,5
1943.0,2022-07-15 14:15:00,2022-07-15 16:45:00,31,1176.966,570.5359032258065,1473.8844166666665,155
1945.0,2022-07-16 07:20:00,2022-07-16 07:30:00,3,164.0239999999999,101.43799999999987,25.35949999999997,15
1947.0,2022-07-16 08:30:00,2022-07-16 14:05:00,68,1516.7040000000002,1053.7569852941178,5971.289583333333,340
1949.0,2022-07-16 14:15:00,2022-07-16 16:40:00,30,1328.319,674.0455000000001,1685.11375,150
1951.0,2022-07-16 16:55:00,2022-07-16 17:10:00,4,274.48799999999983,184.26374999999996,61.42124999999998,20
1953.0,2022-07-16 17:20:00,2022-07-16 17:20:00,1,10.627999999999929,10.627999999999929,0.8856666666666607,5
1955.0,2022-07-17 06:55:00,2022-07-17 08:30:00,20,1215.2329999999997,481.907,803.1783333333332,100
1957.0,2022-07-17 08:40:00,2022-07-17 16:40:00,97,1374.9900000000002,553.6983505154639,4475.728333333333,485
1959.0,2022-07-18 07:55:00,2022-07-18 11:40:00,46,1356.536,845.0055434782608,3239.1879166666663,230
1961.0,2022-07-18 12:00:00,2022-07-18 12:10:00,3,509.3510000000001,304.4546666666667,76.11366666666666,15
1963.0,2022-07-18 12:35:00,2022-07-18 12:40:00,2,1377.8619999999996,1302.6089999999997,217.10149999999993,10
1965.0,2022-07-18 12:50:00,2022-07-18 12:55:00,2,1155.9199999999996,908.2214999999999,151.37024999999997,10
1967.0,2022-07-18 13:35:00,2022-07-18 16:40:00,38,1442.0950000000003,747.3801052631579,2366.7036666666663,190
1969.0,2022-07-19 08:10:00,2022-07-19 09:15:00,14,641.0370000000003,316.4754285714285,369.22133333333323,70
1971.0,2022-07-19 09:25:00,2022-07-19 15:05:00,69,1336.5939999999996,1003.9446231884059,5772.681583333333,345
1973.0,2022-07-19 15:15:00,2022-07-19 15:15:00,1,420.6760000000004,420.6760000000004,35.05633333333336,5
1975.0,2022-07-19 15:35:00,2022-07-19 15:40:00,2,351.94000000000005,296.8174999999999,49.46958333333331,10
1977.0,2022-07-20 08:20:00,2022-07-20 08:20:00,1,8.402000000000044,8.402000000000044,0.7001666666666703,5
1979.0,2022-07-20 08:30:00,2022-07-20 09:05:00,8,769.0849999999996,402.63987499999985,268.4265833333332,40
1981.0,2022-07-20 09:15:00,2022-07-20 09:15:00,1,48.983000000000175,48.983000000000175,4.081916666666681,5
1983.0,2022-07-20 09:30:00,2022-07-20 09:35:00,2,189.82600000000002,126.77999999999997,21.129999999999995,10
1985.0,2022-07-20 10:25:00,2022-07-20 10:50:00,6,730.7269999999999,367.8046666666667,183.90233333333333,30
1987.0,2022-07-20 11:00:00,2022-07-20 11:00:00,1,648.3329999999996,648.3329999999996,54.02774999999997,5
1989.0,2022-07-20 11:10:00,2022-07-20 11:15:00,2,464.6590000000001,331.85500000000025,55.309166666666705,10
1991.0,2022-07-20 11:35:00,2022-07-20 11:55:00,5,1002.4189999999999,355.21579999999983,148.00658333333325,25
1993.0,2022-07-20 12:05:00,2022-07-20 13:15:00,15,908.4470000000001,587.3901333333334,734.2376666666667,75
1995.0,2022-07-20 13:30:00,2022-07-20 14:50:00,17,1083.094,629.5081176470587,891.8031666666666,85
1997.0,2022-07-20 15:15:00,2022-07-20 15:45:00,7,902.4609999999998,540.9262857142858,315.54033333333336,35
1999.0,2022-07-21 11:15:00,2022-07-21 11:15:00,1,4.413999999999987,4.413999999999987,0.36783333333333224,5
2001.0,2022-07-22 10:40:00,2022-07-22 10:40:00,1,23.912000000000035,23.912000000000035,1.9926666666666695,5
2003.0,2022-07-22 11:30:00,2022-07-22 11:40:00,3,391.317,215.35499999999993,53.83874999999998,15
2005.0,2022-07-22 11:50:00,2022-07-22 12:10:00,5,100.70600000000013,62.327,25.969583333333333,25
2007.0,2022-07-22 12:25:00,2022-07-22 12:35:00,3,526.1970000000001,352.08033333333333,88.02008333333333,15
2009.0,2022-07-22 12:45:00,2022-07-22 13:55:00,15,703.5360000000003,283.6216666666667,354.5270833333334,75
2011.0,2022-07-22 14:20:00,2022-07-22 14:30:00,3,1034.373,431.4986666666666,107.87466666666666,15
2013.0,2022-07-22 15:05:00,2022-07-22 15:35:00,7,1205.351,607.7688571428571,354.53183333333334,35
2015.0,2022-07-23 07:25:00,2022-07-23 07:25:00,1,646.9579999999999,646.9579999999999,53.913166666666655,5
2017.0,2022-07-23 07:45:00,2022-07-23 09:20:00,20,1392.0349999999999,542.9004,904.834,100
2019.0,2022-07-23 11:35:00,2022-07-23 12:10:00,8,700.2700000000002,378.72800000000007,252.4853333333334,40
2021.0,2022-07-23 12:30:00,2022-07-23 12:35:00,2,157.1619999999998,102.85149999999987,17.141916666666646,10
2023.0,2022-07-23 13:10:00,2022-07-23 13:20:00,3,232.34299999999985,91.84499999999996,22.961249999999986,15
2025.0,2022-07-23 13:30:00,2022-07-23 13:35:00,2,147.87400000000002,79.60299999999995,13.26716666666666,10
2027.0,2022-07-23 14:30:00,2022-07-23 14:35:00,2,255.21600000000012,150.45400000000006,25.075666666666674,10
2029.0,2022-07-23 15:05:00,2022-07-23 15:10:00,2,159.692,100.00749999999994,16.667916666666656,10
2031.0,2022-07-23 16:05:00,2022-07-23 16:20:00,4,429.039,191.21350000000007,63.73783333333334,20
2033.0,2022-07-24 07:35:00,2022-07-24 07:45:00,3,457.3180000000002,196.47466666666674,49.118666666666684,15
2035.0,2022-07-24 07:55:00,2022-07-24 08:10:00,4,818.3040000000003,652.2682500000001,217.42275000000004,20
2037.0,2022-07-24 08:25:00,2022-07-24 09:10:00,10,991.537,358.745,298.95416666666665,50
2039.0,2022-07-24 09:20:00,2022-07-24 09:30:00,3,443.9659999999999,260.82033333333334,65.20508333333333,15
2041.0,2022-07-24 09:40:00,2022-07-24 09:40:00,1,449.81899999999996,449.81899999999996,37.48491666666666,5
2043.0,2022-07-24 10:15:00,2022-07-24 10:30:00,4,393.3810000000001,229.62550000000005,76.54183333333334,20
2045.0,2022-07-24 10:55:00,2022-07-24 11:15:00,5,299.3900000000001,168.9308,70.38783333333333,25
2047.0,2022-07-24 11:25:00,2022-07-24 11:30:00,2,220.79799999999977,212.2929999999999,35.38216666666665,10
2049.0,2022-07-24 11:40:00,2022-07-24 11:40:00,1,213.87500000000023,213.87500000000023,17.822916666666686,5
2051.0,2022-07-24 12:20:00,2022-07-24 12:20:00,1,16.771000000000186,16.771000000000186,1.3975833333333487,5
2053.0,2022-07-24 12:35:00,2022-07-24 12:55:00,5,411.6780000000001,284.76120000000003,118.6505,25
2055.0,2022-07-24 13:20:00,2022-07-24 13:20:00,1,111.68399999999997,111.68399999999997,9.306999999999997,5
2057.0,2022-07-24 13:30:00,2022-07-24 13:55:00,6,432.6899999999998,143.66016666666667,71.83008333333333,30
2059.0,2022-07-24 14:20:00,2022-07-24 15:05:00,10,316.626,166.20280000000002,138.50233333333335,50
2061.0,2022-07-24 15:20:00,2022-07-24 15:20:00,1,36.776999999999816,36.776999999999816,3.0647499999999845,5
2063.0,2022-07-24 16:05:00,2022-07-24 16:10:00,2,493.4770000000001,282.20000000000005,47.03333333333334,10
2065.0,2022-07-24 16:25:00,2022-07-24 16:30:00,2,387.90200000000004,218.10699999999997,36.35116666666666,10
2067.0,2022-07-24 16:45:00,2022-07-24 16:45:00,1,10.43100000000004,10.43100000000004,0.8692500000000033,5
2069.0,2022-07-24 17:05:00,2022-07-24 17:05:00,1,48.95100000000025,48.95100000000025,4.0792500000000205,5
2071.0,2022-07-25 08:30:00,2022-07-25 08:40:00,3,796.5300000000002,533.9209999999999,133.48024999999998,15
2073.0,2022-07-25 09:30:00,2022-07-25 09:55:00,6,712.191,339.70099999999996,169.85049999999998,30
2075.0,2022-07-25 10:15:00,2022-07-25 10:15:00,1,249.74399999999991,249.74399999999991,20.81199999999999,5
2077.0,2022-07-25 11:00:00,2022-07-25 11:05:00,2,652.3550000000005,573.1745000000003,95.52908333333338,10
2079.0,2022-07-25 11:15:00,2022-07-25 11:15:00,1,1.7289999999998145,1.7289999999998145,0.14408333333331785,5
2081.0,2022-07-25 11:35:00,2022-07-25 11:55:00,5,679.7780000000002,294.08200000000005,122.53416666666669,25
2083.0,2022-07-25 12:20:00,2022-07-25 12:55:00,8,489.7539999999999,255.05200000000002,170.03466666666668,40
2085.0,2022-07-25 13:05:00,2022-07-25 13:15:00,3,264.50199999999995,235.17066666666656,58.79266666666664,15
2087.0,2022-07-25 13:25:00,2022-07-25 13:55:00,7,635.4499999999998,318.48114285714286,185.78066666666666,35
2089.0,2022-07-25 14:50:00,2022-07-25 14:50:00,1,23.766000000000076,23.766000000000076,1.9805000000000064,5
2091.0,2022-07-25 17:30:00,2022-07-25 17:30:00,1,8.288999999999987,8.288999999999987,0.6907499999999989,5
2093.0,2022-07-25 17:55:00,2022-07-25 17:55:00,1,5.148000000000138,5.148000000000138,0.4290000000000115,5
2095.0,2022-07-25 18:40:00,2022-07-25 18:40:00,1,14.212999999999965,14.212999999999965,1.1844166666666638,5
2097.0,2022-07-26 07:40:00,2022-07-26 07:40:00,1,336.65200000000004,336.65200000000004,28.054333333333336,5
2099.0,2022-07-26 08:00:00,2022-07-26 08:00:00,1,86.10399999999981,86.10399999999981,7.175333333333318,5
2101.0,2022-07-26 08:30:00,2022-07-26 08:30:00,1,412.98799999999983,412.98799999999983,34.41566666666665,5
2103.0,2022-07-26 08:55:00,2022-07-26 09:10:00,4,1015.1180000000004,635.5427500000001,211.84758333333335,20
2105.0,2022-07-26 09:50:00,2022-07-26 09:50:00,1,52.66399999999999,52.66399999999999,4.388666666666666,5
2107.0,2022-07-26 10:15:00,2022-07-26 12:25:00,27,952.3470000000002,372.7508888888889,838.6894999999998,135
2109.0,2022-07-26 12:35:00,2022-07-26 12:45:00,3,179.91499999999996,121.47699999999986,30.369249999999965,15
2111.0,2022-07-26 12:55:00,2022-07-26 12:55:00,1,419.1859999999997,419.1859999999997,34.93216666666664,5
2113.0,2022-07-26 13:05:00,2022-07-26 13:05:00,1,139.7199999999998,139.7199999999998,11.643333333333317,5
2115.0,2022-07-26 13:15:00,2022-07-26 13:15:00,1,139.79200000000014,139.79200000000014,11.649333333333345,5
2117.0,2022-07-26 13:25:00,2022-07-26 13:55:00,7,622.9250000000002,335.8441428571428,195.90908333333329,35
2119.0,2022-07-26 14:05:00,2022-07-26 14:15:00,3,748.5820000000001,527.9973333333336,131.99933333333337,15
2121.0,2022-07-26 14:25:00,2022-07-26 14:25:00,1,28.20399999999995,28.20399999999995,2.350333333333329,5
2123.0,2022-07-26 14:35:00,2022-07-26 14:45:00,3,238.39100000000008,212.3693333333334,53.09233333333334,15
2125.0,2022-07-26 15:30:00,2022-07-26 15:50:00,5,1442.153,1040.4746,433.5310833333333,25
2127.0,2022-07-26 16:00:00,2022-07-26 16:20:00,5,1217.8719999999998,705.8302,294.09591666666665,25
2129.0,2022-07-26 16:30:00,2022-07-26 17:20:00,11,693.1129999999996,334.7696363636363,306.8721666666666,55
2131.0,2022-07-27 07:35:00,2022-07-27 07:35:00,1,49.01599999999985,49.01599999999985,4.084666666666654,5
2133.0,2022-07-27 07:45:00,2022-07-27 11:05:00,41,1292.368,636.0333414634146,2173.1139166666662,205
2135.0,2022-07-27 11:15:00,2022-07-27 11:15:00,1,45.30400000000009,45.30400000000009,3.7753333333333403,5
2137.0,2022-07-27 11:25:00,2022-07-27 12:25:00,13,1279.676,546.9496923076923,592.5288333333333,65
2139.0,2022-07-27 12:35:00,2022-07-27 12:55:00,5,910.6440000000002,370.2588,154.2745,25
2141.0,2022-07-27 13:05:00,2022-07-27 13:25:00,5,335.68299999999977,141.5906,58.996083333333324,25
2143.0,2022-07-27 13:35:00,2022-07-27 13:55:00,5,322.41600000000017,218.76100000000014,91.15041666666673,25
2145.0,2022-07-27 14:05:00,2022-07-27 14:05:00,1,44.01700000000005,44.01700000000005,3.6680833333333376,5
2147.0,2022-07-27 14:40:00,2022-07-27 14:50:00,3,167.43200000000024,145.60166666666677,36.400416666666686,15
2149.0,2022-07-29 09:10:00,2022-07-29 09:25:00,4,268.5590000000002,167.7920000000001,55.93066666666669,20
2151.0,2022-07-29 09:55:00,2022-07-29 09:55:00,1,28.77299999999991,28.77299999999991,2.3977499999999923,5
2153.0,2022-07-29 10:55:00,2022-07-29 11:20:00,6,261.8539999999998,157.3558333333334,78.6779166666667,30
2155.0,2022-07-29 13:25:00,2022-07-29 13:25:00,1,241.4480000000001,241.4480000000001,20.120666666666672,5
2157.0,2022-07-30 08:30:00,2022-07-30 08:30:00,1,16.23400000000015,16.23400000000015,1.3528333333333458,5
2159.0,2022-07-30 10:10:00,2022-07-30 10:35:00,6,920.281,468.1038333333333,234.05191666666664,30
2161.0,2022-07-30 11:10:00,2022-07-30 11:15:00,2,129.32100000000014,75.7845000000001,12.630750000000015,10
2163.0,2022-07-30 11:35:00,2022-07-30 12:05:00,7,681.2949999999998,358.4264285714285,209.0820833333333,35
2165.0,2022-07-30 12:15:00,2022-07-30 14:20:00,26,1136.2300000000002,610.0078076923078,1321.6835833333334,130
2167.0,2022-07-30 15:00:00,2022-07-30 15:00:00,1,50.934999999999945,50.934999999999945,4.2445833333333285,5
2169.0,2022-07-30 15:30:00,2022-07-30 15:35:00,2,394.8789999999999,317.462,52.91033333333333,10
2171.0,2022-07-30 16:00:00,2022-07-30 16:00:00,1,117.39899999999989,117.39899999999989,9.78324999999999,5
2173.0,2022-07-31 08:05:00,2022-07-31 08:05:00,1,128.36400000000003,128.36400000000003,10.697000000000003,5
2175.0,2022-07-31 09:00:00,2022-07-31 09:00:00,1,55.96399999999994,55.96399999999994,4.6636666666666615,5
2177.0,2022-07-31 09:20:00,2022-07-31 09:25:00,2,435.05099999999993,334.158,55.693,10
2179.0,2022-07-31 09:40:00,2022-07-31 16:40:00,85,1177.382,500.1274823529411,3542.5696666666663,425
2181.0,2022-07-31 17:20:00,2022-07-31 17:25:00,2,463.5379999999998,261.4805,43.58008333333333,10
2183.0,2022-07-31 17:45:00,2022-07-31 17:45:00,1,268.1310000000001,268.1310000000001,22.344250000000006,5
2185.0,2022-08-01 07:30:00,2022-08-01 07:30:00,1,39.20699999999988,39.20699999999988,3.26724999999999,5
2187.0,2022-08-01 07:55:00,2022-08-01 10:10:00,28,1446.8159999999998,775.0103214285715,1808.3574166666665,140
2189.0,2022-08-01 10:25:00,2022-08-01 10:25:00,1,41.733999999999924,41.733999999999924,3.4778333333333267,5
2191.0,2022-08-01 10:35:00,2022-08-01 10:35:00,1,250.89199999999983,250.89199999999983,20.90766666666665,5
2193.0,2022-08-01 10:50:00,2022-08-01 10:50:00,1,4.432999999999993,4.432999999999993,0.36941666666666606,5
2195.0,2022-08-01 11:00:00,2022-08-01 11:00:00,1,91.25900000000001,91.25900000000001,7.604916666666668,5
2197.0,2022-08-01 11:10:00,2022-08-01 11:10:00,1,70.05000000000018,70.05000000000018,5.837500000000015,5
2199.0,2022-08-01 11:30:00,2022-08-01 11:35:00,2,475.02700000000027,368.23800000000006,61.373000000000005,10
2201.0,2022-08-01 11:45:00,2022-08-01 12:15:00,7,669.1529999999998,354.1709999999998,206.5997499999999,35
2203.0,2022-08-01 12:25:00,2022-08-01 12:35:00,3,467.7389999999998,316.0686666666665,79.01716666666661,15
2205.0,2022-08-01 12:45:00,2022-08-01 15:35:00,35,1266.7979999999998,569.2621714285714,1660.348,175
2207.0,2022-08-01 15:45:00,2022-08-01 16:10:00,6,426.00199999999995,230.38350000000003,115.19175000000001,30
2209.0,2022-08-02 11:45:00,2022-08-02 12:50:00,14,1041.542,431.4059285714285,503.3069166666666,70
2211.0,2022-08-02 13:00:00,2022-08-02 13:00:00,1,97.91799999999967,97.91799999999967,8.159833333333305,5
2213.0,2022-08-02 13:10:00,2022-08-02 13:10:00,1,446.4389999999996,446.4389999999996,37.20324999999997,5
2215.0,2022-08-02 13:20:00,2022-08-02 13:25:00,2,131.615,97.69050000000004,16.281750000000006,10
2217.0,2022-08-02 14:05:00,2022-08-02 14:05:00,1,29.045000000000073,29.045000000000073,2.4204166666666724,5
2219.0,2022-08-02 14:30:00,2022-08-02 14:35:00,2,323.17100000000005,249.23450000000003,41.53908333333334,10
2221.0,2022-08-03 07:30:00,2022-08-03 07:35:00,2,138.94299999999998,128.46949999999993,21.41158333333332,10
2223.0,2022-08-03 07:50:00,2022-08-03 09:05:00,16,1168.7940000000003,522.7610000000001,697.0146666666667,80
2225.0,2022-08-03 09:15:00,2022-08-03 09:20:00,2,246.24999999999977,221.56449999999984,36.92741666666664,10
2227.0,2022-08-03 10:05:00,2022-08-03 10:05:00,1,113.45399999999995,113.45399999999995,9.454499999999996,5
2229.0,2022-08-03 10:15:00,2022-08-03 10:15:00,1,276.4409999999998,276.4409999999998,23.036749999999984,5
2231.0,2022-08-03 11:10:00,2022-08-03 11:15:00,2,165.7550000000001,164.27200000000016,27.378666666666692,10
2233.0,2022-08-03 11:30:00,2022-08-03 11:30:00,1,256.9720000000002,256.9720000000002,21.41433333333335,5
2235.0,2022-08-03 11:40:00,2022-08-03 11:45:00,2,143.34900000000016,117.981,19.6635,10
2237.0,2022-08-03 11:55:00,2022-08-03 14:05:00,27,823.4389999999999,310.62140740740733,698.8981666666666,135
2239.0,2022-08-03 14:15:00,2022-08-03 17:25:00,39,1279.064,505.35205128205126,1642.3941666666665,195
2241.0,2022-08-04 07:35:00,2022-08-04 09:35:00,25,1315.9030000000002,643.11388,1339.8205833333332,125
2243.0,2022-08-04 09:45:00,2022-08-04 09:55:00,3,224.32299999999987,142.91000000000008,35.72750000000002,15
2245.0,2022-08-04 10:05:00,2022-08-04 10:20:00,4,563.248,389.28525,129.76175,20
2247.0,2022-08-04 10:30:00,2022-08-04 10:30:00,1,102.41499999999974,102.41499999999974,8.53458333333331,5
2249.0,2022-08-04 10:40:00,2022-08-04 11:10:00,7,654.7679999999996,482.9624285714286,281.7280833333333,35
2251.0,2022-08-04 11:45:00,2022-08-04 11:45:00,1,124.69899999999984,124.69899999999984,10.391583333333319,5
2253.0,2022-08-04 12:00:00,2022-08-04 12:10:00,3,492.30099999999993,302.657,75.66425,15
2255.0,2022-08-04 12:40:00,2022-08-04 12:55:00,4,491.3889999999999,230.51325000000003,76.83775,20
2257.0,2022-08-04 13:05:00,2022-08-04 13:20:00,4,478.5250000000001,323.49775,107.83258333333333,20
2259.0,2022-08-04 13:30:00,2022-08-04 13:35:00,2,245.87599999999998,200.41899999999998,33.403166666666664,10
2261.0,2022-08-04 14:00:00,2022-08-04 14:10:00,3,255.66000000000008,178.2473333333334,44.56183333333335,15
2263.0,2022-08-04 14:20:00,2022-08-04 14:55:00,8,114.88599999999997,56.61524999999992,37.74349999999994,40
2265.0,2022-08-04 15:05:00,2022-08-04 15:15:00,3,239.298,189.74699999999999,47.436749999999996,15
2267.0,2022-08-04 15:25:00,2022-08-04 17:30:00,26,1308.959,685.9549230769231,1486.2356666666667,130
2269.0,2022-08-05 07:30:00,2022-08-05 07:35:00,2,232.75599999999986,145.09449999999993,24.182416666666654,10
2271.0,2022-08-05 08:20:00,2022-08-05 09:45:00,18,1023.3009999999997,563.9129444444444,845.8694166666666,90
2273.0,2022-08-05 09:55:00,2022-08-05 10:00:00,2,493.56399999999985,413.4909999999999,68.91516666666664,10
2275.0,2022-08-05 10:15:00,2022-08-05 10:20:00,2,401.66599999999994,283.9315,47.32191666666667,10
2277.0,2022-08-05 10:30:00,2022-08-05 10:45:00,4,545.9359999999997,277.36274999999983,92.45424999999994,20
2279.0,2022-08-05 11:00:00,2022-08-05 11:20:00,5,707.1870000000001,476.10059999999993,198.37525,25
2281.0,2022-08-05 11:30:00,2022-08-05 11:45:00,4,581.6990000000001,263.23625,87.74541666666666,20
2283.0,2022-08-05 11:55:00,2022-08-05 12:05:00,3,707.8969999999997,485.2376666666665,121.3094166666666,15
2285.0,2022-08-05 12:15:00,2022-08-05 12:20:00,2,300.231,211.87699999999995,35.31283333333332,10
2287.0,2022-08-05 12:50:00,2022-08-05 14:05:00,16,1076.3859999999997,566.232125,754.9761666666667,80
2289.0,2022-08-05 14:20:00,2022-08-05 14:45:00,6,446.33799999999997,253.41600000000005,126.70800000000003,30
2291.0,2022-08-05 15:00:00,2022-08-05 15:05:00,2,172.4290000000001,166.6775,27.779583333333335,10
2293.0,2022-08-05 15:15:00,2022-08-05 15:20:00,2,261.4069999999999,157.90149999999994,26.316916666666657,10
2295.0,2022-08-05 15:30:00,2022-08-05 15:40:00,3,647.7890000000002,375.49500000000006,93.87375,15
2297.0,2022-08-05 15:50:00,2022-08-05 16:15:00,6,782.2910000000002,418.56883333333343,209.2844166666667,30
2299.0,2022-08-05 16:40:00,2022-08-05 16:40:00,1,98.35199999999986,98.35199999999986,8.195999999999987,5
2301.0,2022-08-05 16:55:00,2022-08-05 17:35:00,9,648.6600000000001,366.9863333333332,275.2397499999999,45
2303.0,2022-08-06 07:10:00,2022-08-06 07:15:00,2,49.534000000000106,49.35050000000001,8.225083333333334,10
2305.0,2022-08-06 07:45:00,2022-08-06 10:25:00,33,1436.2239999999997,654.6819393939394,1800.3753333333332,165
2307.0,2022-08-06 10:35:00,2022-08-06 12:40:00,26,673.461,302.74615384615385,655.9499999999999,130
2309.0,2022-08-06 12:50:00,2022-08-06 17:25:00,56,1369.412,532.6798928571428,2485.8395,280
2311.0,2022-08-07 07:05:00,2022-08-07 07:05:00,1,70.59899999999993,70.59899999999993,5.883249999999994,5
2313.0,2022-08-07 07:20:00,2022-08-07 11:35:00,52,1459.4199999999998,507.913923076923,2200.960333333333,260
2315.0,2022-08-07 11:50:00,2022-08-07 17:35:00,70,1364.766,444.59382857142856,2593.464,350
2317.0,2022-08-08 07:05:00,2022-08-08 07:10:00,2,83.24800000000005,56.32450000000006,9.387416666666676,10
2319.0,2022-08-08 07:40:00,2022-08-08 07:55:00,4,88.08899999999994,56.04649999999998,18.68216666666666,20
2321.0,2022-08-08 08:10:00,2022-08-08 08:20:00,3,650.719,401.6426666666667,100.41066666666667,15
2323.0,2022-08-08 08:55:00,2022-08-08 09:50:00,12,1465.848,798.3721666666667,798.3721666666667,60
2325.0,2022-08-08 10:00:00,2022-08-08 10:00:00,1,233.6289999999999,233.6289999999999,19.469083333333323,5
2327.0,2022-08-08 10:15:00,2022-08-08 10:20:00,2,328.68100000000004,214.72699999999998,35.787833333333325,10
2329.0,2022-08-08 10:30:00,2022-08-08 10:30:00,1,849.9090000000001,849.9090000000001,70.82575,5
2331.0,2022-08-08 10:55:00,2022-08-08 10:55:00,1,152.28700000000003,152.28700000000003,12.690583333333336,5
2333.0,2022-08-08 11:05:00,2022-08-08 11:05:00,1,501.00900000000024,501.00900000000024,41.75075000000002,5
2335.0,2022-08-08 11:15:00,2022-08-08 11:20:00,2,648.7700000000004,343.21050000000014,57.20175000000002,10
2337.0,2022-08-08 11:30:00,2022-08-08 11:30:00,1,206.2080000000003,206.2080000000003,17.184000000000026,5
2339.0,2022-08-08 11:40:00,2022-08-08 12:05:00,6,933.7709999999997,382.1346666666666,191.0673333333333,30
2341.0,2022-08-08 12:15:00,2022-08-08 12:15:00,1,108.54200000000014,108.54200000000014,9.045166666666677,5
2343.0,2022-08-08 12:40:00,2022-08-08 12:45:00,2,575.546,362.529,60.421499999999995,10
2345.0,2022-08-08 13:05:00,2022-08-08 13:05:00,1,276.83200000000033,276.83200000000033,23.06933333333336,5
2347.0,2022-08-08 13:45:00,2022-08-08 13:45:00,1,89.2510000000002,89.2510000000002,7.43758333333335,5
2349.0,2022-08-08 13:55:00,2022-08-08 13:55:00,1,508.3249999999998,508.3249999999998,42.36041666666665,5
2351.0,2022-08-08 14:10:00,2022-08-08 14:10:00,1,34.19400000000019,34.19400000000019,2.8495000000000155,5
2353.0,2022-08-08 14:25:00,2022-08-08 14:35:00,3,911.788,485.94633333333337,121.48658333333333,15
2355.0,2022-08-08 14:45:00,2022-08-08 17:00:00,28,1220.8329999999996,739.1509285714285,1724.6854999999998,140
2357.0,2022-08-09 07:45:00,2022-08-09 07:45:00,1,46.61200000000008,46.61200000000008,3.88433333333334,5
2359.0,2022-08-09 07:55:00,2022-08-09 10:40:00,34,1479.6780000000003,836.3486764705882,2369.654583333333,170
2361.0,2022-08-09 11:05:00,2022-08-09 11:05:00,1,374.3030000000001,374.3030000000001,31.191916666666675,5
2363.0,2022-08-09 11:30:00,2022-08-09 11:40:00,3,683.8340000000001,495.18366666666674,123.79591666666667,15
2365.0,2022-08-09 11:50:00,2022-08-09 11:55:00,2,670.0509999999999,506.25149999999996,84.37525,10
2367.0,2022-08-09 12:30:00,2022-08-09 13:25:00,12,1015.4630000000002,549.7777500000001,549.7777500000001,60
2369.0,2022-08-09 13:40:00,2022-08-09 13:40:00,1,80.54500000000007,80.54500000000007,6.712083333333339,5
2371.0,2022-08-09 13:55:00,2022-08-09 13:55:00,1,683.9989999999998,683.9989999999998,56.99991666666665,5
2373.0,2022-08-09 14:10:00,2022-08-09 16:50:00,33,1384.4500000000003,724.1912424242424,1991.5259166666665,165
2375.0,2022-08-10 07:45:00,2022-08-10 07:45:00,1,55.11499999999978,55.11499999999978,4.592916666666648,5
2377.0,2022-08-10 08:00:00,2022-08-10 11:20:00,41,1496.812,932.4646341463415,3185.920833333333,205
2379.0,2022-08-10 11:30:00,2022-08-10 11:35:00,2,607.2259999999997,470.19899999999984,78.36649999999997,10
2381.0,2022-08-10 11:55:00,2022-08-10 12:05:00,3,516.3630000000003,208.32900000000004,52.08225,15
2383.0,2022-08-10 12:20:00,2022-08-10 12:25:00,2,1405.0819999999999,847.7854999999998,141.2975833333333,10
2385.0,2022-08-10 12:35:00,2022-08-10 12:35:00,1,1428.2240000000002,1428.2240000000002,119.01866666666668,5
2387.0,2022-08-10 12:45:00,2022-08-10 12:45:00,1,769.1059999999998,769.1059999999998,64.09216666666664,5
2389.0,2022-08-10 13:05:00,2022-08-10 16:30:00,42,1323.4919999999997,700.6855476190476,2452.3994166666666,210
2391.0,2022-08-11 07:50:00,2022-08-11 07:50:00,1,29.115999999999985,29.115999999999985,2.426333333333332,5
2393.0,2022-08-11 08:15:00,2022-08-11 08:20:00,2,70.07400000000007,49.22350000000006,8.203916666666675,10
2395.0,2022-08-11 08:30:00,2022-08-11 10:40:00,27,1149.0819999999999,505.4842222222222,1137.3394999999998,135
2397.0,2022-08-11 10:50:00,2022-08-11 11:00:00,3,425.4109999999996,265.53366666666653,66.38341666666663,15
2399.0,2022-08-11 11:20:00,2022-08-11 11:20:00,1,840.4789999999998,840.4789999999998,70.03991666666664,5
2401.0,2022-08-11 11:35:00,2022-08-11 11:45:00,3,849.3249999999998,537.2366666666667,134.30916666666667,15
2403.0,2022-08-11 12:30:00,2022-08-11 12:35:00,2,758.3110000000001,401.97950000000014,66.99658333333336,10
2405.0,2022-08-11 12:55:00,2022-08-11 13:05:00,3,516.9780000000001,398.8503333333335,99.71258333333336,15
2407.0,2022-08-11 13:20:00,2022-08-11 16:15:00,36,1353.8519999999999,621.2442500000001,1863.73275,180
2409.0,2022-08-11 16:30:00,2022-08-11 16:30:00,1,42.72700000000009,42.72700000000009,3.5605833333333408,5
2411.0,2022-08-12 08:00:00,2022-08-12 08:05:00,2,133.25299999999993,83.22400000000005,13.870666666666674,10
2413.0,2022-08-12 08:15:00,2022-08-12 10:05:00,23,1413.6,856.6574347826087,1641.9267499999999,115
2415.0,2022-08-12 10:15:00,2022-08-12 10:15:00,1,188.48900000000003,188.48900000000003,15.707416666666669,5
2417.0,2022-08-12 12:00:00,2022-08-12 12:05:00,2,611.8109999999997,343.97,57.32833333333334,10
2419.0,2022-08-12 12:35:00,2022-08-12 12:35:00,1,628.7719999999999,628.7719999999999,52.39766666666666,5
2421.0,2022-08-12 12:50:00,2022-08-12 12:50:00,1,46.07099999999991,46.07099999999991,3.8392499999999927,5
2423.0,2022-08-12 13:40:00,2022-08-12 13:45:00,2,379.4520000000002,213.49849999999992,35.58308333333332,10
2425.0,2022-08-12 13:55:00,2022-08-12 14:15:00,5,683.4210000000003,369.7798,154.07491666666667,25
2427.0,2022-08-12 14:30:00,2022-08-12 16:00:00,19,1104.4880000000003,683.2342631578947,1081.7875833333333,95
2429.0,2022-08-12 16:15:00,2022-08-12 16:15:00,1,26.505999999999858,26.505999999999858,2.208833333333321,5
2431.0,2022-08-13 07:20:00,2022-08-13 07:20:00,1,46.40700000000015,46.40700000000015,3.8672500000000127,5
2433.0,2022-08-13 07:40:00,2022-08-13 07:45:00,2,158.27100000000019,141.2605000000001,23.54341666666668,10
2435.0,2022-08-13 07:55:00,2022-08-13 09:35:00,21,1302.0789999999997,649.1888095238095,1136.0804166666667,105
2437.0,2022-08-13 10:15:00,2022-08-13 10:15:00,1,499.2270000000001,499.2270000000001,41.602250000000005,5
2439.0,2022-08-13 10:50:00,2022-08-13 11:20:00,7,263.16599999999994,115.65271428571428,67.46408333333332,35
2441.0,2022-08-13 11:35:00,2022-08-13 11:35:00,1,98.78500000000008,98.78500000000008,8.232083333333339,5
2443.0,2022-08-13 11:50:00,2022-08-13 12:20:00,7,323.77600000000007,143.46942857142858,83.6905,35
2445.0,2022-08-13 12:35:00,2022-08-13 12:40:00,2,214.36900000000014,147.08000000000004,24.51333333333334,10
2447.0,2022-08-13 13:10:00,2022-08-13 13:10:00,1,17.48799999999983,17.48799999999983,1.457333333333319,5
2449.0,2022-08-13 13:50:00,2022-08-13 13:50:00,1,14.047000000000025,14.047000000000025,1.1705833333333353,5
2451.0,2022-08-13 14:05:00,2022-08-13 14:20:00,4,998.5000000000005,287.5750000000001,95.85833333333336,20
2453.0,2022-08-13 14:30:00,2022-08-13 14:30:00,1,646.913,646.913,53.909416666666665,5
2455.0,2022-08-13 14:40:00,2022-08-13 14:45:00,2,158.28300000000013,140.59850000000006,23.433083333333343,10
2457.0,2022-08-13 14:55:00,2022-08-13 15:00:00,2,224.8760000000002,166.02350000000013,27.670583333333354,10
2459.0,2022-08-13 15:10:00,2022-08-13 16:10:00,13,1216.6309999999996,731.7514615384615,792.7307500000001,65
2461.0,2022-08-13 16:40:00,2022-08-13 16:40:00,1,235.70399999999995,235.70399999999995,19.641999999999996,5
2463.0,2022-08-14 07:35:00,2022-08-14 07:35:00,1,43.52599999999984,43.52599999999984,3.6271666666666533,5
2465.0,2022-08-14 08:00:00,2022-08-14 10:05:00,26,1391.358,627.5045769230769,1359.59325,130
2467.0,2022-08-14 10:15:00,2022-08-14 10:15:00,1,124.06099999999992,124.06099999999992,10.33841666666666,5
2469.0,2022-08-14 10:25:00,2022-08-14 10:25:00,1,290.55999999999995,290.55999999999995,24.213333333333328,5
2471.0,2022-08-14 10:35:00,2022-08-14 10:35:00,1,215.2220000000002,215.2220000000002,17.93516666666668,5
2473.0,2022-08-14 10:45:00,2022-08-14 10:45:00,1,371.028,371.028,30.919,5
2475.0,2022-08-14 10:55:00,2022-08-14 11:00:00,2,239.067,174.34749999999997,29.057916666666657,10
2477.0,2022-08-14 11:15:00,2022-08-14 11:30:00,4,280.451,83.36300000000006,27.78766666666668,20
2479.0,2022-08-14 12:00:00,2022-08-14 12:05:00,2,35.740999999999985,19.014999999999873,3.169166666666645,10
2481.0,2022-08-14 12:20:00,2022-08-14 12:30:00,3,281.99800000000005,168.87599999999998,42.218999999999994,15
2483.0,2022-08-14 13:05:00,2022-08-14 13:05:00,1,23.449000000000296,23.449000000000296,1.954083333333358,5
2485.0,2022-08-14 13:15:00,2022-08-14 13:15:00,1,128.49900000000002,128.49900000000002,10.708250000000001,5
2487.0,2022-08-14 13:25:00,2022-08-14 13:25:00,1,275.3430000000001,275.3430000000001,22.945250000000005,5
2489.0,2022-08-14 13:35:00,2022-08-14 13:40:00,2,239.587,125.33500000000004,20.88916666666667,10
2491.0,2022-08-14 14:00:00,2022-08-14 14:05:00,2,481.64800000000014,249.00750000000005,41.501250000000006,10
2493.0,2022-08-14 14:15:00,2022-08-14 14:35:00,5,941.4060000000002,573.019,238.75791666666666,25
2495.0,2022-08-14 15:05:00,2022-08-14 15:20:00,4,1072.718,772.0262499999999,257.3420833333333,20
2497.0,2022-08-14 15:30:00,2022-08-14 15:50:00,5,629.1310000000001,374.63859999999994,156.09941666666663,25
2499.0,2022-08-14 16:00:00,2022-08-14 16:00:00,1,515.4610000000002,515.4610000000002,42.95508333333335,5
2501.0,2022-08-14 16:30:00,2022-08-14 16:40:00,3,108.96900000000005,58.41933333333335,14.604833333333335,15
2503.0,2022-08-15 08:05:00,2022-08-15 08:10:00,2,307.086,241.09099999999978,40.181833333333294,10
2505.0,2022-08-16 09:05:00,2022-08-16 09:05:00,1,28.36500000000001,28.36500000000001,2.3637500000000005,5
2507.0,2022-08-16 09:40:00,2022-08-16 09:40:00,1,428.0390000000002,428.0390000000002,35.66991666666668,5
2509.0,2022-08-16 11:20:00,2022-08-16 11:20:00,1,472.789,472.789,39.39908333333333,5
2511.0,2022-08-16 11:35:00,2022-08-16 11:40:00,2,593.8300000000004,370.54150000000027,61.756916666666704,10
2513.0,2022-08-16 11:50:00,2022-08-16 12:00:00,3,1118.4540000000002,464.8746666666666,116.21866666666665,15
2515.0,2022-08-16 12:10:00,2022-08-16 12:30:00,5,1012.5360000000001,448.19180000000006,186.74658333333335,25
2517.0,2022-08-16 13:35:00,2022-08-16 13:40:00,2,56.54299999999989,47.282499999999914,7.880416666666652,10
2519.0,2022-08-16 14:35:00,2022-08-16 14:35:00,1,170.05399999999986,170.05399999999986,14.171166666666654,5
2521.0,2022-08-17 10:25:00,2022-08-17 10:25:00,1,81.48300000000017,81.48300000000017,6.7902500000000146,5
2523.0,2022-08-17 12:30:00,2022-08-17 12:35:00,2,325.0329999999999,275.9514999999999,45.99191666666665,10
2525.0,2022-08-17 12:55:00,2022-08-17 13:20:00,6,399.7350000000001,245.42383333333342,122.7119166666667,30
2527.0,2022-08-18 08:55:00,2022-08-18 08:55:00,1,183.7539999999999,183.7539999999999,15.312833333333325,5
2529.0,2022-08-18 09:25:00,2022-08-18 09:25:00,1,504.6189999999999,504.6189999999999,42.051583333333326,5
2531.0,2022-08-18 10:00:00,2022-08-18 10:00:00,1,190.02400000000011,190.02400000000011,15.835333333333342,5
2533.0,2022-08-18 10:10:00,2022-08-18 10:15:00,2,452.1779999999999,235.31500000000005,39.21916666666667,10
2535.0,2022-08-18 12:00:00,2022-08-18 12:10:00,3,227.82700000000023,113.35766666666677,28.339416666666693,15
2537.0,2022-08-18 13:20:00,2022-08-18 13:25:00,2,176.5820000000001,155.4029999999999,25.900499999999983,10
2539.0,2022-08-18 14:10:00,2022-08-18 14:10:00,1,70.79100000000017,70.79100000000017,5.899250000000014,5
2541.0,2022-08-19 07:45:00,2022-08-19 07:50:00,2,50.26800000000003,49.62000000000012,8.27000000000002,10
2543.0,2022-08-19 08:10:00,2022-08-19 08:55:00,10,706.1019999999994,286.61209999999994,238.8434166666666,50
2545.0,2022-08-19 09:05:00,2022-08-19 09:10:00,2,972.8920000000003,519.1030000000001,86.51716666666668,10
2547.0,2022-08-19 09:25:00,2022-08-19 09:25:00,1,554.8789999999995,554.8789999999995,46.239916666666616,5
2549.0,2022-08-19 09:35:00,2022-08-19 09:40:00,2,245.817,189.31850000000009,31.553083333333344,10
2551.0,2022-08-19 09:50:00,2022-08-19 09:55:00,2,427.19600000000037,325.634,54.27233333333333,10
2553.0,2022-08-19 10:35:00,2022-08-19 10:45:00,3,496.9939999999999,240.18866666666668,60.04716666666666,15
2555.0,2022-08-19 11:00:00,2022-08-19 11:00:00,1,233.5039999999999,233.5039999999999,19.45866666666666,5
2557.0,2022-08-19 11:10:00,2022-08-19 11:10:00,1,122.27999999999975,122.27999999999975,10.189999999999978,5
2559.0,2022-08-19 11:30:00,2022-08-19 11:35:00,2,656.6319999999996,466.1999999999997,77.69999999999995,10
2561.0,2022-08-19 11:45:00,2022-08-19 11:45:00,1,235.1569999999997,235.1569999999997,19.59641666666664,5
2563.0,2022-08-19 11:55:00,2022-08-19 11:55:00,1,370.9640000000004,370.9640000000004,30.9136666666667,5
2565.0,2022-08-19 12:15:00,2022-08-19 12:15:00,1,63.414000000000215,63.414000000000215,5.284500000000017,5
2567.0,2022-08-19 12:25:00,2022-08-19 12:30:00,2,475.337,456.8325,76.13874999999999,10
2569.0,2022-08-19 12:55:00,2022-08-19 12:55:00,1,161.0250000000001,161.0250000000001,13.418750000000006,5
2571.0,2022-08-19 13:05:00,2022-08-19 13:05:00,1,53.68100000000004,53.68100000000004,4.47341666666667,5
2573.0,2022-08-19 13:45:00,2022-08-19 13:50:00,2,160.68700000000013,135.63300000000004,22.605500000000006,10
2575.0,2022-08-19 14:15:00,2022-08-19 14:20:00,2,297.91099999999983,185.65549999999996,30.942583333333324,10
2577.0,2022-08-19 14:35:00,2022-08-19 14:35:00,1,608.2589999999998,608.2589999999998,50.68824999999998,5
2579.0,2022-08-19 14:45:00,2022-08-19 14:55:00,3,427.327,278.71833333333325,69.67958333333331,15
2581.0,2022-08-19 15:20:00,2022-08-19 15:20:00,1,113.50199999999973,113.50199999999973,9.458499999999976,5
2583.0,2022-08-19 15:50:00,2022-08-19 15:50:00,1,37.79299999999989,37.79299999999989,3.1494166666666574,5
2585.0,2022-08-19 16:05:00,2022-08-19 16:15:00,3,385.3220000000001,263.1603333333335,65.79008333333337,15
2587.0,2022-08-19 16:40:00,2022-08-19 16:40:00,1,423.52599999999984,423.52599999999984,35.29383333333332,5
2589.0,2022-08-20 07:30:00,2022-08-20 07:30:00,1,47.51200000000017,47.51200000000017,3.9593333333333476,5
2591.0,2022-08-20 08:05:00,2022-08-20 08:05:00,1,43.37700000000018,43.37700000000018,3.614750000000015,5
2593.0,2022-08-20 08:35:00,2022-08-20 08:50:00,4,905.3849999999998,644.2164999999999,214.73883333333328,20
2595.0,2022-08-20 09:00:00,2022-08-20 09:00:00,1,15.06899999999996,15.06899999999996,1.2557499999999966,5
2597.0,2022-08-20 09:10:00,2022-08-20 09:15:00,2,183.03600000000006,168.2745,28.045749999999998,10
2599.0,2022-08-20 09:25:00,2022-08-20 09:35:00,3,548.951,345.2883333333334,86.32208333333335,15
2601.0,2022-08-20 09:50:00,2022-08-20 09:50:00,1,488.4169999999999,488.4169999999999,40.70141666666666,5
2603.0,2022-08-20 10:00:00,2022-08-20 10:00:00,1,61.46900000000005,61.46900000000005,5.122416666666671,5
2605.0,2022-08-20 10:15:00,2022-08-20 10:15:00,1,112.38199999999983,112.38199999999983,9.365166666666653,5
2607.0,2022-08-20 10:40:00,2022-08-20 11:15:00,8,784.5740000000001,406.93850000000003,271.2923333333333,40
2609.0,2022-08-20 11:25:00,2022-08-20 11:45:00,5,660.4730000000002,307.5102,128.12924999999998,25
2611.0,2022-08-20 11:55:00,2022-08-20 11:55:00,1,211.16399999999976,211.16399999999976,17.59699999999998,5
2613.0,2022-08-20 12:05:00,2022-08-20 12:10:00,2,404.4630000000002,325.2104999999999,54.20174999999998,10
2615.0,2022-08-20 12:30:00,2022-08-20 12:45:00,4,583.1889999999999,387.55974999999995,129.18658333333332,20
2617.0,2022-08-20 12:55:00,2022-08-20 13:55:00,13,494.86800000000017,324.4668461538462,351.50575000000003,65
2619.0,2022-08-20 14:05:00,2022-08-20 15:05:00,13,558.1580000000001,183.203076923077,198.47000000000006,65
2621.0,2022-08-20 15:15:00,2022-08-20 15:30:00,4,525.0020000000002,320.21150000000006,106.73716666666668,20
2623.0,2022-08-20 15:40:00,2022-08-20 15:40:00,1,278.22399999999993,278.22399999999993,23.185333333333325,5
2625.0,2022-08-20 16:15:00,2022-08-20 16:15:00,1,333.374,333.374,27.781166666666667,5
2627.0,2022-08-20 16:30:00,2022-08-20 16:30:00,1,483.53099999999995,483.53099999999995,40.29424999999999,5
2629.0,2022-08-20 17:00:00,2022-08-20 17:05:00,2,912.1410000000001,628.147,104.69116666666667,10
2631.0,2022-08-21 07:50:00,2022-08-21 07:50:00,1,48.03800000000001,48.03800000000001,4.003166666666667,5
2633.0,2022-08-21 08:30:00,2022-08-21 08:45:00,4,628.8349999999998,307.6524999999999,102.5508333333333,20
2635.0,2022-08-21 09:00:00,2022-08-21 09:00:00,1,163.61300000000006,163.61300000000006,13.63441666666667,5
2637.0,2022-08-21 09:25:00,2022-08-21 09:40:00,4,529.6780000000001,227.5555,75.85183333333333,20
2639.0,2022-08-21 10:15:00,2022-08-21 10:35:00,5,915.1279999999997,502.5373999999999,209.39058333333327,25
2641.0,2022-08-21 10:50:00,2022-08-21 12:05:00,16,976.705,429.4178125000001,572.5570833333334,80
2643.0,2022-08-21 12:35:00,2022-08-21 12:55:00,5,918.6139999999998,444.8574,185.35724999999996,25
2645.0,2022-08-21 13:05:00,2022-08-21 13:25:00,5,710.54,546.0409999999999,227.5170833333333,25
2647.0,2022-08-21 13:35:00,2022-08-21 13:35:00,1,250.5630000000001,250.5630000000001,20.880250000000007,5
2649.0,2022-08-21 13:45:00,2022-08-21 13:45:00,1,155.21299999999974,155.21299999999974,12.934416666666644,5
2651.0,2022-08-21 14:00:00,2022-08-21 14:05:00,2,429.7160000000001,410.82400000000007,68.47066666666667,10
2653.0,2022-08-21 14:15:00,2022-08-21 14:15:00,1,461.09899999999993,461.09899999999993,38.42491666666666,5
2655.0,2022-08-21 14:30:00,2022-08-21 14:50:00,5,390.55099999999993,138.71279999999996,57.79699999999998,25
2657.0,2022-08-21 15:00:00,2022-08-21 15:00:00,1,171.96499999999992,171.96499999999992,14.33041666666666,5
2659.0,2022-08-21 15:10:00,2022-08-21 15:15:00,2,701.364,469.91650000000004,78.31941666666667,10
2661.0,2022-08-21 15:45:00,2022-08-21 15:45:00,1,51.23000000000002,51.23000000000002,4.269166666666668,5
2663.0,2022-08-22 07:40:00,2022-08-22 07:40:00,1,30.541000000000167,30.541000000000167,2.545083333333347,5
2665.0,2022-08-22 08:00:00,2022-08-22 08:00:00,1,27.511000000000422,27.511000000000422,2.2925833333333685,5
2667.0,2022-08-22 08:25:00,2022-08-22 08:35:00,3,571.8510000000001,298.4460000000001,74.6115,15
2669.0,2022-08-22 08:45:00,2022-08-22 08:50:00,2,610.0419999999999,597.7794999999999,99.62991666666665,10
2671.0,2022-08-22 09:00:00,2022-08-22 09:25:00,6,559.2240000000002,389.4639999999999,194.7319999999999,30
2673.0,2022-08-22 09:35:00,2022-08-22 09:50:00,4,497.7899999999995,377.91274999999985,125.97091666666661,20
2675.0,2022-08-22 10:00:00,2022-08-22 10:15:00,4,394.3340000000003,343.7710000000002,114.59033333333339,20
2677.0,2022-08-22 10:30:00,2022-08-22 10:35:00,2,669.9279999999994,349.30849999999987,58.21808333333331,10
2679.0,2022-08-22 11:05:00,2022-08-22 11:20:00,4,953.558,477.35450000000003,159.11816666666667,20
2681.0,2022-08-22 11:30:00,2022-08-22 11:45:00,4,541.4639999999999,297.99474999999995,99.33158333333331,20
2683.0,2022-08-22 11:55:00,2022-08-22 12:05:00,3,602.6010000000001,298.94866666666684,74.7371666666667,15
2685.0,2022-08-22 12:20:00,2022-08-22 12:25:00,2,368.47500000000014,262.81950000000006,43.803250000000006,10
2687.0,2022-08-23 08:35:00,2022-08-23 08:45:00,3,603.9120000000003,339.22600000000017,84.80650000000004,15
2689.0,2022-08-23 09:05:00,2022-08-23 09:15:00,3,489.9300000000003,402.95766666666674,100.73941666666668,15
2691.0,2022-08-23 09:35:00,2022-08-23 09:35:00,1,589.567,589.567,49.130583333333334,5
2693.0,2022-08-23 10:20:00,2022-08-23 10:20:00,1,567.7869999999998,567.7869999999998,47.315583333333315,5
2695.0,2022-08-23 10:35:00,2022-08-23 10:35:00,1,31.492999999999938,31.492999999999938,2.6244166666666615,5
2697.0,2022-08-23 10:45:00,2022-08-23 10:45:00,1,196.5409999999997,196.5409999999997,16.37841666666664,5
2699.0,2022-08-23 11:15:00,2022-08-23 11:45:00,7,969.489,430.3507142857142,251.0379166666666,35
2701.0,2022-08-23 11:55:00,2022-08-23 12:00:00,2,572.0710000000004,449.4725000000003,74.91208333333338,10
2703.0,2022-08-23 13:00:00,2022-08-23 13:00:00,1,200.19799999999987,200.19799999999987,16.683166666666654,5
2705.0,2022-08-23 13:20:00,2022-08-23 13:20:00,1,605.0450000000003,605.0450000000003,50.42041666666669,5
2707.0,2022-08-23 14:05:00,2022-08-23 14:05:00,1,321.3440000000003,321.3440000000003,26.778666666666687,5
2709.0,2022-08-23 14:30:00,2022-08-23 14:30:00,1,377.1579999999999,377.1579999999999,31.429833333333324,5
2711.0,2022-08-24 10:05:00,2022-08-24 10:05:00,1,446.1849999999997,446.1849999999997,37.18208333333331,5
2713.0,2022-08-24 11:00:00,2022-08-24 11:10:00,3,311.86300000000006,179.42333333333326,44.85583333333331,15
2715.0,2022-08-24 11:20:00,2022-08-24 11:30:00,3,808.0239999999999,391.6803333333334,97.92008333333334,15
2717.0,2022-08-24 12:00:00,2022-08-24 12:00:00,1,289.9180000000001,289.9180000000001,24.159833333333342,5
2719.0,2022-08-24 12:55:00,2022-08-24 13:00:00,2,307.0569999999998,170.28649999999993,28.381083333333322,10
2721.0,2022-08-24 13:15:00,2022-08-24 13:20:00,2,286.03099999999995,215.77150000000006,35.961916666666674,10
2723.0,2022-08-24 13:45:00,2022-08-24 14:10:00,6,564.3429999999998,333.1688333333334,166.58441666666667,30
2725.0,2022-08-24 14:20:00,2022-08-24 14:20:00,1,77.20900000000029,77.20900000000029,6.434083333333357,5
2727.0,2022-08-24 15:30:00,2022-08-24 15:30:00,1,369.7850000000001,369.7850000000001,30.81541666666667,5
2729.0,2022-08-25 11:30:00,2022-08-25 11:30:00,1,144.452,144.452,12.037666666666667,5
2731.0,2022-08-25 11:55:00,2022-08-25 11:55:00,1,221.45899999999983,221.45899999999983,18.45491666666665,5
2733.0,2022-08-25 12:10:00,2022-08-25 12:25:00,4,551.94,169.05275000000006,56.350916666666684,20
2735.0,2022-08-25 13:00:00,2022-08-25 13:00:00,1,352.26200000000017,352.26200000000017,29.35516666666668,5
2737.0,2022-08-25 14:15:00,2022-08-25 14:20:00,2,67.80600000000004,36.465000000000146,6.077500000000024,10
2739.0,2022-08-25 14:40:00,2022-08-25 14:55:00,4,833.9109999999998,356.16125,118.72041666666665,20
2741.0,2022-08-25 15:30:00,2022-08-25 16:25:00,12,1064.129,464.32858333333326,464.32858333333326,60
2743.0,2022-08-26 07:35:00,2022-08-26 07:40:00,2,51.67699999999991,31.597499999999968,5.266249999999994,10
2745.0,2022-08-26 08:20:00,2022-08-26 08:25:00,2,663.538,415.46000000000004,69.24333333333334,10
2747.0,2022-08-26 08:35:00,2022-08-26 09:55:00,17,1382.3249999999998,825.3462941176472,1169.2405833333335,85
2749.0,2022-08-26 10:05:00,2022-08-26 10:10:00,2,583.1379999999999,349.1009999999999,58.18349999999998,10
2751.0,2022-08-26 10:25:00,2022-08-26 10:30:00,2,342.0430000000001,339.4214999999999,56.57024999999999,10
2753.0,2022-08-26 10:45:00,2022-08-26 10:50:00,2,960.0210000000002,606.982,101.16366666666666,10
2755.0,2022-08-26 11:00:00,2022-08-26 11:15:00,4,596.0120000000002,383.70350000000013,127.9011666666667,20
2757.0,2022-08-26 11:35:00,2022-08-26 11:35:00,1,1204.851,1204.851,100.40425,5
2759.0,2022-08-26 11:55:00,2022-08-26 12:00:00,2,664.3680000000002,477.75199999999995,79.62533333333332,10
2761.0,2022-08-26 13:00:00,2022-08-26 13:05:00,2,56.27800000000002,32.580499999999915,5.430083333333319,10
2763.0,2022-08-26 14:10:00,2022-08-26 14:30:00,5,1436.0569999999998,527.4031999999999,219.75133333333326,25
2765.0,2022-08-26 14:40:00,2022-08-26 15:10:00,7,1200.6730000000002,807.0015714285715,470.7509166666667,35
2767.0,2022-08-26 15:20:00,2022-08-26 15:40:00,5,958.5720000000001,628.021,261.67541666666665,25
2769.0,2022-08-26 15:55:00,2022-08-26 16:00:00,2,597.2329999999997,564.2945,94.04908333333333,10
2771.0,2022-08-26 16:10:00,2022-08-26 16:10:00,1,86.18899999999985,86.18899999999985,7.182416666666654,5
2773.0,2022-08-26 16:35:00,2022-08-26 16:35:00,1,167.8259999999998,167.8259999999998,13.985499999999982,5
2775.0,2022-08-27 07:25:00,2022-08-27 07:30:00,2,142.21900000000005,90.37149999999997,15.061916666666662,10
2777.0,2022-08-27 08:10:00,2022-08-27 08:35:00,6,601.1989999999998,464.15316666666666,232.0765833333333,30
2779.0,2022-08-27 08:45:00,2022-08-27 09:10:00,6,1315.3729999999998,722.0794999999999,361.03974999999997,30
2781.0,2022-08-27 09:25:00,2022-08-27 09:40:00,4,60.98400000000015,45.35375000000005,15.117916666666682,20
2783.0,2022-08-27 09:55:00,2022-08-27 10:00:00,2,313.97,288.11750000000006,48.019583333333344,10
2785.0,2022-08-27 10:15:00,2022-08-27 10:15:00,1,119.96199999999999,119.96199999999999,9.996833333333331,5
2787.0,2022-08-27 10:25:00,2022-08-27 10:30:00,2,346.8410000000001,262.4325000000001,43.73875000000002,10
2789.0,2022-08-27 10:40:00,2022-08-27 10:40:00,1,190.83999999999992,190.83999999999992,15.903333333333325,5
2791.0,2022-08-27 11:00:00,2022-08-27 11:20:00,5,668.9949999999999,370.38,154.325,25
2793.0,2022-08-27 11:30:00,2022-08-27 11:30:00,1,803.2260000000001,803.2260000000001,66.9355,5
2795.0,2022-08-27 11:50:00,2022-08-27 12:00:00,3,478.76700000000005,268.6713333333334,67.16783333333333,15
2797.0,2022-08-27 12:15:00,2022-08-27 12:35:00,5,247.72400000000016,159.12959999999998,66.30399999999999,25
2799.0,2022-08-27 12:45:00,2022-08-27 12:45:00,1,169.88999999999987,169.88999999999987,14.157499999999988,5
2801.0,2022-08-27 13:00:00,2022-08-27 13:10:00,3,231.09699999999998,168.63066666666668,42.15766666666667,15
2803.0,2022-08-27 14:30:00,2022-08-27 14:30:00,1,100.47599999999989,100.47599999999989,8.37299999999999,5
2805.0,2022-08-27 14:45:00,2022-08-27 14:50:00,2,218.9069999999997,150.21399999999983,25.035666666666636,10
2807.0,2022-08-27 15:25:00,2022-08-27 16:05:00,9,1136.6899999999998,596.9453333333333,447.70899999999995,45
2809.0,2022-08-28 07:40:00,2022-08-28 07:40:00,1,155.39699999999993,155.39699999999993,12.949749999999995,5
2811.0,2022-08-28 08:05:00,2022-08-28 08:10:00,2,206.45299999999997,118.5865,19.764416666666666,10
2813.0,2022-08-28 08:25:00,2022-08-28 08:25:00,1,378.2360000000001,378.2360000000001,31.519666666666673,5
2815.0,2022-08-28 08:35:00,2022-08-28 10:20:00,22,1379.616,908.2388636363637,1665.1045833333333,110
2817.0,2022-08-28 10:35:00,2022-08-28 10:35:00,1,118.15800000000013,118.15800000000013,9.84650000000001,5
2819.0,2022-08-28 11:00:00,2022-08-28 11:05:00,2,332.029,264.80499999999995,44.13416666666666,10
2821.0,2022-08-28 11:55:00,2022-08-28 12:00:00,2,879.268,668.035,111.33916666666666,10
2823.0,2022-08-28 12:15:00,2022-08-28 12:15:00,1,138.04600000000005,138.04600000000005,11.503833333333336,5
2825.0,2022-08-28 12:30:00,2022-08-28 13:20:00,11,668.5330000000001,343.83563636363635,315.18266666666665,55
2827.0,2022-08-28 14:55:00,2022-08-28 15:05:00,3,1005.8879999999999,393.3546666666666,98.33866666666664,15
2829.0,2022-08-28 15:20:00,2022-08-28 15:30:00,3,960.7839999999997,538.1683333333332,134.54208333333327,15
2831.0,2022-08-28 16:00:00,2022-08-28 16:15:00,4,344.43000000000006,218.21474999999998,72.73825,20
2833.0,2022-08-29 08:15:00,2022-08-29 08:20:00,2,160.42100000000005,155.3315,25.888583333333333,10
2835.0,2022-08-29 08:55:00,2022-08-29 09:05:00,3,759.2979999999998,499.03266666666656,124.75816666666664,15
2837.0,2022-08-29 09:15:00,2022-08-29 09:25:00,3,932.4639999999999,431.53333333333325,107.8833333333333,15
2839.0,2022-08-29 09:45:00,2022-08-29 09:50:00,2,396.1680000000001,347.56600000000003,57.92766666666667,10
2841.0,2022-08-29 10:10:00,2022-08-29 10:15:00,2,416.249,309.92150000000004,51.65358333333333,10
2843.0,2022-08-29 10:35:00,2022-08-29 10:35:00,1,176.39099999999985,176.39099999999985,14.699249999999987,5
2845.0,2022-08-29 10:55:00,2022-08-29 11:00:00,2,176.59000000000015,113.31400000000008,18.88566666666668,10
2847.0,2022-08-29 12:10:00,2022-08-29 12:15:00,2,892.1790000000001,505.02650000000006,84.17108333333334,10
2849.0,2022-08-29 13:40:00,2022-08-29 14:10:00,7,448.2359999999999,274.5362857142857,160.14616666666666,35
2851.0,2022-08-29 14:45:00,2022-08-29 15:00:00,4,613.3800000000001,457.70025,152.56674999999998,20
2853.0,2022-08-29 15:40:00,2022-08-29 15:40:00,1,10.505999999999858,10.505999999999858,0.8754999999999882,5
2855.0,2022-08-29 15:55:00,2022-08-29 15:55:00,1,28.986000000000104,28.986000000000104,2.4155000000000086,5
2857.0,2022-08-30 07:30:00,2022-08-30 07:30:00,1,137.923,137.923,11.493583333333333,5
2859.0,2022-08-30 08:00:00,2022-08-30 08:20:00,5,483.2359999999999,307.91720000000004,128.29883333333333,25
2861.0,2022-08-30 08:50:00,2022-08-30 08:50:00,1,498.58399999999983,498.58399999999983,41.54866666666665,5
2863.0,2022-08-30 09:15:00,2022-08-30 09:15:00,1,734.788,734.788,61.23233333333333,5
2865.0,2022-08-30 09:25:00,2022-08-30 09:25:00,1,897.4669999999996,897.4669999999996,74.78891666666664,5
2867.0,2022-08-30 09:35:00,2022-08-30 09:45:00,3,965.0379999999998,763.1213333333334,190.78033333333332,15
2869.0,2022-08-30 09:55:00,2022-08-30 10:00:00,2,316.43899999999985,277.5669999999999,46.26116666666665,10
2871.0,2022-08-30 10:20:00,2022-08-30 10:25:00,2,851.0520000000001,560.8075000000001,93.46791666666668,10
2873.0,2022-08-30 10:35:00,2022-08-30 10:50:00,4,1139.2369999999996,833.0067500000001,277.6689166666667,20
2875.0,2022-08-30 11:00:00,2022-08-30 11:05:00,2,499.808,274.5909999999999,45.76516666666665,10
2877.0,2022-08-30 11:25:00,2022-08-30 11:30:00,2,313.08700000000044,179.60500000000025,29.93416666666671,10
2879.0,2022-08-30 11:55:00,2022-08-30 12:10:00,4,670.104,492.52300000000014,164.17433333333338,20
2881.0,2022-08-30 12:20:00,2022-08-30 12:30:00,3,632.623,316.5506666666666,79.13766666666665,15
2883.0,2022-08-30 12:45:00,2022-08-30 12:45:00,1,714.3110000000001,714.3110000000001,59.525916666666674,5
2885.0,2022-08-30 13:00:00,2022-08-30 13:15:00,4,437.116,347.6942499999999,115.89808333333329,20
2887.0,2022-08-30 13:30:00,2022-08-30 13:30:00,1,399.7539999999999,399.7539999999999,33.31283333333332,5
2889.0,2022-08-30 13:40:00,2022-08-30 13:45:00,2,640.8220000000001,358.20050000000015,59.70008333333336,10
2891.0,2022-08-30 14:15:00,2022-08-30 14:25:00,3,271.63599999999974,182.44999999999982,45.612499999999955,15
2893.0,2022-08-30 16:25:00,2022-08-30 16:35:00,3,468.99199999999996,288.9243333333332,72.2310833333333,15
2895.0,2022-08-31 08:05:00,2022-08-31 08:10:00,2,530.2189999999998,421.69349999999986,70.28224999999998,10
2897.0,2022-08-31 08:25:00,2022-08-31 08:30:00,2,379.4390000000003,301.77000000000044,50.29500000000007,10
2899.0,2022-08-31 08:45:00,2022-08-31 09:45:00,13,1135.7079999999996,663.1702307692306,718.4344166666664,65
2901.0,2022-08-31 10:20:00,2022-08-31 10:20:00,1,183.60199999999986,183.60199999999986,15.300166666666655,5
2903.0,2022-08-31 11:45:00,2022-08-31 11:45:00,1,4.252999999999929,4.252999999999929,0.3544166666666607,5
2905.0,2022-08-31 12:10:00,2022-08-31 12:15:00,2,467.3299999999999,310.40499999999986,51.73416666666664,10
2907.0,2022-08-31 12:55:00,2022-08-31 13:05:00,3,319.61900000000037,202.2853333333334,50.57133333333335,15
2909.0,2022-08-31 13:40:00,2022-08-31 13:45:00,2,214.23399999999992,213.85899999999992,35.64316666666665,10
2911.0,2022-08-31 14:00:00,2022-08-31 14:00:00,1,104.34799999999996,104.34799999999996,8.695666666666662,5
2913.0,2022-08-31 14:35:00,2022-08-31 14:35:00,1,35.98000000000002,35.98000000000002,2.998333333333335,5
2915.0,2022-08-31 14:55:00,2022-08-31 14:55:00,1,408.89300000000003,408.89300000000003,34.074416666666664,5
2917.0,2022-08-31 15:15:00,2022-08-31 15:35:00,5,1232.682,956.6604,398.60849999999994,25
2919.0,2022-08-31 15:55:00,2022-08-31 16:00:00,2,975.8600000000001,867.252,144.54199999999997,10
2921.0,2022-08-31 16:15:00,2022-08-31 16:40:00,6,420.298,227.965,113.98249999999999,30
2923.0,2022-08-31 16:55:00,2022-08-31 17:05:00,3,351.1010000000001,156.46933333333337,39.11733333333334,15
2925.0,2022-09-01 08:30:00,2022-09-01 09:35:00,14,1342.0749999999998,854.7355000000001,997.1914166666667,70
2927.0,2022-09-01 09:45:00,2022-09-01 09:45:00,1,339.105,339.105,28.25875,5
2929.0,2022-09-01 10:25:00,2022-09-01 10:40:00,4,197.63200000000006,131.42325000000005,43.80775000000002,20
2931.0,2022-09-01 11:35:00,2022-09-01 11:35:00,1,43.10699999999974,43.10699999999974,3.5922499999999786,5
2933.0,2022-09-01 11:55:00,2022-09-01 11:55:00,1,6.425999999999931,6.425999999999931,0.5354999999999942,5
2935.0,2022-09-01 12:35:00,2022-09-01 12:40:00,2,467.9390000000003,252.09500000000014,42.015833333333354,10
2937.0,2022-09-01 13:00:00,2022-09-01 13:00:00,1,120.32299999999987,120.32299999999987,10.026916666666654,5
2939.0,2022-09-01 13:10:00,2022-09-01 13:10:00,1,18.21100000000024,18.21100000000024,1.5175833333333533,5
2941.0,2022-09-01 13:25:00,2022-09-01 13:25:00,1,299.92599999999993,299.92599999999993,24.993833333333328,5
2943.0,2022-09-01 13:35:00,2022-09-01 13:35:00,1,149.78500000000008,149.78500000000008,12.482083333333339,5
2945.0,2022-09-01 14:05:00,2022-09-01 14:10:00,2,352.0620000000001,256.4805000000001,42.74675000000002,10
2947.0,2022-09-01 14:35:00,2022-09-01 14:35:00,1,37.94899999999984,37.94899999999984,3.1624166666666533,5
2949.0,2022-09-01 14:45:00,2022-09-01 15:50:00,14,1048.5119999999997,558.7198571428571,651.8398333333332,70
2951.0,2022-09-01 16:00:00,2022-09-01 16:15:00,4,490.37799999999993,244.7829999999999,81.5943333333333,20
2953.0,2022-09-01 16:45:00,2022-09-01 16:45:00,1,123.2990000000002,123.2990000000002,10.274916666666684,5
2955.0,2022-09-02 09:20:00,2022-09-02 09:20:00,1,84.80500000000006,84.80500000000006,7.067083333333338,5
2957.0,2022-09-02 10:40:00,2022-09-02 10:45:00,2,156.64100000000008,81.47299999999996,13.578833333333325,10
2959.0,2022-09-02 11:10:00,2022-09-02 11:15:00,2,307.8730000000003,209.28250000000003,34.88041666666667,10
2961.0,2022-09-02 11:45:00,2022-09-02 11:45:00,1,439.50800000000004,439.50800000000004,36.62566666666667,5
2963.0,2022-09-02 12:45:00,2022-09-02 12:45:00,1,16.845000000000027,16.845000000000027,1.4037500000000023,5
2965.0,2022-09-02 12:55:00,2022-09-02 13:35:00,9,1400.5569999999998,297.40399999999994,223.05299999999994,45
2967.0,2022-09-02 14:00:00,2022-09-02 14:00:00,1,160.9290000000001,160.9290000000001,13.410750000000007,5
2969.0,2022-09-02 14:15:00,2022-09-02 14:40:00,6,1297.7940000000003,536.8771666666669,268.43858333333344,30
2971.0,2022-09-02 14:50:00,2022-09-02 14:50:00,1,101.16599999999971,101.16599999999971,8.430499999999975,5
2973.0,2022-09-02 16:00:00,2022-09-02 16:00:00,1,165.37200000000007,165.37200000000007,13.781000000000006,5
2975.0,2022-09-02 16:35:00,2022-09-02 16:35:00,1,34.511000000000195,34.511000000000195,2.875916666666683,5
2977.0,2022-09-03 08:05:00,2022-09-03 08:05:00,1,53.990999999999985,53.990999999999985,4.499249999999998,5
2979.0,2022-09-03 08:30:00,2022-09-03 08:30:00,1,26.728000000000065,26.728000000000065,2.2273333333333385,5
2981.0,2022-09-03 08:40:00,2022-09-03 08:40:00,1,14.476000000000113,14.476000000000113,1.2063333333333426,5
2983.0,2022-09-03 09:05:00,2022-09-03 09:25:00,5,1103.658,534.5834000000001,222.74308333333337,25
2985.0,2022-09-03 09:40:00,2022-09-03 09:45:00,2,412.13800000000015,327.30550000000005,54.550916666666666,10
2987.0,2022-09-03 10:20:00,2022-09-03 10:45:00,6,683.4669999999999,422.7556666666666,211.37783333333329,30
2989.0,2022-09-03 11:25:00,2022-09-03 11:30:00,2,413.172,290.0965,48.349416666666656,10
2991.0,2022-09-03 11:40:00,2022-09-03 11:50:00,3,504.31399999999985,386.40866666666653,96.60216666666663,15
2993.0,2022-09-03 12:00:00,2022-09-03 12:00:00,1,122.57799999999997,122.57799999999997,10.214833333333331,5
2995.0,2022-09-03 12:40:00,2022-09-03 12:50:00,3,240.53599999999983,218.02166666666653,54.50541666666663,15
2997.0,2022-09-03 13:20:00,2022-09-03 13:20:00,1,101.61799999999994,101.61799999999994,8.468166666666662,5
2999.0,2022-09-03 13:35:00,2022-09-03 14:10:00,8,892.201,484.44887500000004,322.96591666666666,40
3001.0,2022-09-03 14:30:00,2022-09-03 14:30:00,1,36.38499999999999,36.38499999999999,3.0320833333333326,5
3003.0,2022-09-04 07:50:00,2022-09-04 07:50:00,1,56.77999999999997,56.77999999999997,4.731666666666664,5
3005.0,2022-09-04 08:20:00,2022-09-04 08:40:00,5,748.2459999999996,396.2161999999999,165.09008333333327,25
3007.0,2022-09-04 09:10:00,2022-09-04 09:15:00,2,230.64499999999998,202.53499999999997,33.75583333333333,10
3009.0,2022-09-04 10:35:00,2022-09-04 10:45:00,3,377.13699999999994,175.57633333333334,43.894083333333334,15
3011.0,2022-09-04 11:20:00,2022-09-04 12:00:00,9,963.3460000000005,332.64611111111117,249.48458333333338,45
3013.0,2022-09-04 12:20:00,2022-09-04 12:35:00,4,460.972,248.40625,82.80208333333333,20
3015.0,2022-09-04 12:55:00,2022-09-04 12:55:00,1,27.79300000000012,27.79300000000012,2.316083333333343,5
3017.0,2022-09-04 13:20:00,2022-09-04 13:55:00,8,924.3110000000001,500.48400000000004,333.656,40
3019.0,2022-09-04 14:30:00,2022-09-04 14:45:00,4,481.9319999999998,302.62174999999996,100.87391666666664,20
3021.0,2022-09-04 14:55:00,2022-09-04 15:00:00,2,287.422,155.22199999999998,25.870333333333328,10
3023.0,2022-09-04 15:10:00,2022-09-04 15:25:00,4,347.2679999999998,206.26375000000002,68.75458333333333,20
3025.0,2022-09-04 15:55:00,2022-09-04 15:55:00,1,54.01499999999987,54.01499999999987,4.501249999999989,5
3027.0,2022-09-05 08:20:00,2022-09-05 08:20:00,1,59.11699999999996,59.11699999999996,4.926416666666663,5
3029.0,2022-09-05 08:50:00,2022-09-05 09:30:00,9,1089.9250000000002,782.4516666666667,586.83875,45
3031.0,2022-09-05 09:45:00,2022-09-05 10:00:00,4,731.1170000000002,398.0975000000002,132.6991666666667,20
3033.0,2022-09-05 10:10:00,2022-09-05 10:25:00,4,613.2490000000003,290.5467500000001,96.8489166666667,20
3035.0,2022-09-05 10:35:00,2022-09-05 10:35:00,1,578.9800000000005,578.9800000000005,48.24833333333337,5
3037.0,2022-09-05 10:45:00,2022-09-05 10:50:00,2,350.1100000000001,333.4205000000002,55.57008333333336,10
3039.0,2022-09-05 11:05:00,2022-09-05 11:10:00,2,437.9090000000001,267.9830000000002,44.66383333333336,10
3041.0,2022-09-05 11:30:00,2022-09-05 11:30:00,1,894.3759999999997,894.3759999999997,74.53133333333331,5
3043.0,2022-09-05 12:00:00,2022-09-05 12:15:00,4,808.8569999999997,497.5307499999999,165.8435833333333,20
3045.0,2022-09-05 12:35:00,2022-09-05 12:40:00,2,980.2579999999998,603.6225,100.60374999999999,10
3047.0,2022-09-05 12:50:00,2022-09-05 13:00:00,3,336.88200000000006,216.95266666666672,54.23816666666667,15
3049.0,2022-09-05 13:40:00,2022-09-05 13:40:00,1,234.7460000000001,234.7460000000001,19.562166666666673,5
3051.0,2022-09-06 10:00:00,2022-09-06 10:05:00,2,706.4800000000002,569.1060000000001,94.85100000000001,10
3053.0,2022-09-06 11:40:00,2022-09-06 11:40:00,1,75.88900000000012,75.88900000000012,6.324083333333343,5
3055.0,2022-09-06 12:10:00,2022-09-06 12:10:00,1,925.7270000000003,925.7270000000003,77.14391666666668,5
3057.0,2022-09-06 12:40:00,2022-09-06 12:45:00,2,427.6600000000003,225.6940000000002,37.6156666666667,10
3059.0,2022-09-06 13:15:00,2022-09-06 13:15:00,1,260.19100000000003,260.19100000000003,21.682583333333334,5
3061.0,2022-09-06 13:55:00,2022-09-06 13:55:00,1,93.78500000000031,93.78500000000031,7.815416666666692,5
3063.0,2022-09-06 14:15:00,2022-09-06 14:20:00,2,757.3069999999998,632.3875,105.39791666666667,10
3065.0,2022-09-06 14:35:00,2022-09-06 14:40:00,2,577.23,490.80200000000013,81.80033333333336,10
3067.0,2022-09-06 14:55:00,2022-09-06 14:55:00,1,501.0799999999999,501.0799999999999,41.75666666666666,5
3069.0,2022-09-06 15:05:00,2022-09-06 15:05:00,1,209.05299999999988,209.05299999999988,17.42108333333332,5
3071.0,2022-09-07 08:10:00,2022-09-07 08:10:00,1,132.98500000000013,132.98500000000013,11.082083333333344,5
3073.0,2022-09-07 08:45:00,2022-09-07 08:45:00,1,65.32899999999995,65.32899999999995,5.444083333333329,5
3075.0,2022-09-07 09:00:00,2022-09-07 09:05:00,2,1048.194,640.4324999999999,106.73874999999998,10
3077.0,2022-09-07 09:20:00,2022-09-07 09:35:00,4,596.6969999999997,262.37424999999996,87.45808333333332,20
3079.0,2022-09-07 09:50:00,2022-09-07 09:55:00,2,514.8330000000001,271.3045000000001,45.21741666666668,10
3081.0,2022-09-07 10:30:00,2022-09-07 10:30:00,1,192.95600000000013,192.95600000000013,16.079666666666675,5
3083.0,2022-09-07 11:25:00,2022-09-07 11:25:00,1,7.392999999999802,7.392999999999802,0.6160833333333168,5
3085.0,2022-09-07 12:40:00,2022-09-07 12:40:00,1,634.2080000000001,634.2080000000001,52.85066666666667,5
3087.0,2022-09-07 12:50:00,2022-09-07 12:50:00,1,136.0029999999997,136.0029999999997,11.333583333333308,5
3089.0,2022-09-07 13:00:00,2022-09-07 13:15:00,4,1006.3600000000001,728.9470000000001,242.98233333333337,20
3091.0,2022-09-07 13:40:00,2022-09-07 14:00:00,5,764.5320000000002,428.46939999999995,178.52891666666665,25
3093.0,2022-09-07 14:10:00,2022-09-07 14:40:00,7,591.692,343.55442857142856,200.40675,35
3095.0,2022-09-07 14:55:00,2022-09-07 15:00:00,2,755.4729999999995,589.7379999999998,98.28966666666663,10
3097.0,2022-09-08 08:05:00,2022-09-08 08:05:00,1,509.8560000000002,509.8560000000002,42.488000000000014,5
3099.0,2022-09-08 08:40:00,2022-09-08 08:40:00,1,122.55400000000009,122.55400000000009,10.21283333333334,5
3101.0,2022-09-08 10:35:00,2022-09-08 10:35:00,1,118.12800000000016,118.12800000000016,9.844000000000012,5
3103.0,2022-09-08 11:40:00,2022-09-08 11:40:00,1,61.858999999999924,61.858999999999924,5.15491666666666,5
3105.0,2022-09-08 12:45:00,2022-09-08 12:45:00,1,353.8069999999998,353.8069999999998,29.483916666666648,5
3107.0,2022-09-08 13:10:00,2022-09-08 13:25:00,4,826.596,613.7595000000001,204.5865,20
3109.0,2022-09-08 13:55:00,2022-09-08 13:55:00,1,589.0159999999998,589.0159999999998,49.08466666666665,5
3111.0,2022-09-08 16:20:00,2022-09-08 16:20:00,1,45.17899999999986,45.17899999999986,3.7649166666666547,5
3113.0,2022-09-09 10:25:00,2022-09-09 10:30:00,2,314.7080000000003,176.78149999999994,29.46358333333332,10
3115.0,2022-09-09 11:10:00,2022-09-09 11:20:00,3,301.38800000000015,214.73733333333334,53.68433333333333,15
3117.0,2022-09-09 11:35:00,2022-09-09 12:20:00,10,720.69,285.00230000000005,237.50191666666672,50
3119.0,2022-09-09 12:30:00,2022-09-09 12:30:00,1,356.5409999999997,356.5409999999997,29.711749999999974,5
3121.0,2022-09-09 13:05:00,2022-09-09 13:05:00,1,474.5409999999997,474.5409999999997,39.54508333333331,5
3123.0,2022-09-09 14:50:00,2022-09-09 14:55:00,2,512.0150000000003,496.8050000000002,82.80083333333336,10
3125.0,2022-09-09 15:15:00,2022-09-09 15:20:00,2,332.9580000000003,311.20150000000024,51.866916666666704,10
3127.0,2022-09-09 16:00:00,2022-09-09 16:00:00,1,117.63799999999992,117.63799999999992,9.803166666666659,5
3129.0,2022-09-10 09:05:00,2022-09-10 09:05:00,1,76.45500000000015,76.45500000000015,6.371250000000012,5
3131.0,2022-09-10 09:20:00,2022-09-10 09:20:00,1,246.9960000000001,246.9960000000001,20.583000000000006,5
3133.0,2022-09-10 09:30:00,2022-09-10 09:30:00,1,140.47800000000007,140.47800000000007,11.706500000000005,5
3135.0,2022-09-10 09:40:00,2022-09-10 09:45:00,2,684.076,386.8225,64.47041666666667,10
3137.0,2022-09-10 09:55:00,2022-09-10 10:10:00,4,568.0920000000001,365.26075000000003,121.75358333333334,20
3139.0,2022-09-10 10:45:00,2022-09-10 10:45:00,1,144.79300000000012,144.79300000000012,12.066083333333342,5
3141.0,2022-09-10 10:55:00,2022-09-10 11:00:00,2,458.0959999999998,339.702,56.617,10
3143.0,2022-09-10 11:10:00,2022-09-10 11:10:00,1,64.63799999999992,64.63799999999992,5.386499999999993,5
3145.0,2022-09-10 11:20:00,2022-09-10 11:50:00,7,466.80700000000024,177.76528571428577,103.69641666666669,35
3147.0,2022-09-10 12:30:00,2022-09-10 12:30:00,1,126.97399999999993,126.97399999999993,10.581166666666661,5
3149.0,2022-09-10 12:40:00,2022-09-10 12:40:00,1,587.4269999999999,587.4269999999999,48.95224999999999,5
3151.0,2022-09-10 13:10:00,2022-09-10 13:20:00,3,547.6879999999999,374.7569999999999,93.68924999999997,15
3153.0,2022-09-10 13:30:00,2022-09-10 13:35:00,2,570.7019999999998,362.03499999999985,60.33916666666664,10
3155.0,2022-09-11 09:45:00,2022-09-11 09:45:00,1,141.47899999999981,141.47899999999981,11.78991666666665,5
3157.0,2022-09-11 10:10:00,2022-09-11 10:15:00,2,283.64699999999993,239.86899999999991,39.97816666666665,10
3159.0,2022-09-11 10:40:00,2022-09-11 10:40:00,1,11.243000000000166,11.243000000000166,0.9369166666666804,5
3161.0,2022-09-11 11:20:00,2022-09-11 11:40:00,5,856.0150000000001,493.2848,205.53533333333334,25
3163.0,2022-09-11 11:50:00,2022-09-11 12:15:00,6,915.8519999999996,387.50333333333316,193.75166666666658,30
3165.0,2022-09-11 12:30:00,2022-09-11 13:00:00,7,763.758,507.3062857142857,295.92866666666663,35
3167.0,2022-09-11 13:10:00,2022-09-11 13:25:00,4,993.7539999999997,517.4577499999998,172.4859166666666,20
3169.0,2022-09-11 15:30:00,2022-09-11 15:30:00,1,194.69500000000016,194.69500000000016,16.224583333333346,5
3171.0,2022-09-12 10:15:00,2022-09-12 10:15:00,1,60.04899999999975,60.04899999999975,5.004083333333313,5
3173.0,2022-09-12 10:30:00,2022-09-12 10:30:00,1,341.4770000000001,341.4770000000001,28.456416666666673,5
3175.0,2022-09-12 10:40:00,2022-09-12 10:40:00,1,166.4269999999999,166.4269999999999,13.868916666666658,5
3177.0,2022-09-12 10:50:00,2022-09-12 10:55:00,2,711.6499999999996,406.8684999999998,67.81141666666663,10
3179.0,2022-09-13 08:40:00,2022-09-13 08:40:00,1,43.702999999999975,43.702999999999975,3.6419166666666642,5
3181.0,2022-09-13 09:20:00,2022-09-13 09:20:00,1,66.24499999999989,66.24499999999989,5.520416666666657,5
3183.0,2022-09-13 10:00:00,2022-09-13 10:00:00,1,162.9739999999997,162.9739999999997,13.581166666666642,5
3185.0,2022-09-13 10:10:00,2022-09-13 10:25:00,4,497.82299999999987,290.21074999999996,96.73691666666664,20
3187.0,2022-09-13 10:40:00,2022-09-13 10:40:00,1,396.40400000000045,396.40400000000045,33.033666666666704,5
3189.0,2022-09-13 10:55:00,2022-09-13 11:05:00,3,917.0999999999999,653.9823333333334,163.49558333333334,15
3191.0,2022-09-13 11:15:00,2022-09-13 12:35:00,17,1494.172,920.7017058823528,1304.3274166666665,85
3193.0,2022-09-13 12:50:00,2022-09-13 13:45:00,12,1187.105,711.38475,711.3847499999999,60
3195.0,2022-09-13 14:00:00,2022-09-13 14:00:00,1,12.057999999999993,12.057999999999993,1.0048333333333326,5
3197.0,2022-09-13 14:50:00,2022-09-13 14:50:00,1,136.29899999999998,136.29899999999998,11.358249999999998,5
3199.0,2022-09-13 15:15:00,2022-09-13 15:15:00,1,67.08699999999999,67.08699999999999,5.590583333333332,5
3201.0,2022-09-13 16:10:00,2022-09-13 16:10:00,1,28.92300000000023,28.92300000000023,2.410250000000019,5
3203.0,2022-09-14 11:45:00,2022-09-14 11:45:00,1,321.74800000000005,321.74800000000005,26.812333333333335,5
3205.0,2022-09-14 12:00:00,2022-09-14 12:15:00,4,938.5990000000002,399.46125,133.15375,20
3207.0,2022-09-14 12:45:00,2022-09-14 12:45:00,1,125.40000000000009,125.40000000000009,10.450000000000006,5
3209.0,2022-09-14 12:55:00,2022-09-14 13:00:00,2,510.18499999999995,378.70550000000003,63.117583333333336,10
3211.0,2022-09-14 13:15:00,2022-09-14 13:15:00,1,402.5210000000002,402.5210000000002,33.54341666666668,5
3213.0,2022-09-14 13:45:00,2022-09-14 13:50:00,2,533.9649999999999,284.58000000000004,47.43,10
3215.0,2022-09-14 14:05:00,2022-09-14 14:05:00,1,166.73599999999988,166.73599999999988,13.894666666666655,5
3217.0,2022-09-14 14:30:00,2022-09-14 14:30:00,1,438.0899999999997,438.0899999999997,36.50749999999997,5
3219.0,2022-09-15 08:25:00,2022-09-15 08:25:00,1,86.21100000000001,86.21100000000001,7.1842500000000005,5
3221.0,2022-09-15 08:45:00,2022-09-15 08:45:00,1,73.55300000000034,73.55300000000034,6.129416666666694,5
3223.0,2022-09-15 09:00:00,2022-09-15 09:15:00,4,613.1299999999997,322.21474999999987,107.40491666666662,20
3225.0,2022-09-15 09:25:00,2022-09-15 09:35:00,3,844.223,388.44733333333335,97.11183333333334,15
3227.0,2022-09-15 09:50:00,2022-09-15 09:55:00,2,735.3620000000001,404.4855,67.41425,10
3229.0,2022-09-15 10:05:00,2022-09-15 10:20:00,4,1257.194,845.9234999999998,281.9744999999999,20
3231.0,2022-09-15 10:30:00,2022-09-15 10:35:00,2,1449.723,740.3764999999999,123.39608333333331,10
3233.0,2022-09-15 10:55:00,2022-09-15 10:55:00,1,405.74699999999984,405.74699999999984,33.812249999999985,5
3235.0,2022-09-15 11:20:00,2022-09-15 11:20:00,1,50.75299999999993,50.75299999999993,4.22941666666666,5
3237.0,2022-09-15 12:10:00,2022-09-15 12:10:00,1,98.87200000000007,98.87200000000007,8.239333333333338,5
3239.0,2022-09-15 12:50:00,2022-09-15 12:55:00,2,218.18899999999962,131.9269999999998,21.987833333333295,10
3241.0,2022-09-15 13:40:00,2022-09-15 14:05:00,6,468.73299999999995,264.00683333333325,132.00341666666662,30
3243.0,2022-09-15 14:50:00,2022-09-15 14:55:00,2,1019.6399999999999,935.9044999999999,155.9840833333333,10
3245.0,2022-09-15 15:20:00,2022-09-15 15:50:00,7,559.4010000000003,388.2795714285715,226.4964166666667,35
3247.0,2022-09-15 16:00:00,2022-09-15 16:00:00,1,117.37199999999984,117.37199999999984,9.780999999999986,5
3249.0,2022-09-16 08:10:00,2022-09-16 08:10:00,1,32.378999999999905,32.378999999999905,2.698249999999992,5
3251.0,2022-09-16 08:35:00,2022-09-16 08:45:00,3,117.74799999999959,89.01433333333323,22.253583333333303,15
3253.0,2022-09-16 08:55:00,2022-09-16 09:40:00,10,1039.87,441.79269999999997,368.16058333333325,50
3255.0,2022-09-16 09:50:00,2022-09-16 10:05:00,4,1167.395,958.2009999999998,319.40033333333326,20
3257.0,2022-09-16 10:25:00,2022-09-16 10:45:00,5,1314.0209999999997,673.9684,280.82016666666664,25
3259.0,2022-09-16 11:00:00,2022-09-16 11:00:00,1,564.6980000000003,564.6980000000003,47.05816666666669,5
3261.0,2022-09-16 11:25:00,2022-09-16 11:25:00,1,369.40099999999984,369.40099999999984,30.783416666666653,5
3263.0,2022-09-16 11:35:00,2022-09-16 11:40:00,2,214.19999999999982,110.32099999999991,18.386833333333318,10
3265.0,2022-09-16 11:55:00,2022-09-16 12:00:00,2,163.67200000000003,122.25700000000006,20.376166666666677,10
3267.0,2022-09-16 12:50:00,2022-09-16 12:50:00,1,188.73599999999988,188.73599999999988,15.727999999999989,5
3269.0,2022-09-16 13:00:00,2022-09-16 13:00:00,1,555.0149999999999,555.0149999999999,46.251249999999985,5
3271.0,2022-09-16 13:10:00,2022-09-16 13:10:00,1,463.7130000000002,463.7130000000002,38.642750000000014,5
3273.0,2022-09-16 13:25:00,2022-09-16 13:30:00,2,431.9770000000001,253.5145,42.25241666666667,10
3275.0,2022-09-16 13:40:00,2022-09-16 13:55:00,4,638.6610000000001,440.56399999999996,146.85466666666665,20
3277.0,2022-09-16 14:10:00,2022-09-16 14:30:00,5,1241.565,681.7520000000002,284.0633333333334,25
3279.0,2022-09-16 14:40:00,2022-09-16 15:05:00,6,1182.0679999999998,1036.1126666666667,518.0563333333332,30
3281.0,2022-09-16 15:20:00,2022-09-16 15:55:00,8,750.1710000000003,508.43850000000015,338.95900000000006,40
3283.0,2022-09-17 07:40:00,2022-09-17 07:40:00,1,22.61500000000001,22.61500000000001,1.884583333333334,5
3285.0,2022-09-17 08:10:00,2022-09-17 10:35:00,30,1368.3909999999996,707.9439666666666,1769.8599166666663,150
3287.0,2022-09-17 10:45:00,2022-09-17 11:10:00,6,778.0909999999999,437.15183333333334,218.57591666666664,30
3289.0,2022-09-17 11:20:00,2022-09-17 12:45:00,18,1198.84,780.752611111111,1171.1289166666666,90
3291.0,2022-09-17 12:55:00,2022-09-17 12:55:00,1,285.422,285.422,23.78516666666667,5
3293.0,2022-09-17 13:05:00,2022-09-17 14:40:00,20,1321.1760000000004,460.64090000000004,767.7348333333333,100
3295.0,2022-09-17 14:55:00,2022-09-17 15:15:00,5,1071.5090000000002,367.65459999999996,153.18941666666663,25
3297.0,2022-09-17 15:35:00,2022-09-17 15:35:00,1,233.26600000000008,233.26600000000008,19.43883333333334,5
3299.0,2022-09-17 16:00:00,2022-09-17 16:30:00,7,563.3200000000002,265.52914285714286,154.892,35
3301.0,2022-09-18 09:30:00,2022-09-18 09:30:00,1,133.39700000000016,133.39700000000016,11.11641666666668,5
3303.0,2022-09-18 09:40:00,2022-09-18 09:55:00,4,542.3539999999998,315.06300000000005,105.02100000000002,20
3305.0,2022-09-18 10:10:00,2022-09-18 10:15:00,2,33.59199999999987,19.11500000000001,3.185833333333335,10
3307.0,2022-09-18 10:25:00,2022-09-18 10:25:00,1,139.54200000000014,139.54200000000014,11.628500000000011,5
3309.0,2022-09-18 11:20:00,2022-09-18 11:25:00,2,253.433,162.41550000000007,27.06925000000001,10
3311.0,2022-09-18 11:35:00,2022-09-18 11:40:00,2,492.8900000000001,362.81450000000007,60.46908333333334,10
3313.0,2022-09-18 12:05:00,2022-09-18 12:05:00,1,224.57600000000002,224.57600000000002,18.714666666666666,5
3315.0,2022-09-18 12:20:00,2022-09-18 12:40:00,5,643.7049999999999,237.05419999999998,98.77258333333332,25
3317.0,2022-09-18 13:20:00,2022-09-18 13:20:00,1,526.2750000000003,526.2750000000003,43.856250000000024,5
3319.0,2022-09-18 13:40:00,2022-09-18 13:50:00,3,764.5549999999996,400.5009999999998,100.12524999999994,15
3321.0,2022-09-18 14:10:00,2022-09-18 14:55:00,10,680.364,406.09559999999993,338.4129999999999,50
3323.0,2022-09-18 15:25:00,2022-09-18 15:25:00,1,180.72399999999993,180.72399999999993,15.060333333333327,5
3325.0,2022-09-19 09:05:00,2022-09-19 09:05:00,1,8.482000000000198,8.482000000000198,0.7068333333333499,5
3327.0,2022-09-19 09:25:00,2022-09-19 09:25:00,1,153.8599999999999,153.8599999999999,12.821666666666658,5
3329.0,2022-09-19 10:30:00,2022-09-19 10:30:00,1,20.460000000000036,20.460000000000036,1.705000000000003,5
3331.0,2022-09-19 10:40:00,2022-09-19 10:50:00,3,451.66399999999953,309.431,77.35774999999998,15
3333.0,2022-09-19 11:15:00,2022-09-19 11:20:00,2,81.58400000000006,51.74400000000003,8.624000000000004,10
3335.0,2022-09-19 11:40:00,2022-09-19 12:05:00,6,377.5219999999997,144.68066666666672,72.34033333333335,30
3337.0,2022-09-19 12:40:00,2022-09-19 12:40:00,1,240.23700000000008,240.23700000000008,20.019750000000005,5
3339.0,2022-09-19 14:40:00,2022-09-19 14:40:00,1,19.491999999999962,19.491999999999962,1.62433333333333,5
3341.0,2022-09-19 15:15:00,2022-09-19 15:15:00,1,710.9169999999999,710.9169999999999,59.243083333333324,5
3343.0,2022-09-20 12:05:00,2022-09-20 12:05:00,1,82.91200000000003,82.91200000000003,6.909333333333336,5
3345.0,2022-09-20 13:15:00,2022-09-20 13:35:00,5,1079.1370000000002,872.4863999999998,363.53599999999994,25
3347.0,2022-09-20 13:45:00,2022-09-20 13:45:00,1,235.70299999999997,235.70299999999997,19.641916666666663,5
3349.0,2022-09-20 15:45:00,2022-09-20 15:45:00,1,387.126,387.126,32.26049999999999,5
3351.0,2022-09-21 10:00:00,2022-09-21 10:00:00,1,32.638999999999896,32.638999999999896,2.719916666666658,5
3353.0,2022-09-21 11:30:00,2022-09-21 11:30:00,1,59.098000000000184,59.098000000000184,4.924833333333348,5
3355.0,2022-09-21 12:25:00,2022-09-21 12:25:00,1,477.366,477.366,39.780499999999996,5
3357.0,2022-09-21 12:45:00,2022-09-21 13:05:00,5,665.9799999999996,226.17639999999992,94.24016666666662,25
3359.0,2022-09-21 13:15:00,2022-09-21 13:45:00,7,596.6370000000002,248.16857142857134,144.76499999999993,35
3361.0,2022-09-21 13:55:00,2022-09-21 13:55:00,1,178.66399999999976,178.66399999999976,14.888666666666646,5
3363.0,2022-09-21 14:10:00,2022-09-21 14:10:00,1,978.5730000000003,978.5730000000003,81.54775000000002,5
3365.0,2022-09-22 09:40:00,2022-09-22 09:40:00,1,90.09799999999996,90.09799999999996,7.508166666666662,5
3367.0,2022-09-22 10:05:00,2022-09-22 10:05:00,1,345.03099999999995,345.03099999999995,28.752583333333327,5
3369.0,2022-09-22 10:15:00,2022-09-22 10:45:00,7,421.2550000000001,215.91985714285718,125.95325000000001,35
3371.0,2022-09-22 10:55:00,2022-09-22 11:00:00,2,383.77700000000004,290.22900000000027,48.37150000000004,10
3373.0,2022-09-23 08:25:00,2022-09-23 08:30:00,2,36.0,23.039499999999975,3.8399166666666624,10
3375.0,2022-09-23 08:55:00,2022-09-23 09:00:00,2,249.89199999999983,180.53649999999993,30.089416666666654,10
3377.0,2022-09-23 09:10:00,2022-09-23 09:10:00,1,31.398999999999887,31.398999999999887,2.616583333333324,5
3379.0,2022-09-23 09:20:00,2022-09-23 09:50:00,7,416.0970000000002,280.8487142857143,163.82841666666667,35
3381.0,2022-09-23 10:00:00,2022-09-23 10:00:00,1,413.94299999999976,413.94299999999976,34.49524999999998,5
3383.0,2022-09-23 10:10:00,2022-09-23 10:10:00,1,645.2110000000002,645.2110000000002,53.76758333333335,5
3385.0,2022-09-23 10:20:00,2022-09-23 10:35:00,4,939.6350000000002,288.4192499999999,96.13974999999996,20
3387.0,2022-09-23 10:45:00,2022-09-23 11:00:00,4,859.9249999999997,523.36025,174.4534166666666,20
3389.0,2022-09-23 11:10:00,2022-09-23 11:40:00,7,1063.732,832.2247142857142,485.4644166666666,35
3391.0,2022-09-23 11:50:00,2022-09-23 11:50:00,1,880.335,880.335,73.36125,5
3393.0,2022-09-23 12:20:00,2022-09-23 12:20:00,1,1001.547,1001.547,83.46225,5
3395.0,2022-09-23 12:40:00,2022-09-23 12:45:00,2,847.3709999999996,691.4549999999999,115.24249999999998,10
3397.0,2022-09-23 12:55:00,2022-09-23 13:00:00,2,332.2319999999995,207.72599999999989,34.62099999999998,10
3399.0,2022-09-23 13:15:00,2022-09-23 13:15:00,1,219.625,219.625,18.302083333333332,5
3401.0,2022-09-23 13:35:00,2022-09-23 13:50:00,4,1033.4959999999996,848.8452499999999,282.9484166666666,20
3403.0,2022-09-23 14:15:00,2022-09-23 15:00:00,10,1210.2639999999997,391.62659999999994,326.3554999999999,50
3405.0,2022-09-23 15:25:00,2022-09-23 15:35:00,3,605.5879999999997,400.6743333333331,100.16858333333326,15
3407.0,2022-09-24 08:00:00,2022-09-24 08:05:00,2,80.79799999999977,56.035999999999945,9.339333333333323,10
3409.0,2022-09-24 08:30:00,2022-09-24 11:00:00,31,1101.3210000000004,603.7581290322581,1559.7085,155
3411.0,2022-09-24 11:10:00,2022-09-24 11:40:00,7,1255.6640000000002,804.7007142857144,469.40875,35
3413.0,2022-09-24 11:50:00,2022-09-24 11:55:00,2,558.8710000000001,355.5240000000001,59.25400000000002,10
3415.0,2022-09-24 12:45:00,2022-09-24 12:55:00,3,1208.3339999999998,709.4146666666666,177.3536666666666,15
3417.0,2022-09-24 13:05:00,2022-09-24 13:05:00,1,469.5859999999998,469.5859999999998,39.13216666666665,5
3419.0,2022-09-24 13:55:00,2022-09-24 14:05:00,3,180.33899999999994,92.72533333333331,23.181333333333328,15
3421.0,2022-09-24 14:15:00,2022-09-24 14:15:00,1,437.60400000000027,437.60400000000027,36.46700000000002,5
3423.0,2022-09-25 09:35:00,2022-09-25 09:50:00,4,390.97,194.23800000000006,64.74600000000001,20
3425.0,2022-09-25 10:00:00,2022-09-25 10:15:00,4,349.5450000000003,159.11725000000007,53.03908333333335,20
3427.0,2022-09-25 10:35:00,2022-09-25 10:35:00,1,95.82299999999987,95.82299999999987,7.985249999999988,5
3429.0,2022-09-25 12:25:00,2022-09-25 12:25:00,1,77.2539999999999,77.2539999999999,6.437833333333325,5
3431.0,2022-09-26 09:25:00,2022-09-26 09:40:00,4,507.0550000000003,235.38924999999995,78.46308333333332,20
3433.0,2022-09-26 09:55:00,2022-09-26 09:55:00,1,101.63000000000011,101.63000000000011,8.469166666666675,5
3435.0,2022-09-26 10:25:00,2022-09-26 10:30:00,2,969.9329999999995,516.9469999999997,86.15783333333327,10
3437.0,2022-09-26 10:55:00,2022-09-26 10:55:00,1,28.92099999999982,28.92099999999982,2.4100833333333185,5
3439.0,2022-09-26 11:15:00,2022-09-26 11:15:00,1,136.00700000000006,136.00700000000006,11.33391666666667,5
3441.0,2022-09-26 11:45:00,2022-09-26 11:45:00,1,792.4089999999997,792.4089999999997,66.0340833333333,5
3443.0,2022-09-26 12:35:00,2022-09-26 12:40:00,2,138.89300000000048,130.68150000000037,21.78025000000006,10
3445.0,2022-09-26 12:50:00,2022-09-26 12:55:00,2,368.03499999999985,279.20899999999983,46.5348333333333,10
3447.0,2022-09-26 13:45:00,2022-09-26 13:55:00,3,988.8829999999998,753.9606666666667,188.49016666666665,15
3449.0,2022-09-26 14:05:00,2022-09-26 14:10:00,2,498.85099999999966,377.2624999999998,62.877083333333296,10
3451.0,2022-09-26 14:30:00,2022-09-26 14:30:00,1,361.038,361.038,30.0865,5
3453.0,2022-09-26 14:40:00,2022-09-26 14:40:00,1,246.32799999999997,246.32799999999997,20.52733333333333,5
3455.0,2022-09-26 15:00:00,2022-09-26 15:10:00,3,818.6680000000001,438.7913333333334,109.69783333333334,15
3457.0,2022-09-27 09:45:00,2022-09-27 09:45:00,1,259.9459999999999,259.9459999999999,21.662166666666657,5
3459.0,2022-09-27 13:40:00,2022-09-27 13:40:00,1,74.79799999999977,74.79799999999977,6.233166666666648,5
3461.0,2022-09-27 14:05:00,2022-09-27 14:10:00,2,161.07300000000032,121.88400000000001,20.314,10
3463.0,2022-09-27 14:40:00,2022-09-27 14:40:00,1,610.6179999999999,610.6179999999999,50.884833333333326,5
3465.0,2022-09-28 09:00:00,2022-09-28 09:00:00,1,101.76700000000028,101.76700000000028,8.480583333333357,5
3467.0,2022-09-28 09:30:00,2022-09-28 11:10:00,21,521.5140000000001,232.97200000000007,407.7010000000001,105
3469.0,2022-09-28 11:20:00,2022-09-28 11:20:00,1,247.72700000000032,247.72700000000032,20.64391666666669,5
3471.0,2022-09-28 11:30:00,2022-09-28 11:55:00,6,1024.161,678.7546666666666,339.3773333333333,30
3473.0,2022-09-28 12:10:00,2022-09-28 12:15:00,2,779.5480000000002,590.912,98.48533333333333,10
3475.0,2022-09-28 12:40:00,2022-09-28 12:40:00,1,937.154,937.154,78.09616666666666,5
3477.0,2022-09-28 12:55:00,2022-09-28 13:35:00,9,932.4599999999996,711.7628888888888,533.8221666666666,45
3479.0,2022-09-28 13:45:00,2022-09-28 13:55:00,3,712.4639999999999,478.1323333333333,119.53308333333331,15
3481.0,2022-09-28 14:10:00,2022-09-28 14:10:00,1,212.10700000000043,212.10700000000043,17.675583333333368,5
3483.0,2022-09-28 14:35:00,2022-09-28 14:35:00,1,711.1779999999999,711.1779999999999,59.26483333333332,5
3485.0,2022-09-28 15:10:00,2022-09-28 15:15:00,2,219.41499999999996,123.3315,20.55525,10
3487.0,2022-09-28 15:35:00,2022-09-28 15:35:00,1,20.917999999999665,20.917999999999665,1.7431666666666388,5
3489.0,2022-09-29 09:15:00,2022-09-29 09:30:00,4,412.6289999999999,232.79774999999995,77.59924999999998,20
3491.0,2022-09-29 09:55:00,2022-09-29 10:15:00,5,694.6439999999998,588.3853999999999,245.1605833333333,25
3493.0,2022-09-29 11:10:00,2022-09-29 11:15:00,2,381.02400000000034,258.79200000000014,43.13200000000002,10
3495.0,2022-09-29 14:45:00,2022-09-29 14:45:00,1,829.1860000000001,829.1860000000001,69.09883333333335,5
3497.0,2022-10-01 08:00:00,2022-10-01 08:00:00,1,12.759000000000015,12.759000000000015,1.0632500000000011,5
3499.0,2022-10-01 08:25:00,2022-10-01 10:10:00,22,1244.7129999999997,503.1226363636363,922.3914999999998,110
3501.0,2022-10-01 10:20:00,2022-10-01 10:50:00,7,530.7920000000001,293.59042857142856,171.26108333333332,35
3503.0,2022-10-01 11:00:00,2022-10-01 12:05:00,14,573.4980000000005,285.45371428571434,333.0293333333334,70
3505.0,2022-10-01 12:45:00,2022-10-01 13:30:00,10,681.4199999999996,320.70919999999995,267.25766666666664,50
3507.0,2022-10-01 13:40:00,2022-10-01 14:40:00,13,1150.937,673.4241538461538,729.5428333333333,65
3509.0,2022-10-01 14:50:00,2022-10-01 14:50:00,1,16.889999999999873,16.889999999999873,1.4074999999999893,5
3511.0,2022-10-01 15:40:00,2022-10-01 15:40:00,1,242.39499999999998,242.39499999999998,20.19958333333333,5
3513.0,2022-10-02 08:35:00,2022-10-02 08:40:00,2,161.34500000000003,117.87099999999998,19.64516666666666,10
3515.0,2022-10-02 08:50:00,2022-10-02 08:50:00,1,29.3420000000001,29.3420000000001,2.4451666666666747,5
3517.0,2022-10-02 09:00:00,2022-10-02 09:35:00,8,568.547,318.0148749999999,212.00991666666658,40
3519.0,2022-10-02 09:45:00,2022-10-02 10:05:00,5,807.1900000000003,385.06360000000006,160.44316666666668,25
3521.0,2022-10-02 11:00:00,2022-10-02 11:10:00,3,854.1469999999999,346.3193333333332,86.5798333333333,15
3523.0,2022-10-02 11:45:00,2022-10-02 11:45:00,1,393.23,393.23,32.76916666666666,5
3525.0,2022-10-02 13:45:00,2022-10-02 13:45:00,1,100.27300000000014,100.27300000000014,8.356083333333345,5
3527.0,2022-10-02 14:10:00,2022-10-02 14:35:00,6,1027.998,706.774,353.387,30
3529.0,2022-10-02 14:50:00,2022-10-02 14:50:00,1,336.9970000000003,336.9970000000003,28.083083333333356,5
3531.0,2022-10-02 15:20:00,2022-10-02 15:25:00,2,343.51900000000023,177.70849999999996,29.618083333333324,10
3533.0,2022-10-03 10:25:00,2022-10-03 10:45:00,5,673.944,435.45520000000005,181.43966666666668,25
3535.0,2022-10-03 11:45:00,2022-10-03 12:00:00,4,451.71000000000004,183.76475000000005,61.254916666666674,20
3537.0,2022-10-03 12:15:00,2022-10-03 12:25:00,3,708.009,449.5133333333335,112.37833333333336,15
3539.0,2022-10-03 13:50:00,2022-10-03 13:50:00,1,7.652000000000044,7.652000000000044,0.6376666666666703,5
3541.0,2022-10-05 13:55:00,2022-10-05 13:55:00,1,605.924,605.924,50.49366666666666,5
3543.0,2022-10-05 14:05:00,2022-10-05 14:05:00,1,48.8159999999998,48.8159999999998,4.067999999999984,5
3545.0,2022-10-05 14:50:00,2022-10-05 15:00:00,3,841.3719999999998,598.4476666666665,149.61191666666662,15
3547.0,2022-10-05 15:15:00,2022-10-05 15:15:00,1,36.646999999999935,36.646999999999935,3.053916666666661,5
3549.0,2022-10-06 09:10:00,2022-10-06 09:20:00,3,639.0140000000001,396.1203333333331,99.03008333333328,15
3551.0,2022-10-06 10:20:00,2022-10-06 10:30:00,3,451.19500000000016,308.41900000000015,77.10475000000004,15
3553.0,2022-10-06 10:40:00,2022-10-06 11:15:00,8,959.6539999999995,632.6411249999999,421.7607499999999,40
3555.0,2022-10-06 11:35:00,2022-10-06 12:25:00,11,1049.8690000000001,549.1845454545456,503.41916666666674,55
3557.0,2022-10-06 12:35:00,2022-10-06 12:50:00,4,278.98099999999977,179.26824999999997,59.75608333333332,20
3559.0,2022-10-07 13:45:00,2022-10-07 13:45:00,1,101.9090000000001,101.9090000000001,8.492416666666674,5
3561.0,2022-10-07 14:15:00,2022-10-07 14:40:00,6,249.64400000000023,186.51766666666686,93.25883333333343,30
3563.0,2022-10-08 08:45:00,2022-10-08 10:40:00,24,921.3130000000006,434.980875,869.96175,120
3565.0,2022-10-08 10:50:00,2022-10-08 10:55:00,2,900.902,538.3774999999998,89.7295833333333,10
3567.0,2022-10-08 11:05:00,2022-10-08 12:05:00,13,1092.7130000000002,1007.9888461538461,1091.9879166666665,65
3569.0,2022-10-08 12:15:00,2022-10-08 12:15:00,1,807.7610000000004,807.7610000000004,67.3134166666667,5
3571.0,2022-10-08 12:25:00,2022-10-08 13:20:00,12,993.0129999999999,728.9090833333333,728.9090833333332,60
3573.0,2022-10-08 13:35:00,2022-10-08 13:35:00,1,316.808,316.808,26.400666666666666,5
3575.0,2022-10-08 13:45:00,2022-10-08 13:55:00,3,697.1599999999999,633.455,158.36375,15
3577.0,2022-10-08 14:10:00,2022-10-08 14:10:00,1,357.288,357.288,29.774,5
3579.0,2022-10-08 14:20:00,2022-10-08 14:25:00,2,530.1500000000001,415.0165000000002,69.16941666666669,10
3581.0,2022-10-09 08:10:00,2022-10-09 08:10:00,1,22.91500000000019,22.91500000000019,1.9095833333333492,5
3583.0,2022-10-09 09:00:00,2022-10-09 09:05:00,2,359.336,358.7515000000001,59.79191666666668,10
3585.0,2022-10-09 09:30:00,2022-10-09 10:10:00,9,1082.287,396.42611111111114,297.31958333333336,45
3587.0,2022-10-09 10:20:00,2022-10-09 11:30:00,15,969.2850000000003,647.2805333333333,809.1006666666666,75
3589.0,2022-10-09 11:45:00,2022-10-09 11:50:00,2,509.6170000000002,498.50750000000016,83.08458333333336,10
3591.0,2022-10-09 12:05:00,2022-10-09 12:10:00,2,305.60099999999966,156.5564999999998,26.092749999999963,10
3593.0,2022-10-09 13:40:00,2022-10-09 13:55:00,4,349.9999999999998,149.74099999999999,49.91366666666666,20
3595.0,2022-10-10 09:15:00,2022-10-10 09:15:00,1,15.795999999999822,15.795999999999822,1.3163333333333185,5
3597.0,2022-10-10 09:35:00,2022-10-10 10:00:00,6,292.81399999999985,173.2841666666665,86.64208333333325,30
3599.0,2022-10-10 10:15:00,2022-10-10 10:15:00,1,658.2530000000002,658.2530000000002,54.85441666666668,5
3601.0,2022-10-10 10:40:00,2022-10-10 10:55:00,4,597.3800000000001,483.01800000000003,161.006,20
3603.0,2022-10-10 11:05:00,2022-10-10 11:15:00,3,423.36699999999973,414.72700000000003,103.68175,15
3605.0,2022-10-10 11:40:00,2022-10-10 12:20:00,9,651.3519999999999,522.1041111111111,391.5780833333333,45
3607.0,2022-10-10 12:30:00,2022-10-10 12:30:00,1,91.06800000000021,91.06800000000021,7.589000000000017,5
3609.0,2022-10-10 12:45:00,2022-10-10 13:15:00,7,513.7959999999998,412.1894285714285,240.4438333333333,35
3611.0,2022-10-10 13:35:00,2022-10-10 13:40:00,2,332.2960000000003,282.69650000000024,47.11608333333337,10
3613.0,2022-10-10 14:10:00,2022-10-10 14:15:00,2,400.0809999999997,243.4849999999999,40.58083333333332,10
3615.0,2022-10-10 14:30:00,2022-10-10 14:35:00,2,270.2330000000002,165.221,27.53683333333333,10
3617.0,2022-10-11 09:50:00,2022-10-11 10:05:00,4,411.9499999999998,201.03300000000002,67.01100000000001,20
3619.0,2022-10-11 10:25:00,2022-10-11 10:40:00,4,100.49699999999984,67.82299999999998,22.60766666666666,20
3621.0,2022-10-11 11:05:00,2022-10-11 11:10:00,2,407.672,285.6859999999999,47.61433333333332,10
3623.0,2022-10-11 11:20:00,2022-10-11 11:20:00,1,207.54200000000037,207.54200000000037,17.295166666666695,5
3625.0,2022-10-11 11:35:00,2022-10-11 11:40:00,2,31.26800000000003,16.294000000000096,2.7156666666666824,10
3627.0,2022-10-11 12:15:00,2022-10-11 12:15:00,1,691.5860000000002,691.5860000000002,57.632166666666684,5
3629.0,2022-10-11 14:10:00,2022-10-11 14:10:00,1,100.51999999999998,100.51999999999998,8.376666666666665,5
3631.0,2022-10-12 09:40:00,2022-10-12 09:55:00,4,693.123,462.3842500000002,154.1280833333334,20
3633.0,2022-10-12 10:05:00,2022-10-12 10:05:00,1,100.27100000000019,100.27100000000019,8.355916666666682,5
3635.0,2022-10-12 10:35:00,2022-10-12 10:45:00,3,915.1330000000003,778.786666666667,194.69666666666672,15
3637.0,2022-10-13 09:35:00,2022-10-13 09:35:00,1,234.0939999999996,234.0939999999996,19.5078333333333,5
3639.0,2022-10-13 10:00:00,2022-10-13 10:05:00,2,271.90099999999984,186.57299999999987,31.095499999999976,10
3641.0,2022-10-13 10:15:00,2022-10-13 10:15:00,1,36.79500000000007,36.79500000000007,3.066250000000006,5
3643.0,2022-10-13 10:25:00,2022-10-13 10:35:00,3,358.2140000000004,200.88333333333335,50.22083333333334,15
3645.0,2022-10-13 10:50:00,2022-10-13 10:55:00,2,59.15000000000009,42.59850000000006,7.099750000000009,10
3647.0,2022-10-13 11:10:00,2022-10-13 11:15:00,2,96.11400000000003,50.468000000000075,8.411333333333346,10
3649.0,2022-10-13 12:05:00,2022-10-13 12:15:00,3,1310.683,806.3190000000001,201.57975000000002,15
3651.0,2022-10-13 12:25:00,2022-10-13 12:25:00,1,324.89699999999993,324.89699999999993,27.074749999999995,5
3653.0,2022-10-13 12:35:00,2022-10-13 12:40:00,2,424.9850000000001,366.779,61.12983333333332,10
3655.0,2022-10-13 13:40:00,2022-10-13 13:45:00,2,1046.5229999999997,721.2079999999996,120.20133333333327,10
3657.0,2022-10-13 14:15:00,2022-10-13 14:15:00,1,613.873,613.873,51.156083333333335,5
3659.0,2022-10-14 09:25:00,2022-10-14 09:25:00,1,166.83899999999994,166.83899999999994,13.903249999999995,5
3661.0,2022-10-14 09:50:00,2022-10-14 10:00:00,3,290.6779999999999,155.7436666666666,38.93591666666664,15
3663.0,2022-10-14 10:25:00,2022-10-14 10:30:00,2,128.41800000000012,125.74499999999989,20.957499999999982,10
3665.0,2022-10-14 10:45:00,2022-10-14 10:50:00,2,264.4489999999996,164.0224999999998,27.3370833333333,10
3667.0,2022-10-14 11:00:00,2022-10-14 11:15:00,4,1050.8329999999996,599.2575,199.7525,20
3669.0,2022-10-15 08:50:00,2022-10-15 08:50:00,1,151.87999999999988,151.87999999999988,12.656666666666656,5
3671.0,2022-10-15 09:15:00,2022-10-15 09:30:00,4,271.4190000000003,154.15649999999994,51.38549999999998,20
3673.0,2022-10-15 09:40:00,2022-10-15 09:40:00,1,32.37300000000005,32.37300000000005,2.6977500000000036,5
3675.0,2022-10-15 10:45:00,2022-10-15 10:55:00,3,418.82199999999966,293.7329999999999,73.43324999999996,15
3677.0,2022-10-15 11:25:00,2022-10-15 11:45:00,5,1141.1879999999996,936.9922,390.41341666666665,25
3679.0,2022-10-15 11:55:00,2022-10-15 11:55:00,1,657.7520000000004,657.7520000000004,54.8126666666667,5
3681.0,2022-10-15 12:05:00,2022-10-15 12:10:00,2,777.0640000000003,607.1865,101.19775,10
3683.0,2022-10-15 13:35:00,2022-10-15 13:55:00,5,956.021,723.0978,301.29075,25
3685.0,2022-10-15 14:05:00,2022-10-15 14:35:00,7,710.0740000000005,369.29542857142866,215.42233333333337,35
3687.0,2022-10-15 15:20:00,2022-10-15 15:20:00,1,105.89499999999998,105.89499999999998,8.824583333333331,5
3689.0,2022-10-16 09:25:00,2022-10-16 11:10:00,22,1347.649,875.9454999999999,1605.9000833333332,110
3691.0,2022-10-16 12:30:00,2022-10-16 12:35:00,2,322.60000000000014,298.81550000000004,49.80258333333334,10
3693.0,2022-10-16 13:20:00,2022-10-16 13:35:00,4,1230.2749999999999,627.23175,209.07725,20
3695.0,2022-10-16 14:05:00,2022-10-16 14:10:00,2,11.52000000000021,6.8400000000001455,1.140000000000024,10
3697.0,2022-10-17 09:25:00,2022-10-17 09:25:00,1,47.202999999999975,47.202999999999975,3.933583333333331,5
3699.0,2022-10-17 09:40:00,2022-10-17 10:25:00,10,539.0569999999998,327.1708,272.6423333333333,50
3701.0,2022-10-17 10:40:00,2022-10-17 14:45:00,50,1105.627,716.15022,2983.95925,250
3703.0,2022-10-18 10:05:00,2022-10-18 13:45:00,45,975.761,612.2594222222222,2295.9728333333333,225
3705.0,2022-10-18 13:55:00,2022-10-18 14:05:00,3,141.46500000000015,133.7976666666667,33.449416666666664,15
3707.0,2022-10-19 10:20:00,2022-10-19 10:25:00,2,422.46000000000004,217.26000000000022,36.21000000000003,10
3709.0,2022-10-19 10:50:00,2022-10-19 11:10:00,5,1258.4189999999999,718.4108,299.3378333333333,25
3711.0,2022-10-19 11:20:00,2022-10-19 11:30:00,3,436.15900000000056,271.1510000000001,67.78775000000003,15
3713.0,2022-10-19 11:40:00,2022-10-19 11:50:00,3,584.547,251.7023333333333,62.92558333333332,15
3715.0,2022-10-19 12:15:00,2022-10-19 12:25:00,3,87.25400000000036,42.19433333333336,10.54858333333334,15
3717.0,2022-10-19 12:35:00,2022-10-19 12:35:00,1,311.27300000000014,311.27300000000014,25.939416666666677,5
3719.0,2022-10-19 13:05:00,2022-10-19 13:10:00,2,997.7439999999997,684.0054999999998,114.00091666666661,10
3721.0,2022-10-19 13:30:00,2022-10-19 13:30:00,1,188.95499999999993,188.95499999999993,15.746249999999993,5
3723.0,2022-10-22 10:40:00,2022-10-22 10:45:00,2,475.90599999999995,361.991,60.33183333333333,10
3725.0,2022-10-22 11:15:00,2022-10-22 11:30:00,4,1062.875,486.94974999999977,162.31658333333323,20
3727.0,2022-10-22 12:10:00,2022-10-22 12:15:00,2,890.8079999999998,516.9614999999998,86.16024999999996,10
3729.0,2022-10-22 13:55:00,2022-10-22 14:05:00,3,392.04399999999987,202.064,50.516,15
3731.0,2022-10-23 11:45:00,2022-10-23 11:50:00,2,75.54299999999989,73.58299999999986,12.26383333333331,10
3733.0,2022-10-23 12:20:00,2022-10-23 12:50:00,7,939.0680000000002,519.6244285714284,303.11424999999997,35
3735.0,2022-10-23 13:00:00,2022-10-23 13:15:00,4,837.6619999999998,595.78775,198.59591666666665,20
3737.0,2022-10-23 13:45:00,2022-10-23 13:50:00,2,676.2919999999997,348.81949999999983,58.136583333333306,10
3739.0,2022-10-25 10:25:00,2022-10-25 10:25:00,1,185.7800000000002,185.7800000000002,15.481666666666683,5
3741.0,2022-10-25 10:55:00,2022-10-25 11:00:00,2,607.761,582.0985000000001,97.01641666666667,10
3743.0,2022-10-25 11:15:00,2022-10-25 11:15:00,1,146.71699999999964,146.71699999999964,12.226416666666637,5
3745.0,2022-10-25 11:25:00,2022-10-25 11:30:00,2,409.61900000000014,341.7700000000002,56.9616666666667,10
3747.0,2022-10-25 11:55:00,2022-10-25 11:55:00,1,73.34700000000021,73.34700000000021,6.112250000000017,5
3749.0,2022-10-25 12:25:00,2022-10-25 12:35:00,3,271.672,167.26099999999997,41.81524999999999,15
3751.0,2022-10-25 14:10:00,2022-10-25 14:10:00,1,396.36400000000003,396.36400000000003,33.03033333333333,5
3753.0,2022-10-26 10:50:00,2022-10-26 11:15:00,6,899.556,703.8986666666666,351.94933333333336,30
3755.0,2022-10-26 11:50:00,2022-10-26 11:55:00,2,514.5149999999999,368.7964999999999,61.466083333333316,10
3757.0,2022-10-26 13:50:00,2022-10-26 13:50:00,1,152.18100000000004,152.18100000000004,12.681750000000003,5
3759.0,2022-10-26 14:00:00,2022-10-26 14:00:00,1,448.28099999999995,448.28099999999995,37.35674999999999,5
3761.0,2022-10-26 14:20:00,2022-10-26 14:20:00,1,676.3620000000001,676.3620000000001,56.3635,5
3763.0,2022-10-27 12:00:00,2022-10-27 12:00:00,1,318.8739999999998,318.8739999999998,26.572833333333314,5
3765.0,2022-10-28 10:55:00,2022-10-28 10:55:00,1,497.1510000000003,497.1510000000003,41.429250000000025,5
3767.0,2022-10-28 11:15:00,2022-10-28 11:20:00,2,198.5540000000001,105.20550000000003,17.534250000000004,10
3769.0,2022-10-28 12:25:00,2022-10-28 12:35:00,3,879.9569999999999,425.0390000000002,106.25975000000005,15
3771.0,2022-10-28 13:40:00,2022-10-28 13:40:00,1,316.1120000000001,316.1120000000001,26.342666666666673,5
3773.0,2022-10-30 10:30:00,2022-10-30 10:30:00,1,36.096000000000004,36.096000000000004,3.008,5
3775.0,2022-10-30 10:40:00,2022-10-30 10:55:00,4,1010.3590000000002,566.9962499999999,188.99874999999997,20
3777.0,2022-10-30 11:05:00,2022-10-30 11:40:00,8,1268.2930000000001,791.662,527.7746666666667,40
3779.0,2022-10-30 13:50:00,2022-10-30 14:20:00,7,1174.5139999999997,416.5934285714285,243.01283333333328,35
3781.0,2022-10-30 14:45:00,2022-10-30 14:45:00,1,5.653999999999996,5.653999999999996,0.47116666666666634,5
3783.0,2022-10-31 10:55:00,2022-10-31 10:55:00,1,27.170000000000073,27.170000000000073,2.2641666666666724,5
3785.0,2022-11-03 11:25:00,2022-11-03 11:25:00,1,61.84700000000021,61.84700000000021,5.153916666666683,5
3787.0,2022-11-03 13:40:00,2022-11-03 13:45:00,2,210.5010000000002,159.31400000000008,26.552333333333344,10
3789.0,2022-11-04 12:05:00,2022-11-04 12:05:00,1,189.11400000000003,189.11400000000003,15.759500000000003,5
3791.0,2022-11-06 11:25:00,2022-11-06 11:30:00,2,390.25099999999975,287.76549999999986,47.96091666666664,10
3793.0,2022-11-07 23:25:00,2022-11-07 23:25:00,1,70.66399999999999,70.66399999999999,5.888666666666666,5
3795.0,2022-11-07 23:55:00,2022-11-07 23:55:00,1,40.91799999999989,40.91799999999989,3.4098333333333244,5
3797.0,2022-11-08 00:05:00,2022-11-08 00:05:00,1,52.35499999999979,52.35499999999979,4.362916666666649,5
3799.0,2022-11-08 12:30:00,2022-11-08 12:30:00,1,307.297,307.297,25.608083333333333,5
3801.0,2022-11-13 12:05:00,2022-11-13 12:05:00,1,126.12300000000005,126.12300000000005,10.510250000000003,5
3803.0,2022-11-13 12:30:00,2022-11-13 12:30:00,1,1.0670000000000073,1.0670000000000073,0.08891666666666727,5
3805.0,2022-11-13 12:40:00,2022-11-13 12:50:00,3,352.9000000000001,222.91199999999995,55.72799999999999,15
3807.0,2022-11-13 13:20:00,2022-11-13 13:20:00,1,137.4659999999999,137.4659999999999,11.45549999999999,5
3809.0,2022-11-20 10:40:00,2022-11-20 10:40:00,1,66.52700000000004,66.52700000000004,5.54391666666667,5
3811.0,2022-11-20 11:30:00,2022-11-20 11:30:00,1,94.10099999999989,94.10099999999989,7.8417499999999905,5
3813.0,2022-12-03 12:00:00,2022-12-03 12:00:00,1,6.172000000000253,6.172000000000253,0.5143333333333544,5
3815.0,2022-12-03 13:40:00,2022-12-03 13:40:00,1,105.11899999999991,105.11899999999991,8.759916666666658,5
3817.0,2022-12-10 10:45:00,2022-12-10 10:45:00,1,3.3460000000000036,3.3460000000000036,0.2788333333333336,5
3819.0,2022-12-14 10:50:00,2022-12-14 13:10:00,29,1846.2507695208074,638.94605642402,1544.119636358048,145
3821.0,2022-12-14 13:20:00,2022-12-14 13:25:00,2,104.45975042681312,63.48912179387321,10.581520298978868,10
3823.0,2022-12-15 11:00:00,2022-12-15 11:15:00,4,255.80467717325655,168.5711420824747,56.19038069415822,20
3825.0,2022-12-15 11:25:00,2022-12-15 13:25:00,25,1830.6634160084977,609.673366152775,1270.1528461516145,125
3827.0,2022-12-15 13:35:00,2022-12-15 13:35:00,1,27.621855064735882,27.621855064735882,2.301821255394657,5
3829.0,2022-12-16 11:35:00,2022-12-16 11:35:00,1,72.47475834271609,72.47475834271609,6.03956319522634,5
3831.0,2022-12-16 12:00:00,2022-12-16 13:35:00,20,1871.9769080538827,674.4035081590916,1124.0058469318194,100
3833.0,2022-12-20 11:45:00,2022-12-20 11:50:00,2,134.67629558447516,112.81500484153457,18.802500806922428,10
3835.0,2022-12-20 12:50:00,2022-12-20 13:10:00,5,442.16942028012545,226.01077223672127,94.17115509863386,25
3837.0,2022-12-20 13:20:00,2022-12-20 13:25:00,2,179.17951285051367,159.27709276587325,26.54618212764554,10
3839.0,2022-12-24 12:00:00,2022-12-24 12:00:00,1,47.822999999999865,47.822999999999865,3.9852499999999886,5
3841.0,2022-12-24 12:30:00,2022-12-24 12:30:00,1,222.91700000000014,222.91700000000014,18.576416666666677,5
3843.0,2022-12-25 12:45:00,2022-12-25 12:45:00,1,529.9139999999998,529.9139999999998,44.15949999999998,5
3845.0,2022-12-26 00:50:00,2022-12-26 00:50:00,1,146.394,146.394,12.1995,5
3847.0,2022-12-26 01:00:00,2022-12-26 01:05:00,2,66.06400000000008,63.53399999999999,10.588999999999999,10
3849.0,2022-12-26 12:15:00,2022-12-26 12:15:00,1,430.1500000000001,430.1500000000001,35.84583333333334,5
3851.0,2022-12-26 12:45:00,2022-12-26 12:45:00,1,16.62400000000025,16.62400000000025,1.3853333333333542,5
3853.0,2022-12-29 10:55:00,2022-12-29 10:55:00,1,291.12300000000005,291.12300000000005,24.260250000000003,5
3855.0,2022-12-29 12:30:00,2022-12-29 12:35:00,2,516.3010000000002,323.68550000000005,53.947583333333334,10
3857.0,2022-12-29 13:00:00,2022-12-29 13:00:00,1,839.8190000000002,839.8190000000002,69.98491666666668,5
3859.0,2023-01-01 11:20:00,2023-01-01 11:20:00,1,33.330999999999904,33.330999999999904,2.7775833333333253,5
3861.0,2023-01-01 12:15:00,2023-01-01 12:15:00,1,25.860999999999876,25.860999999999876,2.155083333333323,5
3863.0,2023-01-02 11:00:00,2023-01-02 11:05:00,2,185.9760000000001,95.22400000000016,15.870666666666692,10
3865.0,2023-01-07 11:20:00,2023-01-07 11:30:00,3,250.577,156.71899999999997,39.17974999999999,15
3867.0,2023-01-07 11:40:00,2023-01-07 11:55:00,4,471.3589999999999,268.30474999999996,89.43491666666665,20
3869.0,2023-01-07 12:15:00,2023-01-07 12:20:00,2,234.27999999999975,152.98349999999982,25.49724999999997,10
3871.0,2023-01-07 13:15:00,2023-01-07 13:15:00,1,103.63199999999983,103.63199999999983,8.635999999999985,5
3873.0,2023-01-07 13:45:00,2023-01-07 13:45:00,1,132.55700000000002,132.55700000000002,11.046416666666667,5
3875.0,2023-01-08 13:20:00,2023-01-08 13:25:00,2,195.4839999999997,120.37249999999995,20.062083333333323,10
3877.0,2023-01-09 11:25:00,2023-01-09 11:25:00,1,235.22699999999986,235.22699999999986,19.602249999999987,5
3879.0,2023-01-13 02:00:00,2023-01-13 02:00:00,1,76.327,76.327,6.360583333333333,5
3881.0,2023-01-13 11:35:00,2023-01-13 11:40:00,2,567.0520000000001,305.97000000000025,50.99500000000004,10
3883.0,2023-01-13 12:10:00,2023-01-13 12:10:00,1,505.4459999999999,505.4459999999999,42.12049999999999,5
3885.0,2023-01-13 12:40:00,2023-01-13 12:40:00,1,107.63400000000001,107.63400000000001,8.9695,5
3887.0,2023-01-13 13:00:00,2023-01-13 13:05:00,2,520.6549999999997,287.27949999999987,47.87991666666664,10
3889.0,2023-01-13 13:35:00,2023-01-13 13:40:00,2,338.491,171.048,28.508,10
3891.0,2023-01-13 14:10:00,2023-01-13 14:10:00,1,107.79300000000012,107.79300000000012,8.98275000000001,5
3893.0,2023-01-15 13:35:00,2023-01-15 13:35:00,1,60.07199999999989,60.07199999999989,5.0059999999999905,5
3895.0,2023-01-28 09:00:00,2023-01-28 09:05:00,2,166.2751453969172,105.10996371171495,17.518327285285825,10
3897.0,2023-01-28 09:15:00,2023-01-28 09:15:00,1,285.41514258760594,285.41514258760594,23.78459521563383,5
3899.0,2023-01-29 10:55:00,2023-01-29 12:50:00,24,2327.338804166641,1508.9037701398127,3017.8075402796253,120
3901.0,2023-01-29 13:30:00,2023-01-29 13:30:00,1,249.9123031913207,249.9123031913207,20.82602526594339,5
3903.0,2023-01-29 13:45:00,2023-01-29 13:45:00,1,346.6833905660369,346.6833905660369,28.89028254716974,5
3905.0,2023-01-29 13:55:00,2023-01-29 14:05:00,3,499.1294457932406,200.90970497407474,50.227426243518686,15
3907.0,2023-01-31 11:35:00,2023-01-31 11:40:00,2,244.18499999999995,230.2349999999999,38.37249999999998,10
3909.0,2023-02-01 10:10:00,2023-02-01 10:10:00,1,154.7130000000002,154.7130000000002,12.892750000000015,5
3911.0,2023-02-01 10:40:00,2023-02-01 10:55:00,4,245.29899999999998,133.64425000000006,44.54808333333335,20
3913.0,2023-02-01 11:05:00,2023-02-01 11:25:00,5,348.59900000000016,233.76319999999996,97.40133333333331,25
3915.0,2023-02-01 12:05:00,2023-02-01 12:15:00,3,331.22100000000046,192.45366666666692,48.11341666666673,15
3917.0,2023-02-01 12:25:00,2023-02-01 12:35:00,3,375.40999999999985,256.19366666666656,64.04841666666664,15
3919.0,2023-02-01 12:45:00,2023-02-01 12:50:00,2,888.9510000000005,645.5200000000002,107.58666666666669,10
3921.0,2023-02-01 13:15:00,2023-02-01 13:30:00,4,576.0190000000002,246.34950000000003,82.1165,20
3923.0,2023-02-01 13:55:00,2023-02-01 13:55:00,1,3.6579999999999018,3.6579999999999018,0.30483333333332513,5
3925.0,2023-02-05 11:55:00,2023-02-05 11:55:00,1,30.532000000000153,30.532000000000153,2.5443333333333458,5
3927.0,2023-02-05 13:00:00,2023-02-05 13:15:00,4,341.1980000000003,253.6277500000001,84.54258333333337,20
3929.0,2023-02-05 13:25:00,2023-02-05 13:35:00,3,487.5350000000003,305.0250000000001,76.25625000000002,15
3931.0,2023-02-08 13:50:00,2023-02-08 13:50:00,1,67.92399999999998,67.92399999999998,5.660333333333331,5
3933.0,2023-02-09 11:40:00,2023-02-09 11:45:00,2,55.628999999999905,55.20349999999985,9.200583333333308,10
3935.0,2023-02-09 12:30:00,2023-02-09 12:30:00,1,107.73700000000008,107.73700000000008,8.97808333333334,5
3937.0,2023-02-09 12:55:00,2023-02-09 12:55:00,1,60.11799999999994,60.11799999999994,5.009833333333328,5
3939.0,2023-02-09 13:25:00,2023-02-09 13:25:00,1,81.46900000000005,81.46900000000005,6.789083333333338,5
3941.0,2023-02-11 11:15:00,2023-02-11 11:15:00,1,165.03399999999988,165.03399999999988,13.752833333333323,5
3943.0,2023-02-13 11:25:00,2023-02-13 11:30:00,2,122.08199999999988,84.36199999999985,14.060333333333308,10
3945.0,2023-02-13 11:55:00,2023-02-13 11:55:00,1,7.447999999999865,7.447999999999865,0.6206666666666554,5
3947.0,2023-02-13 12:20:00,2023-02-13 12:25:00,2,289.80200000000013,156.78250000000003,26.130416666666672,10
3949.0,2023-02-13 12:50:00,2023-02-13 12:55:00,2,254.3670000000002,145.7270000000001,24.287833333333346,10
3951.0,2023-02-16 14:45:00,2023-02-16 14:45:00,1,3.424999999999727,3.424999999999727,0.2854166666666439,5
3953.0,2023-02-17 09:20:00,2023-02-17 09:20:00,1,54.021999999999935,54.021999999999935,4.501833333333328,5
3955.0,2023-02-17 09:45:00,2023-02-17 09:45:00,1,92.58599999999979,92.58599999999979,7.715499999999982,5
3957.0,2023-02-17 11:30:00,2023-02-17 11:50:00,5,934.4650000000001,639.4048,266.41866666666664,25
3959.0,2023-02-17 12:00:00,2023-02-17 12:00:00,1,824.0130000000004,824.0130000000004,68.66775000000003,5
3961.0,2023-02-17 12:10:00,2023-02-17 12:30:00,5,992.2559999999999,517.3532,215.56383333333332,25
3963.0,2023-02-17 12:40:00,2023-02-17 12:40:00,1,32.95100000000002,32.95100000000002,2.7459166666666683,5
3965.0,2023-02-17 13:55:00,2023-02-17 14:00:00,2,403.90499999999975,315.1094999999998,52.518249999999966,10
3967.0,2023-02-18 09:35:00,2023-02-18 09:40:00,2,118.17399999999998,86.678,14.446333333333332,10
3969.0,2023-02-18 09:50:00,2023-02-18 09:55:00,2,172.12000000000035,119.69400000000019,19.94900000000003,10
3971.0,2023-02-18 10:05:00,2023-02-18 11:30:00,18,1292.4229999999998,707.5956666666666,1061.3935,90
3973.0,2023-02-18 13:20:00,2023-02-18 13:20:00,1,49.07900000000018,49.07900000000018,4.0899166666666815,5
3975.0,2023-02-19 11:25:00,2023-02-19 11:35:00,3,535.771,199.1636666666666,49.79091666666665,15
3977.0,2023-02-19 11:45:00,2023-02-19 11:45:00,1,94.80399999999963,94.80399999999963,7.900333333333302,5
3979.0,2023-02-19 11:55:00,2023-02-19 14:10:00,28,1149.3490000000002,699.3846071428571,1631.8974166666665,140
3981.0,2023-02-19 14:30:00,2023-02-19 14:40:00,3,182.33499999999958,98.42599999999993,24.606499999999983,15
3983.0,2023-02-19 14:50:00,2023-02-19 14:50:00,1,24.254000000000133,24.254000000000133,2.0211666666666774,5
3985.0,2023-02-20 13:00:00,2023-02-20 13:05:00,2,775.2510000000002,583.925,97.32083333333331,10
3987.0,2023-02-20 13:15:00,2023-02-20 13:40:00,6,987.5189999999998,383.0023333333333,191.50116666666662,30
3989.0,2023-02-20 14:30:00,2023-02-20 14:30:00,1,135.5350000000003,135.5350000000003,11.294583333333359,5
3991.0,2023-02-20 14:45:00,2023-02-20 14:45:00,1,276.8209999999999,276.8209999999999,23.068416666666657,5
3993.0,2023-02-21 13:05:00,2023-02-21 13:10:00,2,720.25,576.2975000000001,96.04958333333335,10
3995.0,2023-02-21 13:30:00,2023-02-21 13:35:00,2,477.9960000000001,352.18399999999997,58.697333333333326,10
3997.0,2023-02-21 14:05:00,2023-02-21 14:05:00,1,215.48100000000022,215.48100000000022,17.956750000000017,5
3999.0,2023-02-22 12:10:00,2023-02-22 12:10:00,1,808.4779999999996,808.4779999999996,67.37316666666663,5
4001.0,2023-02-22 13:10:00,2023-02-22 13:30:00,5,1045.0659999999998,763.6382000000002,318.1825833333334,25
4003.0,2023-02-23 10:25:00,2023-02-23 10:25:00,1,60.172999999999774,60.172999999999774,5.014416666666648,5
4005.0,2023-02-23 10:35:00,2023-02-23 10:50:00,4,368.3290000000002,200.16975000000002,66.72325000000001,20
4007.0,2023-02-23 11:20:00,2023-02-23 11:25:00,2,487.3069999999998,367.72900000000004,61.28816666666667,10
4009.0,2023-02-23 11:50:00,2023-02-23 11:50:00,1,839.4490000000001,839.4490000000001,69.95408333333333,5
4011.0,2023-02-23 12:10:00,2023-02-23 12:20:00,3,515.3510000000006,356.94033333333346,89.23508333333336,15
4013.0,2023-02-23 12:30:00,2023-02-23 12:30:00,1,360.0150000000003,360.0150000000003,30.001250000000027,5
4015.0,2023-02-23 12:50:00,2023-02-23 13:00:00,3,893.7069999999994,537.6549999999997,134.41374999999994,15
4017.0,2023-02-23 13:10:00,2023-02-23 13:20:00,3,1109.4529999999995,693.5113333333333,173.37783333333329,15
4019.0,2023-02-23 13:40:00,2023-02-23 13:55:00,4,198.15599999999995,165.24700000000007,55.08233333333335,20
4021.0,2023-02-23 14:05:00,2023-02-23 14:15:00,3,441.7420000000002,268.4653333333334,67.11633333333334,15
4023.0,2023-02-23 14:45:00,2023-02-23 14:45:00,1,288.40700000000015,288.40700000000015,24.033916666666677,5
4025.0,2023-02-24 15:15:00,2023-02-24 15:15:00,1,102.9699999999998,102.9699999999998,8.580833333333317,5
4027.0,2023-02-25 10:20:00,2023-02-25 10:45:00,6,990.7450000000003,626.2544999999999,313.12724999999995,30
4029.0,2023-02-25 11:10:00,2023-02-25 11:15:00,2,392.22699999999986,199.2924999999998,33.21541666666663,10
4031.0,2023-02-25 11:35:00,2023-02-25 11:35:00,1,70.24199999999973,70.24199999999973,5.853499999999977,5
4033.0,2023-02-25 11:50:00,2023-02-25 11:50:00,1,269.24299999999994,269.24299999999994,22.43691666666666,5
4035.0,2023-02-25 12:15:00,2023-02-25 12:20:00,2,382.8140000000003,222.30750000000012,37.05125000000002,10
4037.0,2023-02-25 12:50:00,2023-02-25 12:50:00,1,56.656999999999925,56.656999999999925,4.72141666666666,5
4039.0,2023-02-25 13:25:00,2023-02-25 13:35:00,3,951.364,491.4170000000001,122.85425000000001,15
4041.0,2023-02-25 14:45:00,2023-02-25 14:45:00,1,45.88599999999997,45.88599999999997,3.8238333333333303,5
4043.0,2023-02-26 09:10:00,2023-02-26 09:10:00,1,281.7370000000003,281.7370000000003,23.47808333333336,5
4045.0,2023-02-26 09:40:00,2023-02-26 09:50:00,3,431.8899999999999,268.54966666666655,67.13741666666664,15
4047.0,2023-02-26 11:05:00,2023-02-26 11:30:00,6,1261.5170000000003,956.2748333333335,478.1374166666667,30
4049.0,2023-02-26 11:55:00,2023-02-26 12:00:00,2,714.4580000000001,413.3985,68.89975,10
4051.0,2023-02-26 12:30:00,2023-02-26 12:55:00,6,1572.1190000000001,1098.0756666666668,549.0378333333333,30
4053.0,2023-02-26 14:00:00,2023-02-26 14:05:00,2,1119.9070000000002,1097.6315000000002,182.93858333333336,10
4055.0,2023-02-26 14:45:00,2023-02-26 14:50:00,2,541.6390000000001,498.2935,83.04891666666666,10
4057.0,2023-02-26 15:00:00,2023-02-26 15:05:00,2,264.87599999999975,259.8194999999996,43.303249999999935,10
4059.0,2023-02-27 11:35:00,2023-02-27 11:40:00,2,641.8420000000006,355.29750000000035,59.21625000000006,10
4061.0,2023-02-28 10:40:00,2023-02-28 10:40:00,1,171.61100000000033,171.61100000000033,14.300916666666694,5
4063.0,2023-02-28 11:10:00,2023-02-28 11:10:00,1,148.92799999999988,148.92799999999988,12.410666666666657,5
4065.0,2023-02-28 11:25:00,2023-02-28 11:25:00,1,327.1560000000004,327.1560000000004,27.263000000000034,5
4067.0,2023-03-02 12:20:00,2023-03-02 12:25:00,2,453.3579999999997,279.67899999999986,46.61316666666664,10
4069.0,2023-03-02 13:05:00,2023-03-02 13:05:00,1,161.2470000000003,161.2470000000003,13.437250000000024,5
4071.0,2023-03-02 13:15:00,2023-03-02 13:20:00,2,383.3510000000001,321.14999999999986,53.52499999999998,10
4073.0,2023-03-02 13:40:00,2023-03-02 13:40:00,1,179.5270000000005,179.5270000000005,14.960583333333375,5
4075.0,2023-03-02 14:45:00,2023-03-02 14:55:00,3,159.07600000000002,115.98999999999978,28.997499999999942,15
4077.0,2023-03-05 09:45:00,2023-03-05 09:45:00,1,67.79500000000007,67.79500000000007,5.649583333333339,5
4079.0,2023-03-07 10:10:00,2023-03-07 10:30:00,5,416.0179999999996,204.90519999999998,85.37716666666665,25
4081.0,2023-03-07 10:55:00,2023-03-07 11:05:00,3,552.815,456.151,114.03774999999999,15
4083.0,2023-03-07 11:30:00,2023-03-07 11:35:00,2,557.5860000000002,550.7925000000002,91.79875000000004,10
4085.0,2023-03-07 12:05:00,2023-03-07 12:15:00,3,520.7829999999999,387.98999999999995,96.99749999999997,15
4087.0,2023-03-07 12:35:00,2023-03-07 12:40:00,2,599.7500000000005,586.6960000000004,97.78266666666673,10
4089.0,2023-03-07 13:10:00,2023-03-07 13:15:00,2,1141.335,587.2105000000001,97.86841666666669,10
4091.0,2023-03-07 14:10:00,2023-03-07 14:40:00,7,478.00400000000036,221.91700000000006,129.45158333333336,35
4093.0,2023-03-07 15:00:00,2023-03-07 15:00:00,1,207.63999999999987,207.63999999999987,17.30333333333332,5
4095.0,2023-03-10 11:40:00,2023-03-10 11:50:00,3,341.18600000000015,277.0756666666668,69.26891666666668,15
4097.0,2023-03-10 12:00:00,2023-03-10 13:30:00,19,875.9470000000001,538.5794210526317,852.75075,95
4099.0,2023-03-10 13:40:00,2023-03-10 14:35:00,12,474.68700000000035,310.12566666666686,310.12566666666686,60
4101.0,2023-03-10 14:45:00,2023-03-10 14:55:00,3,266.84500000000025,144.10200000000017,36.02550000000004,15
4103.0,2023-03-10 15:15:00,2023-03-10 15:15:00,1,22.505999999999858,22.505999999999858,1.8754999999999882,5
4105.0,2023-03-11 09:35:00,2023-03-11 09:55:00,5,781.2640000000006,276.2826,115.11774999999999,25
4107.0,2023-03-11 10:05:00,2023-03-11 11:35:00,19,1406.156,636.9125263157894,1008.4448333333331,95
4109.0,2023-03-11 12:35:00,2023-03-11 12:35:00,1,23.805000000000064,23.805000000000064,1.9837500000000052,5
4111.0,2023-03-12 08:00:00,2023-03-12 08:00:00,1,96.34500000000003,96.34500000000003,8.028750000000002,5
4113.0,2023-03-12 08:40:00,2023-03-12 08:45:00,2,365.817,194.04600000000005,32.34100000000001,10
4115.0,2023-03-12 09:05:00,2023-03-12 09:10:00,2,58.422000000000025,36.19550000000004,6.032583333333339,10
4117.0,2023-03-12 09:35:00,2023-03-12 11:35:00,25,1292.415,805.24148,1677.5864166666665,125
4119.0,2023-03-12 11:55:00,2023-03-12 12:40:00,10,1318.5120000000002,600.9186,500.7655,50
4121.0,2023-03-12 12:50:00,2023-03-12 13:10:00,5,431.59900000000016,227.03320000000002,94.59716666666668,25
4123.0,2023-03-13 04:55:00,2023-03-13 05:00:00,2,140.664,108.00049999999999,18.00008333333333,10
4125.0,2023-03-14 09:45:00,2023-03-14 09:55:00,3,403.8589999999999,242.52600000000015,60.63150000000003,15
4127.0,2023-03-14 10:20:00,2023-03-14 10:25:00,2,426.52099999999973,321.2399999999998,53.539999999999964,10
4129.0,2023-03-14 11:25:00,2023-03-14 11:50:00,6,1263.8829999999994,711.6639999999998,355.8319999999999,30
4131.0,2023-03-14 12:15:00,2023-03-14 12:15:00,1,103.38900000000012,103.38900000000012,8.61575000000001,5
4133.0,2023-03-14 12:40:00,2023-03-14 12:50:00,3,754.6439999999998,283.75899999999984,70.93974999999996,15
4135.0,2023-03-14 13:40:00,2023-03-14 13:45:00,2,1294.5150000000008,679.2865000000004,113.21441666666672,10
4137.0,2023-03-14 14:15:00,2023-03-14 14:20:00,2,252.18399999999974,196.11549999999988,32.68591666666664,10
4139.0,2023-03-17 10:35:00,2023-03-17 10:40:00,2,868.9620000000004,687.0475000000001,114.50791666666667,10
4141.0,2023-03-17 11:30:00,2023-03-17 11:35:00,2,538.6090000000004,315.9585000000002,52.65975000000003,10
4143.0,2023-03-17 12:40:00,2023-03-17 12:45:00,2,670.1610000000001,556.5950000000003,92.76583333333338,10
4145.0,2023-03-17 13:00:00,2023-03-17 13:00:00,1,573.2359999999999,573.2359999999999,47.76966666666665,5
4147.0,2023-03-17 13:15:00,2023-03-17 13:15:00,1,366.8250000000003,366.8250000000003,30.568750000000023,5
4149.0,2023-03-17 13:50:00,2023-03-17 13:55:00,2,946.2529999999997,618.8604999999998,103.14341666666662,10
4151.0,2023-03-17 15:00:00,2023-03-17 15:10:00,3,845.326,542.4066666666666,135.60166666666663,15
4153.0,2023-03-17 15:25:00,2023-03-17 15:25:00,1,81.93399999999974,81.93399999999974,6.827833333333311,5
4155.0,2023-03-18 08:55:00,2023-03-18 08:55:00,1,53.44900000000007,53.44900000000007,4.4540833333333385,5
4157.0,2023-03-18 09:50:00,2023-03-18 09:55:00,2,330.4770000000003,321.4145000000003,53.56908333333338,10
4159.0,2023-03-18 10:55:00,2023-03-18 10:55:00,1,215.9390000000003,215.9390000000003,17.99491666666669,5
4161.0,2023-03-18 11:05:00,2023-03-18 11:10:00,2,334.93100000000004,234.07549999999992,39.01258333333332,10
4163.0,2023-03-18 11:20:00,2023-03-18 11:55:00,8,1183.672,840.1288749999999,560.0859166666665,40
4165.0,2023-03-18 12:05:00,2023-03-18 12:35:00,7,1151.524,794.0071428571428,463.1708333333333,35
4167.0,2023-03-18 13:10:00,2023-03-18 13:15:00,2,582.4239999999995,376.3019999999999,62.716999999999985,10
4169.0,2023-03-18 13:30:00,2023-03-18 13:55:00,6,1209.7780000000002,921.2205,460.61025,30
4171.0,2023-03-18 14:35:00,2023-03-18 14:50:00,4,1206.4869999999996,1050.7055,350.2351666666667,20
4173.0,2023-03-18 15:35:00,2023-03-18 15:45:00,3,861.48,560.8340000000001,140.2085,15
4175.0,2023-03-19 11:30:00,2023-03-19 11:30:00,1,1039.732,1039.732,86.64433333333332,5
4177.0,2023-03-19 11:40:00,2023-03-19 11:40:00,1,598.9719999999998,598.9719999999998,49.91433333333331,5
4179.0,2023-03-19 11:55:00,2023-03-19 12:15:00,5,455.65599999999995,230.80640000000002,96.16933333333334,25
4181.0,2023-03-19 12:40:00,2023-03-19 12:50:00,3,928.6300000000001,673.8533333333332,168.4633333333333,15
4183.0,2023-03-19 13:15:00,2023-03-19 13:20:00,2,424.08100000000013,344.09550000000013,57.34925000000001,10
4185.0,2023-03-19 13:35:00,2023-03-19 13:35:00,1,416.3350000000005,416.3350000000005,34.69458333333337,5
4187.0,2023-03-19 13:45:00,2023-03-19 13:55:00,3,508.0010000000002,307.16266666666684,76.79066666666671,15
4189.0,2023-03-19 14:15:00,2023-03-19 14:45:00,7,580.1879999999996,311.30999999999995,181.59749999999997,35
4191.0,2023-03-19 14:55:00,2023-03-19 14:55:00,1,157.76199999999994,157.76199999999994,13.146833333333328,5
4193.0,2023-03-20 11:25:00,2023-03-20 11:50:00,6,1394.31,622.7141666666666,311.3570833333333,30
4195.0,2023-03-20 12:40:00,2023-03-20 12:40:00,1,633.7570000000001,633.7570000000001,52.81308333333334,5
4197.0,2023-03-20 13:25:00,2023-03-20 13:30:00,2,698.2570000000001,432.04049999999984,72.00674999999997,10
4199.0,2023-03-21 09:25:00,2023-03-21 09:25:00,1,358.65800000000036,358.65800000000036,29.888166666666695,5
4201.0,2023-03-21 09:50:00,2023-03-21 09:55:00,2,611.2539999999999,506.61850000000004,84.43641666666667,10
4203.0,2023-03-21 10:10:00,2023-03-21 10:20:00,3,635.8719999999998,405.27199999999993,101.31799999999998,15
4205.0,2023-03-21 10:35:00,2023-03-21 10:35:00,1,175.51500000000033,175.51500000000033,14.626250000000027,5
4207.0,2023-03-21 11:05:00,2023-03-21 11:10:00,2,584.5599999999995,347.8979999999997,57.98299999999995,10
4209.0,2023-03-21 13:30:00,2023-03-21 13:30:00,1,83.16599999999971,83.16599999999971,6.9304999999999755,5
4211.0,2023-03-21 13:55:00,2023-03-21 14:20:00,6,1106.4770000000003,707.5670000000003,353.7835000000001,30
4213.0,2023-03-21 14:30:00,2023-03-21 14:30:00,1,207.92099999999982,207.92099999999982,17.326749999999983,5
4215.0,2023-03-22 08:25:00,2023-03-22 11:35:00,39,1126.4169999999995,553.2777692307693,1798.15275,195
4217.0,2023-03-22 11:50:00,2023-03-22 11:55:00,2,1012.6489999999999,742.605,123.7675,10
4219.0,2023-03-22 12:05:00,2023-03-22 12:35:00,7,1053.6040000000003,566.8552857142856,330.66558333333325,35
4221.0,2023-03-22 13:05:00,2023-03-22 13:45:00,9,1016.9519999999998,741.7618888888887,556.3214166666666,45
4223.0,2023-03-22 14:00:00,2023-03-22 15:45:00,22,1135.364,779.7305909090909,1429.5060833333332,110
4225.0,2023-03-22 16:00:00,2023-03-22 16:10:00,3,433.35099999999966,240.2836666666664,60.0709166666666,15
4227.0,2023-03-22 16:25:00,2023-03-22 16:25:00,1,15.990999999999985,15.990999999999985,1.3325833333333321,5
4229.0,2023-03-23 10:15:00,2023-03-23 10:25:00,3,910.48,384.46600000000007,96.11650000000002,15
4231.0,2023-03-23 10:35:00,2023-03-23 10:35:00,1,358.77700000000004,358.77700000000004,29.898083333333336,5
4233.0,2023-03-23 11:00:00,2023-03-23 11:40:00,9,1100.1709999999998,689.3022222222222,516.9766666666667,45
4235.0,2023-03-23 11:55:00,2023-03-23 12:15:00,5,817.634,513.9852000000002,214.16050000000007,25
4237.0,2023-03-23 12:25:00,2023-03-23 13:00:00,8,1154.5550000000003,534.770125,356.51341666666667,40
4239.0,2023-03-23 13:10:00,2023-03-23 13:10:00,1,326.9870000000001,326.9870000000001,27.248916666666673,5
4241.0,2023-03-23 13:30:00,2023-03-23 13:35:00,2,321.922,284.52,47.419999999999995,10
4243.0,2023-03-23 13:45:00,2023-03-23 13:55:00,3,430.0239999999999,249.63099999999986,62.407749999999965,15
4245.0,2023-03-23 14:40:00,2023-03-23 14:40:00,1,452.1749999999997,452.1749999999997,37.68124999999998,5
4247.0,2023-03-23 14:55:00,2023-03-23 14:55:00,1,139.1519999999996,139.1519999999996,11.595999999999965,5
4249.0,2023-03-24 08:40:00,2023-03-24 08:45:00,2,299.09400000000005,213.91049999999996,35.65174999999999,10
4251.0,2023-03-24 09:55:00,2023-03-24 09:55:00,1,526.752,526.752,43.895999999999994,5
4253.0,2023-03-24 11:05:00,2023-03-24 11:05:00,1,17.458000000000084,17.458000000000084,1.4548333333333403,5
4255.0,2023-03-24 11:35:00,2023-03-24 12:15:00,9,1462.2979999999998,772.0174444444445,579.0130833333334,45
4257.0,2023-03-24 12:25:00,2023-03-24 13:15:00,11,830.9840000000004,578.7681818181819,530.5375,55
4259.0,2023-03-24 13:25:00,2023-03-24 14:15:00,11,1225.147,774.7187272727272,710.1588333333333,55
4261.0,2023-03-24 14:40:00,2023-03-24 14:40:00,1,185.3119999999999,185.3119999999999,15.442666666666657,5
4263.0,2023-03-24 14:55:00,2023-03-24 15:05:00,3,761.0970000000002,557.1303333333334,139.28258333333332,15
4265.0,2023-03-24 15:20:00,2023-03-24 15:35:00,4,502.5720000000001,322.9267500000001,107.64225000000002,20
4267.0,2023-03-25 08:50:00,2023-03-25 09:25:00,8,1150.3239999999996,754.451875,502.9679166666666,40
4269.0,2023-03-25 09:35:00,2023-03-25 09:35:00,1,331.9580000000001,331.9580000000001,27.663166666666672,5
4271.0,2023-03-25 09:50:00,2023-03-25 09:50:00,1,157.84699999999998,157.84699999999998,13.153916666666664,5
4273.0,2023-03-25 10:10:00,2023-03-25 10:15:00,2,305.38099999999986,237.28699999999992,39.547833333333315,10
4275.0,2023-03-25 10:25:00,2023-03-25 11:45:00,17,1062.544,698.0558823529411,988.9124999999999,85
4277.0,2023-03-25 12:35:00,2023-03-25 13:25:00,11,1494.1470000000004,663.8878181818181,608.5638333333333,55
4279.0,2023-03-25 13:35:00,2023-03-25 13:50:00,4,846.4960000000003,480.03249999999997,160.01083333333332,20
4281.0,2023-03-25 14:05:00,2023-03-25 14:10:00,2,89.35899999999992,65.23449999999991,10.872416666666652,10
4283.0,2023-03-25 14:50:00,2023-03-25 16:00:00,15,1182.337,800.7433333333333,1000.9291666666666,75
4285.0,2023-03-25 16:20:00,2023-03-25 16:35:00,4,393.509,228.178,76.05933333333333,20
4287.0,2023-03-26 10:35:00,2023-03-26 10:55:00,5,1039.449,544.9912,227.07966666666664,25
4289.0,2023-03-26 11:05:00,2023-03-26 11:15:00,3,824.3509999999999,718.0056666666666,179.50141666666667,15
4291.0,2023-03-26 11:45:00,2023-03-26 12:10:00,6,668.1150000000002,363.1290000000001,181.56450000000004,30
4293.0,2023-03-26 13:30:00,2023-03-26 13:35:00,2,250.84299999999985,198.4709999999999,33.07849999999998,10
4295.0,2023-03-27 08:40:00,2023-03-27 11:15:00,32,2931.1210963999993,1812.366343042888,4832.976914781035,160
4297.0,2023-03-27 11:25:00,2023-03-27 11:35:00,3,247.73073898946905,164.59482545593664,41.14870636398416,15
4299.0,2023-03-27 12:05:00,2023-03-27 16:05:00,49,2497.871494214971,620.8390388781186,2535.0927420856506,245
4301.0,2023-03-29 13:50:00,2023-03-29 13:55:00,2,903.9850000000001,874.1940000000002,145.699,10
4303.0,2023-03-30 09:10:00,2023-03-30 09:10:00,1,642.9560000000001,642.9560000000001,53.579666666666675,5
4305.0,2023-03-30 11:05:00,2023-03-30 11:10:00,2,103.36999999999989,69.8605,11.643416666666667,10
4307.0,2023-03-30 11:50:00,2023-03-30 11:50:00,1,1052.3709999999996,1052.3709999999996,87.6975833333333,5
4309.0,2023-03-30 12:10:00,2023-03-30 12:15:00,2,911.7079999999996,745.3834999999999,124.2305833333333,10
4311.0,2023-03-30 12:30:00,2023-03-30 13:45:00,16,1261.9719999999998,845.6760625000001,1127.5680833333333,80
4313.0,2023-03-30 13:55:00,2023-03-30 14:05:00,3,1075.1070000000004,771.7626666666669,192.9406666666667,15
4315.0,2023-03-30 14:40:00,2023-03-30 14:50:00,3,965.0410000000002,463.7250000000001,115.93125,15
4317.0,2023-03-30 15:30:00,2023-03-30 15:35:00,2,546.7020000000002,379.90650000000005,63.317750000000004,10
4319.0,2023-03-30 16:00:00,2023-03-30 16:00:00,1,333.40599999999995,333.40599999999995,27.783833333333327,5
4321.0,2023-03-31 11:30:00,2023-03-31 11:30:00,1,236.67200000000003,236.67200000000003,19.72266666666667,5
4323.0,2023-03-31 12:10:00,2023-03-31 12:10:00,1,156.21500000000015,156.21500000000015,13.017916666666679,5
4325.0,2023-03-31 12:50:00,2023-03-31 12:50:00,1,129.55000000000018,129.55000000000018,10.795833333333348,5
4327.0,2023-03-31 13:15:00,2023-03-31 13:25:00,3,782.8000000000002,390.1173333333333,97.52933333333333,15
4329.0,2023-04-01 09:35:00,2023-04-01 09:45:00,3,1284.386,1159.9569999999999,289.98924999999997,15
4331.0,2023-04-01 10:00:00,2023-04-01 10:00:00,1,108.8540000000005,108.8540000000005,9.071166666666707,5
4333.0,2023-04-01 10:10:00,2023-04-01 10:10:00,1,436.30700000000024,436.30700000000024,36.35891666666669,5
4335.0,2023-04-01 10:20:00,2023-04-01 10:25:00,2,311.6379999999999,216.90149999999994,36.150249999999986,10
4337.0,2023-04-01 10:35:00,2023-04-01 10:45:00,3,931.2559999999999,807.8366666666666,201.95916666666662,15
4339.0,2023-04-01 11:15:00,2023-04-01 11:15:00,1,377.10699999999997,377.10699999999997,31.42558333333333,5
4341.0,2023-04-01 12:05:00,2023-04-01 12:05:00,1,593.5,593.5,49.45833333333333,5
4343.0,2023-04-02 12:00:00,2023-04-02 16:05:00,50,1496.1339999999996,816.5323199999999,3402.2179999999994,250
4345.0,2023-04-02 16:25:00,2023-04-02 16:25:00,1,192.37699999999995,192.37699999999995,16.03141666666666,5
4347.0,2023-04-03 08:20:00,2023-04-03 11:05:00,34,1274.6190000000001,517.9531176470588,1467.5338333333332,170
4349.0,2023-04-03 11:15:00,2023-04-03 11:45:00,7,965.9590000000003,594.1951428571429,346.6138333333333,35
4351.0,2023-04-03 11:55:00,2023-04-03 11:55:00,1,461.0709999999999,461.0709999999999,38.42258333333332,5
4353.0,2023-04-03 12:10:00,2023-04-03 15:55:00,46,1308.904,903.7568260869565,3464.4011666666665,230
4355.0,2023-04-04 08:25:00,2023-04-04 08:30:00,2,64.5989999999997,60.60599999999977,10.10099999999996,10
4357.0,2023-04-04 08:40:00,2023-04-04 15:40:00,85,1301.1310000000008,856.2503176470589,6065.1064166666665,425
4359.0,2023-04-04 16:05:00,2023-04-04 16:05:00,1,66.04300000000012,66.04300000000012,5.503583333333343,5
4361.0,2023-04-06 08:45:00,2023-04-06 08:45:00,1,19.164000000000215,19.164000000000215,1.5970000000000177,5
4363.0,2023-04-06 09:35:00,2023-04-06 09:35:00,1,440.14699999999993,440.14699999999993,36.67891666666666,5
4365.0,2023-04-06 10:05:00,2023-04-06 10:10:00,2,780.6370000000002,577.9845,96.33075,10
4367.0,2023-04-06 10:45:00,2023-04-06 10:50:00,2,637.0349999999999,602.4119999999998,100.40199999999996,10
4369.0,2023-04-06 11:10:00,2023-04-06 11:25:00,4,855.9470000000001,442.30100000000016,147.4336666666667,20
4371.0,2023-04-06 12:05:00,2023-04-06 12:15:00,3,657.9679999999998,346.2769999999999,86.56924999999997,15
4373.0,2023-04-06 12:35:00,2023-04-06 12:35:00,1,819.8880000000004,819.8880000000004,68.32400000000003,5
4375.0,2023-04-06 13:05:00,2023-04-06 13:10:00,2,1196.2409999999995,683.7789999999995,113.9631666666666,10
4377.0,2023-04-06 13:20:00,2023-04-06 13:50:00,7,1263.5859999999998,724.3701428571429,422.54925,35
4379.0,2023-04-06 14:05:00,2023-04-06 14:05:00,1,97.99400000000014,97.99400000000014,8.166166666666678,5
4381.0,2023-04-06 14:20:00,2023-04-06 14:25:00,2,440.7760000000003,264.2740000000001,44.04566666666668,10
4383.0,2023-04-06 14:35:00,2023-04-06 14:40:00,2,1019.3029999999999,615.3019999999999,102.55033333333331,10
4385.0,2023-04-06 14:50:00,2023-04-06 15:35:00,10,1138.8789999999995,832.1802,693.4834999999998,50
4387.0,2023-04-06 15:50:00,2023-04-06 17:00:00,15,892.4140000000002,289.8247333333334,362.2809166666667,75
4389.0,2023-04-07 08:00:00,2023-04-07 08:05:00,2,17.797000000000025,11.450000000000045,1.9083333333333408,10
4391.0,2023-04-07 08:15:00,2023-04-07 08:15:00,1,63.751000000000204,63.751000000000204,5.31258333333335,5
4393.0,2023-04-07 08:30:00,2023-04-07 16:10:00,93,1488.9620000000004,1081.8684193548388,8384.48025,465
4395.0,2023-04-07 16:20:00,2023-04-07 16:20:00,1,98.22099999999978,98.22099999999978,8.185083333333314,5
4397.0,2023-04-08 08:15:00,2023-04-08 13:10:00,60,1498.565,1020.8265166666666,5104.132583333333,300
4399.0,2023-04-08 13:20:00,2023-04-08 13:35:00,4,1458.6439999999993,996.6294999999998,332.2098333333332,20
4401.0,2023-04-08 13:45:00,2023-04-08 14:00:00,4,1258.2050000000004,1006.6547500000003,335.5515833333334,20
4403.0,2023-04-08 14:20:00,2023-04-08 14:40:00,5,1307.1059999999998,826.1061999999998,344.2109166666666,25
4405.0,2023-04-08 14:50:00,2023-04-08 15:10:00,5,888.5480000000002,454.5058,189.37741666666665,25
4407.0,2023-04-08 15:35:00,2023-04-08 15:35:00,1,135.3610000000001,135.3610000000001,11.28008333333334,5
4409.0,2023-04-08 16:10:00,2023-04-08 16:30:00,5,270.0609999999999,113.51240000000003,47.29683333333334,25
4411.0,2023-04-09 08:25:00,2023-04-09 08:25:00,1,80.65199999999982,80.65199999999982,6.720999999999984,5
4413.0,2023-04-09 08:45:00,2023-04-09 08:45:00,1,240.40599999999995,240.40599999999995,20.033833333333327,5
4415.0,2023-04-09 09:00:00,2023-04-09 09:00:00,1,54.902000000000044,54.902000000000044,4.57516666666667,5
4417.0,2023-04-09 09:10:00,2023-04-09 09:10:00,1,317.52800000000025,317.52800000000025,26.460666666666686,5
4419.0,2023-04-09 09:35:00,2023-04-09 09:40:00,2,229.2389999999998,208.90599999999984,34.81766666666664,10
4421.0,2023-04-09 10:25:00,2023-04-09 14:10:00,46,1470.574,797.4466086956522,3056.8786666666665,230
4423.0,2023-04-09 14:20:00,2023-04-09 14:45:00,6,559.185,323.53833333333336,161.76916666666665,30
4425.0,2023-04-09 15:55:00,2023-04-09 15:55:00,1,105.27099999999996,105.27099999999996,8.77258333333333,5
4427.0,2023-04-10 08:20:00,2023-04-10 08:25:00,2,502.374,299.0875,49.84791666666666,10
4429.0,2023-04-10 08:40:00,2023-04-10 08:45:00,2,278.65599999999995,180.79849999999988,30.13308333333331,10
4431.0,2023-04-10 09:00:00,2023-04-10 09:00:00,1,106.5590000000002,106.5590000000002,8.879916666666682,5
4433.0,2023-04-10 09:30:00,2023-04-10 09:35:00,2,1264.2839999999997,830.5629999999998,138.4271666666666,10
4435.0,2023-04-10 10:00:00,2023-04-10 10:15:00,4,962.7019999999998,559.5814999999998,186.5271666666666,20
4437.0,2023-04-10 10:45:00,2023-04-10 10:45:00,1,339.67600000000016,339.67600000000016,28.306333333333345,5
4439.0,2023-04-10 11:45:00,2023-04-10 13:50:00,26,1064.9950000000003,587.6231923076923,1273.1835833333332,130
4441.0,2023-04-10 14:05:00,2023-04-10 14:10:00,2,840.0470000000005,789.7785000000001,131.62975,10
4443.0,2023-04-10 14:35:00,2023-04-10 14:35:00,1,77.75000000000023,77.75000000000023,6.479166666666686,5
4445.0,2023-04-10 14:45:00,2023-04-10 14:45:00,1,81.27099999999973,81.27099999999973,6.77258333333331,5
4447.0,2023-04-10 15:10:00,2023-04-10 15:25:00,4,896.4109999999996,642.584,214.19466666666665,20
4449.0,2023-04-10 15:35:00,2023-04-10 15:35:00,1,84.36599999999999,84.36599999999999,7.030499999999998,5
4451.0,2023-04-10 16:40:00,2023-04-10 16:40:00,1,35.02299999999991,35.02299999999991,2.9185833333333258,5
4453.0,2023-04-10 17:00:00,2023-04-10 17:00:00,1,533.018,533.018,44.418166666666664,5
4455.0,2023-04-11 08:05:00,2023-04-11 08:20:00,4,99.59799999999996,47.99174999999991,15.997249999999969,20
4457.0,2023-04-11 08:35:00,2023-04-11 08:40:00,2,260.3059999999996,166.91999999999985,27.819999999999972,10
4459.0,2023-04-11 08:55:00,2023-04-11 09:30:00,8,872.9519999999998,524.9628749999999,349.97524999999996,40
4461.0,2023-04-11 10:00:00,2023-04-11 10:10:00,3,1209.8159999999998,972.2406666666666,243.06016666666665,15
4463.0,2023-04-11 10:20:00,2023-04-11 10:25:00,2,232.44400000000041,215.30550000000017,35.88425000000002,10
4465.0,2023-04-11 10:35:00,2023-04-11 10:40:00,2,601.846,354.32399999999984,59.053999999999974,10
4467.0,2023-04-11 11:00:00,2023-04-11 11:00:00,1,45.672999999999774,45.672999999999774,3.8060833333333144,5
4469.0,2023-04-11 11:20:00,2023-04-11 11:25:00,2,522.73,268.70799999999986,44.784666666666645,10
4471.0,2023-04-11 11:50:00,2023-04-11 11:50:00,1,86.11799999999994,86.11799999999994,7.1764999999999946,5
4473.0,2023-04-11 12:10:00,2023-04-11 12:20:00,3,160.92399999999998,141.46733333333336,35.36683333333333,15
4475.0,2023-04-11 13:25:00,2023-04-11 13:25:00,1,471.9409999999998,471.9409999999998,39.32841666666665,5
4477.0,2023-04-11 13:55:00,2023-04-11 13:55:00,1,192.17000000000007,192.17000000000007,16.01416666666667,5
4479.0,2023-04-11 14:45:00,2023-04-11 14:45:00,1,36.233000000000175,36.233000000000175,3.019416666666681,5
4481.0,2023-04-12 07:45:00,2023-04-12 08:40:00,12,666.6389999999997,267.72125,267.72125,60
4483.0,2023-04-12 11:05:00,2023-04-12 11:10:00,2,915.9770000000003,627.4730000000004,104.57883333333339,10
4485.0,2023-04-12 11:30:00,2023-04-12 11:40:00,3,758.0719999999997,511.44766666666646,127.86191666666662,15
4487.0,2023-04-12 11:50:00,2023-04-12 11:50:00,1,10.875000000000455,10.875000000000455,0.9062500000000379,5
4489.0,2023-04-12 12:00:00,2023-04-12 12:20:00,5,396.0509999999995,192.6195999999999,80.25816666666663,25
4491.0,2023-04-12 12:30:00,2023-04-12 13:00:00,7,803.239,526.8775714285714,307.34524999999996,35
4493.0,2023-04-12 13:10:00,2023-04-12 13:10:00,1,99.10199999999986,99.10199999999986,8.258499999999987,5
4495.0,2023-04-12 13:45:00,2023-04-12 13:45:00,1,169.77700000000004,169.77700000000004,14.148083333333336,5
4497.0,2023-04-12 14:15:00,2023-04-12 14:25:00,3,479.38899999999967,237.51599999999976,59.37899999999994,15
4499.0,2023-04-12 14:50:00,2023-04-12 14:50:00,1,707.7460000000001,707.7460000000001,58.97883333333334,5
4501.0,2023-04-12 15:30:00,2023-04-12 15:30:00,1,268.0750000000003,268.0750000000003,22.339583333333355,5
4503.0,2023-04-12 16:10:00,2023-04-12 16:15:00,2,1256.288,949.3805,158.2300833333333,10
4505.0,2023-04-13 07:35:00,2023-04-13 07:35:00,1,146.163,146.163,12.180250000000001,5
4507.0,2023-04-13 07:50:00,2023-04-13 08:05:00,4,412.3539999999998,211.15324999999996,70.38441666666664,20
4509.0,2023-04-13 09:10:00,2023-04-13 09:30:00,5,601.7690000000002,323.1292,134.63716666666667,25
4511.0,2023-04-13 09:40:00,2023-04-13 09:55:00,4,593.5999999999999,529.0957500000001,176.36525,20
4513.0,2023-04-13 10:15:00,2023-04-13 10:35:00,5,499.39599999999973,167.5137999999999,69.79741666666662,25
4515.0,2023-04-13 10:45:00,2023-04-13 10:45:00,1,13.43100000000004,13.43100000000004,1.1192500000000032,5
4517.0,2023-04-13 10:55:00,2023-04-13 11:10:00,4,1261.9749999999995,530.58625,176.86208333333332,20
4519.0,2023-04-13 11:25:00,2023-04-13 11:25:00,1,81.29399999999987,81.29399999999987,6.774499999999989,5
4521.0,2023-04-13 11:40:00,2023-04-13 11:40:00,1,639.1120000000001,639.1120000000001,53.25933333333334,5
4523.0,2023-04-13 12:00:00,2023-04-13 12:05:00,2,401.44900000000007,360.6865,60.11441666666667,10
4525.0,2023-04-13 12:20:00,2023-04-13 12:25:00,2,117.19699999999966,78.48450000000003,13.080750000000004,10
4527.0,2023-04-13 12:40:00,2023-04-13 12:45:00,2,896.2919999999999,448.98,74.83,10
4529.0,2023-04-13 13:00:00,2023-04-13 13:00:00,1,117.32700000000023,117.32700000000023,9.777250000000018,5
4531.0,2023-04-13 13:30:00,2023-04-13 13:45:00,4,992.087,492.91874999999993,164.30624999999998,20
4533.0,2023-04-13 14:00:00,2023-04-13 14:10:00,3,655.4159999999997,251.7016666666665,62.92541666666663,15
4535.0,2023-04-13 14:45:00,2023-04-13 15:05:00,5,1141.8399999999997,797.1959999999998,332.1649999999999,25
4537.0,2023-04-13 15:25:00,2023-04-13 15:25:00,1,743.0479999999998,743.0479999999998,61.92066666666665,5
4539.0,2023-04-13 16:10:00,2023-04-13 16:15:00,2,220.644,145.1104999999999,24.185083333333314,10
4541.0,2023-04-13 16:45:00,2023-04-13 16:45:00,1,385.4379999999999,385.4379999999999,32.11983333333332,5
4543.0,2023-04-13 16:55:00,2023-04-13 16:55:00,1,4.6590000000001055,4.6590000000001055,0.38825000000000875,5
4545.0,2023-04-15 07:40:00,2023-04-15 09:30:00,23,870.7849999999999,365.2011739130435,699.9689166666667,115
4547.0,2023-04-15 09:45:00,2023-04-15 10:00:00,4,1489.8359999999998,1055.685,351.895,20
4549.0,2023-04-15 10:25:00,2023-04-15 10:30:00,2,284.32400000000007,149.35799999999995,24.89299999999999,10
4551.0,2023-04-15 11:25:00,2023-04-15 11:25:00,1,115.94699999999989,115.94699999999989,9.66224999999999,5
4553.0,2023-04-15 11:40:00,2023-04-15 12:50:00,15,1429.841,982.0164000000001,1227.5205,75
4555.0,2023-04-15 13:40:00,2023-04-15 13:40:00,1,184.14900000000011,184.14900000000011,15.34575000000001,5
4557.0,2023-04-15 14:20:00,2023-04-15 14:25:00,2,51.29600000000005,27.332499999999982,4.555416666666663,10
4559.0,2023-04-15 14:45:00,2023-04-15 14:45:00,1,8.998000000000047,8.998000000000047,0.7498333333333372,5
4561.0,2023-04-15 15:05:00,2023-04-15 15:25:00,5,835.1970000000001,619.0586000000001,257.9410833333333,25
4563.0,2023-04-15 15:35:00,2023-04-15 15:55:00,5,673.594,446.15099999999995,185.89624999999998,25
4565.0,2023-04-15 16:10:00,2023-04-15 16:10:00,1,101.15200000000004,101.15200000000004,8.429333333333336,5
4567.0,2023-04-15 16:20:00,2023-04-15 16:20:00,1,14.0949999999998,14.0949999999998,1.1745833333333167,5
4569.0,2023-04-15 16:45:00,2023-04-15 16:45:00,1,194.49400000000014,194.49400000000014,16.207833333333344,5
4571.0,2023-04-16 10:25:00,2023-04-16 10:30:00,2,244.85300000000007,143.827,23.971166666666665,10
4573.0,2023-04-16 10:55:00,2023-04-16 10:55:00,1,35.99700000000007,35.99700000000007,2.999750000000006,5
4575.0,2023-04-16 11:20:00,2023-04-16 11:20:00,1,49.63700000000017,49.63700000000017,4.136416666666681,5
4577.0,2023-04-16 11:50:00,2023-04-16 11:50:00,1,78.66399999999999,78.66399999999999,6.555333333333332,5
4579.0,2023-04-16 13:35:00,2023-04-16 13:35:00,1,285.5949999999998,285.5949999999998,23.799583333333317,5
4581.0,2023-04-18 08:35:00,2023-04-18 08:35:00,1,162.38500000000022,162.38500000000022,13.53208333333335,5
4583.0,2023-04-18 08:50:00,2023-04-18 08:50:00,1,48.65899999999965,48.65899999999965,4.054916666666637,5
4585.0,2023-04-18 09:00:00,2023-04-18 10:35:00,20,1498.1049999999996,980.2610999999999,1633.7684999999997,100
4587.0,2023-04-18 10:50:00,2023-04-18 11:05:00,4,1885.7610000000004,1054.9830000000002,351.66100000000006,20
4589.0,2023-04-18 11:25:00,2023-04-18 11:40:00,4,1827.696,1574.5965,524.8655000000001,20
4591.0,2023-04-18 12:00:00,2023-04-18 12:00:00,1,634.1399999999994,634.1399999999994,52.84499999999995,5
4593.0,2023-04-18 12:25:00,2023-04-18 12:25:00,1,568.7570000000001,568.7570000000001,47.39641666666667,5
4595.0,2023-04-18 12:55:00,2023-04-18 12:55:00,1,383.9970000000003,383.9970000000003,31.999750000000024,5
4597.0,2023-04-18 13:10:00,2023-04-18 13:10:00,1,1426.855,1426.855,118.90458333333333,5
4599.0,2023-04-18 13:25:00,2023-04-18 13:25:00,1,1443.348,1443.348,120.279,5
4601.0,2023-04-18 13:35:00,2023-04-18 13:35:00,1,968.5179999999996,968.5179999999996,80.7098333333333,5
4603.0,2023-04-18 13:50:00,2023-04-18 14:00:00,3,1446.7780000000002,1400.1646666666668,350.04116666666675,15
4605.0,2023-04-18 14:15:00,2023-04-18 14:15:00,1,394.5269999999996,394.5269999999996,32.87724999999996,5
4607.0,2023-04-18 14:25:00,2023-04-18 14:25:00,1,1020.1000000000004,1020.1000000000004,85.00833333333335,5
4609.0,2023-04-18 14:35:00,2023-04-18 14:35:00,1,1298.9180000000001,1298.9180000000001,108.24316666666667,5
4611.0,2023-04-18 14:45:00,2023-04-18 14:50:00,2,1132.8449999999998,830.1485,138.35808333333333,10
4613.0,2023-04-18 15:05:00,2023-04-18 15:35:00,7,1548.4430000000007,846.4300000000002,493.7508333333334,35
4615.0,2023-04-18 15:50:00,2023-04-18 15:50:00,1,509.6590000000001,509.6590000000001,42.47158333333334,5
4617.0,2023-04-18 16:00:00,2023-04-18 16:00:00,1,820.6660000000002,820.6660000000002,68.38883333333334,5
4619.0,2023-04-18 16:10:00,2023-04-18 16:15:00,2,439.98799999999983,265.13499999999976,44.18916666666663,10
4621.0,2023-04-18 16:40:00,2023-04-18 16:40:00,1,241.32899999999972,241.32899999999972,20.110749999999975,5
4623.0,2023-04-19 08:25:00,2023-04-19 08:25:00,1,428.962,428.962,35.74683333333333,5
4625.0,2023-04-19 09:00:00,2023-04-19 09:00:00,1,927.1500000000001,927.1500000000001,77.2625,5
4627.0,2023-04-19 09:10:00,2023-04-19 09:15:00,2,942.5349999999999,915.6544999999999,152.6090833333333,10
4629.0,2023-04-19 09:25:00,2023-04-19 09:30:00,2,749.4900000000002,739.643,123.27383333333333,10
4631.0,2023-04-19 09:40:00,2023-04-19 09:45:00,2,1215.739,787.8965000000001,131.31608333333332,10
4633.0,2023-04-19 10:00:00,2023-04-19 10:00:00,1,122.75999999999976,122.75999999999976,10.229999999999979,5
4635.0,2023-04-19 10:50:00,2023-04-19 10:50:00,1,812.1529999999998,812.1529999999998,67.67941666666664,5
4637.0,2023-04-19 11:55:00,2023-04-19 11:55:00,1,41.652000000000044,41.652000000000044,3.4710000000000036,5
4639.0,2023-04-19 12:10:00,2023-04-19 12:25:00,4,1446.1249999999995,782.6954999999999,260.89849999999996,20
4641.0,2023-04-19 12:45:00,2023-04-19 12:45:00,1,155.2249999999999,155.2249999999999,12.935416666666658,5
4643.0,2023-04-19 13:20:00,2023-04-19 13:30:00,3,383.7670000000003,201.5186666666667,50.379666666666665,15
4645.0,2023-04-19 13:50:00,2023-04-19 13:50:00,1,560.143,560.143,46.678583333333336,5
4647.0,2023-04-19 14:15:00,2023-04-19 14:15:00,1,14.784000000000106,14.784000000000106,1.2320000000000086,5
4649.0,2023-04-19 14:25:00,2023-04-19 14:25:00,1,287.90200000000004,287.90200000000004,23.991833333333336,5
4651.0,2023-04-19 14:35:00,2023-04-19 16:20:00,22,1504.7209999999995,715.6573636363636,1312.0384999999997,110
4653.0,2023-04-19 16:30:00,2023-04-19 16:30:00,1,192.93799999999965,192.93799999999965,16.078166666666636,5
4655.0,2023-04-19 16:45:00,2023-04-19 16:45:00,1,20.34900000000016,20.34900000000016,1.6957500000000132,5
4657.0,2023-04-20 08:00:00,2023-04-20 08:10:00,3,169.9449999999997,75.82399999999991,18.955999999999978,15
4659.0,2023-04-20 08:30:00,2023-04-20 11:10:00,33,1616.3559999999998,847.9135454545453,2331.7622499999998,165
4661.0,2023-04-20 11:20:00,2023-04-20 12:30:00,15,1723.3249999999998,1347.9762666666668,1684.9703333333332,75
4663.0,2023-04-20 12:45:00,2023-04-20 13:00:00,4,1364.9249999999997,1181.3172499999998,393.7724166666666,20
4665.0,2023-04-20 13:15:00,2023-04-20 13:15:00,1,530.2720000000004,530.2720000000004,44.189333333333366,5
4667.0,2023-04-20 13:25:00,2023-04-20 13:25:00,1,862.8700000000003,862.8700000000003,71.90583333333336,5
4669.0,2023-04-20 13:35:00,2023-04-20 13:55:00,5,1521.038,1093.2092,455.5038333333333,25
4671.0,2023-04-20 14:05:00,2023-04-20 16:25:00,29,1476.393,875.4156206896552,2115.5877499999997,145
4673.0,2023-04-20 16:40:00,2023-04-20 16:50:00,3,347.25800000000027,131.50766666666672,32.87691666666668,15
4675.0,2023-04-20 17:40:00,2023-04-20 17:40:00,1,214.10400000000027,214.10400000000027,17.84200000000002,5
4677.0,2023-04-21 10:25:00,2023-04-21 10:30:00,2,371.88899999999967,208.7065,34.784416666666665,10
4679.0,2023-04-21 10:50:00,2023-04-21 10:50:00,1,243.9449999999997,243.9449999999997,20.328749999999975,5
4681.0,2023-04-21 12:10:00,2023-04-21 12:10:00,1,32.278999999999996,32.278999999999996,2.689916666666666,5
4683.0,2023-04-21 12:25:00,2023-04-21 12:50:00,6,1306.3669999999997,739.4366666666665,369.71833333333325,30
4685.0,2023-04-21 13:15:00,2023-04-21 13:25:00,3,843.3870000000002,400.7446666666668,100.1861666666667,15
4687.0,2023-04-21 13:35:00,2023-04-21 13:40:00,2,600.0259999999994,443.55399999999963,73.9256666666666,10
4689.0,2023-04-21 14:10:00,2023-04-21 14:10:00,1,1137.3109999999997,1137.3109999999997,94.77591666666663,5
4691.0,2023-04-21 16:50:00,2023-04-21 16:50:00,1,71.10899999999992,71.10899999999992,5.925749999999994,5
4693.0,2023-04-22 07:10:00,2023-04-22 15:50:00,105,2291.222319905986,959.7922444346366,8398.182138803071,525
4695.0,2023-04-23 10:55:00,2023-04-23 11:00:00,2,151.91618659114465,128.90800687639603,21.48466781273267,10
4697.0,2023-04-23 11:25:00,2023-04-23 11:25:00,1,118.92549503983696,118.92549503983696,9.910457919986413,5
4699.0,2023-04-23 13:55:00,2023-04-23 14:05:00,3,175.67931670208145,101.72342988383859,25.430857470959644,15
4701.0,2023-04-25 08:25:00,2023-04-25 08:30:00,2,127.57699999999977,109.70399999999995,18.283999999999992,10
4703.0,2023-04-25 08:40:00,2023-04-25 10:10:00,19,1247.9099999999999,663.0151052631578,1049.7739166666665,95
4705.0,2023-04-25 10:20:00,2023-04-25 10:25:00,2,1207.7250000000004,1203.5645000000002,200.59408333333334,10
4707.0,2023-04-25 10:35:00,2023-04-25 10:40:00,2,1116.1259999999997,752.9969999999998,125.49949999999997,10
4709.0,2023-04-25 10:55:00,2023-04-25 10:55:00,1,1109.1270000000004,1109.1270000000004,92.42725000000003,5
4711.0,2023-04-25 11:05:00,2023-04-25 11:45:00,9,1152.0429999999997,908.4358888888888,681.3269166666666,45
4713.0,2023-04-25 12:00:00,2023-04-25 12:00:00,1,1194.1979999999999,1194.1979999999999,99.51649999999998,5
4715.0,2023-04-25 12:10:00,2023-04-25 12:10:00,1,1129.9679999999998,1129.9679999999998,94.16399999999999,5
4717.0,2023-04-25 12:30:00,2023-04-25 12:55:00,6,1492.154,1163.3093333333334,581.6546666666666,30
4719.0,2023-04-25 13:25:00,2023-04-25 13:25:00,1,548.6129999999998,548.6129999999998,45.71774999999998,5
4721.0,2023-04-25 13:35:00,2023-04-25 13:35:00,1,896.4909999999995,896.4909999999995,74.70758333333329,5
4723.0,2023-04-25 14:15:00,2023-04-25 14:35:00,5,1517.9880000000003,1328.0528000000002,553.3553333333334,25
4725.0,2023-04-25 14:45:00,2023-04-25 14:50:00,2,394.8929999999996,381.0049999999999,63.50083333333331,10
4727.0,2023-04-25 15:25:00,2023-04-25 15:45:00,5,1288.359,576.1912,240.07966666666667,25
4729.0,2023-04-26 09:10:00,2023-04-26 09:15:00,2,878.9449999999997,555.752,92.62533333333332,10
4731.0,2023-04-26 09:45:00,2023-04-26 09:50:00,2,39.4079999999999,28.336000000000013,4.722666666666669,10
4733.0,2023-04-26 10:20:00,2023-04-26 10:25:00,2,254.32200000000012,165.23800000000006,27.539666666666673,10
4735.0,2023-04-26 10:50:00,2023-04-26 10:55:00,2,945.1709999999998,473.3249999999998,78.88749999999996,10
4737.0,2023-04-26 11:05:00,2023-04-26 11:05:00,1,509.44900000000007,509.44900000000007,42.45408333333334,5
4739.0,2023-04-26 11:25:00,2023-04-26 11:40:00,4,1498.6600000000003,1306.0795,435.3598333333333,20
4741.0,2023-04-26 11:50:00,2023-04-26 11:50:00,1,843.779,843.779,70.31491666666666,5
4743.0,2023-04-26 12:40:00,2023-04-26 12:45:00,2,762.9700000000003,672.5065,112.08441666666666,10
4745.0,2023-04-26 14:10:00,2023-04-26 14:20:00,3,1224.312,729.9676666666668,182.49191666666667,15
4747.0,2023-04-26 16:50:00,2023-04-26 16:50:00,1,37.72499999999991,37.72499999999991,3.1437499999999923,5
4749.0,2023-04-28 11:55:00,2023-04-28 12:00:00,2,399.57699999999977,270.9784999999997,45.163083333333276,10
4751.0,2023-04-28 12:20:00,2023-04-28 12:35:00,4,1489.844,516.5419999999999,172.18066666666664,20
4753.0,2023-04-28 12:45:00,2023-04-28 12:55:00,3,1003.9360000000001,426.90366666666677,106.72591666666669,15
4755.0,2023-04-28 13:15:00,2023-04-28 13:15:00,1,612.9410000000003,612.9410000000003,51.07841666666668,5
4757.0,2023-04-28 13:25:00,2023-04-28 13:40:00,4,1497.3229999999999,1182.5047500000003,394.16825000000006,20
4759.0,2023-04-28 13:55:00,2023-04-28 13:55:00,1,1525.4539999999997,1525.4539999999997,127.12116666666664,5
4761.0,2023-04-28 14:05:00,2023-04-28 14:25:00,5,1680.728,1090.5639999999999,454.40166666666664,25
4763.0,2023-04-28 14:35:00,2023-04-28 14:40:00,2,1061.8300000000004,1046.5010000000002,174.41683333333336,10
4765.0,2023-04-28 14:55:00,2023-04-28 14:55:00,1,849.721,849.721,70.81008333333332,5
4767.0,2023-04-28 15:10:00,2023-04-28 15:30:00,5,1474.4410000000007,1086.8532000000002,452.85550000000006,25
4769.0,2023-04-28 15:40:00,2023-04-28 15:40:00,1,1209.8489999999997,1209.8489999999997,100.82074999999998,5
4771.0,2023-04-28 15:50:00,2023-04-28 16:25:00,8,907.2340000000004,495.1801249999999,330.12008333333324,40
4773.0,2023-04-29 08:50:00,2023-04-29 08:55:00,2,223.59899999999993,129.24350000000004,21.540583333333338,10
4775.0,2023-04-29 09:30:00,2023-04-29 09:35:00,2,1039.886,708.5994999999999,118.09991666666664,10
4777.0,2023-04-29 10:05:00,2023-04-29 10:10:00,2,144.17499999999995,100.02599999999995,16.670999999999992,10
4779.0,2023-04-29 11:00:00,2023-04-29 11:05:00,2,648.2459999999999,512.5210000000001,85.42016666666667,10
4781.0,2023-04-29 11:35:00,2023-04-29 12:10:00,8,1490.2489999999998,538.965125,359.31008333333335,40
4783.0,2023-04-29 12:40:00,2023-04-29 13:05:00,6,1482.998,855.0545000000001,427.52725,30
4785.0,2023-04-29 13:15:00,2023-04-29 13:15:00,1,1514.0229999999997,1514.0229999999997,126.1685833333333,5
4787.0,2023-04-29 15:20:00,2023-04-29 15:20:00,1,1.6199999999998909,1.6199999999998909,0.1349999999999909,5
4789.0,2023-04-29 16:00:00,2023-04-29 16:05:00,2,277.923,273.97950000000003,45.663250000000005,10
4791.0,2023-04-30 10:45:00,2023-04-30 11:00:00,4,1423.016,726.2252500000001,242.07508333333334,20
4793.0,2023-04-30 11:10:00,2023-04-30 11:20:00,3,438.1779999999999,206.46266666666648,51.61566666666662,15
4795.0,2023-04-30 12:50:00,2023-04-30 12:50:00,1,138.91200000000003,138.91200000000003,11.576000000000002,5
4797.0,2023-04-30 15:20:00,2023-04-30 15:20:00,1,31.42300000000023,31.42300000000023,2.618583333333352,5
4799.0,2023-04-30 17:05:00,2023-04-30 17:10:00,2,908.9480000000001,573.5324999999999,95.58874999999998,10
4801.0,2023-05-01 10:15:00,2023-05-01 10:45:00,7,1506.0839999999998,722.7955714285714,421.63074999999986,35
4803.0,2023-05-01 10:55:00,2023-05-01 11:10:00,4,1021.77,605.7954999999998,201.93183333333326,20
4805.0,2023-05-01 11:30:00,2023-05-01 11:30:00,1,214.79700000000003,214.79700000000003,17.89975,5
4807.0,2023-05-01 11:40:00,2023-05-01 11:45:00,2,1026.931,629.7475,104.95791666666665,10
4809.0,2023-05-01 13:35:00,2023-05-01 13:50:00,4,583.6619999999998,440.5682499999999,146.8560833333333,20
4811.0,2023-05-01 14:30:00,2023-05-01 14:30:00,1,157.86099999999988,157.86099999999988,13.155083333333323,5
4813.0,2023-05-02 10:00:00,2023-05-02 10:00:00,1,362.10099999999966,362.10099999999966,30.175083333333305,5
4815.0,2023-05-02 10:55:00,2023-05-02 11:00:00,2,822.163,470.63599999999997,78.43933333333332,10
4817.0,2023-05-02 11:10:00,2023-05-02 11:20:00,3,78.44200000000001,49.664000000000065,12.416000000000015,15
4819.0,2023-05-02 11:45:00,2023-05-02 12:00:00,4,1208.9350000000004,1134.8559999999998,378.28533333333326,20
4821.0,2023-05-02 12:10:00,2023-05-02 12:10:00,1,1228.7540000000008,1228.7540000000008,102.39616666666673,5
4823.0,2023-05-02 12:20:00,2023-05-02 12:20:00,1,1235.7359999999999,1235.7359999999999,102.97799999999998,5
4825.0,2023-05-02 14:55:00,2023-05-02 14:55:00,1,204.46299999999974,204.46299999999974,17.03858333333331,5
4827.0,2023-05-02 15:25:00,2023-05-02 15:30:00,2,387.442,365.5250000000001,60.92083333333335,10
4829.0,2023-05-02 16:05:00,2023-05-02 16:05:00,1,55.33899999999994,55.33899999999994,4.6115833333333285,5
4831.0,2023-05-02 16:55:00,2023-05-02 17:00:00,2,45.94499999999971,40.51199999999983,6.751999999999971,10
4833.0,2023-05-03 08:00:00,2023-05-03 08:05:00,2,362.91600000000017,237.54650000000015,39.59108333333336,10
4835.0,2023-05-03 08:25:00,2023-05-03 09:50:00,18,981.1770000000001,582.3628888888888,873.5443333333333,90
4837.0,2023-05-03 10:10:00,2023-05-03 10:15:00,2,1232.9659999999994,620.1359999999997,103.35599999999995,10
4839.0,2023-05-03 10:35:00,2023-05-03 10:45:00,3,1424.7260000000006,1139.3593333333336,284.83983333333333,15
4841.0,2023-05-03 11:10:00,2023-05-03 11:25:00,4,1395.2079999999996,892.9224999999999,297.64083333333326,20
4843.0,2023-05-03 11:35:00,2023-05-03 11:40:00,2,1249.0679999999998,982.9495,163.82491666666664,10
4845.0,2023-05-03 11:50:00,2023-05-03 12:20:00,7,1477.9969999999998,923.1777142857143,538.5203333333333,35
4847.0,2023-05-03 12:30:00,2023-05-03 13:10:00,9,1960.7640000000001,1198.7226666666668,899.0419999999999,45
4849.0,2023-05-03 13:20:00,2023-05-03 13:40:00,5,1376.353,1039.7238000000002,433.21825,25
4851.0,2023-05-03 13:50:00,2023-05-03 14:00:00,3,969.5769999999998,513.0663333333333,128.26658333333333,15
4853.0,2023-05-03 14:25:00,2023-05-03 14:55:00,7,1415.4880000000003,851.4467142857145,496.6772500000001,35
4855.0,2023-05-03 15:15:00,2023-05-03 16:30:00,16,1437.4119999999998,396.0758125,528.1010833333332,80
4857.0,2023-05-03 16:40:00,2023-05-03 16:40:00,1,139.3040000000001,139.3040000000001,11.608666666666673,5
4859.0,2023-05-03 17:10:00,2023-05-03 17:15:00,2,169.69700000000012,92.44100000000003,15.406833333333337,10
4861.0,2023-05-04 07:50:00,2023-05-04 07:55:00,2,152.20499999999993,118.77099999999973,19.79516666666662,10
4863.0,2023-05-04 08:15:00,2023-05-04 08:15:00,1,132.22599999999966,132.22599999999966,11.018833333333305,5
4865.0,2023-05-04 08:55:00,2023-05-04 08:55:00,1,22.796000000000276,22.796000000000276,1.8996666666666897,5
4867.0,2023-05-04 09:25:00,2023-05-04 10:00:00,8,1497.375,1093.0257499999998,728.6838333333333,40
4869.0,2023-05-04 10:15:00,2023-05-04 10:50:00,8,1732.3610000000003,1030.976,687.3173333333334,40
4871.0,2023-05-04 11:05:00,2023-05-04 11:15:00,3,997.7769999999996,846.9393333333333,211.7348333333333,15
4873.0,2023-05-04 11:30:00,2023-05-04 12:05:00,8,1650.0539999999996,1120.591625,747.0610833333333,40
4875.0,2023-05-04 12:20:00,2023-05-04 13:15:00,12,1502.779,697.4968333333335,697.4968333333334,60
4877.0,2023-05-04 13:25:00,2023-05-04 13:40:00,4,469.8850000000002,171.81600000000003,57.272000000000006,20
4879.0,2023-05-04 13:50:00,2023-05-04 14:05:00,4,1445.5039999999995,610.4909999999998,203.49699999999993,20
4881.0,2023-05-04 14:15:00,2023-05-04 14:35:00,5,1408.1900000000005,583.1734000000001,242.9889166666667,25
4883.0,2023-05-04 15:10:00,2023-05-04 15:15:00,2,463.94500000000016,444.4380000000001,74.07300000000001,10
4885.0,2023-05-04 16:10:00,2023-05-04 16:20:00,3,194.92700000000013,111.10266666666682,27.7756666666667,15
4887.0,2023-05-04 16:30:00,2023-05-04 16:30:00,1,35.4050000000002,35.4050000000002,2.9504166666666833,5
4889.0,2023-05-04 17:25:00,2023-05-04 17:25:00,1,49.85900000000015,49.85900000000015,4.154916666666679,5
4891.0,2023-05-04 17:50:00,2023-05-04 17:50:00,1,336.37800000000016,336.37800000000016,28.031500000000012,5
4893.0,2023-05-05 08:05:00,2023-05-05 08:10:00,2,805.9179999999997,458.02949999999987,76.33824999999997,10
4895.0,2023-05-05 08:20:00,2023-05-05 08:20:00,1,604.799,604.799,50.39991666666666,5
4897.0,2023-05-05 08:45:00,2023-05-05 08:45:00,1,112.39299999999957,112.39299999999957,9.366083333333297,5
4899.0,2023-05-05 08:55:00,2023-05-05 08:55:00,1,881.2269999999999,881.2269999999999,73.43558333333331,5
4901.0,2023-05-05 09:15:00,2023-05-05 09:35:00,5,1341.4449999999997,1028.4906000000003,428.5377500000001,25
4903.0,2023-05-05 09:50:00,2023-05-05 09:50:00,1,373.92599999999993,373.92599999999993,31.160499999999992,5
4905.0,2023-05-05 10:25:00,2023-05-05 10:45:00,5,1388.877,852.4941999999999,355.2059166666666,25
4907.0,2023-05-05 10:55:00,2023-05-05 10:55:00,1,142.20199999999977,142.20199999999977,11.850166666666647,5
4909.0,2023-05-05 11:10:00,2023-05-05 11:20:00,3,1289.9019999999996,890.9273333333332,222.7318333333333,15
4911.0,2023-05-05 11:35:00,2023-05-05 11:55:00,5,1390.6190000000001,779.0988,324.6245,25
4913.0,2023-05-05 12:05:00,2023-05-05 12:25:00,5,1658.9349999999995,1178.1184,490.88266666666664,25
4915.0,2023-05-05 12:35:00,2023-05-05 12:50:00,4,451.6669999999999,215.611,71.87033333333333,20
4917.0,2023-05-05 13:05:00,2023-05-05 13:35:00,7,1505.1900000000005,1390.803142857143,811.3018333333334,35
4919.0,2023-05-05 14:40:00,2023-05-05 14:45:00,2,704.0769999999998,354.2059999999997,59.03433333333327,10
4921.0,2023-05-05 16:40:00,2023-05-05 16:40:00,1,79.70299999999997,79.70299999999997,6.641916666666664,5
4923.0,2023-05-06 07:00:00,2023-05-06 07:05:00,2,231.48700000000008,198.83850000000007,33.13975000000001,10
4925.0,2023-05-06 07:30:00,2023-05-06 07:35:00,2,223.19500000000016,215.08300000000008,35.84716666666668,10
4927.0,2023-05-06 08:00:00,2023-05-06 08:05:00,2,246.90199999999982,214.9074999999999,35.81791666666665,10
4929.0,2023-05-06 08:35:00,2023-05-06 08:35:00,1,88.08500000000004,88.08500000000004,7.34041666666667,5
4931.0,2023-05-06 09:10:00,2023-05-06 09:15:00,2,94.50800000000004,59.012500000000045,9.835416666666674,10
4933.0,2023-05-06 11:00:00,2023-05-06 11:05:00,2,183.02800000000002,119.005,19.834166666666665,10
4935.0,2023-05-06 11:15:00,2023-05-06 11:15:00,1,879.0759999999996,879.0759999999996,73.25633333333329,5
4937.0,2023-05-06 11:50:00,2023-05-06 12:00:00,3,736.6570000000002,446.6646666666668,111.6661666666667,15
4939.0,2023-05-06 12:10:00,2023-05-06 12:25:00,4,1039.3869999999997,563.5635,187.85449999999997,20
4941.0,2023-05-06 13:20:00,2023-05-06 13:30:00,3,40.656999999999925,22.292666666666644,5.57316666666666,15
4943.0,2023-05-06 13:45:00,2023-05-06 13:50:00,2,354.76,332.418,55.403,10
4945.0,2023-05-07 07:15:00,2023-05-07 07:40:00,6,384.5809999999999,155.11350000000004,77.55675000000001,30
4947.0,2023-05-07 08:10:00,2023-05-07 08:20:00,3,257.933,176.86900000000014,44.217250000000035,15
4949.0,2023-05-07 08:30:00,2023-05-07 08:35:00,2,797.4449999999997,646.3474999999999,107.7245833333333,10
4951.0,2023-05-07 08:45:00,2023-05-07 08:50:00,2,365.1750000000002,269.249,44.874833333333335,10
4953.0,2023-05-07 09:20:00,2023-05-07 09:20:00,1,510.10599999999977,510.10599999999977,42.508833333333314,5
4955.0,2023-05-07 09:40:00,2023-05-07 09:40:00,1,37.16200000000026,37.16200000000026,3.096833333333355,5
4957.0,2023-05-07 10:10:00,2023-05-07 10:10:00,1,310.5419999999999,310.5419999999999,25.878499999999992,5
4959.0,2023-05-07 10:30:00,2023-05-07 10:35:00,2,274.7080000000001,149.7349999999999,24.955833333333317,10
4961.0,2023-05-07 11:00:00,2023-05-07 11:00:00,1,656.473,656.473,54.706083333333325,5
4963.0,2023-05-07 11:30:00,2023-05-07 11:55:00,6,1500.0490000000004,826.0013333333333,413.00066666666663,30
4965.0,2023-05-07 12:10:00,2023-05-07 12:20:00,3,1496.1860000000001,944.7740000000002,236.19350000000003,15
4967.0,2023-05-07 12:40:00,2023-05-07 13:15:00,8,1498.114,816.5308749999999,544.3539166666666,40
4969.0,2023-05-07 13:25:00,2023-05-07 13:35:00,3,1502.6709999999998,1422.1566666666668,355.5391666666667,15
4971.0,2023-05-07 13:45:00,2023-05-07 14:35:00,11,1497.734,626.0312727272727,573.862,55
4973.0,2023-05-07 14:45:00,2023-05-07 14:50:00,2,1754.8689999999997,1585.8194999999998,264.30324999999993,10
4975.0,2023-05-07 15:10:00,2023-05-07 15:10:00,1,373.4740000000004,373.4740000000004,31.122833333333364,5
4977.0,2023-05-07 15:20:00,2023-05-07 15:40:00,5,1507.5439999999994,1112.8658,463.69408333333325,25
4979.0,2023-05-07 15:50:00,2023-05-07 15:55:00,2,1001.0259999999998,913.8754999999999,152.3125833333333,10
4981.0,2023-05-07 16:10:00,2023-05-07 16:20:00,3,982.357,699.1526666666667,174.78816666666665,15
4983.0,2023-05-07 16:30:00,2023-05-07 16:30:00,1,368.28099999999995,368.28099999999995,30.690083333333327,5
4985.0,2023-05-07 16:45:00,2023-05-07 16:45:00,1,49.57400000000007,49.57400000000007,4.131166666666672,5
4987.0,2023-05-08 11:25:00,2023-05-08 11:40:00,4,516.9000000000001,222.7885000000001,74.26283333333336,20
4989.0,2023-05-08 13:10:00,2023-05-08 13:15:00,2,161.9079999999999,84.70699999999988,14.117833333333312,10
4991.0,2023-05-09 09:00:00,2023-05-09 09:00:00,1,538.607,538.607,44.883916666666664,5
4993.0,2023-05-09 09:55:00,2023-05-09 10:00:00,2,253.85300000000007,167.15300000000002,27.858833333333333,10
4995.0,2023-05-09 10:25:00,2023-05-09 10:35:00,3,1169.4679999999998,858.3559999999999,214.58899999999997,15
4997.0,2023-05-09 11:05:00,2023-05-09 11:10:00,2,1142.8260000000005,680.6325000000002,113.43875000000001,10
4999.0,2023-05-09 11:35:00,2023-05-09 11:35:00,1,1417.8720000000003,1417.8720000000003,118.15600000000002,5
5001.0,2023-05-09 11:45:00,2023-05-09 11:45:00,1,40.29300000000012,40.29300000000012,3.35775000000001,5
5003.0,2023-05-09 12:50:00,2023-05-09 13:00:00,3,1355.7569999999996,967.3903333333334,241.84758333333335,15
5005.0,2023-05-09 13:30:00,2023-05-09 13:35:00,2,1061.6860000000001,840.8834999999999,140.14724999999999,10
5007.0,2023-05-09 16:45:00,2023-05-09 16:45:00,1,2.327999999999747,2.327999999999747,0.1939999999999789,5
5009.0,2023-05-10 09:20:00,2023-05-10 09:25:00,2,399.71000000000004,303.18349999999987,50.53058333333331,10
5011.0,2023-05-10 09:40:00,2023-05-10 09:50:00,3,1223.9150000000004,615.9490000000002,153.98725000000005,15
5013.0,2023-05-10 10:00:00,2023-05-10 10:05:00,2,1269.116,1081.3995,180.23325,10
5015.0,2023-05-10 10:30:00,2023-05-10 10:30:00,1,340.933,340.933,28.41108333333333,5
5017.0,2023-05-10 10:50:00,2023-05-10 10:55:00,2,1263.0430000000001,1241.5324999999998,206.9220833333333,10
5019.0,2023-05-10 11:15:00,2023-05-10 11:15:00,1,530.386,530.386,44.198833333333326,5
5021.0,2023-05-10 11:30:00,2023-05-10 11:30:00,1,1243.25,1243.25,103.60416666666666,5
5023.0,2023-05-10 11:45:00,2023-05-10 11:55:00,3,1208.987,1173.1866666666663,293.29666666666657,15
5025.0,2023-05-10 12:05:00,2023-05-10 12:05:00,1,1393.042,1393.042,116.08683333333332,5
5027.0,2023-05-10 12:30:00,2023-05-10 12:35:00,2,1491.1109999999999,1320.5699999999997,220.09499999999994,10
5029.0,2023-05-10 12:45:00,2023-05-10 12:45:00,1,301.71900000000005,301.71900000000005,25.143250000000002,5
5031.0,2023-05-10 12:55:00,2023-05-10 12:55:00,1,554.5540000000005,554.5540000000005,46.21283333333338,5
5033.0,2023-05-10 15:40:00,2023-05-10 15:40:00,1,246.28200000000015,246.28200000000015,20.523500000000013,5
5035.0,2023-05-11 13:15:00,2023-05-11 13:15:00,1,379.2039999999997,379.2039999999997,31.60033333333331,5
5037.0,2023-05-11 13:45:00,2023-05-11 14:05:00,5,1459.1819999999998,824.6103999999999,343.5876666666667,25
5039.0,2023-05-12 08:05:00,2023-05-12 08:05:00,1,342.29100000000017,342.29100000000017,28.524250000000013,5
5041.0,2023-05-12 08:20:00,2023-05-12 08:20:00,1,289.45899999999983,289.45899999999983,24.12158333333332,5
5043.0,2023-05-12 08:30:00,2023-05-12 08:50:00,5,568.6700000000001,363.33239999999995,151.38849999999996,25
5045.0,2023-05-12 09:10:00,2023-05-12 09:10:00,1,541.5679999999998,541.5679999999998,45.13066666666664,5
5047.0,2023-05-12 09:30:00,2023-05-12 10:05:00,8,1304.7800000000002,995.7520000000001,663.8346666666666,40
5049.0,2023-05-12 10:15:00,2023-05-12 11:20:00,14,1425.7810000000009,1108.436642857143,1293.1760833333335,70
5051.0,2023-05-12 11:30:00,2023-05-12 12:05:00,8,1473.0700000000002,1331.242875,887.4952499999999,40
5053.0,2023-05-12 13:35:00,2023-05-12 13:35:00,1,113.529,113.529,9.460749999999999,5
5055.0,2023-05-12 13:50:00,2023-05-12 14:05:00,4,1502.6530000000002,1073.5767500000002,357.85891666666674,20
5057.0,2023-05-12 14:15:00,2023-05-12 14:40:00,6,1532.5250000000005,1144.1944999999998,572.09725,30
5059.0,2023-05-12 14:50:00,2023-05-12 15:00:00,3,1429.6139999999996,1286.3329999999999,321.58324999999996,15
5061.0,2023-05-12 15:40:00,2023-05-12 16:10:00,7,1097.904,752.339857142857,438.8649166666666,35
5063.0,2023-05-12 16:40:00,2023-05-12 16:40:00,1,692.6169999999997,692.6169999999997,57.71808333333331,5
5065.0,2023-05-13 07:35:00,2023-05-13 07:35:00,1,459.72299999999996,459.72299999999996,38.310249999999996,5
5067.0,2023-05-13 07:45:00,2023-05-13 07:50:00,2,203.08299999999963,149.23899999999992,24.873166666666652,10
5069.0,2023-05-13 08:00:00,2023-05-13 11:55:00,48,1732.623,868.011375,3472.0455,240
5071.0,2023-05-13 12:05:00,2023-05-13 13:50:00,22,1791.045,461.05281818181817,845.2634999999999,110
5073.0,2023-05-13 14:05:00,2023-05-13 16:45:00,33,1508.036,672.294,1848.8084999999999,165
5075.0,2023-05-14 07:30:00,2023-05-14 09:40:00,27,1368.9170000000004,583.1065555555556,1311.98975,135
5077.0,2023-05-14 10:00:00,2023-05-14 10:10:00,3,353.404,274.2413333333332,68.5603333333333,15
5079.0,2023-05-14 10:20:00,2023-05-14 12:50:00,31,1597.097,596.0183225806452,1539.714,155
5081.0,2023-05-14 13:25:00,2023-05-14 13:25:00,1,15.883999999999787,15.883999999999787,1.3236666666666488,5
5083.0,2023-05-14 13:40:00,2023-05-14 14:30:00,11,982.8300000000004,602.2097272727272,552.0255833333332,55
5085.0,2023-05-14 14:50:00,2023-05-14 14:50:00,1,54.006000000000085,54.006000000000085,4.500500000000007,5
5087.0,2023-05-14 15:15:00,2023-05-14 15:15:00,1,50.79899999999998,50.79899999999998,4.233249999999998,5
5089.0,2023-05-14 16:05:00,2023-05-14 16:05:00,1,157.48799999999983,157.48799999999983,13.123999999999985,5
5091.0,2023-05-14 16:30:00,2023-05-14 16:30:00,1,84.106,84.106,7.008833333333333,5
5093.0,2023-05-15 07:20:00,2023-05-15 07:20:00,1,124.11300000000028,124.11300000000028,10.342750000000024,5
5095.0,2023-05-15 08:05:00,2023-05-15 08:05:00,1,631.2739999999999,631.2739999999999,52.60616666666665,5
5097.0,2023-05-15 08:30:00,2023-05-15 08:45:00,4,941.5120000000002,684.80475,228.26825,20
5099.0,2023-05-15 08:55:00,2023-05-15 09:35:00,9,1486.4709999999995,1157.4641111111112,868.0980833333332,45
5101.0,2023-05-15 10:20:00,2023-05-15 10:30:00,3,1345.5119999999997,1298.3586666666667,324.5896666666667,15
5103.0,2023-05-15 10:50:00,2023-05-15 10:55:00,2,1335.2789999999995,1300.5914999999998,216.76524999999995,10
5105.0,2023-05-15 11:05:00,2023-05-15 11:05:00,1,798.846,798.846,66.5705,5
5107.0,2023-05-15 11:25:00,2023-05-15 11:30:00,2,1122.3860000000004,700.6120000000003,116.76866666666672,10
5109.0,2023-05-15 11:40:00,2023-05-15 11:45:00,2,532.4559999999997,429.23199999999974,71.53866666666661,10
5111.0,2023-05-15 12:00:00,2023-05-15 12:20:00,5,1378.645,1256.8825999999997,523.7010833333333,25
5113.0,2023-05-15 12:35:00,2023-05-15 13:30:00,12,1480.844,1198.6545833333332,1198.6545833333332,60
5115.0,2023-05-15 13:45:00,2023-05-15 14:15:00,7,1518.6219999999998,1058.7564285714286,617.6079166666667,35
5117.0,2023-05-15 14:25:00,2023-05-15 16:30:00,26,1643.3049999999998,745.584076923077,1615.4321666666667,130
5119.0,2023-05-16 08:10:00,2023-05-16 08:10:00,1,134.3409999999999,134.3409999999999,11.195083333333324,5
5121.0,2023-05-16 08:30:00,2023-05-16 08:30:00,1,307.27800000000025,307.27800000000025,25.60650000000002,5
5123.0,2023-05-16 09:15:00,2023-05-16 09:25:00,3,1323.3720000000003,829.2520000000001,207.31300000000002,15
5125.0,2023-05-16 09:45:00,2023-05-16 09:50:00,2,1371.0510000000004,1239.2210000000005,206.5368333333334,10
5127.0,2023-05-16 10:00:00,2023-05-16 10:00:00,1,93.8100000000004,93.8100000000004,7.817500000000033,5
5129.0,2023-05-16 10:35:00,2023-05-16 10:40:00,2,1466.9660000000003,1430.5085000000004,238.41808333333339,10
5131.0,2023-05-16 11:00:00,2023-05-16 11:00:00,1,1295.0360000000005,1295.0360000000005,107.9196666666667,5
5133.0,2023-05-16 11:10:00,2023-05-16 11:10:00,1,455.3920000000003,455.3920000000003,37.94933333333336,5
5135.0,2023-05-16 11:20:00,2023-05-16 11:35:00,4,1401.357,1088.7327499999997,362.91091666666654,20
5137.0,2023-05-16 11:55:00,2023-05-16 12:05:00,3,1492.7420000000002,609.3149999999999,152.32874999999999,15
5139.0,2023-05-16 12:15:00,2023-05-16 12:20:00,2,1183.2720000000004,619.0505,103.17508333333333,10
5141.0,2023-05-16 12:30:00,2023-05-16 12:35:00,2,883.8899999999999,669.4405000000002,111.57341666666669,10
5143.0,2023-05-16 12:45:00,2023-05-16 13:15:00,7,1282.6689999999999,659.7938571428573,384.87975000000006,35
5145.0,2023-05-16 13:25:00,2023-05-16 13:35:00,3,1406.1449999999995,910.8706666666664,227.7176666666666,15
5147.0,2023-05-16 13:50:00,2023-05-16 14:30:00,9,1496.5209999999997,740.8674444444446,555.6505833333333,45
5149.0,2023-05-16 14:40:00,2023-05-16 14:45:00,2,1450.5369999999994,1318.2064999999993,219.7010833333332,10
5151.0,2023-05-16 14:55:00,2023-05-16 15:05:00,3,1391.7409999999995,1156.6356666666663,289.1589166666666,15
5153.0,2023-05-16 15:35:00,2023-05-16 15:40:00,2,817.1909999999998,738.8654999999999,123.14424999999997,10
5155.0,2023-05-16 16:00:00,2023-05-16 16:00:00,1,412.5250000000001,412.5250000000001,34.37708333333334,5
5157.0,2023-05-16 16:25:00,2023-05-16 16:25:00,1,224.72400000000016,224.72400000000016,18.72700000000001,5
5159.0,2023-05-16 16:40:00,2023-05-16 16:40:00,1,167.90599999999995,167.90599999999995,13.992166666666662,5
5161.0,2023-05-17 08:05:00,2023-05-17 08:05:00,1,199.1289999999999,199.1289999999999,16.594083333333323,5
5163.0,2023-05-17 08:25:00,2023-05-17 08:25:00,1,522.969,522.969,43.58075,5
5165.0,2023-05-17 09:50:00,2023-05-17 09:50:00,1,1581.0079999999998,1581.0079999999998,131.75066666666663,5
5167.0,2023-05-17 10:00:00,2023-05-17 10:05:00,2,467.55700000000024,416.29800000000023,69.38300000000004,10
5169.0,2023-05-17 10:25:00,2023-05-17 10:25:00,1,148.94600000000037,148.94600000000037,12.412166666666696,5
5171.0,2023-05-17 10:45:00,2023-05-17 10:45:00,1,1631.187,1631.187,135.93224999999998,5
5173.0,2023-05-17 10:55:00,2023-05-17 10:55:00,1,1301.937,1301.937,108.49474999999998,5
5175.0,2023-05-17 11:05:00,2023-05-17 11:05:00,1,1470.011,1470.011,122.50091666666665,5
5177.0,2023-05-17 12:10:00,2023-05-17 12:15:00,2,1468.4300000000003,1448.079,241.3465,10
5179.0,2023-05-17 15:55:00,2023-05-17 16:00:00,2,547.797,389.22399999999993,64.87066666666665,10
5181.0,2023-05-18 07:55:00,2023-05-18 08:05:00,3,399.01800000000003,375.73833333333323,93.93458333333331,15
5183.0,2023-05-18 08:15:00,2023-05-18 08:15:00,1,57.903999999999996,57.903999999999996,4.825333333333333,5
5185.0,2023-05-18 08:45:00,2023-05-18 09:00:00,4,780.3200000000002,345.9702500000001,115.32341666666667,20
5187.0,2023-05-18 09:10:00,2023-05-18 09:10:00,1,736.4829999999997,736.4829999999997,61.37358333333331,5
5189.0,2023-05-18 10:15:00,2023-05-18 10:15:00,1,204.23399999999992,204.23399999999992,17.019499999999994,5
5191.0,2023-05-18 10:45:00,2023-05-18 11:10:00,6,677.884,404.62499999999994,202.31249999999994,30
5193.0,2023-05-18 11:55:00,2023-05-18 12:00:00,2,904.2460000000001,582.2265,97.03774999999999,10
5195.0,2023-05-18 12:10:00,2023-05-18 12:15:00,2,584.7169999999996,522.0084999999997,87.00141666666661,10
5197.0,2023-05-18 12:25:00,2023-05-18 12:35:00,3,1484.7889999999998,983.462333333333,245.86558333333323,15
5199.0,2023-05-18 12:45:00,2023-05-18 12:45:00,1,70.28200000000015,70.28200000000015,5.856833333333346,5
5201.0,2023-05-19 12:15:00,2023-05-19 12:20:00,2,2113.5080000000003,1439.93,239.98833333333334,10
5203.0,2023-05-19 12:45:00,2023-05-19 12:50:00,2,752.5439999999999,593.3169999999999,98.88616666666664,10
5205.0,2023-05-19 13:25:00,2023-05-19 13:25:00,1,300.9290000000001,300.9290000000001,25.07741666666667,5
5207.0,2023-05-19 14:15:00,2023-05-19 15:05:00,11,1270.571,553.0944545454546,507.00325,55
5209.0,2023-05-19 15:20:00,2023-05-19 15:20:00,1,902.1040000000003,902.1040000000003,75.17533333333336,5
5211.0,2023-05-20 07:00:00,2023-05-20 07:05:00,2,234.4720000000002,199.68650000000014,33.281083333333356,10
5213.0,2023-05-20 07:25:00,2023-05-20 07:25:00,1,11.277000000000044,11.277000000000044,0.9397500000000036,5
5215.0,2023-05-20 07:50:00,2023-05-20 10:05:00,28,2030.389,786.6308571428572,1835.472,140
5217.0,2023-05-20 10:15:00,2023-05-20 11:10:00,12,2318.586999999999,498.3864999999999,498.38649999999984,60
5219.0,2023-05-20 11:20:00,2023-05-20 11:50:00,7,2182.132,736.9651428571427,429.8963333333333,35
5221.0,2023-05-20 12:15:00,2023-05-20 14:50:00,32,2024.4050000000002,716.2643125,1910.0381666666665,160
5223.0,2023-05-20 15:00:00,2023-05-20 16:45:00,22,1492.5519999999997,739.516818181818,1355.780833333333,110
5225.0,2023-05-20 17:00:00,2023-05-20 17:00:00,1,319.93000000000006,319.93000000000006,26.660833333333336,5
5227.0,2023-05-21 06:55:00,2023-05-21 06:55:00,1,68.86799999999994,68.86799999999994,5.7389999999999946,5
5229.0,2023-05-21 07:10:00,2023-05-21 10:35:00,42,2111.809,685.1009285714287,2397.8532499999997,210
5231.0,2023-05-21 11:10:00,2023-05-21 11:20:00,3,1466.9560000000001,822.5306666666667,205.63266666666667,15
5233.0,2023-05-21 11:50:00,2023-05-21 13:20:00,19,2130.186,685.264894736842,1085.0027499999999,95
5235.0,2023-05-21 13:45:00,2023-05-21 16:40:00,36,1603.8209999999995,653.4802777777778,1960.4408333333333,180
5237.0,2023-05-21 17:00:00,2023-05-21 17:00:00,1,92.51999999999998,92.51999999999998,7.709999999999998,5
5239.0,2023-05-22 07:55:00,2023-05-22 07:55:00,1,20.131999999999607,20.131999999999607,1.6776666666666338,5
5241.0,2023-05-22 08:05:00,2023-05-22 10:15:00,27,1503.578,648.631962962963,1459.4219166666667,135
5243.0,2023-05-22 10:25:00,2023-05-22 10:30:00,2,1546.0639999999999,1486.732,247.78866666666664,10
5245.0,2023-05-22 11:00:00,2023-05-22 11:10:00,3,986.9000000000001,533.163,133.29075,15
5247.0,2023-05-22 11:30:00,2023-05-22 11:30:00,1,2591.1059999999998,2591.1059999999998,215.92549999999997,5
5249.0,2023-05-22 11:55:00,2023-05-22 12:00:00,2,1518.9869999999996,835.3634999999997,139.22724999999994,10
5251.0,2023-05-22 12:10:00,2023-05-22 12:10:00,1,1256.0260000000003,1256.0260000000003,104.66883333333335,5
5253.0,2023-05-22 12:50:00,2023-05-22 12:55:00,2,1895.357,1041.685,173.61416666666665,10
5255.0,2023-05-22 13:05:00,2023-05-22 13:10:00,2,1849.4320000000002,1221.304,203.55066666666667,10
5257.0,2023-05-22 13:20:00,2023-05-22 13:25:00,2,1794.8100000000004,1131.8930000000003,188.64883333333336,10
5259.0,2023-05-22 13:35:00,2023-05-22 13:40:00,2,1832.7419999999997,1759.0379999999998,293.17299999999994,10
5261.0,2023-05-22 13:50:00,2023-05-22 13:55:00,2,1588.0179999999996,1586.6425,264.44041666666664,10
5263.0,2023-05-22 14:10:00,2023-05-22 14:10:00,1,1628.6949999999997,1628.6949999999997,135.7245833333333,5
5265.0,2023-05-22 14:25:00,2023-05-22 16:25:00,25,1536.8690000000001,901.6532,1878.4441666666662,125
5267.0,2023-05-22 16:35:00,2023-05-22 16:35:00,1,143.7869999999998,143.7869999999998,11.982249999999983,5
5269.0,2023-05-23 10:30:00,2023-05-23 10:55:00,6,998.7980000000002,446.62133333333344,223.3106666666667,30
5271.0,2023-05-23 11:15:00,2023-05-23 11:25:00,3,865.2089999999998,613.3993333333333,153.34983333333332,15
5273.0,2023-05-23 11:35:00,2023-05-23 11:40:00,2,1312.1990000000005,1307.3460000000005,217.89100000000008,10
5275.0,2023-05-23 11:50:00,2023-05-23 12:00:00,3,1499.3010000000008,952.1206666666671,238.0301666666668,15
5277.0,2023-05-23 12:10:00,2023-05-23 12:25:00,4,1512.7030000000004,1066.11525,355.37175,20
5279.0,2023-05-23 12:40:00,2023-05-23 12:40:00,1,477.1970000000001,477.1970000000001,39.76641666666667,5
5281.0,2023-05-23 12:50:00,2023-05-23 12:50:00,1,417.3900000000003,417.3900000000003,34.78250000000003,5
5283.0,2023-05-23 13:00:00,2023-05-23 13:10:00,3,1505.109,1018.5996666666666,254.64991666666666,15
5285.0,2023-05-23 13:25:00,2023-05-23 15:05:00,21,1845.141,972.1625714285715,1701.2845000000002,105
5287.0,2023-05-23 15:20:00,2023-05-23 16:05:00,10,1061.8090000000002,499.9406000000001,416.61716666666666,50
5289.0,2023-05-23 16:15:00,2023-05-23 16:15:00,1,197.16100000000006,197.16100000000006,16.430083333333336,5
5291.0,2023-05-23 16:25:00,2023-05-23 16:30:00,2,417.0949999999998,217.91949999999997,36.31991666666666,10
5293.0,2023-05-23 16:45:00,2023-05-23 16:45:00,1,160.93499999999995,160.93499999999995,13.411249999999995,5
5295.0,2023-05-24 07:25:00,2023-05-24 07:25:00,1,294.83299999999963,294.83299999999963,24.569416666666633,5
5297.0,2023-05-24 07:35:00,2023-05-24 07:35:00,1,20.347999999999956,20.347999999999956,1.6956666666666629,5
5299.0,2023-05-24 08:00:00,2023-05-24 08:05:00,2,443.02199999999993,312.124,52.02066666666667,10
5301.0,2023-05-24 08:15:00,2023-05-24 10:10:00,24,1436.4999999999995,882.5363750000001,1765.07275,120
5303.0,2023-05-24 10:20:00,2023-05-24 10:25:00,2,1548.7410000000004,1488.6955000000003,248.1159166666667,10
5305.0,2023-05-24 10:40:00,2023-05-24 10:40:00,1,1276.9539999999997,1276.9539999999997,106.41283333333331,5
5307.0,2023-05-24 10:50:00,2023-05-24 10:50:00,1,1543.739,1543.739,128.64491666666666,5
5309.0,2023-05-24 11:05:00,2023-05-24 11:20:00,4,1343.253999999999,793.9804999999997,264.66016666666656,20
5311.0,2023-05-24 11:35:00,2023-05-24 11:45:00,3,1723.813,1537.9983333333337,384.49958333333336,15
5313.0,2023-05-24 11:55:00,2023-05-24 12:05:00,3,1479.7859999999996,1102.7666666666667,275.6916666666666,15
5315.0,2023-05-24 12:15:00,2023-05-24 12:15:00,1,589.123,589.123,49.093583333333335,5
5317.0,2023-05-24 12:25:00,2023-05-24 12:30:00,2,1639.161,1509.5824999999998,251.59708333333327,10
5319.0,2023-05-24 12:45:00,2023-05-24 12:50:00,2,1391.636,1259.8509999999999,209.97516666666664,10
5321.0,2023-05-24 13:00:00,2023-05-24 13:05:00,2,1874.4869999999996,1826.061,304.34349999999995,10
5323.0,2023-05-24 13:35:00,2023-05-24 13:40:00,2,1993.549,1016.626,169.43766666666664,10
5325.0,2023-05-24 14:05:00,2023-05-24 14:10:00,2,1970.7660000000005,1086.1835000000003,181.03058333333337,10
5327.0,2023-05-24 14:35:00,2023-05-24 16:30:00,24,1497.9029999999998,796.2397500000001,1592.4795,120
5329.0,2023-05-24 16:40:00,2023-05-24 16:40:00,1,100.14699999999993,100.14699999999993,8.345583333333327,5
5331.0,2023-05-25 07:40:00,2023-05-25 07:45:00,2,138.7739999999999,115.70899999999983,19.284833333333303,10
5333.0,2023-05-25 08:10:00,2023-05-25 08:15:00,2,881.1399999999999,511.9085,85.31808333333332,10
5335.0,2023-05-25 08:55:00,2023-05-25 08:55:00,1,1478.6189999999997,1478.6189999999997,123.21824999999997,5
5337.0,2023-05-25 09:10:00,2023-05-25 09:10:00,1,1393.1990000000005,1393.1990000000005,116.0999166666667,5
5339.0,2023-05-25 09:20:00,2023-05-25 09:25:00,2,1267.837,828.0479999999998,138.00799999999995,10
5341.0,2023-05-25 09:35:00,2023-05-25 09:35:00,1,874.2840000000006,874.2840000000006,72.85700000000004,5
5343.0,2023-05-25 09:45:00,2023-05-25 10:10:00,6,1511.4050000000002,719.2331666666669,359.6165833333334,30
5345.0,2023-05-25 10:25:00,2023-05-25 10:45:00,5,1586.9850000000001,782.3614,325.9839166666667,25
5347.0,2023-05-26 07:40:00,2023-05-26 07:45:00,2,179.64999999999986,168.40649999999994,28.06774999999999,10
5349.0,2023-05-26 08:10:00,2023-05-26 09:45:00,20,1396.7390000000005,552.2467,920.4111666666666,100
5351.0,2023-05-26 09:55:00,2023-05-26 09:55:00,1,154.51400000000012,154.51400000000012,12.876166666666677,5
5353.0,2023-05-26 10:05:00,2023-05-26 10:10:00,2,1428.6219999999998,771.9209999999998,128.65349999999998,10
5355.0,2023-05-26 10:20:00,2023-05-26 11:00:00,9,1506.6599999999999,1352.6435555555554,1014.4826666666665,45
5357.0,2023-05-26 11:30:00,2023-05-26 11:50:00,5,445.0880000000002,168.49979999999996,70.20824999999998,25
5359.0,2023-05-26 12:40:00,2023-05-26 12:45:00,2,115.58600000000024,97.41600000000017,16.236000000000026,10
5361.0,2023-05-26 13:15:00,2023-05-26 13:15:00,1,209.78600000000006,209.78600000000006,17.48216666666667,5
5363.0,2023-05-26 13:25:00,2023-05-26 13:25:00,1,996.538,996.538,83.04483333333333,5
5365.0,2023-05-26 13:35:00,2023-05-26 13:40:00,2,1470.915,1331.947,221.99116666666663,10
5367.0,2023-05-26 13:55:00,2023-05-26 14:00:00,2,1927.8219999999997,1147.1019999999999,191.18366666666662,10
5369.0,2023-05-26 14:40:00,2023-05-26 15:00:00,5,1629.2910000000002,972.668,405.2783333333333,25
5371.0,2023-05-26 16:25:00,2023-05-26 16:25:00,1,796.4200000000001,796.4200000000001,66.36833333333334,5
5373.0,2023-05-26 17:05:00,2023-05-26 17:10:00,2,428.63199999999983,336.69999999999993,56.11666666666665,10
5375.0,2023-05-27 06:55:00,2023-05-27 06:55:00,1,79.0920000000001,79.0920000000001,6.591000000000008,5
5377.0,2023-05-27 07:25:00,2023-05-27 12:45:00,65,2347.63,734.5223076923077,3978.6624999999995,325
5379.0,2023-05-27 13:15:00,2023-05-27 16:50:00,44,1701.7649999999999,670.1266136363637,2457.1309166666665,220
5381.0,2023-05-28 06:55:00,2023-05-28 07:00:00,2,150.1500000000001,112.37950000000012,18.729916666666686,10
5383.0,2023-05-28 07:20:00,2023-05-28 07:30:00,3,403.3140000000003,193.27333333333345,48.318333333333364,15
5385.0,2023-05-28 07:50:00,2023-05-28 07:55:00,2,512.8779999999997,417.5229999999998,69.58716666666663,10
5387.0,2023-05-28 08:20:00,2023-05-28 08:20:00,1,46.08199999999988,46.08199999999988,3.8401666666666565,5
5389.0,2023-05-28 08:50:00,2023-05-28 09:30:00,9,1459.6760000000004,434.53266666666667,325.8995,45
5391.0,2023-05-28 09:45:00,2023-05-28 09:45:00,1,101.07100000000037,101.07100000000037,8.422583333333364,5
5393.0,2023-05-28 10:05:00,2023-05-28 10:05:00,1,143.98000000000025,143.98000000000025,11.998333333333353,5
5395.0,2023-05-28 10:20:00,2023-05-28 10:20:00,1,463.4500000000003,463.4500000000003,38.62083333333335,5
5397.0,2023-05-28 10:35:00,2023-05-28 10:40:00,2,1198.9449999999997,1045.591,174.26516666666663,10
5399.0,2023-05-28 10:55:00,2023-05-28 10:55:00,1,426.6380000000004,426.6380000000004,35.5531666666667,5
5401.0,2023-05-28 11:15:00,2023-05-28 11:20:00,2,978.6410000000003,798.8040000000002,133.13400000000001,10
5403.0,2023-05-28 11:30:00,2023-05-28 11:40:00,3,1752.19,693.6613333333333,173.4153333333333,15
5405.0,2023-05-28 11:55:00,2023-05-28 11:55:00,1,658.7180000000003,658.7180000000003,54.89316666666669,5
5407.0,2023-05-28 12:25:00,2023-05-28 12:35:00,3,1601.693,1039.3523333333333,259.8380833333333,15
5409.0,2023-05-28 13:20:00,2023-05-28 13:45:00,6,1252.7150000000004,671.5,335.75,30
5411.0,2023-05-28 14:30:00,2023-05-28 14:40:00,3,161.21899999999982,110.9676666666666,27.741916666666647,15
5413.0,2023-05-28 14:55:00,2023-05-28 15:10:00,4,1178.353,957.2879999999999,319.09599999999995,20
5415.0,2023-05-28 15:50:00,2023-05-28 15:50:00,1,74.79600000000005,74.79600000000005,6.233000000000004,5
5417.0,2023-05-28 16:20:00,2023-05-28 16:40:00,5,1159.2849999999999,776.9227999999999,323.71783333333326,25
5419.0,2023-05-28 17:20:00,2023-05-28 17:25:00,2,294.27099999999973,214.36099999999988,35.72683333333331,10
5421.0,2023-05-29 07:00:00,2023-05-29 07:00:00,1,129.0849999999998,129.0849999999998,10.757083333333316,5
5423.0,2023-05-29 07:10:00,2023-05-29 07:10:00,1,204.69100000000026,204.69100000000026,17.057583333333355,5
5425.0,2023-05-29 07:20:00,2023-05-29 07:20:00,1,733.7559999999999,733.7559999999999,61.14633333333332,5
5427.0,2023-05-29 07:35:00,2023-05-29 07:40:00,2,483.66099999999983,414.51599999999996,69.08599999999998,10
5429.0,2023-05-29 07:50:00,2023-05-29 07:50:00,1,554.1100000000001,554.1100000000001,46.175833333333344,5
5431.0,2023-05-29 08:00:00,2023-05-29 08:05:00,2,1103.0369999999998,1094.4215,182.4035833333333,10
5433.0,2023-05-29 08:15:00,2023-05-29 08:35:00,5,1357.092,958.2996,399.29150000000004,25
5435.0,2023-05-29 08:45:00,2023-05-29 09:30:00,10,1618.0270000000005,643.76,536.4666666666667,50
5437.0,2023-05-29 09:40:00,2023-05-29 10:15:00,8,1996.0949999999998,537.05675,358.0378333333333,40
5439.0,2023-05-29 10:25:00,2023-05-29 10:25:00,1,205.55700000000024,205.55700000000024,17.12975000000002,5
5441.0,2023-05-29 10:40:00,2023-05-29 10:40:00,1,157.21799999999985,157.21799999999985,13.101499999999987,5
5443.0,2023-05-29 10:50:00,2023-05-29 11:10:00,5,1497.4969999999996,427.37479999999994,178.0728333333333,25
5445.0,2023-05-29 11:20:00,2023-05-29 11:30:00,3,466.7960000000003,273.40666666666675,68.35166666666669,15
5447.0,2023-05-29 11:45:00,2023-05-29 11:50:00,2,2201.72,1644.8194999999998,274.1365833333333,10
5449.0,2023-05-29 12:05:00,2023-05-29 12:35:00,7,1626.3089999999997,1372.0662857142856,800.372,35
5451.0,2023-05-29 12:55:00,2023-05-29 13:00:00,2,937.9989999999998,793.006,132.16766666666666,10
5453.0,2023-05-29 13:25:00,2023-05-29 16:55:00,43,2020.0100000000002,853.503511627907,3058.387583333333,215
5455.0,2023-05-30 07:20:00,2023-05-30 07:20:00,1,401.96399999999994,401.96399999999994,33.49699999999999,5
5457.0,2023-05-30 08:50:00,2023-05-30 08:50:00,1,130.83099999999968,130.83099999999968,10.902583333333306,5
5459.0,2023-05-30 09:10:00,2023-05-30 09:10:00,1,30.958999999999833,30.958999999999833,2.5799166666666524,5
5461.0,2023-05-30 09:20:00,2023-05-30 09:25:00,2,1388.1039999999998,1062.0214999999998,177.0035833333333,10
5463.0,2023-05-30 09:55:00,2023-05-30 09:55:00,1,169.26600000000008,169.26600000000008,14.105500000000006,5
5465.0,2023-05-30 10:20:00,2023-05-30 10:25:00,2,385.3620000000001,212.17599999999993,35.36266666666665,10
5467.0,2023-05-30 10:40:00,2023-05-30 10:55:00,4,1436.9900000000002,1325.7399999999998,441.9133333333333,20
5469.0,2023-05-30 11:10:00,2023-05-30 12:05:00,12,1448.2079999999996,1034.1998333333333,1034.1998333333333,60
5471.0,2023-05-30 12:20:00,2023-05-30 12:20:00,1,1389.1170000000002,1389.1170000000002,115.75975000000001,5
5473.0,2023-05-30 12:30:00,2023-05-30 12:30:00,1,1378.1779999999999,1378.1779999999999,114.84816666666666,5
5475.0,2023-05-30 12:40:00,2023-05-30 12:40:00,1,1480.3000000000002,1480.3000000000002,123.35833333333335,5
5477.0,2023-05-30 12:55:00,2023-05-30 12:55:00,1,119.39199999999983,119.39199999999983,9.949333333333318,5
5479.0,2023-05-30 13:25:00,2023-05-30 13:25:00,1,1318.8709999999996,1318.8709999999996,109.90591666666663,5
5481.0,2023-05-30 13:35:00,2023-05-30 13:35:00,1,1061.534,1061.534,88.46116666666667,5
5483.0,2023-05-30 13:45:00,2023-05-30 13:45:00,1,819.518,819.518,68.29316666666666,5
5485.0,2023-05-30 13:55:00,2023-05-30 13:55:00,1,1076.154,1076.154,89.67949999999999,5
5487.0,2023-05-30 14:05:00,2023-05-30 14:50:00,10,1845.2309999999998,674.3583000000001,561.96525,50
5489.0,2023-05-30 15:00:00,2023-05-30 15:00:00,1,753.489,753.489,62.79075,5
5491.0,2023-05-30 15:10:00,2023-05-30 15:10:00,1,76.08400000000029,76.08400000000029,6.340333333333357,5
5493.0,2023-05-30 15:20:00,2023-05-30 15:45:00,6,1449.8030000000003,874.8028333333333,437.40141666666665,30
5495.0,2023-05-30 15:55:00,2023-05-30 15:55:00,1,1232.7960000000003,1232.7960000000003,102.73300000000002,5
5497.0,2023-05-30 16:10:00,2023-05-30 16:20:00,3,300.1909999999998,200.189,50.04725,15
5499.0,2023-05-30 16:30:00,2023-05-30 16:30:00,1,655.8289999999997,655.8289999999997,54.65241666666664,5
5501.0,2023-05-30 16:45:00,2023-05-30 16:50:00,2,110.35399999999981,110.2784999999999,18.37974999999998,10
5503.0,2023-05-31 13:55:00,2023-05-31 13:55:00,1,19.037999999999556,19.037999999999556,1.586499999999963,5
5505.0,2023-05-31 14:30:00,2023-05-31 14:30:00,1,484.308,484.308,40.358999999999995,5
5507.0,2023-05-31 15:10:00,2023-05-31 15:10:00,1,500.53400000000033,500.53400000000033,41.71116666666669,5
5509.0,2023-05-31 15:35:00,2023-05-31 15:35:00,1,583.1039999999996,583.1039999999996,48.59199999999996,5
5511.0,2023-05-31 15:45:00,2023-05-31 15:50:00,2,56.134000000000015,34.87650000000008,5.812750000000012,10
5513.0,2023-05-31 16:10:00,2023-05-31 16:15:00,2,412.2659999999996,331.374,55.229,10
5515.0,2023-05-31 16:35:00,2023-05-31 16:35:00,1,69.75300000000016,69.75300000000016,5.812750000000013,5
5517.0,2023-05-31 16:50:00,2023-05-31 16:50:00,1,2.1299999999996544,2.1299999999996544,0.17749999999997118,5
5519.0,2023-05-31 17:15:00,2023-05-31 17:15:00,1,195.6360000000002,195.6360000000002,16.303000000000015,5
5521.0,2023-06-01 08:55:00,2023-06-01 08:55:00,1,1515.9100000000003,1515.9100000000003,126.32583333333335,5
5523.0,2023-06-01 09:10:00,2023-06-01 09:15:00,2,1043.0100000000002,792.1305,132.02175,10
5525.0,2023-06-01 09:25:00,2023-06-01 09:30:00,2,1485.7780000000002,1145.1999999999998,190.86666666666662,10
5527.0,2023-06-01 09:45:00,2023-06-01 09:45:00,1,844.3890000000001,844.3890000000001,70.36575,5
5529.0,2023-06-01 10:00:00,2023-06-01 11:00:00,13,2184.289,892.9915384615384,967.4074999999999,65
5531.0,2023-06-01 11:10:00,2023-06-01 11:15:00,2,1478.5749999999998,820.5050000000001,136.75083333333333,10
5533.0,2023-06-01 11:25:00,2023-06-01 11:35:00,3,1957.0569999999998,1671.2083333333333,417.80208333333326,15
5535.0,2023-06-01 11:50:00,2023-06-01 11:55:00,2,747.9770000000003,673.0385000000001,112.17308333333335,10
5537.0,2023-06-01 12:15:00,2023-06-01 12:20:00,2,464.491,363.442,60.57366666666667,10
5539.0,2023-06-01 12:40:00,2023-06-01 12:45:00,2,229.91999999999985,144.70449999999994,24.117416666666657,10
5541.0,2023-06-01 13:10:00,2023-06-01 13:10:00,1,394.1859999999997,394.1859999999997,32.8488333333333,5
5543.0,2023-06-01 13:35:00,2023-06-01 13:35:00,1,364.3299999999997,364.3299999999997,30.360833333333307,5
5545.0,2023-06-01 13:50:00,2023-06-01 13:55:00,2,1829.2329999999997,1796.004,299.33399999999995,10
5547.0,2023-06-01 14:05:00,2023-06-01 14:05:00,1,12.022999999999683,12.022999999999683,1.0019166666666401,5
5549.0,2023-06-01 14:20:00,2023-06-01 14:25:00,2,1443.2300000000002,917.6155,152.93591666666666,10
5551.0,2023-06-01 14:50:00,2023-06-01 15:00:00,3,1144.6370000000006,764.5036666666666,191.12591666666665,15
5553.0,2023-06-01 15:15:00,2023-06-01 15:40:00,6,1794.4650000000001,1178.2030000000002,589.1015,30
5555.0,2023-06-01 16:20:00,2023-06-01 16:20:00,1,388.80099999999993,388.80099999999993,32.40008333333333,5
5557.0,2023-06-02 07:35:00,2023-06-02 07:35:00,1,702.2359999999999,702.2359999999999,58.51966666666665,5
5559.0,2023-06-02 07:55:00,2023-06-02 08:05:00,3,349.9670000000001,219.04133333333326,54.760333333333314,15
5561.0,2023-06-02 08:25:00,2023-06-02 10:35:00,27,1728.203,1047.4750740740742,2356.8189166666666,135
5563.0,2023-06-02 10:50:00,2023-06-02 10:50:00,1,375.77700000000027,375.77700000000027,31.31475000000002,5
5565.0,2023-06-02 11:15:00,2023-06-02 11:35:00,5,1725.6750000000002,1372.1606000000004,571.7335833333334,25
5567.0,2023-06-02 11:50:00,2023-06-02 11:50:00,1,328.36299999999983,328.36299999999983,27.363583333333317,5
5569.0,2023-06-02 12:00:00,2023-06-02 12:00:00,1,261.9399999999998,261.9399999999998,21.82833333333332,5
5571.0,2023-06-02 12:20:00,2023-06-02 12:20:00,1,1877.7330000000002,1877.7330000000002,156.47775000000001,5
5573.0,2023-06-02 12:45:00,2023-06-02 12:45:00,1,529.2919999999999,529.2919999999999,44.10766666666666,5
5575.0,2023-06-02 13:05:00,2023-06-02 13:15:00,3,1821.7920000000004,1751.2113333333334,437.8028333333333,15
5577.0,2023-06-02 13:30:00,2023-06-02 13:35:00,2,333.61900000000014,176.31850000000009,29.38641666666668,10
5579.0,2023-06-02 13:55:00,2023-06-02 13:55:00,1,475.932,475.932,39.661,5
5581.0,2023-06-02 14:05:00,2023-06-02 14:05:00,1,126.45000000000027,126.45000000000027,10.537500000000023,5
5583.0,2023-06-02 14:20:00,2023-06-02 14:20:00,1,631.961,631.961,52.66341666666666,5
5585.0,2023-06-02 14:30:00,2023-06-02 14:30:00,1,1650.9340000000002,1650.9340000000002,137.57783333333333,5
5587.0,2023-06-02 14:45:00,2023-06-02 14:50:00,2,1747.0079999999998,1525.3525000000002,254.2254166666667,10
5589.0,2023-06-02 15:00:00,2023-06-02 16:45:00,22,1389.9360000000001,738.6612727272727,1354.2123333333334,110
5591.0,2023-06-03 06:50:00,2023-06-03 06:50:00,1,33.1909999999998,33.1909999999998,2.76591666666665,5
5593.0,2023-06-03 07:15:00,2023-06-03 07:15:00,1,423.961,423.961,35.330083333333334,5
5595.0,2023-06-03 07:30:00,2023-06-03 12:40:00,63,2275.45,722.6879047619047,3794.1114999999995,315
5597.0,2023-06-03 13:05:00,2023-06-03 16:55:00,47,2059.719,924.0803617021277,3619.31475,235
5599.0,2023-06-03 17:05:00,2023-06-03 17:10:00,2,142.05600000000004,82.6785000000001,13.779750000000016,10
5601.0,2023-06-04 06:40:00,2023-06-04 06:40:00,1,1.8730000000000473,1.8730000000000473,0.15608333333333727,5
5603.0,2023-06-04 07:00:00,2023-06-04 07:00:00,1,51.652000000000044,51.652000000000044,4.304333333333337,5
5605.0,2023-06-04 07:10:00,2023-06-04 07:10:00,1,48.180000000000064,48.180000000000064,4.015000000000005,5
5607.0,2023-06-04 07:20:00,2023-06-04 07:20:00,1,285.51099999999997,285.51099999999997,23.79258333333333,5
5609.0,2023-06-04 07:30:00,2023-06-04 10:00:00,31,1818.5249999999999,787.1037096774194,2033.3512499999997,155
5611.0,2023-06-04 10:10:00,2023-06-04 11:50:00,21,2310.337,624.2246666666667,1092.3931666666667,105
5613.0,2023-06-04 12:15:00,2023-06-04 16:55:00,57,1981.6440000000002,867.8927368421053,4122.4905,285
5615.0,2023-06-05 07:55:00,2023-06-05 07:55:00,1,5.3849999999997635,5.3849999999997635,0.4487499999999803,5
5617.0,2023-06-05 08:30:00,2023-06-05 08:40:00,3,313.93799999999965,227.69733333333338,56.92433333333334,15
5619.0,2023-06-05 09:15:00,2023-06-05 09:15:00,1,1191.3700000000003,1191.3700000000003,99.28083333333336,5
5621.0,2023-06-05 09:25:00,2023-06-05 09:25:00,1,1075.368,1075.368,89.61399999999999,5
5623.0,2023-06-05 09:35:00,2023-06-05 11:00:00,18,1527.0660000000003,1117.9703333333334,1676.9555,90
5625.0,2023-06-05 11:10:00,2023-06-05 11:25:00,4,1465.6140000000005,1370.6752500000002,456.8917500000001,20
5627.0,2023-06-05 11:35:00,2023-06-05 12:10:00,8,1523.913,1301.068375,867.3789166666667,40
5629.0,2023-06-05 12:20:00,2023-06-05 12:20:00,1,1103.0790000000002,1103.0790000000002,91.92325000000001,5
5631.0,2023-06-05 12:35:00,2023-06-05 12:40:00,2,160.30999999999995,97.50849999999991,16.25141666666665,10
5633.0,2023-06-05 12:50:00,2023-06-05 13:20:00,7,1515.062,1330.2975714285715,776.0069166666667,35
5635.0,2023-06-05 13:35:00,2023-06-05 13:40:00,2,1529.5299999999997,806.8744999999997,134.47908333333328,10
5637.0,2023-06-05 13:50:00,2023-06-05 13:55:00,2,1541.5010000000002,1490.1910000000003,248.36516666666668,10
5639.0,2023-06-05 14:05:00,2023-06-05 16:55:00,35,1450.6800000000003,840.9756571428571,2452.8456666666666,175
5641.0,2023-06-07 11:55:00,2023-06-07 12:00:00,2,91.34500000000025,65.78050000000007,10.963416666666678,10
5643.0,2023-06-07 12:15:00,2023-06-07 12:15:00,1,168.51299999999992,168.51299999999992,14.042749999999993,5
5645.0,2023-06-07 12:35:00,2023-06-07 12:45:00,3,1413.8849999999993,739.016,184.75399999999996,15
5647.0,2023-06-07 12:55:00,2023-06-07 13:10:00,4,1421.9360000000001,1345.3722500000003,448.45741666666675,20
5649.0,2023-06-07 13:20:00,2023-06-07 16:40:00,41,1486.2690000000002,877.3510975609757,2997.61625,205
5651.0,2023-06-07 16:50:00,2023-06-07 16:50:00,1,111.20799999999963,111.20799999999963,9.267333333333301,5
5653.0,2023-06-07 17:15:00,2023-06-07 17:15:00,1,74.49000000000001,74.49000000000001,6.2075000000000005,5
5655.0,2023-06-08 08:20:00,2023-06-08 08:20:00,1,283.4630000000002,283.4630000000002,23.62191666666668,5
5657.0,2023-06-08 08:50:00,2023-06-08 08:50:00,1,845.2689999999998,845.2689999999998,70.43908333333331,5
5659.0,2023-06-08 09:00:00,2023-06-08 09:10:00,3,848.0070000000001,734.2186666666668,183.5546666666667,15
5661.0,2023-06-08 09:20:00,2023-06-08 09:35:00,4,1415.6680000000001,1102.41925,367.4730833333333,20
5663.0,2023-06-08 09:55:00,2023-06-08 11:20:00,18,1501.482,1338.9295,2008.39425,90
5665.0,2023-06-08 11:35:00,2023-06-08 11:35:00,1,1372.7349999999997,1372.7349999999997,114.3945833333333,5
5667.0,2023-06-08 11:50:00,2023-06-08 12:10:00,5,1489.1109999999999,1116.0699999999997,465.0291666666666,25
5669.0,2023-06-08 12:25:00,2023-06-08 12:35:00,3,1111.5339999999997,762.2386666666665,190.55966666666663,15
5671.0,2023-06-08 12:45:00,2023-06-08 12:55:00,3,1824.5250000000005,976.1270000000003,244.03175000000005,15
5673.0,2023-06-08 13:05:00,2023-06-08 13:25:00,5,399.1749999999997,163.03939999999994,67.9330833333333,25
5675.0,2023-06-08 13:35:00,2023-06-08 13:45:00,3,405.4849999999997,177.65433333333326,44.41358333333331,15
5677.0,2023-06-08 13:55:00,2023-06-08 16:20:00,30,1552.85,961.0333666666668,2402.583416666667,150
5679.0,2023-06-08 16:30:00,2023-06-08 16:30:00,1,261.0830000000001,261.0830000000001,21.756916666666672,5
5681.0,2023-06-08 16:40:00,2023-06-08 17:00:00,5,391.645,223.4014000000001,93.08391666666671,25
5683.0,2023-06-09 07:15:00,2023-06-09 07:20:00,2,64.04899999999998,40.48649999999998,6.7477499999999955,10
5685.0,2023-06-09 07:45:00,2023-06-09 10:45:00,37,1546.3059999999996,744.0723243243243,2294.223,185
5687.0,2023-06-09 10:55:00,2023-06-09 10:55:00,1,1526.1819999999998,1526.1819999999998,127.18183333333332,5
5689.0,2023-06-09 11:05:00,2023-06-09 11:05:00,1,1444.4849999999997,1444.4849999999997,120.37374999999997,5
5691.0,2023-06-09 11:15:00,2023-06-09 11:20:00,2,126.67699999999968,70.01749999999993,11.66958333333332,10
5693.0,2023-06-09 11:30:00,2023-06-09 11:40:00,3,199.125,146.94700000000012,36.73675000000003,15
5695.0,2023-06-09 12:00:00,2023-06-09 12:15:00,4,476.25399999999945,239.90899999999976,79.96966666666658,20
5697.0,2023-06-09 12:25:00,2023-06-09 13:30:00,14,1947.2290000000003,488.1425000000002,569.4995833333335,70
5699.0,2023-06-09 13:45:00,2023-06-09 17:30:00,46,1552.1749999999997,726.3220434782609,2784.2345,230
5701.0,2023-06-10 07:00:00,2023-06-10 07:05:00,2,120.83300000000008,79.90850000000012,13.318083333333352,10
5703.0,2023-06-10 07:35:00,2023-06-10 11:20:00,46,1811.541,774.1026304347826,2967.3934166666663,230
5705.0,2023-06-10 11:30:00,2023-06-10 14:10:00,33,2026.8049999999998,1005.6615151515152,2765.5691666666667,165
5707.0,2023-06-10 14:40:00,2023-06-10 14:40:00,1,749.6770000000001,749.6770000000001,62.47308333333334,5
5709.0,2023-06-10 15:10:00,2023-06-10 17:00:00,23,1479.1910000000003,672.5241739130435,1289.0046666666667,115
5711.0,2023-06-11 06:45:00,2023-06-11 06:50:00,2,244.69900000000007,223.69000000000005,37.28166666666667,10
5713.0,2023-06-11 07:20:00,2023-06-11 07:25:00,2,345.33500000000026,321.6345000000001,53.605750000000015,10
5715.0,2023-06-11 07:35:00,2023-06-11 08:40:00,14,965.7910000000002,448.9962142857143,523.8289166666666,70
5717.0,2023-06-11 08:55:00,2023-06-11 11:40:00,34,1521.8490000000002,1115.026323529412,3159.24125,170
5719.0,2023-06-11 11:55:00,2023-06-11 13:20:00,18,2062.236,924.615,1386.9225,90
5721.0,2023-06-11 13:35:00,2023-06-11 14:00:00,6,1136.855,617.9328333333334,308.96641666666665,30
5723.0,2023-06-11 14:10:00,2023-06-11 16:40:00,31,1404.0260000000003,749.7531935483871,1936.8624166666668,155
5725.0,2023-06-11 16:50:00,2023-06-11 17:00:00,3,315.62699999999995,240.27999999999983,60.06999999999995,15
5727.0,2023-06-12 08:00:00,2023-06-12 08:05:00,2,433.33100000000013,387.9520000000002,64.6586666666667,10
5729.0,2023-06-12 08:20:00,2023-06-12 08:20:00,1,83.10100000000011,83.10100000000011,6.925083333333342,5
5731.0,2023-06-12 08:30:00,2023-06-12 09:10:00,9,1006.4360000000006,377.67211111111124,283.2540833333334,45
5733.0,2023-06-12 09:20:00,2023-06-12 09:25:00,2,885.567,691.8254999999999,115.30424999999997,10
5735.0,2023-06-12 09:35:00,2023-06-12 11:50:00,28,1337.871,706.0444285714286,1647.4370000000001,140
5737.0,2023-06-12 12:05:00,2023-06-12 12:10:00,2,765.0340000000001,672.433,112.07216666666666,10
5739.0,2023-06-12 12:25:00,2023-06-12 12:30:00,2,1329.3759999999997,1312.0845000000002,218.68075000000002,10
5741.0,2023-06-12 12:50:00,2023-06-12 12:50:00,1,690.1309999999999,690.1309999999999,57.51091666666665,5
5743.0,2023-06-12 13:20:00,2023-06-12 13:25:00,2,512.8900000000003,425.44050000000016,70.90675000000002,10
5745.0,2023-06-12 13:55:00,2023-06-12 14:05:00,3,286.0,159.51333333333332,39.87833333333333,15
5747.0,2023-06-12 14:20:00,2023-06-12 14:30:00,3,1456.7849999999994,750.0229999999998,187.50574999999995,15
5749.0,2023-06-12 14:50:00,2023-06-12 14:55:00,2,605.7920000000004,345.0385000000001,57.50641666666668,10
5751.0,2023-06-12 15:05:00,2023-06-12 15:05:00,1,797.5120000000002,797.5120000000002,66.45933333333335,5
5753.0,2023-06-12 15:15:00,2023-06-12 15:15:00,1,704.2170000000001,704.2170000000001,58.68475000000001,5
5755.0,2023-06-12 16:05:00,2023-06-12 16:20:00,4,596.8400000000001,368.0402500000001,122.68008333333337,20
5757.0,2023-06-13 07:25:00,2023-06-13 07:30:00,2,33.80600000000004,32.96600000000001,5.494333333333334,10
5759.0,2023-06-13 07:55:00,2023-06-13 08:00:00,2,243.88300000000027,235.93550000000027,39.32258333333338,10
5761.0,2023-06-13 08:10:00,2023-06-13 08:10:00,1,32.04500000000053,32.04500000000053,2.6704166666667106,5
5763.0,2023-06-13 08:30:00,2023-06-13 08:35:00,2,276.1479999999997,224.1719999999998,37.361999999999966,10
5765.0,2023-06-13 08:45:00,2023-06-13 12:05:00,41,1448.7769999999996,1033.668975609756,3531.702333333333,205
5767.0,2023-06-13 12:15:00,2023-06-13 14:10:00,24,1615.1690000000003,689.67925,1379.3584999999998,120
5769.0,2023-06-13 14:20:00,2023-06-13 16:45:00,30,1403.1279999999997,814.4668,2036.167,150
5771.0,2023-06-13 16:55:00,2023-06-13 17:15:00,5,429.59799999999996,187.2286,78.01191666666666,25
5773.0,2023-06-13 17:25:00,2023-06-13 17:25:00,1,176.971,176.971,14.747583333333333,5
5775.0,2023-06-14 07:25:00,2023-06-14 07:30:00,2,125.31300000000033,86.42150000000004,14.403583333333339,10
5777.0,2023-06-14 07:55:00,2023-06-14 10:50:00,36,1404.6780000000003,764.7294722222223,2294.188416666667,180
5779.0,2023-06-14 11:00:00,2023-06-14 16:45:00,70,1544.163,935.3350571428571,5456.121166666667,350
5781.0,2023-06-14 17:00:00,2023-06-14 17:05:00,2,90.53399999999988,63.20749999999987,10.53458333333331,10
5783.0,2023-06-15 07:30:00,2023-06-15 07:40:00,3,168.03099999999995,102.17633333333318,25.544083333333294,15
5785.0,2023-06-15 08:05:00,2023-06-15 08:15:00,3,103.11599999999999,57.359666666666726,14.33991666666668,15
5787.0,2023-06-15 08:25:00,2023-06-15 13:00:00,56,1447.9410000000003,1010.9187857142857,4717.620999999999,280
5789.0,2023-06-15 13:15:00,2023-06-15 16:30:00,40,1494.114,833.1041499999999,2777.0138333333334,200
5791.0,2023-06-15 16:40:00,2023-06-15 16:40:00,1,37.460999999999785,37.460999999999785,3.121749999999982,5
5793.0,2023-06-15 17:05:00,2023-06-15 17:05:00,1,61.403999999999996,61.403999999999996,5.116999999999999,5
5795.0,2023-06-16 07:40:00,2023-06-16 07:40:00,1,26.82199999999966,26.82199999999966,2.2351666666666383,5
5797.0,2023-06-16 08:05:00,2023-06-16 08:05:00,1,192.95699999999988,192.95699999999988,16.07974999999999,5
5799.0,2023-06-16 08:20:00,2023-06-16 13:30:00,63,1568.9879999999994,982.1024603174602,5156.037916666666,315
5801.0,2023-06-16 13:40:00,2023-06-16 13:40:00,1,230.6529999999998,230.6529999999998,19.221083333333315,5
5803.0,2023-06-16 13:50:00,2023-06-16 16:00:00,27,1442.967,733.5105925925926,1650.3988333333332,135
5805.0,2023-06-16 16:30:00,2023-06-16 16:30:00,1,12.090999999999894,12.090999999999894,1.0075833333333244,5
5807.0,2023-06-17 10:35:00,2023-06-17 10:35:00,1,227.70399999999995,227.70399999999995,18.975333333333328,5
5809.0,2023-06-17 11:00:00,2023-06-17 11:00:00,1,230.12300000000005,230.12300000000005,19.17691666666667,5
5811.0,2023-06-17 11:15:00,2023-06-17 11:15:00,1,29.04300000000012,29.04300000000012,2.42025000000001,5
5813.0,2023-06-17 11:40:00,2023-06-17 11:45:00,2,322.8960000000002,171.35450000000014,28.55908333333336,10
5815.0,2023-06-17 11:55:00,2023-06-17 16:55:00,61,1824.9250000000002,629.8581475409836,3201.7789166666666,305
5817.0,2023-06-17 17:05:00,2023-06-17 17:30:00,6,408.37800000000016,216.5258333333334,108.26291666666668,30
5819.0,2023-06-18 07:45:00,2023-06-18 08:00:00,4,243.98399999999992,124.16949999999997,41.38983333333332,20
5821.0,2023-06-18 08:20:00,2023-06-18 08:20:00,1,503.08500000000004,503.08500000000004,41.92375,5
5823.0,2023-06-18 08:35:00,2023-06-18 08:50:00,4,962.9770000000003,725.2505,241.75016666666664,20
5825.0,2023-06-18 09:00:00,2023-06-18 09:00:00,1,864.6239999999998,864.6239999999998,72.05199999999998,5
5827.0,2023-06-18 09:30:00,2023-06-18 11:40:00,27,1771.8220000000001,823.2046296296297,1852.2104166666666,135
5829.0,2023-06-18 11:55:00,2023-06-18 12:40:00,10,362.155,133.01529999999997,110.84608333333331,50
5831.0,2023-06-18 13:05:00,2023-06-18 13:50:00,10,446.9869999999996,280.56949999999995,233.8079166666666,50
5833.0,2023-06-18 14:15:00,2023-06-18 14:15:00,1,119.72299999999996,119.72299999999996,9.976916666666662,5
5835.0,2023-06-19 07:35:00,2023-06-19 07:40:00,2,336.9960000000001,302.6645000000001,50.444083333333346,10
5837.0,2023-06-19 07:50:00,2023-06-19 08:15:00,6,407.0739999999996,218.75299999999993,109.37649999999996,30
5839.0,2023-06-19 08:30:00,2023-06-19 08:30:00,1,663.569,663.569,55.29741666666666,5
5841.0,2023-06-19 08:45:00,2023-06-19 08:45:00,1,620.9680000000003,620.9680000000003,51.74733333333336,5
5843.0,2023-06-19 09:10:00,2023-06-19 09:10:00,1,189.6210000000001,189.6210000000001,15.801750000000007,5
5845.0,2023-06-20 13:10:00,2023-06-20 13:50:00,9,427.5434633085317,197.72543434437773,148.29407575828327,45
5847.0,2023-06-20 14:05:00,2023-06-20 15:55:00,23,2040.5094360498847,996.762404250323,1910.461274813119,115
5849.0,2023-06-21 12:35:00,2023-06-21 13:00:00,6,1494.8180000000002,649.8221666666666,324.9110833333333,30
5851.0,2023-06-21 13:10:00,2023-06-21 13:25:00,4,1489.3219999999997,1294.002,431.334,20
5853.0,2023-06-21 13:35:00,2023-06-21 13:50:00,4,1494.016,859.1222499999999,286.37408333333326,20
5855.0,2023-06-21 14:40:00,2023-06-21 15:35:00,12,1501.9030000000002,890.696,890.696,60
5857.0,2023-06-21 15:45:00,2023-06-21 16:00:00,4,709.0320000000002,565.50525,188.50175000000002,20
5859.0,2023-06-21 16:10:00,2023-06-21 16:15:00,2,670.2649999999999,594.8154999999999,99.13591666666665,10
5861.0,2023-06-21 16:55:00,2023-06-21 17:00:00,2,410.2470000000003,300.7120000000001,50.11866666666668,10
5863.0,2023-06-22 09:40:00,2023-06-22 09:40:00,1,845.0500000000002,845.0500000000002,70.42083333333335,5
5865.0,2023-06-22 09:50:00,2023-06-22 11:15:00,18,1446.3040000000005,1159.6227222222221,1739.4340833333333,90
5867.0,2023-06-22 11:25:00,2023-06-22 11:30:00,2,1366.7859999999991,788.1139999999996,131.35233333333326,10
5869.0,2023-06-22 11:40:00,2023-06-22 12:00:00,5,908.0150000000003,678.9068000000001,282.87783333333334,25
5871.0,2023-06-22 12:10:00,2023-06-22 12:20:00,3,1503.917,1257.6816666666666,314.4204166666666,15
5873.0,2023-06-22 12:30:00,2023-06-22 12:30:00,1,336.8899999999999,336.8899999999999,28.074166666666656,5
5875.0,2023-06-22 12:40:00,2023-06-22 13:20:00,9,1470.4959999999996,1209.3558888888886,907.0169166666665,45
5877.0,2023-06-22 13:35:00,2023-06-22 16:35:00,37,1606.1389999999997,865.6473783783784,2669.0794166666665,185
5879.0,2023-06-22 16:50:00,2023-06-22 17:00:00,3,228.46000000000004,144.08700000000007,36.02175000000001,15
5881.0,2023-06-23 09:15:00,2023-06-23 09:15:00,1,7.885999999999967,7.885999999999967,0.6571666666666639,5
5883.0,2023-06-23 09:55:00,2023-06-23 09:55:00,1,253.75700000000006,253.75700000000006,21.14641666666667,5
5885.0,2023-06-23 10:10:00,2023-06-23 10:10:00,1,204.73299999999972,204.73299999999972,17.061083333333308,5
5887.0,2023-06-23 10:20:00,2023-06-23 10:20:00,1,227.45399999999972,227.45399999999972,18.954499999999975,5
5889.0,2023-06-23 10:35:00,2023-06-23 11:20:00,10,1093.0550000000003,541.6509000000001,451.37575000000004,50
5891.0,2023-06-23 11:30:00,2023-06-23 11:30:00,1,1114.2209999999995,1114.2209999999995,92.85174999999995,5
5893.0,2023-06-23 11:40:00,2023-06-23 12:10:00,7,1557.1990000000005,992.8452857142856,579.1597499999999,35
5895.0,2023-06-23 12:20:00,2023-06-23 12:25:00,2,1214.3259999999996,612.8335,102.13891666666665,10
5897.0,2023-06-23 12:35:00,2023-06-23 12:35:00,1,376.35199999999986,376.35199999999986,31.362666666666655,5
5899.0,2023-06-23 12:50:00,2023-06-23 12:55:00,2,1579.732,894.9645,149.16075,10
5901.0,2023-06-23 13:15:00,2023-06-23 13:20:00,2,664.8690000000001,539.1180000000002,89.85300000000002,10
5903.0,2023-06-23 13:30:00,2023-06-23 13:30:00,1,446.34600000000046,446.34600000000046,37.19550000000004,5
5905.0,2023-06-24 07:20:00,2023-06-24 07:25:00,2,150.49699999999984,86.82249999999988,14.470416666666646,10
5907.0,2023-06-24 07:50:00,2023-06-24 07:50:00,1,164.97000000000003,164.97000000000003,13.747500000000002,5
5909.0,2023-06-24 08:15:00,2023-06-24 08:15:00,1,182.1289999999999,182.1289999999999,15.177416666666659,5
5911.0,2023-06-24 08:30:00,2023-06-24 08:40:00,3,1549.2739999999994,972.3533333333331,243.08833333333325,15
5913.0,2023-06-24 09:30:00,2023-06-24 09:45:00,4,2099.875,1245.082,415.02733333333333,20
5915.0,2023-06-24 09:55:00,2023-06-24 09:55:00,1,59.080999999999676,59.080999999999676,4.92341666666664,5
5917.0,2023-06-24 10:05:00,2023-06-24 10:05:00,1,159.71900000000005,159.71900000000005,13.30991666666667,5
5919.0,2023-06-24 10:30:00,2023-06-24 10:30:00,1,593.5459999999998,593.5459999999998,49.46216666666665,5
5921.0,2023-06-24 10:55:00,2023-06-24 11:00:00,2,1233.297,1048.6080000000002,174.76800000000003,10
5923.0,2023-06-24 11:10:00,2023-06-24 11:15:00,2,734.6300000000001,428.30500000000006,71.38416666666667,10
5925.0,2023-06-24 11:40:00,2023-06-24 12:05:00,6,1460.5299999999997,343.64000000000004,171.82,30
5927.0,2023-06-24 12:30:00,2023-06-24 12:40:00,3,1715.7679999999996,837.7643333333332,209.44108333333327,15
5929.0,2023-06-24 12:55:00,2023-06-24 13:10:00,4,1685.6259999999997,1278.2855,426.09516666666656,20
5931.0,2023-06-24 13:20:00,2023-06-24 13:20:00,1,1043.291,1043.291,86.94091666666665,5
5933.0,2023-06-24 13:35:00,2023-06-24 13:35:00,1,123.90499999999975,123.90499999999975,10.325416666666644,5
5935.0,2023-06-24 14:20:00,2023-06-24 14:35:00,4,1435.2909999999997,436.4007499999999,145.46691666666663,20
5937.0,2023-06-24 14:45:00,2023-06-24 14:45:00,1,240.337,240.337,20.02808333333333,5
5939.0,2023-06-24 15:50:00,2023-06-24 15:55:00,2,585.8880000000004,373.0245000000001,62.17075000000001,10
5941.0,2023-06-24 16:05:00,2023-06-24 16:05:00,1,20.24000000000001,20.24000000000001,1.6866666666666674,5
5943.0,2023-06-25 07:00:00,2023-06-25 07:50:00,11,776.4209999999998,397.0962727272727,364.00491666666665,55
5945.0,2023-06-25 08:00:00,2023-06-25 08:05:00,2,487.2080000000001,394.5395000000001,65.75658333333334,10
5947.0,2023-06-25 08:45:00,2023-06-25 09:55:00,15,1548.344,837.9741333333333,1047.4676666666667,75
5949.0,2023-06-25 10:05:00,2023-06-25 12:00:00,24,1476.17,706.636125,1413.27225,120
5951.0,2023-06-25 12:10:00,2023-06-25 14:00:00,23,1422.3519999999999,372.8506521739131,714.6304166666666,115
5953.0,2023-06-25 14:35:00,2023-06-25 14:35:00,1,513.693,513.693,42.80775,5
5955.0,2023-06-25 15:05:00,2023-06-25 15:05:00,1,202.5619999999999,202.5619999999999,16.880166666666657,5
5957.0,2023-06-25 15:40:00,2023-06-25 15:40:00,1,475.30899999999997,475.30899999999997,39.60908333333333,5
5959.0,2023-06-25 15:50:00,2023-06-25 15:55:00,2,302.1400000000001,229.70650000000012,38.28441666666669,10
5961.0,2023-06-25 16:05:00,2023-06-25 16:25:00,5,1122.875,731.6944,304.8726666666666,25
5963.0,2023-06-25 16:35:00,2023-06-25 16:35:00,1,729.0160000000001,729.0160000000001,60.751333333333335,5
5965.0,2023-06-25 17:20:00,2023-06-25 17:20:00,1,165.10799999999995,165.10799999999995,13.758999999999995,5
5967.0,2023-06-25 17:40:00,2023-06-25 17:40:00,1,56.200000000000045,56.200000000000045,4.683333333333337,5
5969.0,2023-06-26 07:25:00,2023-06-26 07:30:00,2,212.60099999999989,139.37149999999997,23.228583333333326,10
5971.0,2023-06-26 07:50:00,2023-06-26 07:50:00,1,95.92099999999982,95.92099999999982,7.9934166666666515,5
5973.0,2023-06-26 08:00:00,2023-06-26 08:05:00,2,349.2999999999997,200.54449999999974,33.424083333333286,10
5975.0,2023-06-26 08:15:00,2023-06-26 08:30:00,4,835.2559999999999,687.4807500000001,229.16025,20
5977.0,2023-06-26 08:45:00,2023-06-26 08:45:00,1,1277.0820000000003,1277.0820000000003,106.42350000000002,5
5979.0,2023-06-26 09:00:00,2023-06-26 09:40:00,9,1218.3610000000003,970.6232222222222,727.9674166666667,45
5981.0,2023-06-26 09:55:00,2023-06-26 10:05:00,3,1517.1169999999997,1056.1799999999998,264.04499999999996,15
5983.0,2023-06-26 10:15:00,2023-06-26 10:30:00,4,445.6709999999998,162.9692500000001,54.323083333333365,20
5985.0,2023-06-26 10:50:00,2023-06-26 11:15:00,6,1486.9799999999996,563.7213333333333,281.86066666666665,30
5987.0,2023-06-26 11:30:00,2023-06-26 11:40:00,3,488.0709999999999,307.936,76.984,15
5989.0,2023-06-26 12:05:00,2023-06-26 12:05:00,1,1099.7670000000003,1099.7670000000003,91.64725000000001,5
5991.0,2023-06-26 12:25:00,2023-06-26 14:15:00,23,2131.298,529.1709565217392,1014.2443333333333,115
5993.0,2023-06-26 14:25:00,2023-06-26 14:30:00,2,419.56899999999996,354.0274999999999,59.004583333333315,10
5995.0,2023-06-26 15:15:00,2023-06-26 15:20:00,2,1398.8289999999997,863.3929999999998,143.8988333333333,10
5997.0,2023-06-26 15:50:00,2023-06-26 16:00:00,3,1658.2619999999997,865.5053333333335,216.37633333333335,15
5999.0,2023-06-26 16:25:00,2023-06-26 16:40:00,4,988.9659999999999,512.0082499999999,170.66941666666662,20
6001.0,2023-06-26 17:10:00,2023-06-26 17:10:00,1,35.41500000000019,35.41500000000019,2.951250000000016,5
6003.0,2023-06-26 17:20:00,2023-06-26 17:20:00,1,226.1020000000001,226.1020000000001,18.84183333333334,5
6005.0,2023-06-28 11:30:00,2023-06-28 11:30:00,1,167.63699999999972,167.63699999999972,13.969749999999976,5
6007.0,2023-06-29 07:30:00,2023-06-29 07:35:00,2,106.8119999999999,78.27500000000009,13.045833333333348,10
6009.0,2023-06-29 08:05:00,2023-06-29 08:10:00,2,638.3780000000002,517.9070000000002,86.31783333333335,10
6011.0,2023-06-29 08:25:00,2023-06-29 08:35:00,3,744.893,599.6619999999999,149.91549999999998,15
6013.0,2023-06-29 08:55:00,2023-06-29 09:00:00,2,795.0940000000005,462.5820000000001,77.09700000000001,10
6015.0,2023-06-29 09:40:00,2023-06-29 09:55:00,4,1258.364,744.8642500000001,248.28808333333333,20
6017.0,2023-06-29 10:15:00,2023-06-29 10:25:00,3,1507.9679999999998,1456.2676666666666,364.06691666666666,15
6019.0,2023-06-29 10:35:00,2023-06-29 10:35:00,1,1484.8970000000008,1484.8970000000008,123.74141666666674,5
6021.0,2023-06-29 10:55:00,2023-06-29 10:55:00,1,414.47299999999996,414.47299999999996,34.53941666666666,5
6023.0,2023-06-29 11:15:00,2023-06-29 11:15:00,1,22.040999999999713,22.040999999999713,1.836749999999976,5
6025.0,2023-06-29 11:25:00,2023-06-29 11:45:00,5,289.31899999999996,152.7977999999999,63.66574999999996,25
6027.0,2023-06-29 11:55:00,2023-06-29 11:55:00,1,137.9949999999999,137.9949999999999,11.499583333333323,5
6029.0,2023-06-29 12:05:00,2023-06-29 13:20:00,16,1715.1390000000001,362.112125,482.8161666666666,80
6031.0,2023-06-29 13:30:00,2023-06-29 13:35:00,2,326.28899999999976,247.86149999999975,41.310249999999954,10
6033.0,2023-06-29 13:45:00,2023-06-29 14:25:00,9,1467.7110000000002,634.7040000000002,476.0280000000001,45
6035.0,2023-06-29 14:40:00,2023-06-29 15:20:00,9,1486.0559999999996,712.0051111111111,534.0038333333333,45
6037.0,2023-06-29 15:30:00,2023-06-29 15:30:00,1,1212.7779999999998,1212.7779999999998,101.06483333333331,5
6039.0,2023-06-29 15:40:00,2023-06-29 16:15:00,8,1196.944,823.9265,549.2843333333333,40
6041.0,2023-06-29 16:25:00,2023-06-29 16:50:00,6,686.9389999999999,391.4311666666667,195.7155833333333,30
6043.0,2023-06-29 17:15:00,2023-06-29 17:15:00,1,202.221,202.221,16.85175,5
6045.0,2023-06-30 09:30:00,2023-06-30 09:30:00,1,125.64799999999991,125.64799999999991,10.47066666666666,5
6047.0,2023-06-30 13:45:00,2023-06-30 13:55:00,3,410.1669999999999,338.7293333333333,84.68233333333332,15
6049.0,2023-06-30 14:05:00,2023-06-30 14:05:00,1,309.9659999999999,309.9659999999999,25.83049999999999,5
6051.0,2023-07-01 07:05:00,2023-07-01 07:15:00,3,101.50999999999999,65.17033333333325,16.29258333333331,15
6053.0,2023-07-01 07:30:00,2023-07-01 07:50:00,5,455.6719999999998,293.28959999999995,122.20399999999997,25
6055.0,2023-07-01 08:15:00,2023-07-01 08:20:00,2,153.365,147.8705000000001,24.64508333333335,10
6057.0,2023-07-01 08:40:00,2023-07-01 08:50:00,3,940.1220000000003,485.61999999999995,121.40499999999997,15
6059.0,2023-07-01 09:00:00,2023-07-01 09:25:00,6,435.5619999999999,271.3901666666668,135.6950833333334,30
6061.0,2023-07-01 09:45:00,2023-07-01 10:00:00,4,1220.583,763.0382500000001,254.34608333333335,20
6063.0,2023-07-01 10:10:00,2023-07-01 10:25:00,4,1909.5140000000001,891.26025,297.08675000000005,20
6065.0,2023-07-01 10:45:00,2023-07-01 11:25:00,9,1057.7350000000006,729.0172222222222,546.7629166666667,45
6067.0,2023-07-01 11:35:00,2023-07-01 11:45:00,3,1034.675,759.002,189.7505,15
6069.0,2023-07-01 11:55:00,2023-07-01 12:00:00,2,1150.3179999999998,1017.8774999999999,169.64624999999998,10
6071.0,2023-07-02 07:00:00,2023-07-02 11:20:00,53,1531.1229643919758,781.5423474446632,3451.8120345472616,265
6073.0,2023-07-02 11:30:00,2023-07-02 13:00:00,19,1466.158916770712,892.4326513518398,1413.0183646404128,95
6075.0,2023-07-02 13:10:00,2023-07-02 16:55:00,46,2373.7341677129943,1018.2546580519568,3903.3095225325005,230
6077.0,2023-07-02 17:10:00,2023-07-02 17:15:00,2,280.90162411847564,216.6839976346065,36.113999605767745,10
6079.0,2023-07-02 17:25:00,2023-07-02 17:25:00,1,70.48858206113823,70.48858206113823,5.874048505094852,5
6081.0,2023-07-02 17:35:00,2023-07-02 17:35:00,1,7.024645814083215,7.024645814083215,0.5853871511736012,5
6083.0,2023-07-03 07:15:00,2023-07-03 07:15:00,1,137.13729745008231,137.13729745008231,11.428108120840193,5
6085.0,2023-07-03 12:50:00,2023-07-03 12:55:00,2,600.7955671768127,397.92195256348646,66.32032542724774,10
6087.0,2023-07-03 13:20:00,2023-07-03 13:20:00,1,71.08846713666821,71.08846713666821,5.924038928055684,5
6089.0,2023-07-03 14:40:00,2023-07-03 16:10:00,19,1241.1343006729383,581.5747257679586,920.8266491326012,95
6091.0,2023-07-04 07:40:00,2023-07-04 10:55:00,40,1499.334344334277,577.5669732885497,1925.2232442951652,200
6093.0,2023-07-04 11:15:00,2023-07-04 11:25:00,3,690.3217674669258,450.79844317568694,112.69961079392172,15
6095.0,2023-07-04 11:35:00,2023-07-04 11:50:00,4,887.7300577444398,587.2609063338339,195.7536354446113,20
6097.0,2023-07-04 12:10:00,2023-07-04 12:20:00,3,1060.1935203328917,603.6144688053561,150.90361720133902,15
6099.0,2023-07-04 12:30:00,2023-07-04 12:35:00,2,153.13065681919738,91.51443839986246,15.252406399977076,10
6101.0,2023-07-04 12:45:00,2023-07-04 12:50:00,2,287.6174875882323,243.9241146579301,40.65401910965501,10
6103.0,2023-07-04 13:20:00,2023-07-04 13:25:00,2,359.88651513016134,229.58507093117487,38.26417848852914,10
6105.0,2023-07-04 13:35:00,2023-07-04 14:25:00,11,1407.454085704963,536.2502123758662,491.56269467787735,55
6107.0,2023-07-05 07:40:00,2023-07-05 07:40:00,1,7.793617537653063,7.793617537653063,0.6494681281377552,5
6109.0,2023-07-05 07:50:00,2023-07-05 09:20:00,19,846.4465520084364,465.7397558132963,737.4212800377192,95
6111.0,2023-07-05 11:10:00,2023-07-05 11:10:00,1,272.3206890488739,272.3206890488739,22.693390754072823,5
6113.0,2023-07-05 12:20:00,2023-07-05 12:20:00,1,336.5179566880106,336.5179566880106,28.043163057334215,5
6115.0,2023-07-05 14:40:00,2023-07-05 15:30:00,11,866.9096656634929,378.43249478522847,346.89645355312604,55
6117.0,2023-07-05 15:55:00,2023-07-05 16:10:00,4,376.48773765828787,298.8602025237768,99.6200675079256,20
6119.0,2023-07-06 07:45:00,2023-07-06 07:50:00,2,233.19102068015627,173.80579800773023,28.96763300128837,10
6121.0,2023-07-06 08:00:00,2023-07-06 09:25:00,18,827.3330323377618,546.6296788746974,819.9445183120462,90
6123.0,2023-07-06 12:15:00,2023-07-06 13:45:00,19,2159.3605072690325,1218.6215911051665,1929.4841859165138,95
6125.0,2023-07-06 13:55:00,2023-07-06 14:30:00,8,1705.9206796901283,745.3537602037447,496.9025068024965,40
6127.0,2023-07-06 14:40:00,2023-07-06 14:40:00,1,19.854863836131926,19.854863836131926,1.6545719863443271,5
6129.0,2023-07-06 15:00:00,2023-07-06 15:35:00,8,805.3447727399378,321.7924507337611,214.52830048917406,40
6131.0,2023-07-06 15:45:00,2023-07-06 16:05:00,5,704.0508506743536,401.726935226392,167.38622301099667,25
6133.0,2023-07-06 16:20:00,2023-07-06 16:20:00,1,83.53362651174689,83.53362651174689,6.961135542645573,5
6135.0,2023-07-06 16:45:00,2023-07-06 16:55:00,3,612.3792208673524,391.46636475548377,97.86659118887094,15
6137.0,2023-07-06 17:05:00,2023-07-06 17:10:00,2,416.1763603332636,238.48421089702913,39.74736848283819,10
6139.0,2023-07-07 07:35:00,2023-07-07 16:20:00,106,3015.4863808065033,1439.2998968900079,12713.815755861737,530
6141.0,2023-07-08 08:50:00,2023-07-08 09:05:00,4,759.4800763776493,393.48253703111374,131.1608456770379,20
6143.0,2023-07-08 09:15:00,2023-07-08 09:15:00,1,164.81946854564399,164.81946854564399,13.734955712136998,5
6145.0,2023-07-08 09:30:00,2023-07-08 09:35:00,2,131.37747508718053,130.4029847198434,21.733830786640567,10
6147.0,2023-07-08 10:30:00,2023-07-08 10:30:00,1,89.50326272395637,89.50326272395637,7.458605226996363,5
6149.0,2023-07-08 13:45:00,2023-07-08 14:20:00,8,1028.697005011067,483.2563770504519,322.17091803363456,40
6151.0,2023-07-09 08:45:00,2023-07-09 14:25:00,69,3500.0587338522846,1835.1970655923737,10552.383127156148,345
6153.0,2023-07-10 14:15:00,2023-07-10 14:15:00,1,628.7639122829839,628.7639122829839,52.39699269024866,5
6155.0,2023-07-10 14:30:00,2023-07-10 14:30:00,1,377.60353988801626,377.60353988801626,31.466961657334686,5
6157.0,2023-07-11 13:35:00,2023-07-11 13:35:00,1,67.51351558910847,67.51351558910847,5.6261262990923715,5
6159.0,2023-07-11 15:20:00,2023-07-11 15:20:00,1,148.47024648215233,148.47024648215233,12.37252054017936,5
6161.0,2023-07-11 15:50:00,2023-07-11 16:00:00,3,310.72788721163374,149.46042313683347,37.36510578420837,15
6163.0,2023-07-11 16:55:00,2023-07-11 16:55:00,1,8.329738891443867,8.329738891443867,0.6941449076203222,5
6165.0,2023-07-12 11:40:00,2023-07-12 11:40:00,1,100.49037337167374,100.49037337167374,8.37419778097281,5
6167.0,2023-07-12 11:55:00,2023-07-12 14:30:00,32,2708.0674681466735,1468.495878503204,3915.989009341877,160
6169.0,2023-07-12 14:50:00,2023-07-12 14:55:00,2,310.4508413198091,182.22737474250812,30.37122912375135,10
6171.0,2023-07-12 15:30:00,2023-07-12 15:35:00,2,430.1363203579426,268.72539499105505,44.7875658318425,10
6173.0,2023-07-12 15:45:00,2023-07-12 16:40:00,12,956.9016798881842,381.16292015992593,381.16292015992593,60
6175.0,2023-07-12 16:55:00,2023-07-12 17:05:00,3,483.00376139748187,303.3930263846637,75.84825659616592,15
6177.0,2023-07-12 17:20:00,2023-07-12 17:20:00,1,42.33979995218715,42.33979995218715,3.528316662682262,5
6179.0,2023-07-13 08:45:00,2023-07-13 11:10:00,30,1934.1496936436379,879.2545114691641,2198.13627867291,150
6181.0,2023-07-13 11:55:00,2023-07-13 12:20:00,6,831.8067047740483,517.2082190934619,258.6041095467309,30
6183.0,2023-07-13 12:30:00,2023-07-13 12:35:00,2,306.4316294252842,294.2675005510572,49.0445834251762,10
6185.0,2023-07-13 13:20:00,2023-07-13 14:15:00,12,988.824067394921,546.923379781545,546.923379781545,60
6187.0,2023-07-15 08:05:00,2023-07-15 08:10:00,2,507.472,329.66099999999994,54.943499999999986,10
6189.0,2023-07-15 08:50:00,2023-07-15 08:50:00,1,126.02599999999984,126.02599999999984,10.502166666666653,5
6191.0,2023-07-15 09:40:00,2023-07-15 09:40:00,1,327.01099999999974,327.01099999999974,27.250916666666644,5
6193.0,2023-07-15 10:45:00,2023-07-15 10:55:00,3,810.7850000000001,342.5933333333334,85.64833333333334,15
6195.0,2023-07-15 11:25:00,2023-07-15 11:40:00,4,859.5799999999997,434.93149999999997,144.97716666666665,20
6197.0,2023-07-15 12:05:00,2023-07-15 12:05:00,1,692.9300000000001,692.9300000000001,57.74416666666667,5
6199.0,2023-07-15 12:35:00,2023-07-15 12:50:00,4,1872.929,897.5107499999999,299.17024999999995,20
6201.0,2023-07-15 13:05:00,2023-07-15 13:05:00,1,648.604,648.604,54.050333333333334,5
6203.0,2023-07-15 13:35:00,2023-07-15 14:30:00,12,1426.9829999999997,699.2800833333334,699.2800833333333,60
6205.0,2023-07-15 14:50:00,2023-07-15 14:55:00,2,454.009,303.03999999999996,50.50666666666666,10
6207.0,2023-07-15 15:20:00,2023-07-15 15:20:00,1,247.25299999999993,247.25299999999993,20.60441666666666,5
6209.0,2023-07-15 15:30:00,2023-07-15 15:45:00,4,1023.2940000000003,403.43050000000005,134.47683333333333,20
6211.0,2023-07-15 16:10:00,2023-07-15 16:10:00,1,22.16599999999994,22.16599999999994,1.8471666666666615,5
6213.0,2023-07-15 17:20:00,2023-07-15 17:25:00,2,283.88199999999983,167.40999999999997,27.901666666666657,10
6215.0,2023-07-15 18:20:00,2023-07-15 18:25:00,2,225.85299999999984,140.79849999999988,23.466416666666646,10
6217.0,2023-07-16 06:45:00,2023-07-16 06:50:00,2,742.2789999999998,584.6659999999998,97.4443333333333,10
6219.0,2023-07-16 07:25:00,2023-07-16 07:25:00,1,83.5630000000001,83.5630000000001,6.963583333333341,5
6221.0,2023-07-16 07:40:00,2023-07-16 07:40:00,1,36.057000000000016,36.057000000000016,3.0047500000000014,5
6223.0,2023-07-16 07:50:00,2023-07-16 07:50:00,1,598.2730000000001,598.2730000000001,49.856083333333345,5
6225.0,2023-07-16 08:35:00,2023-07-16 08:40:00,2,325.48,312.35800000000006,52.05966666666667,10
6227.0,2023-07-16 09:00:00,2023-07-16 09:00:00,1,280.2339999999999,280.2339999999999,23.352833333333326,5
6229.0,2023-07-16 09:15:00,2023-07-16 09:55:00,9,923.0170000000003,501.4512222222222,376.0884166666666,45
6231.0,2023-07-16 10:05:00,2023-07-16 10:25:00,5,1755.5769999999998,1096.9279999999999,457.0533333333333,25
6233.0,2023-07-16 10:35:00,2023-07-16 11:10:00,8,1926.3319999999994,894.7554999999999,596.5036666666665,40
6235.0,2023-07-16 11:35:00,2023-07-16 11:40:00,2,704.1319999999998,429.7655,71.62758333333333,10
6237.0,2023-07-16 12:05:00,2023-07-16 12:20:00,4,1060.0810000000001,559.5975000000001,186.53250000000003,20
6239.0,2023-07-16 12:35:00,2023-07-16 12:50:00,4,926.2229999999997,505.749,168.583,20
6241.0,2023-07-16 13:40:00,2023-07-16 15:35:00,24,1573.3749999999998,712.0345416666665,1424.069083333333,120
6243.0,2023-07-16 15:45:00,2023-07-16 15:50:00,2,358.2700000000002,277.736,46.28933333333333,10
6245.0,2023-07-16 16:10:00,2023-07-16 16:10:00,1,29.641999999999825,29.641999999999825,2.470166666666652,5
6247.0,2023-07-16 16:45:00,2023-07-16 16:45:00,1,86.24900000000002,86.24900000000002,7.187416666666668,5
6249.0,2023-07-17 08:20:00,2023-07-17 08:20:00,1,558.5349999999999,558.5349999999999,46.54458333333332,5
6251.0,2023-07-17 08:50:00,2023-07-17 08:55:00,2,1446.971,828.531,138.08849999999998,10
6253.0,2023-07-17 09:20:00,2023-07-17 09:25:00,2,1298.7780000000002,1017.7965000000002,169.63275000000002,10
6255.0,2023-07-17 09:35:00,2023-07-17 09:35:00,1,70.68600000000015,70.68600000000015,5.890500000000012,5
6257.0,2023-07-17 09:45:00,2023-07-17 09:45:00,1,1090.7019999999998,1090.7019999999998,90.89183333333331,5
6259.0,2023-07-17 10:55:00,2023-07-17 10:55:00,1,562.4320000000002,562.4320000000002,46.86933333333335,5
6261.0,2023-07-17 11:20:00,2023-07-17 11:20:00,1,35.452999999999975,35.452999999999975,2.9544166666666642,5
6263.0,2023-07-17 12:00:00,2023-07-17 12:00:00,1,1670.278,1670.278,139.18983333333333,5
6265.0,2023-07-17 12:15:00,2023-07-17 12:15:00,1,1572.8629999999998,1572.8629999999998,131.07191666666665,5
6267.0,2023-07-17 12:30:00,2023-07-17 12:30:00,1,1166.3050000000003,1166.3050000000003,97.19208333333336,5
6269.0,2023-07-17 12:55:00,2023-07-17 13:00:00,2,448.634,374.7235000000002,62.45391666666669,10
6271.0,2023-07-17 13:10:00,2023-07-17 13:10:00,1,815.7049999999999,815.7049999999999,67.97541666666666,5
6273.0,2023-07-17 14:30:00,2023-07-17 14:30:00,1,694.0580000000002,694.0580000000002,57.83816666666668,5
6275.0,2023-07-17 17:05:00,2023-07-17 17:05:00,1,683.8350000000003,683.8350000000003,56.98625000000002,5
6277.0,2023-07-18 14:40:00,2023-07-18 14:45:00,2,610.5560000000003,504.9440000000001,84.15733333333334,10
6279.0,2023-07-18 15:20:00,2023-07-18 15:35:00,4,886.4739999999997,478.57849999999985,159.5261666666666,20
6281.0,2023-07-18 15:50:00,2023-07-18 15:50:00,1,390.95199999999977,390.95199999999977,32.57933333333331,5
6283.0,2023-07-19 07:30:00,2023-07-19 07:30:00,1,193.12800000000016,193.12800000000016,16.094000000000012,5
6285.0,2023-07-19 07:40:00,2023-07-19 07:40:00,1,325.6439999999998,325.6439999999998,27.13699999999998,5
6287.0,2023-07-19 08:10:00,2023-07-19 08:15:00,2,1360.0819999999999,1026.1419999999998,171.02366666666663,10
6289.0,2023-07-19 08:30:00,2023-07-19 08:30:00,1,81.58300000000008,81.58300000000008,6.79858333333334,5
6291.0,2023-07-19 08:45:00,2023-07-19 09:10:00,6,1171.821,551.8969999999998,275.9484999999999,30
6293.0,2023-07-19 09:20:00,2023-07-19 09:20:00,1,578.0830000000001,578.0830000000001,48.17358333333334,5
6295.0,2023-07-19 09:45:00,2023-07-19 10:05:00,5,1563.116,775.0143999999999,322.9226666666666,25
6297.0,2023-07-19 10:15:00,2023-07-19 10:15:00,1,1302.011,1302.011,108.50091666666665,5
6299.0,2023-07-19 10:30:00,2023-07-19 10:30:00,1,502.10699999999997,502.10699999999997,41.84224999999999,5
6301.0,2023-07-19 10:55:00,2023-07-19 11:30:00,8,399.91700000000037,261.28,174.18666666666664,40
6303.0,2023-07-19 11:45:00,2023-07-19 11:55:00,3,573.9749999999999,413.0723333333333,103.26808333333332,15
6305.0,2023-07-19 12:05:00,2023-07-19 14:05:00,25,2057.5670000000005,511.98088,1066.6268333333333,125
6307.0,2023-07-19 14:15:00,2023-07-19 15:40:00,18,2311.7029999999995,967.6430555555556,1451.4645833333332,90
6309.0,2023-07-19 16:05:00,2023-07-19 16:10:00,2,1317.9689999999998,1026.3089999999997,171.05149999999998,10
6311.0,2023-07-19 16:25:00,2023-07-19 17:40:00,16,988.4299999999998,502.749375,670.3325,80
6313.0,2023-07-20 08:45:00,2023-07-20 08:55:00,3,549.0300000000002,349.19199999999995,87.29799999999997,15
6315.0,2023-07-20 10:30:00,2023-07-20 10:50:00,5,840.2220000000002,388.03420000000006,161.6809166666667,25
6317.0,2023-07-20 11:05:00,2023-07-20 11:50:00,10,987.77,359.5414999999999,299.6179166666666,50
6319.0,2023-07-20 12:00:00,2023-07-20 12:30:00,7,1634.7870000000003,630.4655714285715,367.77158333333335,35
6321.0,2023-07-20 12:45:00,2023-07-20 13:35:00,11,1642.056,660.0604545454545,605.0554166666666,55
6323.0,2023-07-20 14:45:00,2023-07-20 15:40:00,12,1999.1779999999999,681.5824166666667,681.5824166666666,60
6325.0,2023-07-20 15:55:00,2023-07-20 16:20:00,6,1216.8049999999998,930.6585,465.32924999999994,30
6327.0,2023-07-20 16:30:00,2023-07-20 16:40:00,3,1072.6450000000002,785.4243333333334,196.35608333333334,15
6329.0,2023-07-20 16:55:00,2023-07-20 16:55:00,1,614.9989999999998,614.9989999999998,51.24991666666665,5
6331.0,2023-07-20 17:25:00,2023-07-20 17:40:00,4,239.97199999999998,146.2955,48.765166666666666,20
6333.0,2023-07-21 08:55:00,2023-07-21 08:55:00,1,5.045999999999822,5.045999999999822,0.4204999999999851,5
6335.0,2023-07-21 09:05:00,2023-07-21 09:05:00,1,16.608999999999924,16.608999999999924,1.384083333333327,5
6337.0,2023-07-21 09:40:00,2023-07-21 10:25:00,10,1231.9069999999997,787.9245000000001,656.60375,50
6339.0,2023-07-21 10:35:00,2023-07-21 11:10:00,8,1496.4259999999997,899.1647499999999,599.4431666666666,40
6341.0,2023-07-21 11:40:00,2023-07-21 13:10:00,19,1878.8359999999993,555.2386842105263,879.1279166666665,95
6343.0,2023-07-21 13:35:00,2023-07-21 13:40:00,2,355.3230000000001,302.7875,50.46458333333334,10
6345.0,2023-07-21 14:15:00,2023-07-21 14:20:00,2,348.8209999999999,312.9594999999998,52.15991666666663,10
6347.0,2023-07-21 14:30:00,2023-07-21 14:35:00,2,417.13599999999997,385.0815,64.18025,10
6349.0,2023-07-21 14:55:00,2023-07-21 14:55:00,1,575.6419999999998,575.6419999999998,47.97016666666665,5
6351.0,2023-07-21 15:05:00,2023-07-21 15:20:00,4,1439.341,767.15175,255.71724999999998,20
6353.0,2023-07-21 15:30:00,2023-07-21 15:40:00,3,835.8160000000003,693.9410000000001,173.48525,15
6355.0,2023-07-21 16:10:00,2023-07-21 16:15:00,2,925.7479999999998,825.83,137.63833333333332,10
6357.0,2023-07-21 16:25:00,2023-07-21 16:25:00,1,143.9820000000002,143.9820000000002,11.998500000000016,5
6359.0,2023-07-21 16:35:00,2023-07-21 16:35:00,1,498.14400000000023,498.14400000000023,41.512000000000015,5
6361.0,2023-07-21 16:50:00,2023-07-21 17:05:00,4,272.6410000000001,146.1705,48.7235,20
6363.0,2023-07-21 17:20:00,2023-07-21 17:20:00,1,83.35900000000015,83.35900000000015,6.946583333333345,5
6365.0,2023-07-22 10:05:00,2023-07-22 10:05:00,1,142.8470000000002,142.8470000000002,11.903916666666683,5
6367.0,2023-07-22 11:20:00,2023-07-22 11:30:00,3,287.5519999999999,218.79899999999998,54.69974999999999,15
6369.0,2023-07-22 11:45:00,2023-07-22 11:55:00,3,242.28399999999988,182.1973333333333,45.54933333333332,15
6371.0,2023-07-22 12:35:00,2023-07-22 12:45:00,3,318.07000000000016,161.98033333333333,40.49508333333333,15
6373.0,2023-07-22 13:05:00,2023-07-22 13:10:00,2,108.50499999999988,93.38749999999993,15.56458333333332,10
6375.0,2023-07-22 14:00:00,2023-07-22 14:05:00,2,92.93899999999985,78.81949999999995,13.136583333333324,10
6377.0,2023-07-23 06:30:00,2023-07-23 06:30:00,1,8.1550000000002,8.1550000000002,0.67958333333335,5
6379.0,2023-07-23 07:35:00,2023-07-23 07:40:00,2,214.50800000000004,139.1975000000001,23.199583333333347,10
6381.0,2023-07-23 07:50:00,2023-07-23 08:15:00,6,87.67499999999995,46.24166666666664,23.120833333333316,30
6383.0,2023-07-23 08:30:00,2023-07-23 08:30:00,1,213.74900000000002,213.74900000000002,17.812416666666667,5
6385.0,2023-07-23 08:40:00,2023-07-23 08:45:00,2,193.08399999999983,164.69749999999988,27.44958333333331,10
6387.0,2023-07-23 09:15:00,2023-07-23 11:20:00,26,1849.9279999999999,896.3306923076923,1942.0498333333333,130
6389.0,2023-07-23 11:30:00,2023-07-23 15:05:00,44,1447.2430000000002,668.6798863636363,2451.8262499999996,220
6391.0,2023-07-23 15:15:00,2023-07-23 15:30:00,4,1455.9110000000003,867.38575,289.1285833333333,20
6393.0,2023-07-23 15:40:00,2023-07-23 16:50:00,15,1205.5209999999995,818.8753333333333,1023.5941666666665,75
6395.0,2023-07-23 17:05:00,2023-07-23 17:10:00,2,432.58899999999994,277.49749999999995,46.24958333333332,10
6397.0,2023-07-23 17:30:00,2023-07-23 17:35:00,2,392.971,241.77649999999994,40.29608333333332,10
6399.0,2023-07-24 09:15:00,2023-07-24 09:35:00,5,446.7630000000004,164.16939999999994,68.40391666666663,25
6401.0,2023-07-24 09:45:00,2023-07-24 09:50:00,2,616.9859999999999,487.60799999999995,81.26799999999999,10
6403.0,2023-07-24 10:00:00,2023-07-24 10:15:00,4,865.346,382.3957500000001,127.46525000000003,20
6405.0,2023-07-24 10:25:00,2023-07-24 11:25:00,13,1771.8740000000003,751.4575384615387,814.0790000000001,65
6407.0,2023-07-24 13:15:00,2023-07-24 14:05:00,11,1393.9649999999997,507.07645454545457,464.8200833333333,55
6409.0,2023-07-24 14:15:00,2023-07-24 15:20:00,14,1520.4809999999998,803.4075,937.30875,70
6411.0,2023-07-24 15:30:00,2023-07-24 15:35:00,2,1356.4349999999995,938.1199999999997,156.35333333333327,10
6413.0,2023-07-24 16:25:00,2023-07-24 16:35:00,3,527.7199999999998,363.4116666666666,90.85291666666663,15
6415.0,2023-07-24 16:55:00,2023-07-24 17:05:00,3,518.5629999999996,258.77933333333317,64.69483333333329,15
6417.0,2023-07-25 08:45:00,2023-07-25 09:05:00,5,884.6579999999999,244.06759999999994,101.6948333333333,25
6419.0,2023-07-25 09:15:00,2023-07-25 09:15:00,1,1126.3669999999997,1126.3669999999997,93.86391666666664,5
6421.0,2023-07-25 09:40:00,2023-07-25 09:45:00,2,1399.1739999999995,1361.9569999999999,226.9928333333333,10
6423.0,2023-07-25 09:55:00,2023-07-25 09:55:00,1,1506.784,1506.784,125.56533333333334,5
6425.0,2023-07-25 10:15:00,2023-07-25 10:35:00,5,1486.6029999999996,1000.1545999999998,416.7310833333333,25
6427.0,2023-07-25 10:45:00,2023-07-25 11:00:00,4,1044.5479999999998,491.3174999999999,163.77249999999995,20
6429.0,2023-07-25 11:20:00,2023-07-25 11:35:00,4,1601.0919999999996,710.7852499999999,236.9284166666666,20
6431.0,2023-07-25 11:50:00,2023-07-25 11:55:00,2,179.42000000000007,103.99350000000004,17.332250000000005,10
6433.0,2023-07-25 12:05:00,2023-07-25 12:05:00,1,19.545000000000073,19.545000000000073,1.628750000000006,5
6435.0,2023-07-25 12:20:00,2023-07-25 12:35:00,4,568.5250000000001,351.97950000000003,117.32650000000001,20
6437.0,2023-07-25 12:50:00,2023-07-25 13:00:00,3,994.0050000000001,922.2796666666668,230.5699166666667,15
6439.0,2023-07-25 13:20:00,2023-07-25 13:20:00,1,75.54899999999998,75.54899999999998,6.295749999999998,5
6441.0,2023-07-25 13:40:00,2023-07-25 13:45:00,2,1424.1019999999999,962.309,160.38483333333332,10
6443.0,2023-07-25 14:50:00,2023-07-25 15:00:00,3,1499.882,1065.977,266.49424999999997,15
6445.0,2023-07-25 15:10:00,2023-07-25 17:30:00,29,1507.539,797.4756206896552,1927.23275,145
6447.0,2023-07-25 17:40:00,2023-07-25 17:40:00,1,60.52399999999989,60.52399999999989,5.043666666666657,5
6449.0,2023-07-26 07:45:00,2023-07-26 07:45:00,1,25.051999999999907,25.051999999999907,2.087666666666659,5
6451.0,2023-07-26 07:55:00,2023-07-26 12:55:00,61,2210.719,567.8085081967214,2886.359916666667,305
6453.0,2023-07-27 07:45:00,2023-07-27 07:50:00,2,820.6650000000004,643.5240000000001,107.25400000000002,10
6455.0,2023-07-27 08:15:00,2023-07-27 08:15:00,1,215.90499999999975,215.90499999999975,17.992083333333312,5
6457.0,2023-07-27 09:10:00,2023-07-27 09:15:00,2,1525.6409999999996,986.7479999999996,164.4579999999999,10
6459.0,2023-07-27 09:25:00,2023-07-27 09:25:00,1,194.8829999999998,194.8829999999998,16.240249999999982,5
6461.0,2023-07-27 09:35:00,2023-07-27 09:55:00,5,1855.4210000000003,707.7248000000002,294.88533333333334,25
6463.0,2023-07-27 10:40:00,2023-07-27 11:00:00,5,459.15700000000015,196.76400000000004,81.98500000000001,25
6465.0,2023-07-27 11:15:00,2023-07-27 11:20:00,2,354.0540000000001,257.29449999999997,42.88241666666666,10
6467.0,2023-07-27 12:35:00,2023-07-27 12:45:00,3,361.62699999999995,248.87466666666646,62.21866666666661,15
6469.0,2023-07-27 13:45:00,2023-07-27 13:45:00,1,479.3699999999999,479.3699999999999,39.94749999999999,5
6471.0,2023-07-27 15:05:00,2023-07-27 15:45:00,9,1572.5320000000002,569.0683333333333,426.8012499999999,45
6473.0,2023-07-27 15:55:00,2023-07-27 16:15:00,5,1494.5389999999998,598.0601999999999,249.19174999999996,25
6475.0,2023-07-27 16:40:00,2023-07-27 16:40:00,1,176.43399999999997,176.43399999999997,14.70283333333333,5
6477.0,2023-07-28 08:00:00,2023-07-28 08:00:00,1,226.66700000000037,226.66700000000037,18.888916666666695,5
6479.0,2023-07-28 09:05:00,2023-07-28 09:20:00,4,1276.8809999999999,540.762,180.25399999999996,20
6481.0,2023-07-28 09:30:00,2023-07-28 09:35:00,2,386.6800000000003,194.18200000000013,32.36366666666669,10
6483.0,2023-07-28 10:00:00,2023-07-28 10:00:00,1,143.019,143.019,11.91825,5
6485.0,2023-07-28 10:20:00,2023-07-28 10:30:00,3,1838.2690000000002,1125.984666666667,281.4961666666667,15
6487.0,2023-07-28 10:45:00,2023-07-28 10:55:00,3,535.3969999999999,405.2286666666667,101.30716666666667,15
6489.0,2023-07-28 11:20:00,2023-07-28 11:20:00,1,801.6469999999999,801.6469999999999,66.80391666666665,5
6491.0,2023-07-28 11:30:00,2023-07-28 11:30:00,1,1454.0969999999998,1454.0969999999998,121.17474999999997,5
6493.0,2023-07-28 11:40:00,2023-07-28 12:00:00,5,1575.6399999999999,1056.0764,440.0318333333333,25
6495.0,2023-07-28 12:10:00,2023-07-28 12:15:00,2,542.2499999999995,410.5419999999996,68.42366666666659,10
6497.0,2023-07-28 12:25:00,2023-07-28 13:20:00,12,1156.3299999999995,630.2485833333333,630.2485833333333,60
6499.0,2023-07-28 13:45:00,2023-07-28 13:45:00,1,552.0390000000002,552.0390000000002,46.003250000000016,5
6501.0,2023-07-28 13:55:00,2023-07-28 13:55:00,1,393.3689999999997,393.3689999999997,32.78074999999997,5
6503.0,2023-07-28 14:05:00,2023-07-28 14:05:00,1,1367.4140000000002,1367.4140000000002,113.95116666666668,5
6505.0,2023-07-28 14:15:00,2023-07-28 14:20:00,2,359.5129999999999,244.15550000000007,40.692583333333346,10
6507.0,2023-07-28 15:05:00,2023-07-28 15:05:00,1,1045.79,1045.79,87.14916666666666,5
6509.0,2023-07-28 15:45:00,2023-07-28 15:45:00,1,45.006999999999834,45.006999999999834,3.7505833333333194,5
6511.0,2023-07-29 07:30:00,2023-07-29 07:30:00,1,437.19100000000003,437.19100000000003,36.43258333333333,5
6513.0,2023-07-29 08:15:00,2023-07-29 08:35:00,5,947.0569999999998,651.2636,271.3598333333333,25
6515.0,2023-07-29 08:55:00,2023-07-29 08:55:00,1,1031.843,1031.843,85.98691666666667,5
6517.0,2023-07-29 09:05:00,2023-07-29 09:05:00,1,741.9460000000001,741.9460000000001,61.82883333333334,5
6519.0,2023-07-29 09:15:00,2023-07-29 09:15:00,1,177.81600000000003,177.81600000000003,14.818000000000001,5
6521.0,2023-07-29 09:45:00,2023-07-29 09:50:00,2,543.2989999999998,329.1349999999999,54.85583333333331,10
6523.0,2023-07-29 10:15:00,2023-07-29 10:30:00,4,2032.948,1416.44725,472.1490833333333,20
6525.0,2023-07-29 10:55:00,2023-07-29 11:00:00,2,1386.4479999999999,1295.523,215.92049999999998,10
6527.0,2023-07-29 11:30:00,2023-07-29 11:45:00,4,1830.762,741.457,247.1523333333333,20
6529.0,2023-07-29 11:55:00,2023-07-29 12:05:00,3,1042.6649999999997,747.7566666666665,186.93916666666664,15
6531.0,2023-07-29 12:15:00,2023-07-29 12:40:00,6,1130.562,635.8288333333334,317.9144166666666,30
6533.0,2023-07-29 12:50:00,2023-07-29 13:15:00,6,2021.092,1191.3225,595.66125,30
6535.0,2023-07-29 13:35:00,2023-07-29 13:35:00,1,1552.275,1552.275,129.35625,5
6537.0,2023-07-29 13:45:00,2023-07-29 14:55:00,15,2000.8329999999999,1229.0542666666665,1536.3178333333333,75
6539.0,2023-07-29 15:05:00,2023-07-29 15:35:00,7,1371.7299999999998,1134.6742857142856,661.8933333333332,35
6541.0,2023-07-29 15:45:00,2023-07-29 16:15:00,7,1626.6770000000001,1210.242142857143,705.9745833333334,35
6543.0,2023-07-29 16:35:00,2023-07-29 17:10:00,8,1375.2530000000002,805.9920000000001,537.328,40
6545.0,2023-07-29 17:25:00,2023-07-29 17:25:00,1,263.8899999999999,263.8899999999999,21.99083333333332,5
6547.0,2023-07-29 18:00:00,2023-07-29 18:00:00,1,41.539999999999964,41.539999999999964,3.4616666666666633,5
6549.0,2023-07-30 07:05:00,2023-07-30 07:10:00,2,357.48900000000003,190.43900000000008,31.739833333333348,10
6551.0,2023-07-30 07:45:00,2023-07-30 07:45:00,1,352.1110000000001,352.1110000000001,29.34258333333334,5
6553.0,2023-07-30 08:00:00,2023-07-30 08:00:00,1,202.29899999999998,202.29899999999998,16.858249999999998,5
6555.0,2023-07-30 08:10:00,2023-07-30 08:50:00,9,1253.0049999999999,779.2504444444445,584.4378333333334,45
6557.0,2023-07-30 09:00:00,2023-07-30 09:00:00,1,473.086,473.086,39.423833333333334,5
6559.0,2023-07-30 09:30:00,2023-07-30 09:30:00,1,203.3889999999999,203.3889999999999,16.949083333333324,5
6561.0,2023-07-30 10:00:00,2023-07-30 10:00:00,1,419.84400000000005,419.84400000000005,34.987,5
6563.0,2023-07-30 10:35:00,2023-07-30 11:00:00,6,1479.0510000000002,828.4715,414.23574999999994,30
6565.0,2023-07-30 11:10:00,2023-07-30 11:20:00,3,1135.656,844.3490000000002,211.08725,15
6567.0,2023-07-30 11:30:00,2023-07-30 11:50:00,5,1044.925,567.4981999999998,236.45758333333328,25
6569.0,2023-07-30 12:05:00,2023-07-30 12:10:00,2,155.78399999999988,89.76649999999995,14.961083333333324,10
6571.0,2023-07-30 12:25:00,2023-07-30 13:55:00,19,1344.312,491.9692631578947,778.9513333333332,95
6573.0,2023-07-30 14:35:00,2023-07-30 14:45:00,3,168.54600000000005,73.88100000000001,18.47025,15
6575.0,2023-07-31 16:55:00,2023-07-31 16:55:00,1,3.69399999999996,3.69399999999996,0.30783333333332996,5
6577.0,2023-08-01 09:55:00,2023-08-01 09:55:00,1,988.6099999999997,988.6099999999997,82.38416666666663,5
6579.0,2023-08-01 10:10:00,2023-08-01 10:10:00,1,381.155,381.155,31.762916666666662,5
6581.0,2023-08-01 10:30:00,2023-08-01 10:30:00,1,10.285000000000082,10.285000000000082,0.8570833333333401,5
6583.0,2023-08-01 11:00:00,2023-08-01 11:00:00,1,1090.9020000000003,1090.9020000000003,90.90850000000002,5
6585.0,2023-08-01 11:50:00,2023-08-01 11:50:00,1,244.96799999999985,244.96799999999985,20.413999999999987,5
6587.0,2023-08-01 12:35:00,2023-08-01 12:35:00,1,957.3339999999998,957.3339999999998,79.77783333333332,5
6589.0,2023-08-01 13:20:00,2023-08-01 13:20:00,1,124.42299999999977,124.42299999999977,10.368583333333314,5
6591.0,2023-08-01 14:50:00,2023-08-01 14:55:00,2,335.33000000000015,227.45350000000008,37.90891666666668,10
6593.0,2023-08-01 15:05:00,2023-08-01 15:05:00,1,72.27500000000009,72.27500000000009,6.022916666666674,5
6595.0,2023-08-02 08:25:00,2023-08-02 08:50:00,6,1157.559,478.7031666666667,239.3515833333333,30
6597.0,2023-08-02 09:00:00,2023-08-02 09:40:00,9,976.5600000000002,336.26788888888893,252.2009166666667,45
6599.0,2023-08-02 09:55:00,2023-08-02 10:00:00,2,2027.8290000000002,1326.4175,221.0695833333333,10
6601.0,2023-08-02 10:10:00,2023-08-02 10:35:00,6,1888.923,673.5039999999999,336.75199999999995,30
6603.0,2023-08-02 11:25:00,2023-08-02 12:10:00,10,1346.029,625.1528,520.9606666666666,50
6605.0,2023-08-02 13:00:00,2023-08-02 13:00:00,1,150.644,150.644,12.553666666666667,5
6607.0,2023-08-02 13:10:00,2023-08-02 13:20:00,3,1144.2,454.094,113.52349999999998,15
6609.0,2023-08-02 13:35:00,2023-08-02 13:40:00,2,603.386,385.54549999999995,64.25758333333332,10
6611.0,2023-08-02 13:55:00,2023-08-02 14:50:00,12,1350.9170000000001,624.6705000000001,624.6705,60
6613.0,2023-08-02 15:10:00,2023-08-02 15:15:00,2,1231.901,727.7235000000001,121.28725,10
6615.0,2023-08-02 15:30:00,2023-08-02 15:30:00,1,689.463,689.463,57.45524999999999,5
6617.0,2023-08-02 16:15:00,2023-08-02 16:35:00,5,706.7330000000002,355.1210000000001,147.96708333333336,25
6619.0,2023-08-03 08:00:00,2023-08-03 08:00:00,1,969.28,969.28,80.77333333333333,5
6621.0,2023-08-03 08:35:00,2023-08-03 08:35:00,1,464.1940000000002,464.1940000000002,38.68283333333335,5
6623.0,2023-08-03 08:45:00,2023-08-03 08:50:00,2,376.2030000000002,319.49850000000015,53.24975000000002,10
6625.0,2023-08-03 09:00:00,2023-08-03 09:05:00,2,574.405,485.4649999999999,80.91083333333331,10
6627.0,2023-08-03 09:20:00,2023-08-03 09:20:00,1,820.8180000000002,820.8180000000002,68.40150000000001,5
6629.0,2023-08-03 10:45:00,2023-08-03 10:50:00,2,107.09199999999987,103.38749999999982,17.231249999999967,10
6631.0,2023-08-03 13:15:00,2023-08-03 13:45:00,7,1181.583,715.1891428571428,417.1936666666666,35
6633.0,2023-08-03 14:15:00,2023-08-03 14:30:00,4,1524.3029999999999,885.56025,295.18674999999996,20
6635.0,2023-08-03 14:40:00,2023-08-03 14:50:00,3,1503.5390000000002,1157.176666666667,289.2941666666667,15
6637.0,2023-08-03 15:00:00,2023-08-03 15:10:00,3,469.88099999999986,205.72166666666666,51.430416666666666,15
6639.0,2023-08-03 16:00:00,2023-08-03 16:15:00,4,1518.072,1068.43475,356.14491666666663,20
6641.0,2023-08-03 16:25:00,2023-08-03 16:40:00,4,1189.177,1031.005,343.6683333333333,20
6643.0,2023-08-03 16:50:00,2023-08-03 17:00:00,3,1021.0340000000003,810.3856666666669,202.5964166666667,15
6645.0,2023-08-03 17:15:00,2023-08-03 17:15:00,1,242.09000000000015,242.09000000000015,20.17416666666668,5
6647.0,2023-08-04 12:10:00,2023-08-04 12:25:00,4,620.9759999999999,443.53800000000007,147.846,20
6649.0,2023-08-04 12:50:00,2023-08-04 12:50:00,1,69.82400000000007,69.82400000000007,5.818666666666672,5
6651.0,2023-08-04 13:00:00,2023-08-04 13:05:00,2,2043.4,1032.268,172.04466666666667,10
6653.0,2023-08-04 13:15:00,2023-08-04 13:20:00,2,963.8890000000001,511.0640000000001,85.17733333333334,10
6655.0,2023-08-04 13:30:00,2023-08-04 14:10:00,9,820.5499999999995,472.11988888888885,354.0899166666666,45
6657.0,2023-08-04 14:20:00,2023-08-04 14:25:00,2,1400.4009999999998,1021.7159999999999,170.28599999999997,10
6659.0,2023-08-04 14:35:00,2023-08-04 14:50:00,4,1969.619,1208.77875,402.92625,20
6661.0,2023-08-04 15:05:00,2023-08-04 15:05:00,1,1216.7349999999997,1216.7349999999997,101.3945833333333,5
6663.0,2023-08-04 15:20:00,2023-08-04 15:45:00,6,1302.834,960.7998333333335,480.3999166666667,30
6665.0,2023-08-04 16:00:00,2023-08-04 16:05:00,2,1260.8430000000003,1006.7450000000002,167.79083333333335,10
6667.0,2023-08-04 16:25:00,2023-08-04 16:25:00,1,432.9180000000001,432.9180000000001,36.07650000000001,5
6669.0,2023-08-04 16:35:00,2023-08-04 17:05:00,7,600.9049999999997,215.47671428571425,125.69474999999997,35
6671.0,2023-08-05 10:30:00,2023-08-05 10:30:00,1,27.70699999999988,27.70699999999988,2.3089166666666565,5
6673.0,2023-08-05 10:45:00,2023-08-05 11:20:00,8,300.0229999999999,178.62225,119.08149999999999,40
6675.0,2023-08-05 12:05:00,2023-08-05 12:25:00,5,632.077,225.71480000000005,94.04783333333334,25
6677.0,2023-08-05 12:40:00,2023-08-05 13:35:00,12,793.9110000000001,249.61991666666668,249.61991666666668,60
6679.0,2023-08-05 14:10:00,2023-08-05 14:15:00,2,447.6600000000001,378.284,63.04733333333333,10
6681.0,2023-08-05 14:25:00,2023-08-05 14:25:00,1,825.114,825.114,68.7595,5
6683.0,2023-08-05 14:40:00,2023-08-05 14:40:00,1,79.87300000000005,79.87300000000005,6.656083333333337,5
6685.0,2023-08-05 15:10:00,2023-08-05 15:10:00,1,221.51600000000008,221.51600000000008,18.45966666666667,5
6687.0,2023-08-06 07:15:00,2023-08-06 07:25:00,3,249.00400000000013,132.092,33.023,15
6689.0,2023-08-06 07:35:00,2023-08-06 07:40:00,2,1088.6420000000003,753.9990000000001,125.66650000000001,10
6691.0,2023-08-06 07:50:00,2023-08-06 07:50:00,1,4.911000000000058,4.911000000000058,0.40925000000000483,5
6693.0,2023-08-06 08:30:00,2023-08-06 08:30:00,1,595.483,595.483,49.62358333333333,5
6695.0,2023-08-06 08:40:00,2023-08-06 08:40:00,1,1075.4840000000002,1075.4840000000002,89.62366666666668,5
6697.0,2023-08-06 10:00:00,2023-08-06 10:05:00,2,59.74900000000025,37.1695000000002,6.1949166666667,10
6699.0,2023-08-06 10:15:00,2023-08-06 10:20:00,2,367.4269999999999,241.77199999999993,40.29533333333332,10
6701.0,2023-08-06 10:50:00,2023-08-06 10:55:00,2,92.31500000000005,81.923,13.653833333333333,10
6703.0,2023-08-06 11:05:00,2023-08-06 11:25:00,5,711.4370000000004,454.15700000000004,189.23208333333335,25
6705.0,2023-08-06 11:35:00,2023-08-06 12:05:00,7,608.6549999999997,245.9567142857142,143.47474999999994,35
6707.0,2023-08-06 12:20:00,2023-08-06 12:35:00,4,516.2849999999999,289.47574999999995,96.49191666666664,20
6709.0,2023-08-06 13:00:00,2023-08-06 13:25:00,6,1094.9120000000003,480.66900000000004,240.3345,30
6711.0,2023-08-06 13:40:00,2023-08-06 13:45:00,2,1424.974,1173.165,195.52749999999997,10
6713.0,2023-08-06 13:55:00,2023-08-06 13:55:00,1,1183.99,1183.99,98.66583333333332,5
6715.0,2023-08-06 14:10:00,2023-08-06 14:10:00,1,1198.835,1198.835,99.90291666666667,5
6717.0,2023-08-06 14:20:00,2023-08-06 14:30:00,3,1034.8850000000002,1024.7143333333333,256.17858333333334,15
6719.0,2023-08-06 15:00:00,2023-08-06 15:00:00,1,841.6859999999999,841.6859999999999,70.14049999999999,5
6721.0,2023-08-06 15:25:00,2023-08-06 16:15:00,11,1554.1730000000002,909.6153636363637,833.8140833333333,55
6723.0,2023-08-06 16:25:00,2023-08-06 16:35:00,3,656.1079999999997,448.53699999999986,112.13424999999997,15
6725.0,2023-08-06 16:50:00,2023-08-06 17:35:00,10,659.049,321.11350000000004,267.59458333333333,50
6727.0,2023-08-07 08:20:00,2023-08-07 08:35:00,4,665.837,442.5727499999999,147.52424999999997,20
6729.0,2023-08-07 08:45:00,2023-08-07 09:55:00,15,1396.87,765.5072,956.8839999999999,75
6731.0,2023-08-07 10:05:00,2023-08-07 10:05:00,1,1075.031,1075.031,89.58591666666666,5
6733.0,2023-08-07 10:20:00,2023-08-07 10:35:00,4,431.02700000000004,203.51699999999988,67.83899999999996,20
6735.0,2023-08-07 10:45:00,2023-08-07 10:45:00,1,24.95400000000018,24.95400000000018,2.0795000000000146,5
6737.0,2023-08-07 11:00:00,2023-08-07 11:00:00,1,145.8989999999999,145.8989999999999,12.15824999999999,5
6739.0,2023-08-07 11:10:00,2023-08-07 11:15:00,2,1652.6589999999997,1168.359,194.72649999999996,10
6741.0,2023-08-07 11:25:00,2023-08-07 11:25:00,1,245.45900000000006,245.45900000000006,20.45491666666667,5
6743.0,2023-08-07 11:40:00,2023-08-07 11:45:00,2,617.8109999999997,447.66899999999987,74.61149999999998,10
6745.0,2023-08-07 12:10:00,2023-08-07 12:10:00,1,682.9900000000002,682.9900000000002,56.91583333333335,5
6747.0,2023-08-07 12:45:00,2023-08-07 12:50:00,2,22.067999999999984,20.91999999999996,3.4866666666666597,10
6749.0,2023-08-07 13:30:00,2023-08-07 13:30:00,1,1772.5259999999998,1772.5259999999998,147.71049999999997,5
6751.0,2023-08-07 13:55:00,2023-08-07 13:55:00,1,17.37999999999988,17.37999999999988,1.4483333333333235,5
6753.0,2023-08-07 14:20:00,2023-08-07 14:45:00,6,906.614,419.5121666666667,209.75608333333332,30
6755.0,2023-08-07 15:00:00,2023-08-07 15:00:00,1,1.5110000000001946,1.5110000000001946,0.12591666666668289,5
6757.0,2023-08-07 15:10:00,2023-08-07 15:10:00,1,1641.6190000000001,1641.6190000000001,136.80158333333333,5
6759.0,2023-08-07 16:20:00,2023-08-07 16:20:00,1,285.914,285.914,23.826166666666666,5
6761.0,2023-08-07 16:35:00,2023-08-07 16:35:00,1,281.29499999999985,281.29499999999985,23.441249999999986,5
6763.0,2023-08-07 17:00:00,2023-08-07 17:05:00,2,581.4230000000002,415.7305000000001,69.28841666666668,10
6765.0,2023-08-08 08:15:00,2023-08-08 08:20:00,2,404.73799999999983,213.04499999999985,35.50749999999997,10
6767.0,2023-08-08 08:55:00,2023-08-08 08:55:00,1,51.29899999999998,51.29899999999998,4.274916666666664,5
6769.0,2023-08-08 09:25:00,2023-08-08 09:45:00,5,590.9789999999998,276.84299999999996,115.35125,25
6771.0,2023-08-08 10:00:00,2023-08-08 10:00:00,1,176.34400000000005,176.34400000000005,14.695333333333338,5
6773.0,2023-08-08 10:10:00,2023-08-08 10:15:00,2,214.31799999999976,211.02599999999984,35.17099999999997,10
6775.0,2023-08-08 10:25:00,2023-08-08 10:30:00,2,711.2269999999999,384.87149999999997,64.14524999999999,10
6777.0,2023-08-08 10:40:00,2023-08-08 11:10:00,7,919.3759999999997,419.78385714285724,244.87391666666667,35
6779.0,2023-08-08 11:20:00,2023-08-08 12:20:00,13,1255.0339999999997,511.00838461538467,553.5924166666666,65
6781.0,2023-08-08 14:05:00,2023-08-08 14:25:00,5,611.2489999999998,324.34939999999995,135.1455833333333,25
6783.0,2023-08-08 16:20:00,2023-08-08 16:35:00,4,918.4670000000001,540.8715000000002,180.29050000000004,20
6785.0,2023-08-09 08:05:00,2023-08-09 08:45:00,9,631.7730000000001,345.24555555555554,258.93416666666667,45
6787.0,2023-08-09 08:55:00,2023-08-09 08:55:00,1,558.8449999999998,558.8449999999998,46.570416666666645,5
6789.0,2023-08-09 09:05:00,2023-08-09 10:05:00,13,1399.6619999999998,863.5974615384615,935.5639166666666,65
6791.0,2023-08-09 10:15:00,2023-08-09 10:40:00,6,1563.5520000000001,477.4536666666665,238.72683333333322,30
6793.0,2023-08-09 10:50:00,2023-08-09 11:00:00,3,1911.29,945.0949999999999,236.27374999999995,15
6795.0,2023-08-09 11:20:00,2023-08-09 11:20:00,1,361.46900000000005,361.46900000000005,30.12241666666667,5
6797.0,2023-08-09 11:50:00,2023-08-09 11:50:00,1,128.5490000000002,128.5490000000002,10.712416666666684,5
6799.0,2023-08-09 12:10:00,2023-08-09 12:25:00,4,301.10600000000045,239.3302500000001,79.77675000000002,20
6801.0,2023-08-09 12:45:00,2023-08-09 12:55:00,3,1477.5520000000001,625.2796666666667,156.31991666666664,15
6803.0,2023-08-09 13:10:00,2023-08-09 13:10:00,1,598.6530000000002,598.6530000000002,49.88775000000002,5
6805.0,2023-08-09 13:20:00,2023-08-09 14:50:00,19,1491.7160000000003,842.254052631579,1333.5689166666666,95
6807.0,2023-08-09 15:00:00,2023-08-09 15:25:00,6,1054.0530000000003,817.241,408.6205,30
6809.0,2023-08-09 15:50:00,2023-08-09 16:00:00,3,1157.719,938.0273333333334,234.50683333333333,15
6811.0,2023-08-10 08:05:00,2023-08-10 08:40:00,8,555.5999999999999,148.54950000000002,99.03300000000002,40
6813.0,2023-08-10 08:50:00,2023-08-10 10:05:00,16,1358.362,884.7369375000001,1179.64925,80
6815.0,2023-08-10 10:15:00,2023-08-10 16:45:00,79,1690.6279999999997,904.5447341772152,5954.9195,395
6817.0,2023-08-11 07:50:00,2023-08-11 07:50:00,1,109.48100000000022,109.48100000000022,9.123416666666685,5
6819.0,2023-08-11 08:00:00,2023-08-11 08:10:00,3,373.13800000000015,270.29233333333354,67.57308333333339,15
6821.0,2023-08-11 08:25:00,2023-08-11 08:45:00,5,1020.7660000000001,660.7454,275.3105833333333,25
6823.0,2023-08-11 08:55:00,2023-08-11 09:05:00,3,1417.821,878.846,219.7115,15
6825.0,2023-08-11 09:15:00,2023-08-11 09:25:00,3,1604.107,1410.7879999999998,352.69699999999995,15
6827.0,2023-08-11 09:35:00,2023-08-11 11:10:00,20,1583.17,756.7979,1261.3298333333332,100
6829.0,2023-08-11 11:20:00,2023-08-11 11:40:00,5,1817.9849999999997,997.2605999999998,415.5252499999999,25
6831.0,2023-08-11 12:15:00,2023-08-11 13:00:00,10,1793.3369999999995,655.4277,546.18975,50
6833.0,2023-08-11 13:10:00,2023-08-11 13:50:00,9,964.0239999999999,510.1821111111112,382.63658333333336,45
6835.0,2023-08-11 14:00:00,2023-08-11 14:05:00,2,713.0700000000002,603.2250000000001,100.53750000000002,10
6837.0,2023-08-11 14:15:00,2023-08-11 14:20:00,2,483.6189999999999,441.30449999999985,73.55074999999997,10
6839.0,2023-08-11 14:50:00,2023-08-11 14:55:00,2,748.0329999999999,595.7345000000001,99.28908333333335,10
6841.0,2023-08-11 15:40:00,2023-08-11 15:55:00,4,1337.189,646.67325,215.55774999999997,20
6843.0,2023-08-11 16:05:00,2023-08-11 16:05:00,1,1221.128,1221.128,101.76066666666665,5
6845.0,2023-08-11 16:30:00,2023-08-11 16:40:00,3,868.4480000000001,749.8299999999999,187.45749999999995,15
6847.0,2023-08-12 09:00:00,2023-08-12 09:05:00,2,662.9659999999999,453.8165,75.63608333333333,10
6849.0,2023-08-12 09:30:00,2023-08-12 09:35:00,2,903.0279999999996,671.9014999999997,111.98358333333329,10
6851.0,2023-08-12 10:10:00,2023-08-12 10:10:00,1,143.75800000000004,143.75800000000004,11.979833333333335,5
6853.0,2023-08-12 11:45:00,2023-08-12 12:55:00,15,1524.001,736.7028666666666,920.8785833333333,75
6855.0,2023-08-12 13:15:00,2023-08-12 13:25:00,3,1680.2219999999998,958.6659999999998,239.66649999999993,15
6857.0,2023-08-12 13:40:00,2023-08-12 14:20:00,9,1487.6239999999998,874.6758888888888,656.0069166666666,45
6859.0,2023-08-12 14:35:00,2023-08-12 14:45:00,3,786.8619999999999,500.93199999999985,125.23299999999995,15
6861.0,2023-08-12 15:10:00,2023-08-12 15:55:00,10,1957.2420000000002,1077.6728,898.0606666666666,50
6863.0,2023-08-12 16:05:00,2023-08-12 16:50:00,10,1369.43,815.0033000000001,679.1694166666667,50
6865.0,2023-08-12 17:30:00,2023-08-12 17:30:00,1,45.51000000000022,45.51000000000022,3.792500000000018,5
6867.0,2023-08-13 07:35:00,2023-08-13 07:35:00,1,155.65599999999995,155.65599999999995,12.971333333333328,5
6869.0,2023-08-13 07:45:00,2023-08-13 07:50:00,2,1329.6870000000004,710.6315000000002,118.43858333333336,10
6871.0,2023-08-13 09:05:00,2023-08-13 09:05:00,1,214.60699999999997,214.60699999999997,17.883916666666664,5
6873.0,2023-08-13 10:00:00,2023-08-13 10:45:00,10,1211.0809999999997,845.0731,704.2275833333332,50
6875.0,2023-08-13 11:05:00,2023-08-13 11:15:00,3,1170.083,865.0566666666665,216.26416666666663,15
6877.0,2023-08-13 11:30:00,2023-08-13 11:45:00,4,1195.686,931.0705,310.3568333333333,20
6879.0,2023-08-13 12:15:00,2023-08-13 13:40:00,18,2253.575,1003.2146111111111,1504.8219166666668,90
6881.0,2023-08-13 14:55:00,2023-08-13 14:55:00,1,507.9820000000002,507.9820000000002,42.33183333333335,5
6883.0,2023-08-14 12:10:00,2023-08-14 12:15:00,2,148.87300000000005,110.06449999999995,18.344083333333323,10
6885.0,2023-08-14 14:00:00,2023-08-14 14:00:00,1,405.6779999999999,405.6779999999999,33.806499999999986,5
6887.0,2023-08-14 15:10:00,2023-08-14 15:20:00,3,1181.067,701.9990000000001,175.49975,15
6889.0,2023-08-14 15:35:00,2023-08-14 15:35:00,1,6.394999999999982,6.394999999999982,0.5329166666666652,5
6891.0,2023-08-15 07:20:00,2023-08-15 07:20:00,1,17.031999999999925,17.031999999999925,1.4193333333333271,5
6893.0,2023-08-15 07:30:00,2023-08-15 07:35:00,2,433.788,351.4934999999999,58.58224999999999,10
6895.0,2023-08-15 08:00:00,2023-08-15 08:35:00,8,425.69000000000005,221.081,147.38733333333332,40
6897.0,2023-08-15 08:55:00,2023-08-15 09:20:00,6,1081.978,894.0501666666669,447.0250833333334,30
6899.0,2023-08-15 09:40:00,2023-08-15 09:40:00,1,177.6070000000002,177.6070000000002,14.80058333333335,5
6901.0,2023-08-15 09:50:00,2023-08-15 09:50:00,1,207.93799999999965,207.93799999999965,17.328166666666636,5
6903.0,2023-08-15 10:00:00,2023-08-15 10:15:00,4,1414.4319999999998,1010.5487500000002,336.8495833333334,20
6905.0,2023-08-15 10:40:00,2023-08-15 10:55:00,4,1083.469,472.1619999999999,157.3873333333333,20
6907.0,2023-08-15 12:20:00,2023-08-15 12:30:00,3,2302.427,946.2040000000001,236.55100000000002,15
6909.0,2023-08-15 12:45:00,2023-08-15 12:45:00,1,1335.7400000000002,1335.7400000000002,111.31166666666668,5
6911.0,2023-08-15 13:10:00,2023-08-15 13:10:00,1,1912.0449999999996,1912.0449999999996,159.33708333333328,5
6913.0,2023-08-15 13:55:00,2023-08-15 14:05:00,3,463.9119999999998,420.62066666666664,105.15516666666664,15
6915.0,2023-08-15 15:05:00,2023-08-15 15:25:00,5,570.9389999999999,469.03600000000006,195.43166666666667,25
6917.0,2023-08-15 15:35:00,2023-08-15 15:40:00,2,580.3029999999999,580.2729999999999,96.71216666666665,10
6919.0,2023-08-15 15:55:00,2023-08-15 16:05:00,3,1628.939,1211.627666666667,302.9069166666667,15
6921.0,2023-08-15 16:20:00,2023-08-15 16:25:00,2,1092.759,913.005,152.1675,10
6923.0,2023-08-15 17:20:00,2023-08-15 17:25:00,2,210.56999999999994,170.9615,28.49358333333333,10
6925.0,2023-08-16 08:00:00,2023-08-16 08:45:00,10,844.3029999999997,364.43039999999985,303.6919999999999,50
6927.0,2023-08-16 08:55:00,2023-08-16 10:20:00,18,1322.5309999999997,723.4763333333333,1085.2144999999998,90
6929.0,2023-08-16 10:30:00,2023-08-16 10:45:00,4,2212.0290000000005,813.93975,271.31325,20
6931.0,2023-08-16 11:15:00,2023-08-16 11:20:00,2,1234.614,722.1875,120.36458333333333,10
6933.0,2023-08-16 11:35:00,2023-08-16 12:15:00,9,2058.041,1220.1171111111112,915.0878333333334,45
6935.0,2023-08-16 12:35:00,2023-08-16 14:15:00,21,1906.038,583.4359523809524,1021.0129166666666,105
6937.0,2023-08-16 16:55:00,2023-08-16 16:55:00,1,29.432000000000016,29.432000000000016,2.452666666666668,5
6939.0,2023-08-17 08:20:00,2023-08-17 08:30:00,3,470.6600000000001,164.52466666666677,41.13116666666669,15
6941.0,2023-08-17 08:45:00,2023-08-17 08:45:00,1,72.06000000000017,72.06000000000017,6.005000000000014,5
6943.0,2023-08-17 09:00:00,2023-08-17 09:00:00,1,147.96000000000004,147.96000000000004,12.330000000000002,5
6945.0,2023-08-17 09:30:00,2023-08-17 09:35:00,2,261.3289999999997,245.79549999999972,40.965916666666615,10
6947.0,2023-08-17 09:50:00,2023-08-17 10:00:00,3,1081.2809999999997,540.4276666666666,135.10691666666662,15
6949.0,2023-08-17 10:10:00,2023-08-17 11:25:00,16,1603.1349999999998,752.974625,1003.9661666666666,80
6951.0,2023-08-17 12:00:00,2023-08-17 13:00:00,13,2078.136,1215.4694615384615,1316.7585833333333,65
6953.0,2023-08-17 13:55:00,2023-08-17 14:25:00,7,1552.9699999999998,1122.519857142857,654.8032499999999,35
6955.0,2023-08-17 14:45:00,2023-08-17 15:45:00,13,1404.0810000000001,958.3415384615384,1038.2033333333334,65
6957.0,2023-08-17 15:55:00,2023-08-17 17:00:00,14,1267.289,874.2623571428572,1019.97275,70
6959.0,2023-08-17 17:15:00,2023-08-17 17:15:00,1,166.71399999999994,166.71399999999994,13.892833333333328,5
6961.0,2023-08-17 17:25:00,2023-08-17 17:25:00,1,266.952,266.952,22.246,5
6963.0,2023-08-18 11:50:00,2023-08-18 11:55:00,2,468.211,436.8755,72.81258333333332,10
6965.0,2023-08-18 12:10:00,2023-08-18 12:45:00,8,2246.795,1058.990625,705.99375,40
6967.0,2023-08-18 13:25:00,2023-08-18 13:30:00,2,345.6399999999999,228.3829999999998,38.0638333333333,10
6969.0,2023-08-18 13:40:00,2023-08-18 13:40:00,1,944.857,944.857,78.73808333333332,5
6971.0,2023-08-18 14:10:00,2023-08-18 14:20:00,3,937.9239999999995,741.3359999999999,185.33399999999995,15
6973.0,2023-08-18 14:45:00,2023-08-18 14:50:00,2,352.23600000000033,349.08150000000023,58.180250000000036,10
6975.0,2023-08-18 15:25:00,2023-08-18 15:30:00,2,279.8580000000002,250.29750000000013,41.71625000000002,10
6977.0,2023-08-18 15:55:00,2023-08-18 16:00:00,2,133.3209999999999,104.18899999999996,17.364833333333326,10
6979.0,2023-08-18 16:10:00,2023-08-18 16:10:00,1,175.64300000000003,175.64300000000003,14.636916666666668,5
6981.0,2023-08-18 16:40:00,2023-08-18 16:50:00,3,266.25699999999983,191.39433333333332,47.84858333333332,15
6983.0,2023-08-19 06:25:00,2023-08-19 06:25:00,1,29.345000000000027,29.345000000000027,2.445416666666669,5
6985.0,2023-08-19 06:55:00,2023-08-19 07:10:00,4,279.1869999999999,137.15175000000005,45.717250000000014,20
6987.0,2023-08-19 07:20:00,2023-08-19 07:45:00,6,1027.2680000000003,537.4755,268.73774999999995,30
6989.0,2023-08-19 08:15:00,2023-08-19 08:15:00,1,96.28700000000003,96.28700000000003,8.023916666666668,5
6991.0,2023-08-19 08:30:00,2023-08-19 10:50:00,29,1779.87,959.6515172413793,2319.157833333333,145
6993.0,2023-08-19 11:00:00,2023-08-19 12:00:00,13,1679.4210000000003,979.5052307692308,1061.1306666666667,65
6995.0,2023-08-19 12:10:00,2023-08-19 12:15:00,2,1716.1219999999998,980.0944999999999,163.3490833333333,10
6997.0,2023-08-19 12:25:00,2023-08-19 12:25:00,1,105.55200000000013,105.55200000000013,8.79600000000001,5
6999.0,2023-08-19 12:40:00,2023-08-19 13:10:00,7,1776.279,1020.1148571428572,595.067,35
7001.0,2023-08-19 13:20:00,2023-08-19 13:30:00,3,1444.8539999999998,1131.108,282.777,15
7003.0,2023-08-19 14:00:00,2023-08-19 14:30:00,7,1626.436,1267.9785714285715,739.6541666666667,35
7005.0,2023-08-19 14:55:00,2023-08-19 15:25:00,7,1996.2680000000003,1121.602,654.2678333333333,35
7007.0,2023-08-19 15:55:00,2023-08-19 16:35:00,9,1364.5009999999997,694.8566666666666,521.1424999999999,45
7009.0,2023-08-19 16:45:00,2023-08-19 16:45:00,1,106.5920000000001,106.5920000000001,8.882666666666674,5
7011.0,2023-08-19 16:55:00,2023-08-19 17:00:00,2,416.6529999999998,230.9614999999999,38.49358333333331,10
7013.0,2023-08-19 17:20:00,2023-08-19 17:20:00,1,1.1820000000000164,1.1820000000000164,0.09850000000000136,5
7015.0,2023-08-20 07:20:00,2023-08-20 07:20:00,1,74.74700000000007,74.74700000000007,6.228916666666672,5
7017.0,2023-08-20 07:35:00,2023-08-20 07:35:00,1,21.287000000000035,21.287000000000035,1.7739166666666695,5
7019.0,2023-08-20 08:10:00,2023-08-20 11:00:00,35,1489.9430000000002,651.5266,1900.2859166666667,175
7021.0,2023-08-20 11:10:00,2023-08-20 13:45:00,32,1498.739,834.04171875,2224.11125,160
7023.0,2023-08-20 13:55:00,2023-08-20 14:05:00,3,1470.2129999999997,505.26066666666657,126.31516666666664,15
7025.0,2023-08-20 14:15:00,2023-08-20 14:15:00,1,1494.9030000000002,1494.9030000000002,124.57525000000001,5
7027.0,2023-08-20 14:25:00,2023-08-20 14:55:00,7,1505.778,1218.7794285714285,710.9546666666666,35
7029.0,2023-08-20 15:05:00,2023-08-20 15:05:00,1,280.0140000000001,280.0140000000001,23.33450000000001,5
7031.0,2023-08-20 15:15:00,2023-08-20 15:30:00,4,1475.3909999999998,1237.9385,412.64616666666666,20
7033.0,2023-08-20 15:45:00,2023-08-20 16:10:00,6,1117.8750000000005,753.94,376.97,30
7035.0,2023-08-20 16:25:00,2023-08-20 16:30:00,2,684.9400000000003,664.1935000000002,110.69891666666669,10
7037.0,2023-08-20 16:55:00,2023-08-20 17:05:00,3,184.47299999999996,117.25766666666657,29.314416666666638,15
7039.0,2023-08-21 07:45:00,2023-08-21 07:50:00,2,68.02700000000004,51.186500000000024,8.531083333333337,10
7041.0,2023-08-21 08:00:00,2023-08-21 09:30:00,19,959.3119999999999,476.99826315789466,755.2472499999998,95
7043.0,2023-08-21 10:05:00,2023-08-21 10:10:00,2,1088.8490000000002,805.7785000000003,134.29641666666672,10
7045.0,2023-08-21 10:20:00,2023-08-21 10:25:00,2,1080.1670000000004,1058.2055000000003,176.36758333333336,10
7047.0,2023-08-21 10:50:00,2023-08-21 11:00:00,3,1170.6040000000003,845.0960000000001,211.27400000000003,15
7049.0,2023-08-21 11:40:00,2023-08-21 11:55:00,4,1251.188,679.664,226.55466666666666,20
7051.0,2023-08-21 12:35:00,2023-08-21 12:35:00,1,1.1369999999999436,1.1369999999999436,0.0947499999999953,5
7053.0,2023-08-21 13:20:00,2023-08-21 13:20:00,1,192.3889999999999,192.3889999999999,16.032416666666656,5
7055.0,2023-08-21 13:50:00,2023-08-21 13:50:00,1,658.3380000000002,658.3380000000002,54.861500000000014,5
7057.0,2023-08-21 14:10:00,2023-08-21 14:10:00,1,23.322999999999865,23.322999999999865,1.9435833333333221,5
7059.0,2023-08-21 14:20:00,2023-08-21 14:25:00,2,1027.8539999999998,876.2284999999999,146.0380833333333,10
7061.0,2023-08-21 14:40:00,2023-08-21 14:45:00,2,1102.5300000000002,592.1845000000002,98.6974166666667,10
7063.0,2023-08-21 14:55:00,2023-08-21 15:00:00,2,358.5340000000001,229.96200000000022,38.327000000000034,10
7065.0,2023-08-21 15:10:00,2023-08-21 15:15:00,2,762.239,586.4905000000001,97.74841666666669,10
7067.0,2023-08-21 15:25:00,2023-08-21 15:40:00,4,1416.315,632.8625000000002,210.9541666666667,20
7069.0,2023-08-21 16:00:00,2023-08-21 16:00:00,1,95.1579999999999,95.1579999999999,7.929833333333325,5
7071.0,2023-08-22 07:55:00,2023-08-22 07:55:00,1,82.07799999999997,82.07799999999997,6.839833333333331,5
7073.0,2023-08-22 08:10:00,2023-08-22 08:10:00,1,233.96100000000024,233.96100000000024,19.49675000000002,5
7075.0,2023-08-22 08:30:00,2023-08-22 08:30:00,1,111.67599999999993,111.67599999999993,9.306333333333328,5
7077.0,2023-08-22 09:15:00,2023-08-22 09:15:00,1,498.60199999999986,498.60199999999986,41.550166666666655,5
7079.0,2023-08-22 11:10:00,2023-08-22 11:10:00,1,307.99900000000025,307.99900000000025,25.666583333333353,5
7081.0,2023-08-22 11:30:00,2023-08-22 11:40:00,3,1202.3449999999998,594.632,148.65799999999996,15
7083.0,2023-08-22 12:25:00,2023-08-22 12:25:00,1,321.43100000000004,321.43100000000004,26.78591666666667,5
7085.0,2023-08-22 12:45:00,2023-08-22 12:45:00,1,134.20900000000006,134.20900000000006,11.184083333333337,5
7087.0,2023-08-22 13:10:00,2023-08-22 13:25:00,4,1491.92,917.37175,305.79058333333336,20
7089.0,2023-08-22 13:35:00,2023-08-22 13:35:00,1,45.03600000000006,45.03600000000006,3.7530000000000046,5
7091.0,2023-08-22 13:50:00,2023-08-22 14:15:00,6,987.2730000000001,412.74666666666684,206.3733333333334,30
7093.0,2023-08-22 14:25:00,2023-08-22 14:25:00,1,411.66100000000006,411.66100000000006,34.305083333333336,5
7095.0,2023-08-22 16:45:00,2023-08-22 16:50:00,2,329.7560000000001,237.91800000000012,39.65300000000002,10
7097.0,2023-08-23 09:40:00,2023-08-23 09:40:00,1,280.36500000000024,280.36500000000024,23.363750000000017,5
7099.0,2023-08-23 10:05:00,2023-08-23 10:10:00,2,153.67799999999988,108.17449999999985,18.029083333333308,10
7101.0,2023-08-23 10:20:00,2023-08-23 10:20:00,1,54.43600000000038,54.43600000000038,4.536333333333364,5
7103.0,2023-08-23 10:30:00,2023-08-23 10:40:00,3,347.41100000000006,146.80866666666657,36.70216666666664,15
7105.0,2023-08-23 10:55:00,2023-08-23 10:55:00,1,901.4340000000002,901.4340000000002,75.11950000000002,5
7107.0,2023-08-23 12:05:00,2023-08-23 12:05:00,1,400.2800000000002,400.2800000000002,33.35666666666668,5
7109.0,2023-08-23 12:35:00,2023-08-23 12:55:00,5,1155.699,558.828,232.84499999999997,25
7111.0,2023-08-23 13:05:00,2023-08-23 13:20:00,4,1167.3360000000002,438.94700000000006,146.3156666666667,20
7113.0,2023-08-23 13:55:00,2023-08-23 13:55:00,1,99.65100000000007,99.65100000000007,8.304250000000005,5
7115.0,2023-08-23 14:30:00,2023-08-23 14:30:00,1,158.99999999999977,158.99999999999977,13.24999999999998,5
7117.0,2023-08-23 14:45:00,2023-08-23 14:45:00,1,1042.44,1042.44,86.87,5
7119.0,2023-08-24 08:00:00,2023-08-24 08:20:00,5,1064.4769999999999,444.6503999999997,185.2709999999999,25
7121.0,2023-08-24 12:00:00,2023-08-24 12:05:00,2,542.0,363.0640000000001,60.51066666666668,10
7123.0,2023-08-24 12:55:00,2023-08-24 13:20:00,6,959.219,347.42233333333326,173.71116666666663,30
7125.0,2023-08-24 13:30:00,2023-08-24 13:30:00,1,49.37700000000018,49.37700000000018,4.114750000000015,5
7127.0,2023-08-24 13:50:00,2023-08-24 13:55:00,2,379.00999999999976,222.40049999999985,37.06674999999998,10
7129.0,2023-08-24 14:20:00,2023-08-24 14:25:00,2,922.232,462.789,77.1315,10
7131.0,2023-08-24 14:55:00,2023-08-24 14:55:00,1,157.50800000000027,157.50800000000027,13.125666666666689,5
7133.0,2023-08-24 15:10:00,2023-08-24 15:15:00,2,679.6179999999999,428.21749999999986,71.36958333333331,10
7135.0,2023-08-24 15:35:00,2023-08-24 15:35:00,1,523.915,523.915,43.65958333333333,5
7137.0,2023-08-24 15:55:00,2023-08-24 15:55:00,1,831.2759999999998,831.2759999999998,69.27299999999998,5
7139.0,2023-08-25 08:45:00,2023-08-25 08:45:00,1,653.0990000000002,653.0990000000002,54.424916666666675,5
7141.0,2023-08-25 09:55:00,2023-08-25 10:05:00,3,20.207999999999856,13.777333333333369,3.444333333333342,15
7143.0,2023-08-25 10:20:00,2023-08-25 10:20:00,1,827.4919999999997,827.4919999999997,68.95766666666664,5
7145.0,2023-08-25 11:15:00,2023-08-25 11:20:00,2,170.94000000000005,105.58500000000004,17.597500000000007,10
7147.0,2023-08-25 13:40:00,2023-08-25 13:50:00,3,465.8389999999997,209.00599999999994,52.25149999999998,15
7149.0,2023-08-25 14:10:00,2023-08-25 14:15:00,2,400.586,229.23950000000002,38.206583333333334,10
7151.0,2023-08-25 14:35:00,2023-08-25 14:35:00,1,76.82600000000002,76.82600000000002,6.402166666666668,5
7153.0,2023-08-25 15:10:00,2023-08-25 15:10:00,1,1258.3019999999997,1258.3019999999997,104.85849999999996,5
7155.0,2023-08-25 15:45:00,2023-08-25 15:50:00,2,378.1780000000001,214.59100000000012,35.76516666666669,10
7157.0,2023-08-26 07:20:00,2023-08-26 07:20:00,1,88.82400000000007,88.82400000000007,7.4020000000000055,5
7159.0,2023-08-26 07:40:00,2023-08-26 08:00:00,5,557.751,296.79159999999996,123.66316666666665,25
7161.0,2023-08-26 08:10:00,2023-08-26 08:25:00,4,802.6350000000004,507.4820000000001,169.16066666666669,20
7163.0,2023-08-26 08:50:00,2023-08-26 09:00:00,3,1492.3890000000001,1164.759,291.18975,15
7165.0,2023-08-26 09:10:00,2023-08-26 09:20:00,3,1496.0310000000002,823.6619999999999,205.9155,15
7167.0,2023-08-26 09:40:00,2023-08-26 09:45:00,2,1150.0159999999998,1037.665,172.94416666666663,10
7169.0,2023-08-26 09:55:00,2023-08-26 10:00:00,2,203.57600000000002,124.69299999999998,20.78216666666666,10
7171.0,2023-08-26 10:20:00,2023-08-26 10:20:00,1,29.08400000000006,29.08400000000006,2.4236666666666715,5
7173.0,2023-08-26 11:20:00,2023-08-26 11:35:00,4,438.491,314.6065,104.86883333333333,20
7175.0,2023-08-26 11:45:00,2023-08-26 11:50:00,2,172.48800000000006,92.2595,15.376583333333333,10
7177.0,2023-08-26 12:05:00,2023-08-26 12:20:00,4,901.0449999999998,502.04049999999995,167.3468333333333,20
7179.0,2023-08-26 13:00:00,2023-08-26 13:40:00,9,1496.5649999999998,733.9251111111112,550.4438333333334,45
7181.0,2023-08-26 14:20:00,2023-08-26 14:25:00,2,883.3710000000001,669.4445,111.5740833333333,10
7183.0,2023-08-26 15:00:00,2023-08-26 15:05:00,2,1495.6580000000001,1243.1070000000002,207.1845,10
7185.0,2023-08-26 15:25:00,2023-08-26 15:30:00,2,918.2529999999999,890.0715,148.34525,10
7187.0,2023-08-26 16:00:00,2023-08-26 16:15:00,4,807.7310000000002,635.5355,211.84516666666664,20
7189.0,2023-08-26 16:25:00,2023-08-26 17:10:00,10,960.798,613.3395,511.11625,50
7191.0,2023-08-26 17:20:00,2023-08-26 17:20:00,1,173.327,173.327,14.443916666666667,5
7193.0,2023-08-27 08:30:00,2023-08-27 08:30:00,1,86.356,86.356,7.196333333333333,5
7195.0,2023-08-27 09:00:00,2023-08-27 09:00:00,1,476.8220000000001,476.8220000000001,39.73516666666667,5
7197.0,2023-08-27 09:10:00,2023-08-27 09:20:00,3,317.27600000000007,188.58366666666674,47.14591666666668,15
7199.0,2023-08-27 09:30:00,2023-08-27 09:45:00,4,555.636,306.15675000000005,102.05225000000002,20
7201.0,2023-08-27 09:55:00,2023-08-27 11:25:00,19,1526.94,876.9666842105262,1388.5305833333332,95
7203.0,2023-08-27 11:40:00,2023-08-27 11:50:00,3,411.5719999999999,330.3709999999999,82.59274999999998,15
7205.0,2023-08-27 12:10:00,2023-08-27 12:10:00,1,222.45299999999997,222.45299999999997,18.537749999999996,5
7207.0,2023-08-27 12:35:00,2023-08-27 12:45:00,3,172.22299999999996,100.10233333333342,25.02558333333335,15
7209.0,2023-08-27 13:10:00,2023-08-27 14:00:00,11,818.6660000000002,323.0536363636364,296.1325,55
7211.0,2023-08-27 14:15:00,2023-08-27 14:15:00,1,610.2179999999998,610.2179999999998,50.85149999999999,5
7213.0,2023-08-27 14:45:00,2023-08-27 15:35:00,11,1188.1240000000003,446.2269090909091,409.0413333333333,55
7215.0,2023-08-27 15:55:00,2023-08-27 15:55:00,1,168.64200000000005,168.64200000000005,14.053500000000003,5
7217.0,2023-08-28 09:30:00,2023-08-28 09:30:00,1,9.394999999999982,9.394999999999982,0.7829166666666652,5
7219.0,2023-08-28 09:40:00,2023-08-28 09:40:00,1,521.9979999999998,521.9979999999998,43.499833333333314,5
7221.0,2023-08-28 10:55:00,2023-08-28 11:20:00,6,844.4950000000003,425.63016666666675,212.81508333333338,30
7223.0,2023-08-28 12:15:00,2023-08-28 14:50:00,32,1004.2890000000002,368.59196875,982.9119166666666,160
7225.0,2023-08-28 15:35:00,2023-08-28 15:40:00,2,356.71500000000015,185.50750000000005,30.917916666666674,10
7227.0,2023-08-29 12:25:00,2023-08-29 12:25:00,1,63.85900000000015,63.85900000000015,5.321583333333345,5
7229.0,2023-08-29 13:20:00,2023-08-29 13:20:00,1,126.11999999999989,126.11999999999989,10.509999999999991,5
7231.0,2023-08-29 13:40:00,2023-08-29 13:40:00,1,234.20299999999997,234.20299999999997,19.516916666666663,5
7233.0,2023-08-29 14:35:00,2023-08-29 14:40:00,2,911.5929999999998,644.3214999999999,107.38691666666665,10
7235.0,2023-08-30 08:05:00,2023-08-30 08:10:00,2,369.9369999999999,323.08400000000006,53.84733333333334,10
7237.0,2023-08-30 08:25:00,2023-08-30 08:25:00,1,530.0799999999999,530.0799999999999,44.173333333333325,5
7239.0,2023-08-30 09:05:00,2023-08-30 09:20:00,4,842.1020000000003,785.1045000000001,261.7015,20
7241.0,2023-08-30 09:30:00,2023-08-30 09:35:00,2,847.1579999999999,563.7375,93.95624999999998,10
7243.0,2023-08-30 09:55:00,2023-08-30 10:10:00,4,1336.438,880.4564999999999,293.48549999999994,20
7245.0,2023-08-30 10:30:00,2023-08-30 10:30:00,1,1074.127,1074.127,89.51058333333333,5
7247.0,2023-08-30 10:45:00,2023-08-30 10:55:00,3,1261.841,460.27633333333324,115.06908333333331,15
7249.0,2023-08-30 11:05:00,2023-08-30 11:05:00,1,915.0639999999999,915.0639999999999,76.25533333333331,5
7251.0,2023-08-30 11:15:00,2023-08-30 11:30:00,4,1257.513,779.0550000000001,259.685,20
7253.0,2023-08-30 11:50:00,2023-08-30 12:15:00,6,1511.024,851.7926666666667,425.89633333333336,30
7255.0,2023-08-30 12:25:00,2023-08-30 13:05:00,9,1374.2530000000002,677.4836666666666,508.11275,45
7257.0,2023-08-30 13:30:00,2023-08-30 13:40:00,3,960.4720000000002,545.0369999999999,136.25924999999998,15
7259.0,2023-08-30 13:50:00,2023-08-30 13:55:00,2,1289.7179999999998,1238.6905,206.44841666666665,10
7261.0,2023-08-30 14:15:00,2023-08-30 14:15:00,1,183.28499999999985,183.28499999999985,15.273749999999987,5
7263.0,2023-08-30 14:40:00,2023-08-30 14:50:00,3,1268.5560000000005,809.1786666666667,202.29466666666667,15
7265.0,2023-08-30 15:15:00,2023-08-30 16:55:00,21,1081.1150000000002,603.6341904761905,1056.3598333333334,105
7267.0,2023-08-31 08:00:00,2023-08-31 08:15:00,4,633.1859999999997,279.77924999999993,93.25974999999997,20
7269.0,2023-08-31 09:40:00,2023-08-31 10:25:00,10,1108.386,363.2088,302.674,50
7271.0,2023-08-31 10:35:00,2023-08-31 10:45:00,3,349.65800000000013,328.7560000000001,82.18900000000002,15
7273.0,2023-08-31 11:05:00,2023-08-31 11:15:00,3,579.9110000000001,353.16366666666676,88.29091666666667,15
7275.0,2023-08-31 11:25:00,2023-08-31 11:30:00,2,119.23000000000002,68.17399999999998,11.36233333333333,10
7277.0,2023-08-31 11:40:00,2023-08-31 12:05:00,6,1221.2909999999997,576.0733333333333,288.0366666666666,30
7279.0,2023-08-31 12:15:00,2023-08-31 12:15:00,1,121.49699999999984,121.49699999999984,10.124749999999986,5
7281.0,2023-08-31 12:25:00,2023-08-31 12:30:00,2,719.7489999999998,387.65049999999985,64.60841666666664,10
7283.0,2023-09-01 08:35:00,2023-09-01 08:35:00,1,99.1550000000002,99.1550000000002,8.262916666666683,5
7285.0,2023-09-01 08:45:00,2023-09-01 08:50:00,2,215.19799999999987,196.67349999999988,32.778916666666646,10
7287.0,2023-09-01 09:10:00,2023-09-01 09:20:00,3,779.0039999999999,572.4623333333334,143.11558333333335,15
7289.0,2023-09-01 09:35:00,2023-09-01 10:25:00,11,1125.44,651.7680909090909,597.4540833333334,55
7291.0,2023-09-01 12:30:00,2023-09-01 12:30:00,1,83.83100000000013,83.83100000000013,6.985916666666677,5
7293.0,2023-09-01 13:40:00,2023-09-01 13:40:00,1,31.826000000000022,31.826000000000022,2.6521666666666683,5
7295.0,2023-09-01 14:00:00,2023-09-01 14:00:00,1,94.80999999999995,94.80999999999995,7.9008333333333285,5
7297.0,2023-09-02 08:40:00,2023-09-02 09:20:00,9,1053.7699999999998,518.6281111111111,388.9710833333333,45
7299.0,2023-09-02 09:35:00,2023-09-02 09:35:00,1,388.01199999999994,388.01199999999994,32.334333333333326,5
7301.0,2023-09-02 09:55:00,2023-09-02 09:55:00,1,101.04199999999992,101.04199999999992,8.42016666666666,5
7303.0,2023-09-02 10:30:00,2023-09-02 11:00:00,7,1502.5,304.3374285714286,177.53016666666664,35
7305.0,2023-09-02 11:10:00,2023-09-02 11:10:00,1,163.78500000000008,163.78500000000008,13.648750000000007,5
7307.0,2023-09-02 11:20:00,2023-09-02 11:50:00,7,1467.2129999999997,1352.0511428571426,788.6964999999999,35
7309.0,2023-09-02 12:00:00,2023-09-02 15:00:00,37,1528.936,1294.668891891892,3991.89575,185
7311.0,2023-09-02 15:10:00,2023-09-02 16:35:00,18,858.5490000000002,475.75038888888895,713.6255833333333,90
7313.0,2023-09-03 08:20:00,2023-09-03 12:50:00,55,1568.5369999999998,1055.7158,4838.697416666667,275
7315.0,2023-09-03 13:00:00,2023-09-03 13:55:00,12,1507.2140000000002,1333.8889166666668,1333.8889166666668,60
7317.0,2023-09-03 14:05:00,2023-09-03 16:45:00,33,1510.2570000000003,785.2146666666666,2159.340333333333,165
7319.0,2023-09-04 08:30:00,2023-09-04 16:00:00,91,1122.9499999999998,746.3147692307692,5659.553666666666,455
7321.0,2023-09-05 08:10:00,2023-09-05 16:10:00,97,1465.8919999999998,873.7169896907216,7062.545666666666,485
7323.0,2023-09-06 09:10:00,2023-09-06 12:35:00,42,871.739,567.9575476190477,1987.8514166666666,210
7325.0,2023-09-06 12:45:00,2023-09-06 13:30:00,10,755.6599999999999,554.0350000000001,461.6958333333333,50
7327.0,2023-09-06 13:40:00,2023-09-06 15:05:00,18,708.9389999999999,441.74972222222226,662.6245833333334,90
7329.0,2023-09-06 15:15:00,2023-09-06 15:15:00,1,237.1909999999998,237.1909999999998,19.765916666666648,5
7331.0,2023-09-06 15:25:00,2023-09-06 15:25:00,1,80.22400000000016,80.22400000000016,6.685333333333347,5
7333.0,2023-09-06 15:45:00,2023-09-06 15:45:00,1,8.247000000000298,8.247000000000298,0.6872500000000248,5
7335.0,2023-09-07 09:15:00,2023-09-07 10:00:00,10,573.9649999999997,349.90990000000005,291.59158333333335,50
7337.0,2023-09-07 10:25:00,2023-09-07 10:40:00,4,534.9519999999998,355.81724999999983,118.60574999999993,20
7339.0,2023-09-07 10:55:00,2023-09-07 11:25:00,7,931.7019999999998,473.01928571428556,275.92791666666653,35
7341.0,2023-09-07 11:35:00,2023-09-07 13:00:00,18,932.9850000000001,775.0512777777777,1162.5769166666664,90
7343.0,2023-09-07 13:10:00,2023-09-07 13:15:00,2,692.9760000000001,387.05950000000007,64.50991666666667,10
7345.0,2023-09-07 13:25:00,2023-09-07 13:40:00,4,988.1420000000003,728.16975,242.72325,20
7347.0,2023-09-07 13:50:00,2023-09-07 13:55:00,2,582.1190000000001,510.663,85.1105,10
7349.0,2023-09-07 14:10:00,2023-09-07 14:15:00,2,766.7159999999999,562.6120000000001,93.76866666666668,10
7351.0,2023-09-07 14:40:00,2023-09-07 14:40:00,1,183.07299999999987,183.07299999999987,15.256083333333322,5
7353.0,2023-09-07 15:00:00,2023-09-07 15:10:00,3,321.2710000000002,168.4276666666668,42.10691666666669,15
7355.0,2023-09-07 16:00:00,2023-09-07 16:10:00,3,172.27700000000027,150.6336666666667,37.65841666666667,15
7357.0,2023-09-08 11:15:00,2023-09-08 11:50:00,8,864.9290000000001,295.7141250000001,197.14275000000004,40
7359.0,2023-09-08 12:05:00,2023-09-08 12:30:00,6,975.4540000000002,599.8865000000001,299.94325000000003,30
7361.0,2023-09-08 12:50:00,2023-09-08 12:50:00,1,9.549999999999727,9.549999999999727,0.7958333333333105,5
7363.0,2023-09-08 13:00:00,2023-09-08 15:15:00,28,879.9780000000001,412.9908571428572,963.6453333333334,140
7365.0,2023-09-08 15:25:00,2023-09-08 15:25:00,1,15.561999999999898,15.561999999999898,1.2968333333333248,5
7367.0,2023-09-09 08:20:00,2023-09-09 09:15:00,12,654.296,284.53375,284.53374999999994,60
7369.0,2023-09-09 09:30:00,2023-09-09 09:40:00,3,931.6680000000001,739.9703333333333,184.99258333333336,15
7371.0,2023-09-09 10:00:00,2023-09-09 15:55:00,72,1363.9519999999998,893.1439305555555,5358.863583333333,360
7373.0,2023-09-10 09:00:00,2023-09-10 09:20:00,5,1139.369,433.62639999999993,180.67766666666662,25
7375.0,2023-09-10 10:15:00,2023-09-10 10:50:00,8,1501.801,929.769875,619.8465833333332,40
7377.0,2023-09-10 11:00:00,2023-09-10 11:00:00,1,148.86899999999991,148.86899999999991,12.405749999999992,5
7379.0,2023-09-10 11:15:00,2023-09-10 11:20:00,2,446.047,355.36,59.22666666666667,10
7381.0,2023-09-10 11:35:00,2023-09-10 11:35:00,1,188.0719999999999,188.0719999999999,15.672666666666657,5
7383.0,2023-09-11 10:10:00,2023-09-11 10:10:00,1,441.32699999999977,441.32699999999977,36.77724999999998,5
7385.0,2023-09-11 11:25:00,2023-09-11 11:45:00,5,1085.6529999999998,866.3705999999999,360.98774999999995,25
7387.0,2023-09-11 12:15:00,2023-09-11 12:20:00,2,1053.261,657.5645,109.59408333333332,10
7389.0,2023-09-11 12:30:00,2023-09-11 12:35:00,2,1082.2769999999996,1072.7019999999998,178.78366666666662,10
7391.0,2023-09-11 14:00:00,2023-09-11 14:05:00,2,1012.5259999999998,594.8934999999999,99.14891666666665,10
7393.0,2023-09-11 14:45:00,2023-09-11 14:45:00,1,642.3600000000006,642.3600000000006,53.530000000000044,5
7395.0,2023-09-13 08:45:00,2023-09-13 09:10:00,6,335.7670000000003,179.36183333333352,89.68091666666676,30
7397.0,2023-09-13 09:20:00,2023-09-13 10:10:00,11,1042.1899999999996,756.755,693.6920833333334,55
7399.0,2023-09-13 10:30:00,2023-09-13 10:40:00,3,1138.6390000000001,993.4566666666668,248.36416666666668,15
7401.0,2023-09-13 11:05:00,2023-09-13 11:05:00,1,1074.217,1074.217,89.51808333333334,5
7403.0,2023-09-13 11:15:00,2023-09-13 11:35:00,5,1141.0899999999997,1061.2097999999999,442.17074999999994,25
7405.0,2023-09-13 12:05:00,2023-09-13 12:20:00,4,1091.6650000000004,478.06250000000017,159.3541666666667,20
7407.0,2023-09-13 12:55:00,2023-09-13 13:00:00,2,1055.527,953.4544999999998,158.90908333333329,10
7409.0,2023-09-13 13:10:00,2023-09-13 13:30:00,5,1144.422,745.6357999999999,310.68158333333326,25
7411.0,2023-09-13 13:40:00,2023-09-13 13:40:00,1,1148.8100000000004,1148.8100000000004,95.7341666666667,5
7413.0,2023-09-13 14:05:00,2023-09-13 14:25:00,5,1211.0520000000001,943.6690000000001,393.1954166666667,25
7415.0,2023-09-13 14:35:00,2023-09-13 14:40:00,2,548.9069999999997,525.7099999999998,87.6183333333333,10
7417.0,2023-09-13 15:05:00,2023-09-13 15:05:00,1,428.8409999999999,428.8409999999999,35.73674999999999,5
7419.0,2023-09-14 14:05:00,2023-09-14 14:05:00,1,1143.7019999999998,1143.7019999999998,95.30849999999998,5
7421.0,2023-09-15 11:15:00,2023-09-15 11:15:00,1,48.299999999999955,48.299999999999955,4.024999999999996,5
7423.0,2023-09-15 11:25:00,2023-09-15 12:05:00,9,1142.029,954.892777777778,716.1695833333334,45
7425.0,2023-09-15 12:20:00,2023-09-15 13:10:00,11,1224.299,1043.7136363636364,956.7375,55
7427.0,2023-09-15 13:20:00,2023-09-15 13:20:00,1,376.5930000000003,376.5930000000003,31.382750000000023,5
7429.0,2023-09-15 13:30:00,2023-09-15 13:30:00,1,896.7719999999999,896.7719999999999,74.731,5
7431.0,2023-09-15 13:55:00,2023-09-15 14:00:00,2,1251.471,882.6700000000001,147.11166666666668,10
7433.0,2023-09-15 14:25:00,2023-09-15 14:50:00,6,1137.0090000000005,582.8608333333335,291.43041666666676,30
7435.0,2023-09-15 15:05:00,2023-09-15 15:55:00,11,410.78600000000006,174.72000000000003,160.16000000000003,55
7437.0,2023-09-16 09:15:00,2023-09-16 09:55:00,9,1452.9460000000004,674.6983333333334,506.02375,45
7439.0,2023-09-16 10:35:00,2023-09-16 10:55:00,5,1372.92,550.951,229.5629166666667,25
7441.0,2023-09-16 12:50:00,2023-09-16 13:15:00,6,350.64700000000016,200.8511666666667,100.42558333333335,30
7443.0,2023-09-16 13:25:00,2023-09-16 13:25:00,1,17.235000000000127,17.235000000000127,1.4362500000000105,5
7445.0,2023-09-16 13:35:00,2023-09-16 13:45:00,3,232.9659999999999,143.8763333333333,35.96908333333332,15
7447.0,2023-09-16 14:30:00,2023-09-16 14:45:00,4,584.8339999999998,330.388,110.1293333333333,20
7449.0,2023-09-17 08:40:00,2023-09-17 08:45:00,2,256.4549999999999,210.4654999999999,35.077583333333315,10
7451.0,2023-09-17 08:55:00,2023-09-17 08:55:00,1,55.97199999999998,55.97199999999998,4.664333333333332,5
7453.0,2023-09-17 09:10:00,2023-09-17 09:25:00,4,383.41200000000003,218.36299999999994,72.78766666666664,20
7455.0,2023-09-17 09:40:00,2023-09-17 10:15:00,8,726.8650000000002,342.92587499999996,228.61724999999996,40
7457.0,2023-09-17 10:25:00,2023-09-17 10:40:00,4,405.28800000000024,197.4592500000001,65.81975000000003,20
7459.0,2023-09-17 10:50:00,2023-09-17 11:25:00,8,520.4970000000001,333.6695,222.44633333333334,40
7461.0,2023-09-17 11:35:00,2023-09-17 11:55:00,5,348.88800000000015,163.80440000000007,68.25183333333337,25
7463.0,2023-09-17 12:20:00,2023-09-17 13:15:00,12,882.982,294.309,294.30899999999997,60
7465.0,2023-09-17 13:25:00,2023-09-17 13:40:00,4,264.105,149.4835,49.82783333333333,20
7467.0,2023-09-18 08:45:00,2023-09-18 08:45:00,1,850.1160000000004,850.1160000000004,70.84300000000003,5
7469.0,2023-09-18 11:30:00,2023-09-18 11:30:00,1,6.457999999999629,6.457999999999629,0.5381666666666357,5
7471.0,2023-09-18 11:40:00,2023-09-18 11:40:00,1,87.11099999999988,87.11099999999988,7.259249999999989,5
7473.0,2023-09-18 11:50:00,2023-09-18 11:55:00,2,741.9229999999998,673.6885,112.28141666666666,10
7475.0,2023-09-18 12:15:00,2023-09-18 12:15:00,1,513.9250000000002,513.9250000000002,42.82708333333335,5
7477.0,2023-09-18 13:20:00,2023-09-18 13:35:00,4,1169.199,814.14425,271.38141666666667,20
7479.0,2023-09-18 13:50:00,2023-09-18 14:05:00,4,1027.0190000000002,778.385,259.46166666666664,20
7481.0,2023-09-18 14:35:00,2023-09-18 14:45:00,3,887.8040000000001,755.1743333333334,188.79358333333334,15
7483.0,2023-09-18 14:55:00,2023-09-18 14:55:00,1,571.4119999999998,571.4119999999998,47.61766666666665,5
7485.0,2023-09-18 15:15:00,2023-09-18 15:15:00,1,188.94500000000016,188.94500000000016,15.74541666666668,5
7487.0,2023-09-18 15:25:00,2023-09-18 15:25:00,1,478.6199999999999,478.6199999999999,39.88499999999999,5
7489.0,2023-09-18 15:35:00,2023-09-18 15:35:00,1,181.74400000000014,181.74400000000014,15.145333333333344,5
7491.0,2023-09-20 01:35:00,2023-09-20 01:35:00,1,83.4380000000001,83.4380000000001,6.953166666666675,5
7493.0,2023-09-20 02:50:00,2023-09-20 02:50:00,1,28.322000000000116,28.322000000000116,2.360166666666676,5
7495.0,2023-09-20 10:05:00,2023-09-20 10:05:00,1,32.83100000000013,32.83100000000013,2.7359166666666774,5
7497.0,2023-09-20 11:45:00,2023-09-20 11:45:00,1,32.31100000000015,32.31100000000015,2.6925833333333458,5
7499.0,2023-09-21 09:00:00,2023-09-21 09:55:00,12,706.9939999999997,325.99058333333323,325.99058333333323,60
7501.0,2023-09-21 10:05:00,2023-09-21 11:00:00,12,934.7340000000004,566.7584999999999,566.7584999999999,60
7503.0,2023-09-21 11:15:00,2023-09-21 11:25:00,3,908.5720000000001,716.9136666666667,179.22841666666665,15
7505.0,2023-09-21 11:40:00,2023-09-21 11:55:00,4,905.9180000000001,529.17825,176.39275,20
7507.0,2023-09-21 12:05:00,2023-09-21 12:25:00,5,1014.9110000000001,921.9634000000002,384.1514166666667,25
7509.0,2023-09-21 13:15:00,2023-09-21 13:25:00,3,939.8950000000004,548.3476666666669,137.0869166666667,15
7511.0,2023-09-21 14:05:00,2023-09-21 14:05:00,1,275.95899999999983,275.95899999999983,22.99658333333332,5
7513.0,2023-09-21 14:25:00,2023-09-21 14:40:00,4,960.768,691.7747499999999,230.5915833333333,20
7515.0,2023-09-21 14:55:00,2023-09-21 15:05:00,3,255.97400000000016,224.05566666666678,56.013916666666695,15
7517.0,2023-09-21 15:25:00,2023-09-21 15:25:00,1,254.21399999999994,254.21399999999994,21.184499999999993,5
7519.0,2023-09-21 15:35:00,2023-09-21 15:35:00,1,98.91300000000001,98.91300000000001,8.242750000000001,5
7521.0,2023-09-22 08:50:00,2023-09-22 08:50:00,1,30.684000000000196,30.684000000000196,2.5570000000000164,5
7523.0,2023-09-22 09:10:00,2023-09-22 09:15:00,2,137.7220000000002,73.08550000000014,12.180916666666688,10
7525.0,2023-09-22 10:55:00,2023-09-22 11:05:00,3,349.27800000000025,267.0306666666667,66.75766666666667,15
7527.0,2023-09-22 11:15:00,2023-09-22 11:30:00,4,593.8510000000001,344.73575000000005,114.91191666666668,20
7529.0,2023-09-22 11:40:00,2023-09-22 12:10:00,7,1388.8680000000004,657.6548571428573,383.63200000000006,35
7531.0,2023-09-22 12:20:00,2023-09-22 12:25:00,2,1214.0930000000003,842.4305000000002,140.40508333333335,10
7533.0,2023-09-22 12:35:00,2023-09-22 13:40:00,14,1375.5530000000003,645.1087857142857,752.6269166666666,70
7535.0,2023-09-22 14:40:00,2023-09-22 14:40:00,1,22.848999999999705,22.848999999999705,1.9040833333333087,5
7537.0,2023-09-23 07:50:00,2023-09-23 07:55:00,2,195.86799999999994,116.42349999999999,19.403916666666664,10
7539.0,2023-09-23 08:05:00,2023-09-23 10:10:00,26,1430.1240000000003,691.357576923077,1497.9414166666668,130
7541.0,2023-09-23 10:20:00,2023-09-23 10:20:00,1,1428.882,1428.882,119.0735,5
7543.0,2023-09-23 10:35:00,2023-09-23 11:20:00,10,1400.7759999999998,667.1209,555.9340833333333,50
7545.0,2023-09-23 11:40:00,2023-09-23 11:40:00,1,309.1629999999998,309.1629999999998,25.763583333333315,5
7547.0,2023-09-23 11:50:00,2023-09-23 11:50:00,1,98.48400000000015,98.48400000000015,8.207000000000011,5
7549.0,2023-09-23 12:15:00,2023-09-23 12:30:00,4,645.0349999999999,332.419,110.80633333333331,20
7551.0,2023-09-23 12:55:00,2023-09-23 13:00:00,2,811.6689999999999,430.20799999999997,71.70133333333332,10
7553.0,2023-09-23 13:10:00,2023-09-23 14:20:00,15,1453.5260000000003,883.8348666666667,1104.7935833333333,75
7555.0,2023-09-23 14:40:00,2023-09-23 15:55:00,16,1335.4029999999998,605.0040625,806.6720833333333,80
7557.0,2023-09-24 02:25:00,2023-09-24 02:25:00,1,72.29299999999989,72.29299999999989,6.024416666666657,5
7559.0,2023-09-24 10:40:00,2023-09-24 10:55:00,4,338.93000000000006,193.04675000000003,64.34891666666667,20
7561.0,2023-09-24 12:20:00,2023-09-24 12:50:00,7,627.182,286.02242857142863,166.8464166666667,35
7563.0,2023-09-24 13:00:00,2023-09-24 13:00:00,1,28.283999999999878,28.283999999999878,2.3569999999999895,5
7565.0,2023-09-24 13:20:00,2023-09-24 14:35:00,16,1287.0890000000004,936.1445625,1248.19275,80
7567.0,2023-09-24 14:45:00,2023-09-24 14:50:00,2,558.3,301.44899999999996,50.24149999999999,10
7569.0,2023-09-24 15:10:00,2023-09-24 15:25:00,4,1328.949,861.4472499999999,287.1490833333333,20
7571.0,2023-09-24 16:40:00,2023-09-24 16:45:00,2,187.58899999999994,145.79099999999983,24.29849999999997,10
7573.0,2023-09-24 20:55:00,2023-09-24 20:55:00,1,9.813000000000102,9.813000000000102,0.8177500000000084,5
7575.0,2023-09-24 21:50:00,2023-09-24 21:50:00,1,5.286000000000058,5.286000000000058,0.44050000000000483,5
7577.0,2023-09-25 08:55:00,2023-09-25 09:10:00,4,544.0970000000002,329.6957500000001,109.89858333333336,20
7579.0,2023-09-25 09:20:00,2023-09-25 09:40:00,5,517.6329999999998,448.64619999999996,186.93591666666663,25
7581.0,2023-09-25 11:00:00,2023-09-25 11:10:00,3,1117.5059999999999,767.505,191.87625,15
7583.0,2023-09-25 11:20:00,2023-09-25 11:20:00,1,44.483000000000175,44.483000000000175,3.706916666666681,5
7585.0,2023-09-25 11:30:00,2023-09-25 13:00:00,19,1338.1480000000001,817.5930526315789,1294.522333333333,95
7587.0,2023-09-25 13:15:00,2023-09-25 14:25:00,15,901.7960000000003,612.8863333333334,766.1079166666666,75
7589.0,2023-09-25 14:40:00,2023-09-25 14:40:00,1,450.25199999999995,450.25199999999995,37.520999999999994,5
7591.0,2023-09-25 14:55:00,2023-09-25 15:00:00,2,102.53999999999996,102.2460000000001,17.041000000000015,10
7593.0,2023-09-25 15:10:00,2023-09-25 15:10:00,1,13.109000000000378,13.109000000000378,1.0924166666666981,5
7595.0,2023-09-26 13:25:00,2023-09-26 13:25:00,1,384.50499999999965,384.50499999999965,32.0420833333333,5
7597.0,2023-09-26 13:40:00,2023-09-26 13:40:00,1,1227.4070000000002,1227.4070000000002,102.28391666666667,5
7599.0,2023-09-26 15:00:00,2023-09-26 15:10:00,3,669.594,283.91466666666656,70.97866666666664,15
7601.0,2023-09-26 15:30:00,2023-09-26 15:35:00,2,121.71500000000015,88.9865000000002,14.831083333333368,10
7603.0,2023-09-27 15:00:00,2023-09-27 15:05:00,2,1499.2600000000007,1206.9740000000004,201.16233333333338,10
7605.0,2023-09-27 15:15:00,2023-09-27 15:15:00,1,1054.828,1054.828,87.90233333333333,5
7607.0,2023-09-27 15:30:00,2023-09-27 15:30:00,1,383.174,383.174,31.931166666666662,5
7609.0,2023-09-27 15:40:00,2023-09-27 15:45:00,2,735.7080000000001,377.22500000000014,62.87083333333335,10
7611.0,2023-09-28 12:05:00,2023-09-28 12:05:00,1,586.9299999999998,586.9299999999998,48.910833333333315,5
7613.0,2023-09-29 09:00:00,2023-09-29 09:05:00,2,65.18899999999985,42.957999999999856,7.159666666666642,10
7615.0,2023-09-29 09:15:00,2023-09-29 10:25:00,15,1120.522,585.7694666666665,732.2118333333332,75
7617.0,2023-09-29 10:35:00,2023-09-29 10:40:00,2,634.5009999999997,401.61749999999984,66.93624999999997,10
7619.0,2023-09-29 10:50:00,2023-09-29 11:35:00,10,1386.0439999999999,709.9085000000001,591.5904166666667,50
7621.0,2023-09-29 11:45:00,2023-09-29 12:10:00,6,1565.3740000000003,962.4346666666667,481.2173333333334,30
7623.0,2023-09-29 12:20:00,2023-09-29 13:00:00,9,1588.9790000000003,634.8683333333333,476.15125000000006,45
7625.0,2023-09-29 13:15:00,2023-09-29 14:00:00,10,1676.1109999999999,978.4669000000001,815.3890833333334,50
7627.0,2023-09-29 14:15:00,2023-09-29 14:15:00,1,1111.9789999999998,1111.9789999999998,92.66491666666664,5
7629.0,2023-09-29 14:45:00,2023-09-29 15:30:00,10,874.7629999999999,511.8965000000001,426.58041666666674,50
7631.0,2023-09-30 10:05:00,2023-09-30 10:05:00,1,355.4960000000001,355.4960000000001,29.624666666666673,5
7633.0,2023-10-02 11:15:00,2023-10-02 11:15:00,1,1057.8809999999999,1057.8809999999999,88.15674999999999,5
7635.0,2023-10-03 08:55:00,2023-10-03 12:10:00,40,3188.980280922937,1695.8114003820397,5652.704667940131,200
7637.0,2023-10-03 12:30:00,2023-10-03 12:30:00,1,118.64972290419382,118.64972290419382,9.887476908682817,5
7639.0,2023-10-03 12:50:00,2023-10-03 12:55:00,2,188.42310314275005,177.554982219939,29.5924970366565,10
7641.0,2023-10-03 13:05:00,2023-10-03 13:35:00,7,1532.5994001560555,977.7352313569572,570.3455516248916,35
7643.0,2023-10-03 13:50:00,2023-10-03 13:50:00,1,186.33072622715986,186.33072622715986,15.527560518929988,5
7645.0,2023-10-03 14:05:00,2023-10-03 14:05:00,1,42.36229697423187,42.36229697423187,3.5301914145193223,5
7647.0,2023-10-03 14:25:00,2023-10-03 14:25:00,1,98.66815656974086,98.66815656974086,8.222346380811738,5
7649.0,2023-10-04 09:05:00,2023-10-04 09:10:00,2,842.6298325137079,584.5519526324049,97.42532543873413,10
7651.0,2023-10-04 09:40:00,2023-10-04 10:40:00,13,2032.5961626784326,679.0119384045909,735.5962666049734,65
7653.0,2023-10-04 10:55:00,2023-10-04 15:20:00,54,3361.7943329883174,1178.2687909873819,5302.209559443218,270
7655.0,2023-10-04 15:30:00,2023-10-04 15:30:00,1,35.679215627312715,35.679215627312715,2.973267968942726,5
7657.0,2023-10-06 10:30:00,2023-10-06 10:40:00,3,443.1970000000001,244.63100000000017,61.157750000000036,15
7659.0,2023-10-06 11:00:00,2023-10-06 11:00:00,1,453.10899999999947,453.10899999999947,37.75908333333329,5
7661.0,2023-10-06 12:10:00,2023-10-06 12:15:00,2,916.5590000000002,753.925,125.65416666666664,10
7663.0,2023-10-06 13:00:00,2023-10-06 13:10:00,3,629.886,316.44300000000004,79.11075000000001,15
7665.0,2023-10-06 13:35:00,2023-10-06 13:35:00,1,182.7739999999999,182.7739999999999,15.231166666666656,5
7667.0,2023-10-07 08:35:00,2023-10-07 08:35:00,1,6.626999999999953,6.626999999999953,0.552249999999996,5
7669.0,2023-10-07 09:30:00,2023-10-07 10:10:00,9,995.406,365.03166666666675,273.77375,45
7671.0,2023-10-07 10:40:00,2023-10-07 10:40:00,1,49.593000000000075,49.593000000000075,4.132750000000006,5
7673.0,2023-10-07 11:25:00,2023-10-07 11:25:00,1,138.1719999999998,138.1719999999998,11.514333333333315,5
7675.0,2023-10-07 12:00:00,2023-10-07 12:25:00,6,1504.7160000000001,855.4836666666666,427.74183333333326,30
7677.0,2023-10-07 13:00:00,2023-10-07 13:10:00,3,671.6109999999999,320.531,80.13275,15
7679.0,2023-10-08 09:05:00,2023-10-08 09:05:00,1,133.28399999999988,133.28399999999988,11.106999999999989,5
7681.0,2023-10-08 09:25:00,2023-10-08 09:45:00,5,1053.0349999999999,679.1548,282.98116666666664,25
7683.0,2023-10-08 09:55:00,2023-10-08 10:05:00,3,950.2130000000002,829.3376666666667,207.33441666666667,15
7685.0,2023-10-08 10:35:00,2023-10-08 12:35:00,25,1718.9260000000002,1118.4641199999999,2330.1335833333333,125
7687.0,2023-10-08 12:50:00,2023-10-08 12:50:00,1,169.80899999999974,169.80899999999974,14.150749999999977,5
7689.0,2023-10-08 13:00:00,2023-10-08 13:00:00,1,246.42599999999993,246.42599999999993,20.535499999999992,5
7691.0,2023-10-08 13:15:00,2023-10-08 14:10:00,12,1190.5309999999997,840.8489999999998,840.8489999999998,60
7693.0,2023-10-08 14:25:00,2023-10-08 14:25:00,1,491.3019999999999,491.3019999999999,40.94183333333332,5
7695.0,2023-10-08 14:35:00,2023-10-08 14:50:00,4,598.154,413.32050000000004,137.7735,20
7697.0,2023-10-09 12:25:00,2023-10-09 12:25:00,1,533.5169999999998,533.5169999999998,44.459749999999985,5
7699.0,2023-10-09 12:40:00,2023-10-09 12:50:00,3,620.3720000000003,319.6253333333336,79.90633333333338,15
7701.0,2023-10-09 13:30:00,2023-10-09 13:30:00,1,205.29100000000017,205.29100000000017,17.107583333333345,5
7703.0,2023-10-09 13:40:00,2023-10-09 13:45:00,2,130.9989999999998,105.1579999999999,17.526333333333316,10
7705.0,2023-10-11 10:25:00,2023-10-11 10:25:00,1,279.6890000000003,279.6890000000003,23.30741666666669,5
7707.0,2023-10-12 11:20:00,2023-10-12 11:45:00,6,976.7259999999997,472.5273333333333,236.26366666666664,30
7709.0,2023-10-12 12:00:00,2023-10-12 12:00:00,1,432.7649999999999,432.7649999999999,36.063749999999985,5
7711.0,2023-10-14 09:00:00,2023-10-14 09:40:00,9,560.915,323.7121111111111,242.7840833333333,45
7713.0,2023-10-14 09:55:00,2023-10-14 10:15:00,5,1071.285,787.07,327.9458333333334,25
7715.0,2023-10-14 10:25:00,2023-10-14 10:55:00,7,1494.9620000000004,1280.604,747.019,35
7717.0,2023-10-14 11:15:00,2023-10-14 11:30:00,4,1418.7930000000001,618.47425,206.1580833333333,20
7719.0,2023-10-14 11:40:00,2023-10-14 11:55:00,4,1833.139,813.7032499999999,271.2344166666666,20
7721.0,2023-10-14 12:10:00,2023-10-14 12:30:00,5,1621.9449999999997,859.7059999999999,358.2108333333333,25
7723.0,2023-10-14 13:10:00,2023-10-14 13:30:00,5,1493.097,1023.9950000000001,426.6645833333333,25
7725.0,2023-10-14 14:20:00,2023-10-14 14:25:00,2,1491.975,1432.4389999999999,238.7398333333333,10
7727.0,2023-10-14 14:35:00,2023-10-14 14:45:00,3,1226.8239999999998,1165.858,291.46449999999993,15
7729.0,2023-10-14 15:00:00,2023-10-14 15:10:00,3,215.54700000000003,155.0596666666667,38.76491666666667,15
7731.0,2023-10-15 09:05:00,2023-10-15 15:00:00,72,1496.6180000000004,971.8994027777777,5831.3964166666665,360
7733.0,2023-10-16 13:00:00,2023-10-16 13:10:00,3,395.6410000000001,264.5513333333335,66.13783333333336,15
7735.0,2023-10-17 09:55:00,2023-10-17 10:00:00,2,131.96399999999994,95.08950000000004,15.848250000000007,10
7737.0,2023-10-17 10:30:00,2023-10-17 10:30:00,1,167.86400000000003,167.86400000000003,13.988666666666669,5
7739.0,2023-10-17 10:40:00,2023-10-17 10:40:00,1,435.08600000000024,435.08600000000024,36.257166666666684,5
7741.0,2023-10-17 10:55:00,2023-10-17 14:30:00,44,1541.5069999999996,1011.4630909090909,3708.698,220
7743.0,2023-10-17 14:45:00,2023-10-17 14:45:00,1,394.22000000000025,394.22000000000025,32.85166666666669,5
7745.0,2023-10-17 22:25:00,2023-10-17 22:25:00,1,38.88000000000011,38.88000000000011,3.240000000000009,5
7747.0,2023-10-17 23:40:00,2023-10-17 23:40:00,1,36.66000000000008,36.66000000000008,3.055000000000007,5
7749.0,2023-10-18 00:00:00,2023-10-18 00:00:00,1,217.09300000000007,217.09300000000007,18.091083333333337,5
7751.0,2023-10-18 09:20:00,2023-10-18 09:20:00,1,532.4200000000001,532.4200000000001,44.36833333333334,5
7753.0,2023-10-18 09:40:00,2023-10-18 09:50:00,3,286.826,199.8639999999999,49.965999999999966,15
7755.0,2023-10-18 10:00:00,2023-10-18 10:10:00,3,932.1399999999994,718.0069999999997,179.50174999999993,15
7757.0,2023-10-18 10:35:00,2023-10-18 10:45:00,3,600.7280000000001,300.1956666666668,75.0489166666667,15
7759.0,2023-10-18 11:05:00,2023-10-18 11:55:00,11,1430.159,860.0851818181818,788.4114166666667,55
7761.0,2023-10-18 12:10:00,2023-10-18 12:10:00,1,186.3090000000002,186.3090000000002,15.525750000000016,5
7763.0,2023-10-18 12:40:00,2023-10-18 12:40:00,1,174.67700000000013,174.67700000000013,14.556416666666678,5
7765.0,2023-10-18 12:50:00,2023-10-18 13:00:00,3,467.80399999999963,318.66499999999996,79.66624999999999,15
7767.0,2023-10-18 13:15:00,2023-10-18 13:20:00,2,133.91400000000021,105.65350000000035,17.608916666666723,10
7769.0,2023-10-18 13:30:00,2023-10-18 13:30:00,1,118.92499999999973,118.92499999999973,9.910416666666643,5
7771.0,2023-10-18 13:40:00,2023-10-18 13:40:00,1,167.78200000000015,167.78200000000015,13.981833333333345,5
7773.0,2023-10-19 10:20:00,2023-10-19 10:20:00,1,296.0329999999999,296.0329999999999,24.669416666666656,5
7775.0,2023-10-19 10:35:00,2023-10-19 10:35:00,1,134.4670000000001,134.4670000000001,11.20558333333334,5
7777.0,2023-10-19 10:45:00,2023-10-19 10:45:00,1,152.01900000000023,152.01900000000023,12.668250000000018,5
7779.0,2023-10-19 10:55:00,2023-10-19 10:55:00,1,147.02100000000019,147.02100000000019,12.251750000000015,5
7781.0,2023-10-19 11:50:00,2023-10-19 11:55:00,2,1241.2480000000005,929.2860000000001,154.881,10
7783.0,2023-10-19 12:15:00,2023-10-19 12:15:00,1,574.029,574.029,47.83575,5
7785.0,2023-10-19 12:45:00,2023-10-19 12:45:00,1,855.8960000000002,855.8960000000002,71.32466666666667,5
7787.0,2023-10-19 13:25:00,2023-10-19 13:25:00,1,221.71799999999985,221.71799999999985,18.476499999999987,5
7789.0,2023-10-21 11:55:00,2023-10-21 11:55:00,1,465.9459999999999,465.9459999999999,38.82883333333332,5
7791.0,2023-10-21 12:05:00,2023-10-21 12:30:00,6,271.4169999999999,147.50750000000002,73.75375,30
7793.0,2023-10-21 13:25:00,2023-10-21 13:35:00,3,626.4949999999999,381.37433333333325,95.34358333333331,15
7795.0,2023-10-22 09:05:00,2023-10-22 10:05:00,13,958.8029999999999,510.79630769230766,553.3626666666667,65
7797.0,2023-10-22 10:15:00,2023-10-22 11:00:00,10,1494.2369999999999,1249.6973,1041.4144166666665,50
7799.0,2023-10-22 11:10:00,2023-10-22 11:30:00,5,1499.559,1076.6327999999999,448.5969999999999,25
7801.0,2023-10-22 11:45:00,2023-10-22 12:10:00,6,1504.7380000000003,1183.0991666666666,591.5495833333332,30
7803.0,2023-10-22 12:20:00,2023-10-22 12:25:00,2,567.7369999999999,306.28049999999985,51.046749999999975,10
7805.0,2023-10-22 12:55:00,2023-10-22 12:55:00,1,500.5219999999997,500.5219999999997,41.71016666666664,5
7807.0,2023-10-22 14:10:00,2023-10-22 14:15:00,2,580.9510000000002,444.34350000000006,74.05725000000001,10
7809.0,2023-10-22 14:25:00,2023-10-22 14:25:00,1,302.8610000000001,302.8610000000001,25.238416666666673,5
7811.0,2023-10-26 13:20:00,2023-10-26 13:20:00,1,461.1749999999997,461.1749999999997,38.43124999999998,5
7813.0,2023-10-26 13:30:00,2023-10-26 13:30:00,1,203.6619999999998,203.6619999999998,16.971833333333315,5
7815.0,2023-10-28 12:20:00,2023-10-28 12:20:00,1,178.13199999999983,178.13199999999983,14.844333333333319,5
7817.0,2023-10-28 12:30:00,2023-10-28 12:35:00,2,342.0200000000002,261.7875,43.63125,10
7819.0,2023-10-28 12:45:00,2023-10-28 12:45:00,1,21.03800000000001,21.03800000000001,1.7531666666666674,5
7821.0,2023-10-28 13:15:00,2023-10-28 13:35:00,5,576.1320000000001,285.8333999999999,119.09724999999997,25
7823.0,2023-10-28 14:05:00,2023-10-28 14:15:00,3,497.2320000000002,415.8456666666668,103.96141666666668,15
7825.0,2023-10-29 08:05:00,2023-10-29 12:55:00,59,2374.682639912944,1289.8999821120553,6342.0082453842715,295
7827.0,2023-10-29 13:05:00,2023-10-29 14:45:00,21,1186.0539114374628,609.684878553873,1066.9485374692777,105
7829.0,2023-10-30 10:05:00,2023-10-30 10:10:00,2,246.8548415819996,208.06155710263738,34.67692618377289,10
7831.0,2023-10-30 10:20:00,2023-10-30 10:20:00,1,107.18617833097778,107.18617833097778,8.93218152758148,5
7833.0,2023-10-31 12:30:00,2023-10-31 12:30:00,1,109.75457362500583,109.75457362500583,9.146214468750486,5
7835.0,2023-10-31 12:40:00,2023-10-31 12:45:00,2,110.39497313716129,95.47377675882012,15.91229612647002,10
7837.0,2023-10-31 13:35:00,2023-10-31 13:50:00,4,338.17809159912736,194.41654442504648,64.80551480834882,20
7839.0,2023-11-01 12:10:00,2023-11-01 12:15:00,2,1734.4899999999998,1050.8864999999998,175.14774999999995,10
7841.0,2023-11-01 12:25:00,2023-11-01 12:25:00,1,450.9149999999995,450.9149999999995,37.57624999999996,5
7843.0,2023-11-01 13:35:00,2023-11-01 13:45:00,3,961.9839999999999,737.6713333333333,184.41783333333333,15
7845.0,2023-11-01 13:55:00,2023-11-01 13:55:00,1,115.54500000000007,115.54500000000007,9.628750000000005,5
7847.0,2023-11-03 10:25:00,2023-11-03 10:25:00,1,58.19999999999982,58.19999999999982,4.8499999999999845,5
7849.0,2023-11-03 11:05:00,2023-11-03 11:05:00,1,145.24000000000024,145.24000000000024,12.103333333333353,5
7851.0,2023-11-03 11:40:00,2023-11-03 11:50:00,3,1042.0230000000001,936.1333333333333,234.0333333333333,15
7853.0,2023-11-03 12:45:00,2023-11-03 13:00:00,4,920.7469999999998,578.6012499999998,192.86708333333326,20
7855.0,2023-11-05 09:35:00,2023-11-05 09:35:00,1,90.32899999999995,90.32899999999995,7.527416666666662,5
7857.0,2023-11-05 09:55:00,2023-11-05 10:00:00,2,1038.5599999999997,766.4624999999997,127.74374999999995,10
7859.0,2023-11-05 10:40:00,2023-11-05 10:45:00,2,1489.4050000000002,1075.3555000000001,179.22591666666665,10
7861.0,2023-11-05 13:00:00,2023-11-05 13:10:00,3,1282.4040000000002,902.7156666666666,225.67891666666668,15
7863.0,2023-11-05 13:50:00,2023-11-05 14:15:00,6,796.9050000000002,437.8546666666668,218.9273333333334,30
7865.0,2023-11-06 11:10:00,2023-11-06 11:20:00,3,660.5060000000003,351.9286666666667,87.98216666666667,15
7867.0,2023-11-06 11:55:00,2023-11-06 12:00:00,2,497.69900000000007,330.2550000000001,55.04250000000002,10
7869.0,2023-11-06 12:35:00,2023-11-06 12:35:00,1,474.2629999999999,474.2629999999999,39.521916666666655,5
7871.0,2023-11-07 12:10:00,2023-11-07 12:10:00,1,233.28899999999976,233.28899999999976,19.44074999999998,5
7873.0,2023-11-11 10:30:00,2023-11-11 10:45:00,4,66.53899999999999,38.61899999999997,12.87299999999999,20
7875.0,2023-11-11 11:10:00,2023-11-11 11:25:00,4,458.2410000000002,429.11525000000006,143.03841666666668,20
7877.0,2023-11-11 11:50:00,2023-11-11 12:00:00,3,536.2220000000002,518.3316666666667,129.58291666666668,15
7879.0,2023-11-11 12:25:00,2023-11-11 12:35:00,3,427.91599999999994,418.90366666666677,104.72591666666668,15
7881.0,2023-11-11 13:00:00,2023-11-11 13:15:00,4,305.85699999999997,256.32025000000004,85.44008333333335,20
7883.0,2023-11-11 13:40:00,2023-11-11 13:45:00,2,30.044999999999845,16.57849999999985,2.763083333333308,10
7885.0,2023-11-13 05:30:00,2023-11-13 05:30:00,1,36.777000000000044,36.777000000000044,3.0647500000000036,5
7887.0,2023-11-13 10:30:00,2023-11-13 10:30:00,1,254.89999999999964,254.89999999999964,21.241666666666635,5
7889.0,2023-11-13 10:40:00,2023-11-13 10:40:00,1,188.0540000000001,188.0540000000001,15.671166666666673,5
7891.0,2023-11-13 11:40:00,2023-11-13 11:40:00,1,601.7839999999997,601.7839999999997,50.148666666666635,5
7893.0,2023-11-13 12:10:00,2023-11-13 12:20:00,3,617.0259999999998,454.7046666666665,113.67616666666663,15
7895.0,2023-11-13 12:30:00,2023-11-13 12:35:00,2,180.52300000000014,146.24250000000006,24.37375000000001,10
7897.0,2023-11-13 12:45:00,2023-11-13 12:50:00,2,273.96900000000005,222.35150000000021,37.05858333333337,10
7899.0,2023-11-13 14:05:00,2023-11-13 14:05:00,1,224.1859999999997,224.1859999999997,18.68216666666664,5
7901.0,2023-11-23 01:45:00,2023-11-23 01:45:00,1,40.22499999999991,40.22499999999991,3.3520833333333258,5
7903.0,2023-11-23 10:50:00,2023-11-23 10:50:00,1,8.728000000000065,8.728000000000065,0.7273333333333387,5
7905.0,2023-12-09 12:25:00,2023-12-09 12:25:00,1,801.94,801.94,66.82833333333333,5
7907.0,2023-12-09 13:10:00,2023-12-09 13:10:00,1,415.3729999999998,415.3729999999998,34.61441666666665,5
7909.0,2023-12-09 13:45:00,2023-12-09 13:55:00,3,520.6769999999999,404.1483333333333,101.03708333333333,15
7911.0,2023-12-09 14:35:00,2023-12-09 14:35:00,1,124.2940000000001,124.2940000000001,10.35783333333334,5
7913.0,2023-12-10 00:10:00,2023-12-10 00:20:00,3,59.634000000000015,38.80699999999994,9.701749999999985,15
7915.0,2023-12-11 00:40:00,2023-12-11 00:40:00,1,21.587999999999965,21.587999999999965,1.798999999999997,5
7917.0,2023-12-16 11:20:00,2023-12-16 11:20:00,1,30.19399999999996,30.19399999999996,2.5161666666666633,5
7919.0,2023-12-16 11:35:00,2023-12-16 11:35:00,1,104.75699999999983,104.75699999999983,8.729749999999985,5
7921.0,2023-12-16 12:00:00,2023-12-16 12:15:00,4,576.8220000000001,291.6417500000001,97.2139166666667,20
7923.0,2023-12-16 12:25:00,2023-12-16 12:25:00,1,343.36299999999983,343.36299999999983,28.613583333333317,5
7925.0,2023-12-16 13:00:00,2023-12-16 13:00:00,1,38.13300000000004,38.13300000000004,3.177750000000003,5
7927.0,2023-12-16 13:50:00,2023-12-16 13:50:00,1,201.86299999999983,201.86299999999983,16.821916666666652,5
7929.0,2023-12-16 14:40:00,2023-12-16 14:40:00,1,274.3989999999999,274.3989999999999,22.866583333333324,5
7931.0,2023-12-20 20:10:00,2023-12-20 20:10:00,1,51.25,51.25,4.270833333333333,5
7933.0,2023-12-20 23:00:00,2023-12-20 23:00:00,1,96.16100000000006,96.16100000000006,8.013416666666672,5
7935.0,2023-12-20 23:40:00,2023-12-20 23:40:00,1,150.84699999999998,150.84699999999998,12.570583333333332,5
7937.0,2023-12-20 23:50:00,2023-12-20 23:50:00,1,43.51299999999992,43.51299999999992,3.6260833333333267,5
7939.0,2023-12-21 00:25:00,2023-12-21 00:30:00,2,255.83399999999983,139.0005,23.166749999999997,10
7941.0,2023-12-21 01:00:00,2023-12-21 01:00:00,1,53.184999999999945,53.184999999999945,4.4320833333333285,5
7943.0,2023-12-21 02:15:00,2023-12-21 02:20:00,2,336.62099999999987,280.8414999999999,46.806916666666645,10
7945.0,2023-12-21 03:10:00,2023-12-21 03:10:00,1,212.7829999999999,212.7829999999999,17.731916666666656,5
7947.0,2023-12-21 05:30:00,2023-12-21 05:40:00,3,121.43500000000017,80.88400000000017,20.22100000000004,15
7949.0,2023-12-21 10:20:00,2023-12-21 10:20:00,1,95.93099999999959,95.93099999999959,7.994249999999965,5
7951.0,2023-12-21 11:20:00,2023-12-21 11:20:00,1,182.77100000000019,182.77100000000019,15.230916666666682,5
7953.0,2023-12-21 12:45:00,2023-12-21 12:45:00,1,263.30099999999993,263.30099999999993,21.941749999999992,5
7955.0,2023-12-21 21:25:00,2023-12-21 21:25:00,1,31.940000000000055,31.940000000000055,2.661666666666671,5
7957.0,2023-12-21 23:45:00,2023-12-21 23:45:00,1,28.756000000000085,28.756000000000085,2.3963333333333403,5
7959.0,2023-12-22 00:05:00,2023-12-22 00:05:00,1,121.53600000000006,121.53600000000006,10.128000000000004,5
7961.0,2023-12-22 04:10:00,2023-12-22 04:10:00,1,75.73599999999988,75.73599999999988,6.311333333333323,5
7963.0,2023-12-22 05:00:00,2023-12-22 05:00:00,1,201.25700000000006,201.25700000000006,16.77141666666667,5
7965.0,2023-12-22 10:35:00,2023-12-22 10:35:00,1,63.74800000000005,63.74800000000005,5.312333333333337,5
7967.0,2023-12-22 12:30:00,2023-12-22 12:30:00,1,82.0340000000001,82.0340000000001,6.836166666666675,5
7969.0,2023-12-22 13:20:00,2023-12-22 13:25:00,2,221.2800000000002,206.67600000000027,34.44600000000004,10
7971.0,2023-12-22 20:10:00,2023-12-22 20:10:00,1,83.80999999999995,83.80999999999995,6.9841666666666615,5
7973.0,2023-12-23 04:00:00,2023-12-23 04:00:00,1,100.03099999999995,100.03099999999995,8.335916666666662,5
7975.0,2023-12-23 04:55:00,2023-12-23 05:00:00,2,309.549,201.97849999999994,33.663083333333326,10
7977.0,2023-12-23 10:45:00,2023-12-23 10:50:00,2,653.4789999999998,506.4904999999999,84.41508333333331,10
7979.0,2023-12-23 11:50:00,2023-12-23 11:50:00,1,223.31200000000013,223.31200000000013,18.609333333333343,5
7981.0,2023-12-23 12:45:00,2023-12-23 12:55:00,3,298.18000000000006,167.50566666666683,41.87641666666671,15
7983.0,2023-12-23 13:15:00,2023-12-23 13:15:00,1,333.797,333.797,27.81641666666667,5
7985.0,2023-12-23 14:05:00,2023-12-23 14:05:00,1,191.45299999999997,191.45299999999997,15.954416666666663,5
7987.0,2023-12-23 18:45:00,2023-12-23 18:45:00,1,20.924999999999955,20.924999999999955,1.7437499999999961,5
7989.0,2023-12-23 23:35:00,2023-12-23 23:35:00,1,118.29500000000007,118.29500000000007,9.857916666666672,5
7991.0,2023-12-24 00:40:00,2023-12-24 00:40:00,1,351.8120000000001,351.8120000000001,29.317666666666675,5
7993.0,2023-12-24 07:40:00,2023-12-24 07:40:00,1,47.82100000000014,47.82100000000014,3.985083333333345,5
7995.0,2023-12-24 08:15:00,2023-12-24 08:15:00,1,188.36099999999988,188.36099999999988,15.696749999999989,5
7997.0,2023-12-24 09:00:00,2023-12-24 09:00:00,1,87.452,87.452,7.2876666666666665,5
7999.0,2023-12-24 09:45:00,2023-12-24 09:45:00,1,226.9459999999999,226.9459999999999,18.912166666666657,5
8001.0,2023-12-24 12:30:00,2023-12-24 12:35:00,2,380.337,245.19700000000012,40.866166666666686,10
8003.0,2023-12-24 14:10:00,2023-12-24 14:15:00,2,190.7460000000001,171.16000000000008,28.526666666666678,10
8005.0,2023-12-24 15:50:00,2023-12-24 15:50:00,1,220.34399999999982,220.34399999999982,18.361999999999984,5
8007.0,2023-12-27 11:40:00,2023-12-27 11:40:00,1,65.19200000000001,65.19200000000001,5.432666666666667,5
8009.0,2023-12-27 12:20:00,2023-12-27 12:20:00,1,80.87300000000005,80.87300000000005,6.739416666666671,5
8011.0,2023-12-27 12:30:00,2023-12-27 12:30:00,1,6.371999999999844,6.371999999999844,0.5309999999999869,5
8013.0,2023-12-27 12:45:00,2023-12-27 12:45:00,1,138.27700000000004,138.27700000000004,11.523083333333336,5
8015.0,2023-12-27 13:20:00,2023-12-27 13:20:00,1,64.43900000000008,64.43900000000008,5.369916666666673,5
8017.0,2023-12-27 13:55:00,2023-12-27 13:55:00,1,70.019,70.019,5.8349166666666665,5
8019.0,2023-12-27 14:40:00,2023-12-27 14:40:00,1,9.682999999999993,9.682999999999993,0.8069166666666661,5
8021.0,2023-12-27 20:25:00,2023-12-27 20:25:00,1,118.68399999999997,118.68399999999997,9.89033333333333,5
8023.0,2023-12-27 22:15:00,2023-12-27 22:15:00,1,185.63799999999992,185.63799999999992,15.469833333333327,5
8025.0,2023-12-27 22:50:00,2023-12-27 22:50:00,1,289.0830000000001,289.0830000000001,24.090250000000005,5
8027.0,2023-12-27 23:20:00,2023-12-27 23:25:00,2,330.6479999999999,212.8594999999999,35.476583333333316,10
8029.0,2023-12-27 23:35:00,2023-12-27 23:35:00,1,337.0609999999999,337.0609999999999,28.08841666666666,5
8031.0,2023-12-28 00:05:00,2023-12-28 00:05:00,1,214.202,214.202,17.850166666666667,5
8033.0,2023-12-28 00:15:00,2023-12-28 00:15:00,1,40.12799999999993,40.12799999999993,3.343999999999994,5
8035.0,2023-12-28 01:00:00,2023-12-28 01:05:00,2,342.8520000000001,198.47450000000003,33.07908333333334,10
8037.0,2023-12-28 01:45:00,2023-12-28 01:45:00,1,168.38699999999994,168.38699999999994,14.032249999999994,5
8039.0,2023-12-28 01:55:00,2023-12-28 02:00:00,2,367.19000000000005,352.8935,58.815583333333336,10
8041.0,2023-12-28 02:50:00,2023-12-28 02:50:00,1,21.075000000000045,21.075000000000045,1.7562500000000036,5
8043.0,2023-12-28 03:25:00,2023-12-28 03:25:00,1,136.461,136.461,11.37175,5
8045.0,2023-12-28 10:25:00,2023-12-28 10:30:00,2,265.318,221.54999999999995,36.92499999999999,10
8047.0,2023-12-28 12:50:00,2023-12-28 12:50:00,1,257.85799999999995,257.85799999999995,21.48816666666666,5
8049.0,2023-12-28 13:05:00,2023-12-28 13:10:00,2,697.203,553.7774999999999,92.29624999999999,10
8051.0,2023-12-28 13:20:00,2023-12-28 13:25:00,2,314.88200000000006,259.9135,43.31891666666667,10
8053.0,2023-12-28 13:55:00,2023-12-28 13:55:00,1,338.3770000000002,338.3770000000002,28.198083333333347,5
8055.0,2023-12-28 14:25:00,2023-12-28 14:25:00,1,44.13499999999999,44.13499999999999,3.6779166666666656,5
8057.0,2023-12-29 11:55:00,2023-12-29 11:55:00,1,443.1500000000001,443.1500000000001,36.929166666666674,5
8059.0,2023-12-30 15:40:00,2023-12-30 15:40:00,1,94.65599999999995,94.65599999999995,7.8879999999999955,5
8061.0,2023-12-30 16:35:00,2023-12-30 16:35:00,1,195.81999999999994,195.81999999999994,16.318333333333328,5
8063.0,2023-12-30 16:50:00,2023-12-30 16:55:00,2,143.1049999999998,139.41549999999995,23.235916666666657,10
8065.0,2023-12-30 17:25:00,2023-12-30 17:30:00,2,84.80300000000011,53.436000000000035,8.906000000000006,10
8067.0,2023-12-31 12:35:00,2023-12-31 12:35:00,1,405.26099999999997,405.26099999999997,33.77175,5
8069.0,2023-12-31 13:55:00,2023-12-31 14:05:00,3,541.5920000000001,247.6746666666667,61.918666666666674,15
